Fitter report for actividad2_1
Sat Mar 14 23:08:36 2026
Quartus II 64-Bit Version 13.0.1 Build 232 06/12/2013 Service Pack 1 SJ Web Edition


---------------------
; Table of Contents ;
---------------------
  1. Legal Notice
  2. Fitter Summary
  3. Fitter Settings
  4. Parallel Compilation
  5. Incremental Compilation Preservation Summary
  6. Incremental Compilation Partition Settings
  7. Incremental Compilation Placement Preservation
  8. Pin-Out File
  9. Fitter Resource Usage Summary
 10. Fitter Partition Statistics
 11. Input Pins
 12. Output Pins
 13. I/O Bank Usage
 14. All Package Pins
 15. Output Pin Default Load For Reported TCO
 16. Fitter Resource Utilization by Entity
 17. Delay Chain Summary
 18. Pad To Core Delay Chain Fanout
 19. Control Signals
 20. Global & Other Fast Signals
 21. Non-Global High Fan-Out Signals
 22. Other Routing Usage Summary
 23. LAB Logic Elements
 24. LAB-wide Signals
 25. LAB Signals Sourced
 26. LAB Signals Sourced Out
 27. LAB Distinct Inputs
 28. Fitter Device Options
 29. Operating Settings and Conditions
 30. Fitter Messages
 31. Fitter Suppressed Messages



----------------
; Legal Notice ;
----------------
Copyright (C) 1991-2013 Altera Corporation
Your use of Altera Corporation's design tools, logic functions 
and other software and tools, and its AMPP partner logic 
functions, and any output files from any of the foregoing 
(including device programming or simulation files), and any 
associated documentation or information are expressly subject 
to the terms and conditions of the Altera Program License 
Subscription Agreement, Altera MegaCore Function License 
Agreement, or other applicable license agreement, including, 
without limitation, that your use is for the sole purpose of 
programming logic devices manufactured by Altera and sold by 
Altera or its authorized distributors.  Please refer to the 
applicable agreement for further details.



+--------------------------------------------------------------------------------------+
; Fitter Summary                                                                       ;
+------------------------------------+-------------------------------------------------+
; Fitter Status                      ; Successful - Sat Mar 14 23:08:35 2026           ;
; Quartus II 64-Bit Version          ; 13.0.1 Build 232 06/12/2013 SP 1 SJ Web Edition ;
; Revision Name                      ; actividad2_1                                    ;
; Top-level Entity Name              ; cpu                                             ;
; Family                             ; Cyclone II                                      ;
; Device                             ; EP2C20F484C7                                    ;
; Timing Models                      ; Final                                           ;
; Total logic elements               ; 2,013 / 18,752 ( 11 % )                         ;
;     Total combinational functions  ; 1,390 / 18,752 ( 7 % )                          ;
;     Dedicated logic registers      ; 1,329 / 18,752 ( 7 % )                          ;
; Total registers                    ; 1329                                            ;
; Total pins                         ; 12 / 315 ( 4 % )                                ;
; Total virtual pins                 ; 0                                               ;
; Total memory bits                  ; 0 / 239,616 ( 0 % )                             ;
; Embedded Multiplier 9-bit elements ; 0 / 52 ( 0 % )                                  ;
; Total PLLs                         ; 0 / 4 ( 0 % )                                   ;
+------------------------------------+-------------------------------------------------+


+----------------------------------------------------------------------------------------------------------------------------------------------+
; Fitter Settings                                                                                                                              ;
+----------------------------------------------------------------------------+--------------------------------+--------------------------------+
; Option                                                                     ; Setting                        ; Default Value                  ;
+----------------------------------------------------------------------------+--------------------------------+--------------------------------+
; Device                                                                     ; EP2C20F484C7                   ;                                ;
; Minimum Core Junction Temperature                                          ; 0                              ;                                ;
; Maximum Core Junction Temperature                                          ; 85                             ;                                ;
; Fit Attempts to Skip                                                       ; 0                              ; 0.0                            ;
; Use smart compilation                                                      ; Off                            ; Off                            ;
; Enable parallel Assembler and TimeQuest Timing Analyzer during compilation ; On                             ; On                             ;
; Enable compact report table                                                ; Off                            ; Off                            ;
; Auto Merge PLLs                                                            ; On                             ; On                             ;
; Ignore PLL Mode When Merging PLLs                                          ; Off                            ; Off                            ;
; Router Timing Optimization Level                                           ; Normal                         ; Normal                         ;
; Placement Effort Multiplier                                                ; 1.0                            ; 1.0                            ;
; Router Effort Multiplier                                                   ; 1.0                            ; 1.0                            ;
; Always Enable Input Buffers                                                ; Off                            ; Off                            ;
; Optimize Hold Timing                                                       ; IO Paths and Minimum TPD Paths ; IO Paths and Minimum TPD Paths ;
; Optimize Multi-Corner Timing                                               ; On                             ; On                             ;
; PowerPlay Power Optimization                                               ; Normal compilation             ; Normal compilation             ;
; Optimize Timing                                                            ; Normal compilation             ; Normal compilation             ;
; Optimize Timing for ECOs                                                   ; Off                            ; Off                            ;
; Regenerate full fit report during ECO compiles                             ; Off                            ; Off                            ;
; Optimize IOC Register Placement for Timing                                 ; Normal                         ; Normal                         ;
; Limit to One Fitting Attempt                                               ; Off                            ; Off                            ;
; Final Placement Optimizations                                              ; Automatically                  ; Automatically                  ;
; Fitter Aggressive Routability Optimizations                                ; Automatically                  ; Automatically                  ;
; Fitter Initial Placement Seed                                              ; 1                              ; 1                              ;
; PCI I/O                                                                    ; Off                            ; Off                            ;
; Weak Pull-Up Resistor                                                      ; Off                            ; Off                            ;
; Enable Bus-Hold Circuitry                                                  ; Off                            ; Off                            ;
; Auto Global Memory Control Signals                                         ; Off                            ; Off                            ;
; Auto Packed Registers                                                      ; Auto                           ; Auto                           ;
; Auto Delay Chains                                                          ; On                             ; On                             ;
; Auto Delay Chains for High Fanout Input Pins                               ; Off                            ; Off                            ;
; Perform Physical Synthesis for Combinational Logic for Fitting             ; Off                            ; Off                            ;
; Perform Physical Synthesis for Combinational Logic for Performance         ; Off                            ; Off                            ;
; Perform Register Duplication for Performance                               ; Off                            ; Off                            ;
; Perform Logic to Memory Mapping for Fitting                                ; Off                            ; Off                            ;
; Perform Register Retiming for Performance                                  ; Off                            ; Off                            ;
; Perform Asynchronous Signal Pipelining                                     ; Off                            ; Off                            ;
; Fitter Effort                                                              ; Auto Fit                       ; Auto Fit                       ;
; Physical Synthesis Effort Level                                            ; Normal                         ; Normal                         ;
; Auto Global Clock                                                          ; On                             ; On                             ;
; Auto Global Register Control Signals                                       ; On                             ; On                             ;
; Force Fitter to Avoid Periphery Placement Warnings                         ; Off                            ; Off                            ;
+----------------------------------------------------------------------------+--------------------------------+--------------------------------+


Parallel compilation was disabled, but you have multiple processors available. Enable parallel compilation to reduce compilation time.
+-------------------------------------+
; Parallel Compilation                ;
+----------------------------+--------+
; Processors                 ; Number ;
+----------------------------+--------+
; Number detected on machine ; 24     ;
; Maximum allowed            ; 1      ;
+----------------------------+--------+


+----------------------------------------------+
; Incremental Compilation Preservation Summary ;
+---------------------+------------------------+
; Type                ; Value                  ;
+---------------------+------------------------+
; Placement (by node) ;                        ;
;     -- Requested    ; 0 / 2737 ( 0.00 % )    ;
;     -- Achieved     ; 0 / 2737 ( 0.00 % )    ;
;                     ;                        ;
; Routing (by net)    ;                        ;
;     -- Requested    ; 0 / 0 ( 0.00 % )       ;
;     -- Achieved     ; 0 / 0 ( 0.00 % )       ;
+---------------------+------------------------+


+----------------------------------------------------------------------------------------------------------------------------------------------------------------------------------------+
; Incremental Compilation Partition Settings                                                                                                                                             ;
+--------------------------------+----------------+-------------------+-------------------------+------------------------+------------------------------+--------------------------------+
; Partition Name                 ; Partition Type ; Netlist Type Used ; Preservation Level Used ; Netlist Type Requested ; Preservation Level Requested ; Contents                       ;
+--------------------------------+----------------+-------------------+-------------------------+------------------------+------------------------------+--------------------------------+
; Top                            ; User-created   ; Source File       ; N/A                     ; Source File            ; N/A                          ;                                ;
; hard_block:auto_generated_inst ; Auto-generated ; Source File       ; N/A                     ; Source File            ; N/A                          ; hard_block:auto_generated_inst ;
+--------------------------------+----------------+-------------------+-------------------------+------------------------+------------------------------+--------------------------------+


+------------------------------------------------------------------------------------------------------------+
; Incremental Compilation Placement Preservation                                                             ;
+--------------------------------+---------+-------------------+-------------------------+-------------------+
; Partition Name                 ; # Nodes ; # Preserved Nodes ; Preservation Level Used ; Netlist Type Used ;
+--------------------------------+---------+-------------------+-------------------------+-------------------+
; Top                            ; 2734    ; 0                 ; N/A                     ; Source File       ;
; hard_block:auto_generated_inst ; 3       ; 0                 ; N/A                     ; Source File       ;
+--------------------------------+---------+-------------------+-------------------------+-------------------+


+--------------+
; Pin-Out File ;
+--------------+
The pin-out file can be found in C:/Users/User/Desktop/Proyectos/3/Diseno_Procesadores/Actividad_2_1/output_files/actividad2_1.pin.


+-----------------------------------------------------------------------+
; Fitter Resource Usage Summary                                         ;
+---------------------------------------------+-------------------------+
; Resource                                    ; Usage                   ;
+---------------------------------------------+-------------------------+
; Total logic elements                        ; 2,013 / 18,752 ( 11 % ) ;
;     -- Combinational with no register       ; 684                     ;
;     -- Register only                        ; 623                     ;
;     -- Combinational with a register        ; 706                     ;
;                                             ;                         ;
; Logic element usage by number of LUT inputs ;                         ;
;     -- 4 input functions                    ; 1241                    ;
;     -- 3 input functions                    ; 115                     ;
;     -- <=2 input functions                  ; 34                      ;
;     -- Register only                        ; 623                     ;
;                                             ;                         ;
; Logic elements by mode                      ;                         ;
;     -- normal mode                          ; 1317                    ;
;     -- arithmetic mode                      ; 73                      ;
;                                             ;                         ;
; Total registers*                            ; 1,329 / 19,649 ( 7 % )  ;
;     -- Dedicated logic registers            ; 1,329 / 18,752 ( 7 % )  ;
;     -- I/O registers                        ; 0 / 897 ( 0 % )         ;
;                                             ;                         ;
; Total LABs:  partially or completely used   ; 151 / 1,172 ( 13 % )    ;
; Virtual pins                                ; 0                       ;
; I/O pins                                    ; 12 / 315 ( 4 % )        ;
;     -- Clock pins                           ; 1 / 8 ( 13 % )          ;
;                                             ;                         ;
; Global signals                              ; 2                       ;
; M4Ks                                        ; 0 / 52 ( 0 % )          ;
; Total block memory bits                     ; 0 / 239,616 ( 0 % )     ;
; Total block memory implementation bits      ; 0 / 239,616 ( 0 % )     ;
; Embedded Multiplier 9-bit elements          ; 0 / 52 ( 0 % )          ;
; PLLs                                        ; 0 / 4 ( 0 % )           ;
; Global clocks                               ; 2 / 16 ( 13 % )         ;
; JTAGs                                       ; 0 / 1 ( 0 % )           ;
; ASMI blocks                                 ; 0 / 1 ( 0 % )           ;
; CRC blocks                                  ; 0 / 1 ( 0 % )           ;
; Average interconnect usage (total/H/V)      ; 5% / 4% / 5%            ;
; Peak interconnect usage (total/H/V)         ; 25% / 25% / 26%         ;
; Maximum fan-out                             ; 1329                    ;
; Highest non-global fan-out                  ; 258                     ;
; Total fan-out                               ; 9704                    ;
; Average fan-out                             ; 3.18                    ;
+---------------------------------------------+-------------------------+
*  Register count does not include registers inside RAM blocks or DSP blocks.



+------------------------------------------------------------------------------------------------------+
; Fitter Partition Statistics                                                                          ;
+---------------------------------------------+-----------------------+--------------------------------+
; Statistic                                   ; Top                   ; hard_block:auto_generated_inst ;
+---------------------------------------------+-----------------------+--------------------------------+
; Difficulty Clustering Region                ; Low                   ; Low                            ;
;                                             ;                       ;                                ;
; Total logic elements                        ; 2013 / 18752 ( 11 % ) ; 0 / 18752 ( 0 % )              ;
;     -- Combinational with no register       ; 684                   ; 0                              ;
;     -- Register only                        ; 623                   ; 0                              ;
;     -- Combinational with a register        ; 706                   ; 0                              ;
;                                             ;                       ;                                ;
; Logic element usage by number of LUT inputs ;                       ;                                ;
;     -- 4 input functions                    ; 1241                  ; 0                              ;
;     -- 3 input functions                    ; 115                   ; 0                              ;
;     -- <=2 input functions                  ; 34                    ; 0                              ;
;     -- Register only                        ; 623                   ; 0                              ;
;                                             ;                       ;                                ;
; Logic elements by mode                      ;                       ;                                ;
;     -- normal mode                          ; 1317                  ; 0                              ;
;     -- arithmetic mode                      ; 73                    ; 0                              ;
;                                             ;                       ;                                ;
; Total registers                             ; 1329                  ; 0                              ;
;     -- Dedicated logic registers            ; 1329 / 18752 ( 7 % )  ; 0 / 18752 ( 0 % )              ;
;                                             ;                       ;                                ;
; Total LABs:  partially or completely used   ; 151 / 1172 ( 13 % )   ; 0 / 1172 ( 0 % )               ;
;                                             ;                       ;                                ;
; Virtual pins                                ; 0                     ; 0                              ;
; I/O pins                                    ; 12                    ; 0                              ;
; Embedded Multiplier 9-bit elements          ; 0 / 52 ( 0 % )        ; 0 / 52 ( 0 % )                 ;
; Total memory bits                           ; 0                     ; 0                              ;
; Total RAM block bits                        ; 0                     ; 0                              ;
; Clock control block                         ; 2 / 20 ( 10 % )       ; 0 / 20 ( 0 % )                 ;
;                                             ;                       ;                                ;
; Connections                                 ;                       ;                                ;
;     -- Input Connections                    ; 0                     ; 0                              ;
;     -- Registered Input Connections         ; 0                     ; 0                              ;
;     -- Output Connections                   ; 0                     ; 0                              ;
;     -- Registered Output Connections        ; 0                     ; 0                              ;
;                                             ;                       ;                                ;
; Internal Connections                        ;                       ;                                ;
;     -- Total Connections                    ; 9704                  ; 0                              ;
;     -- Registered Connections               ; 1731                  ; 0                              ;
;                                             ;                       ;                                ;
; External Connections                        ;                       ;                                ;
;     -- Top                                  ; 0                     ; 0                              ;
;     -- hard_block:auto_generated_inst       ; 0                     ; 0                              ;
;                                             ;                       ;                                ;
; Partition Interface                         ;                       ;                                ;
;     -- Input Ports                          ; 2                     ; 0                              ;
;     -- Output Ports                         ; 10                    ; 0                              ;
;     -- Bidir Ports                          ; 0                     ; 0                              ;
;                                             ;                       ;                                ;
; Registered Ports                            ;                       ;                                ;
;     -- Registered Input Ports               ; 0                     ; 0                              ;
;     -- Registered Output Ports              ; 0                     ; 0                              ;
;                                             ;                       ;                                ;
; Port Connectivity                           ;                       ;                                ;
;     -- Input Ports driven by GND            ; 0                     ; 0                              ;
;     -- Output Ports driven by GND           ; 0                     ; 0                              ;
;     -- Input Ports driven by VCC            ; 0                     ; 0                              ;
;     -- Output Ports driven by VCC           ; 0                     ; 0                              ;
;     -- Input Ports with no Source           ; 0                     ; 0                              ;
;     -- Output Ports with no Source          ; 0                     ; 0                              ;
;     -- Input Ports with no Fanout           ; 0                     ; 0                              ;
;     -- Output Ports with no Fanout          ; 0                     ; 0                              ;
+---------------------------------------------+-----------------------+--------------------------------+


+-------------------------------------------------------------------------------------------------------------------------------------------------------------------------------------------------------------------------------------------------------------+
; Input Pins                                                                                                                                                                                                                                                  ;
+-------+-------+----------+--------------+--------------+-------------+-----------------------+--------------------+--------+----------------+---------------+-----------------+----------+--------------+--------------+-------------+----------------------+
; Name  ; Pin # ; I/O Bank ; X coordinate ; Y coordinate ; Cell number ; Combinational Fan-Out ; Registered Fan-Out ; Global ; Input Register ; Power Up High ; PCI I/O Enabled ; Bus Hold ; Weak Pull Up ; I/O Standard ; Termination ; Location assigned by ;
+-------+-------+----------+--------------+--------------+-------------+-----------------------+--------------------+--------+----------------+---------------+-----------------+----------+--------------+--------------+-------------+----------------------+
; clk   ; M1    ; 1        ; 0            ; 13           ; 2           ; 1                     ; 0                  ; yes    ; no             ; no            ; no              ; no       ; Off          ; 3.3-V LVTTL  ; Off         ; Fitter               ;
; reset ; M2    ; 1        ; 0            ; 13           ; 3           ; 22                    ; 0                  ; yes    ; no             ; no            ; no              ; no       ; Off          ; 3.3-V LVTTL  ; Off         ; Fitter               ;
+-------+-------+----------+--------------+--------------+-------------+-----------------------+--------------------+--------+----------------+---------------+-----------------+----------+--------------+--------------+-------------+----------------------+


+--------------------------------------------------------------------------------------------------------------------------------------------------------------------------------------------------------------------------------------------------------------------------------------------------------------------------------------------+
; Output Pins                                                                                                                                                                                                                                                                                                                                ;
+--------------+-------+----------+--------------+--------------+-------------+-----------------+------------------------+---------------+-----------------+------------+---------------+----------+--------------+--------------+------------------+-------------+----------------------+------+----------------------+---------------------+
; Name         ; Pin # ; I/O Bank ; X coordinate ; Y coordinate ; Cell number ; Output Register ; Output Enable Register ; Power Up High ; PCI I/O Enabled ; Open Drain ; TRI Primitive ; Bus Hold ; Weak Pull Up ; I/O Standard ; Current Strength ; Termination ; Location assigned by ; Load ; Output Enable Source ; Output Enable Group ;
+--------------+-------+----------+--------------+--------------+-------------+-----------------+------------------------+---------------+-----------------+------------+---------------+----------+--------------+--------------+------------------+-------------+----------------------+------+----------------------+---------------------+
; pc_salida[0] ; A15   ; 4        ; 33           ; 27           ; 3           ; no              ; no                     ; no            ; no              ; no         ; no            ; no       ; Off          ; 3.3-V LVTTL  ; 24mA             ; Off         ; Fitter               ; 0 pF ; -                    ; -                   ;
; pc_salida[1] ; D14   ; 4        ; 35           ; 27           ; 1           ; no              ; no                     ; no            ; no              ; no         ; no            ; no       ; Off          ; 3.3-V LVTTL  ; 24mA             ; Off         ; Fitter               ; 0 pF ; -                    ; -                   ;
; pc_salida[2] ; L19   ; 5        ; 50           ; 15           ; 3           ; no              ; no                     ; no            ; no              ; no         ; no            ; no       ; Off          ; 3.3-V LVTTL  ; 24mA             ; Off         ; Fitter               ; 0 pF ; -                    ; -                   ;
; pc_salida[3] ; B16   ; 4        ; 33           ; 27           ; 0           ; no              ; no                     ; no            ; no              ; no         ; no            ; no       ; Off          ; 3.3-V LVTTL  ; 24mA             ; Off         ; Fitter               ; 0 pF ; -                    ; -                   ;
; pc_salida[4] ; H19   ; 5        ; 50           ; 16           ; 0           ; no              ; no                     ; no            ; no              ; no         ; no            ; no       ; Off          ; 3.3-V LVTTL  ; 24mA             ; Off         ; Fitter               ; 0 pF ; -                    ; -                   ;
; pc_salida[5] ; B14   ; 4        ; 29           ; 27           ; 0           ; no              ; no                     ; no            ; no              ; no         ; no            ; no       ; Off          ; 3.3-V LVTTL  ; 24mA             ; Off         ; Fitter               ; 0 pF ; -                    ; -                   ;
; pc_salida[6] ; J21   ; 5        ; 50           ; 16           ; 3           ; no              ; no                     ; no            ; no              ; no         ; no            ; no       ; Off          ; 3.3-V LVTTL  ; 24mA             ; Off         ; Fitter               ; 0 pF ; -                    ; -                   ;
; pc_salida[7] ; J20   ; 5        ; 50           ; 16           ; 1           ; no              ; no                     ; no            ; no              ; no         ; no            ; no       ; Off          ; 3.3-V LVTTL  ; 24mA             ; Off         ; Fitter               ; 0 pF ; -                    ; -                   ;
; pc_salida[8] ; L18   ; 5        ; 50           ; 15           ; 2           ; no              ; no                     ; no            ; no              ; no         ; no            ; no       ; Off          ; 3.3-V LVTTL  ; 24mA             ; Off         ; Fitter               ; 0 pF ; -                    ; -                   ;
; pc_salida[9] ; J22   ; 5        ; 50           ; 16           ; 2           ; no              ; no                     ; no            ; no              ; no         ; no            ; no       ; Off          ; 3.3-V LVTTL  ; 24mA             ; Off         ; Fitter               ; 0 pF ; -                    ; -                   ;
+--------------+-------+----------+--------------+--------------+-------------+-----------------+------------------------+---------------+-----------------+------------+---------------+----------+--------------+--------------+------------------+-------------+----------------------+------+----------------------+---------------------+


+-----------------------------------------------------------+
; I/O Bank Usage                                            ;
+----------+-----------------+---------------+--------------+
; I/O Bank ; Usage           ; VCCIO Voltage ; VREF Voltage ;
+----------+-----------------+---------------+--------------+
; 1        ; 2 / 41 ( 5 % )  ; 3.3V          ; --           ;
; 2        ; 2 / 33 ( 6 % )  ; 3.3V          ; --           ;
; 3        ; 0 / 43 ( 0 % )  ; 3.3V          ; --           ;
; 4        ; 4 / 40 ( 10 % ) ; 3.3V          ; --           ;
; 5        ; 6 / 39 ( 15 % ) ; 3.3V          ; --           ;
; 6        ; 1 / 36 ( 3 % )  ; 3.3V          ; --           ;
; 7        ; 0 / 40 ( 0 % )  ; 3.3V          ; --           ;
; 8        ; 0 / 43 ( 0 % )  ; 3.3V          ; --           ;
+----------+-----------------+---------------+--------------+


+------------------------------------------------------------------------------------------------------------------------------------------------------------------------+
; All Package Pins                                                                                                                                                       ;
+----------+------------+----------+------------------------------------------+--------+--------------+---------+------------+-----------------+----------+--------------+
; Location ; Pad Number ; I/O Bank ; Pin Name/Usage                           ; Dir.   ; I/O Standard ; Voltage ; I/O Type   ; User Assignment ; Bus Hold ; Weak Pull Up ;
+----------+------------+----------+------------------------------------------+--------+--------------+---------+------------+-----------------+----------+--------------+
; A1       ;            ;          ; GND                                      ; gnd    ;              ;         ; --         ;                 ; --       ; --           ;
; A2       ;            ; 3        ; VCCIO3                                   ; power  ;              ; 3.3V    ; --         ;                 ; --       ; --           ;
; A3       ; 325        ; 3        ; GND*                                     ;        ;              ;         ; Column I/O ;                 ; no       ; Off          ;
; A4       ; 324        ; 3        ; GND*                                     ;        ;              ;         ; Column I/O ;                 ; no       ; Off          ;
; A5       ; 322        ; 3        ; GND*                                     ;        ;              ;         ; Column I/O ;                 ; no       ; Off          ;
; A6       ; 320        ; 3        ; GND*                                     ;        ;              ;         ; Column I/O ;                 ; no       ; Off          ;
; A7       ; 306        ; 3        ; GND*                                     ;        ;              ;         ; Column I/O ;                 ; no       ; Off          ;
; A8       ; 304        ; 3        ; GND*                                     ;        ;              ;         ; Column I/O ;                 ; no       ; Off          ;
; A9       ; 298        ; 3        ; GND*                                     ;        ;              ;         ; Column I/O ;                 ; no       ; Off          ;
; A10      ; 293        ; 3        ; GND*                                     ;        ;              ;         ; Column I/O ;                 ; no       ; Off          ;
; A11      ; 287        ; 3        ; GND*                                     ;        ;              ;         ; Column I/O ;                 ; no       ; Off          ;
; A12      ; 283        ; 4        ; GND+                                     ;        ;              ;         ; Column I/O ;                 ; --       ; --           ;
; A13      ; 281        ; 4        ; GND*                                     ;        ;              ;         ; Column I/O ;                 ; no       ; Off          ;
; A14      ; 279        ; 4        ; GND*                                     ;        ;              ;         ; Column I/O ;                 ; no       ; Off          ;
; A15      ; 273        ; 4        ; pc_salida[0]                             ; output ; 3.3-V LVTTL  ;         ; Column I/O ; N               ; no       ; Off          ;
; A16      ; 271        ; 4        ; GND*                                     ;        ;              ;         ; Column I/O ;                 ; no       ; Off          ;
; A17      ; 265        ; 4        ; GND*                                     ;        ;              ;         ; Column I/O ;                 ; no       ; Off          ;
; A18      ; 251        ; 4        ; GND*                                     ;        ;              ;         ; Column I/O ;                 ; no       ; Off          ;
; A19      ; 249        ; 4        ; GND*                                     ;        ;              ;         ; Column I/O ;                 ; no       ; Off          ;
; A20      ; 247        ; 4        ; GND*                                     ;        ;              ;         ; Column I/O ;                 ; no       ; Off          ;
; A21      ;            ; 4        ; VCCIO4                                   ; power  ;              ; 3.3V    ; --         ;                 ; --       ; --           ;
; A22      ;            ;          ; GND                                      ; gnd    ;              ;         ; --         ;                 ; --       ; --           ;
; AA1      ;            ; 1        ; VCCIO1                                   ; power  ;              ; 3.3V    ; --         ;                 ; --       ; --           ;
; AA2      ;            ;          ; GND                                      ; gnd    ;              ;         ; --         ;                 ; --       ; --           ;
; AA3      ; 82         ; 8        ; GND*                                     ;        ;              ;         ; Column I/O ;                 ; no       ; Off          ;
; AA4      ; 85         ; 8        ; GND*                                     ;        ;              ;         ; Column I/O ;                 ; no       ; Off          ;
; AA5      ; 89         ; 8        ; GND*                                     ;        ;              ;         ; Column I/O ;                 ; no       ; Off          ;
; AA6      ; 97         ; 8        ; GND*                                     ;        ;              ;         ; Column I/O ;                 ; no       ; Off          ;
; AA7      ; 103        ; 8        ; GND*                                     ;        ;              ;         ; Column I/O ;                 ; no       ; Off          ;
; AA8      ; 111        ; 8        ; GND*                                     ;        ;              ;         ; Column I/O ;                 ; no       ; Off          ;
; AA9      ; 114        ; 8        ; GND*                                     ;        ;              ;         ; Column I/O ;                 ; no       ; Off          ;
; AA10     ; 120        ; 8        ; GND*                                     ;        ;              ;         ; Column I/O ;                 ; no       ; Off          ;
; AA11     ; 122        ; 8        ; GND*                                     ;        ;              ;         ; Column I/O ;                 ; no       ; Off          ;
; AA12     ; 128        ; 7        ; GND*                                     ;        ;              ;         ; Column I/O ;                 ; no       ; Off          ;
; AA13     ; 130        ; 7        ; GND*                                     ;        ;              ;         ; Column I/O ;                 ; no       ; Off          ;
; AA14     ; 136        ; 7        ; GND*                                     ;        ;              ;         ; Column I/O ;                 ; no       ; Off          ;
; AA15     ; 138        ; 7        ; GND*                                     ;        ;              ;         ; Column I/O ;                 ; no       ; Off          ;
; AA16     ; 140        ; 7        ; GND*                                     ;        ;              ;         ; Column I/O ;                 ; no       ; Off          ;
; AA17     ; 144        ; 7        ; GND*                                     ;        ;              ;         ; Column I/O ;                 ; no       ; Off          ;
; AA18     ; 153        ; 7        ; GND*                                     ;        ;              ;         ; Column I/O ;                 ; no       ; Off          ;
; AA19     ; 162        ; 7        ; GND*                                     ;        ;              ;         ; Column I/O ;                 ; no       ; Off          ;
; AA20     ; 164        ; 7        ; GND*                                     ;        ;              ;         ; Column I/O ;                 ; no       ; Off          ;
; AA21     ;            ;          ; GND                                      ; gnd    ;              ;         ; --         ;                 ; --       ; --           ;
; AA22     ;            ; 6        ; VCCIO6                                   ; power  ;              ; 3.3V    ; --         ;                 ; --       ; --           ;
; AB1      ;            ;          ; GND                                      ; gnd    ;              ;         ; --         ;                 ; --       ; --           ;
; AB2      ;            ; 8        ; VCCIO8                                   ; power  ;              ; 3.3V    ; --         ;                 ; --       ; --           ;
; AB3      ; 83         ; 8        ; GND*                                     ;        ;              ;         ; Column I/O ;                 ; no       ; Off          ;
; AB4      ; 84         ; 8        ; GND*                                     ;        ;              ;         ; Column I/O ;                 ; no       ; Off          ;
; AB5      ; 88         ; 8        ; GND*                                     ;        ;              ;         ; Column I/O ;                 ; no       ; Off          ;
; AB6      ; 96         ; 8        ; GND*                                     ;        ;              ;         ; Column I/O ;                 ; no       ; Off          ;
; AB7      ; 102        ; 8        ; GND*                                     ;        ;              ;         ; Column I/O ;                 ; no       ; Off          ;
; AB8      ; 110        ; 8        ; GND*                                     ;        ;              ;         ; Column I/O ;                 ; no       ; Off          ;
; AB9      ; 113        ; 8        ; GND*                                     ;        ;              ;         ; Column I/O ;                 ; no       ; Off          ;
; AB10     ; 119        ; 8        ; GND*                                     ;        ;              ;         ; Column I/O ;                 ; no       ; Off          ;
; AB11     ; 121        ; 8        ; GND*                                     ;        ;              ;         ; Column I/O ;                 ; no       ; Off          ;
; AB12     ; 127        ; 7        ; GND*                                     ;        ;              ;         ; Column I/O ;                 ; no       ; Off          ;
; AB13     ; 129        ; 7        ; GND*                                     ;        ;              ;         ; Column I/O ;                 ; no       ; Off          ;
; AB14     ; 135        ; 7        ; GND*                                     ;        ;              ;         ; Column I/O ;                 ; no       ; Off          ;
; AB15     ; 137        ; 7        ; GND*                                     ;        ;              ;         ; Column I/O ;                 ; no       ; Off          ;
; AB16     ; 139        ; 7        ; GND*                                     ;        ;              ;         ; Column I/O ;                 ; no       ; Off          ;
; AB17     ; 143        ; 7        ; GND*                                     ;        ;              ;         ; Column I/O ;                 ; no       ; Off          ;
; AB18     ; 152        ; 7        ; GND*                                     ;        ;              ;         ; Column I/O ;                 ; no       ; Off          ;
; AB19     ; 161        ; 7        ; GND*                                     ;        ;              ;         ; Column I/O ;                 ; no       ; Off          ;
; AB20     ; 163        ; 7        ; GND*                                     ;        ;              ;         ; Column I/O ;                 ; no       ; Off          ;
; AB21     ;            ; 7        ; VCCIO7                                   ; power  ;              ; 3.3V    ; --         ;                 ; --       ; --           ;
; AB22     ;            ;          ; GND                                      ; gnd    ;              ;         ; --         ;                 ; --       ; --           ;
; B1       ;            ; 2        ; VCCIO2                                   ; power  ;              ; 3.3V    ; --         ;                 ; --       ; --           ;
; B2       ;            ;          ; GND                                      ; gnd    ;              ;         ; --         ;                 ; --       ; --           ;
; B3       ; 326        ; 3        ; GND*                                     ;        ;              ;         ; Column I/O ;                 ; no       ; Off          ;
; B4       ; 323        ; 3        ; GND*                                     ;        ;              ;         ; Column I/O ;                 ; no       ; Off          ;
; B5       ; 321        ; 3        ; GND*                                     ;        ;              ;         ; Column I/O ;                 ; no       ; Off          ;
; B6       ; 319        ; 3        ; GND*                                     ;        ;              ;         ; Column I/O ;                 ; no       ; Off          ;
; B7       ; 305        ; 3        ; GND*                                     ;        ;              ;         ; Column I/O ;                 ; no       ; Off          ;
; B8       ; 303        ; 3        ; GND*                                     ;        ;              ;         ; Column I/O ;                 ; no       ; Off          ;
; B9       ; 297        ; 3        ; GND*                                     ;        ;              ;         ; Column I/O ;                 ; no       ; Off          ;
; B10      ; 292        ; 3        ; GND*                                     ;        ;              ;         ; Column I/O ;                 ; no       ; Off          ;
; B11      ; 286        ; 3        ; GND*                                     ;        ;              ;         ; Column I/O ;                 ; no       ; Off          ;
; B12      ; 282        ; 4        ; GND+                                     ;        ;              ;         ; Column I/O ;                 ; --       ; --           ;
; B13      ; 280        ; 4        ; GND*                                     ;        ;              ;         ; Column I/O ;                 ; no       ; Off          ;
; B14      ; 278        ; 4        ; pc_salida[5]                             ; output ; 3.3-V LVTTL  ;         ; Column I/O ; N               ; no       ; Off          ;
; B15      ; 272        ; 4        ; GND*                                     ;        ;              ;         ; Column I/O ;                 ; no       ; Off          ;
; B16      ; 270        ; 4        ; pc_salida[3]                             ; output ; 3.3-V LVTTL  ;         ; Column I/O ; N               ; no       ; Off          ;
; B17      ; 264        ; 4        ; GND*                                     ;        ;              ;         ; Column I/O ;                 ; no       ; Off          ;
; B18      ; 250        ; 4        ; GND*                                     ;        ;              ;         ; Column I/O ;                 ; no       ; Off          ;
; B19      ; 248        ; 4        ; GND*                                     ;        ;              ;         ; Column I/O ;                 ; no       ; Off          ;
; B20      ; 246        ; 4        ; GND*                                     ;        ;              ;         ; Column I/O ;                 ; no       ; Off          ;
; B21      ;            ;          ; GND                                      ; gnd    ;              ;         ; --         ;                 ; --       ; --           ;
; B22      ;            ; 5        ; VCCIO5                                   ; power  ;              ; 3.3V    ; --         ;                 ; --       ; --           ;
; C1       ; 8          ; 2        ; GND*                                     ;        ;              ;         ; Row I/O    ;                 ; no       ; Off          ;
; C2       ; 9          ; 2        ; GND*                                     ;        ;              ;         ; Row I/O    ;                 ; no       ; Off          ;
; C3       ; 1          ; 2        ; ~nCSO~ / RESERVED_INPUT_WITH_WEAK_PULLUP ; input  ; 3.3-V LVTTL  ;         ; Row I/O    ; N               ; no       ; On           ;
; C4       ; 0          ; 2        ; ~ASDO~ / RESERVED_INPUT_WITH_WEAK_PULLUP ; input  ; 3.3-V LVTTL  ;         ; Row I/O    ; N               ; no       ; On           ;
; C5       ;            ;          ; GND                                      ; gnd    ;              ;         ; --         ;                 ; --       ; --           ;
; C6       ;            ; 3        ; VCCIO3                                   ; power  ;              ; 3.3V    ; --         ;                 ; --       ; --           ;
; C7       ; 315        ; 3        ; GND*                                     ;        ;              ;         ; Column I/O ;                 ; --       ; --           ;
; C8       ;            ;          ; GND                                      ; gnd    ;              ;         ; --         ;                 ; --       ; --           ;
; C9       ; 310        ; 3        ; GND*                                     ;        ;              ;         ; Column I/O ;                 ; no       ; Off          ;
; C10      ; 296        ; 3        ; GND*                                     ;        ;              ;         ; Column I/O ;                 ; --       ; --           ;
; C11      ;            ; 3        ; VCCIO3                                   ; power  ;              ; 3.3V    ; --         ;                 ; --       ; --           ;
; C12      ;            ; 4        ; VCCIO4                                   ; power  ;              ; 3.3V    ; --         ;                 ; --       ; --           ;
; C13      ; 275        ; 4        ; GND*                                     ;        ;              ;         ; Column I/O ;                 ; --       ; --           ;
; C14      ; 260        ; 4        ; GND*                                     ;        ;              ;         ; Column I/O ;                 ; no       ; Off          ;
; C15      ;            ;          ; GND                                      ; gnd    ;              ;         ; --         ;                 ; --       ; --           ;
; C16      ; 254        ; 4        ; GND*                                     ;        ;              ;         ; Column I/O ;                 ; --       ; --           ;
; C17      ; 245        ; 4        ; GND*                                     ;        ;              ;         ; Column I/O ;                 ; no       ; Off          ;
; C18      ; 244        ; 4        ; GND*                                     ;        ;              ;         ; Column I/O ;                 ; no       ; Off          ;
; C19      ; 238        ; 5        ; GND*                                     ;        ;              ;         ; Row I/O    ;                 ; no       ; Off          ;
; C20      ; 239        ; 5        ; GND*                                     ;        ;              ;         ; Row I/O    ;                 ; no       ; Off          ;
; C21      ; 236        ; 5        ; GND*                                     ;        ;              ;         ; Row I/O    ;                 ; no       ; Off          ;
; C22      ; 237        ; 5        ; GND*                                     ;        ;              ;         ; Row I/O    ;                 ; no       ; Off          ;
; D1       ; 14         ; 2        ; GND*                                     ;        ;              ;         ; Row I/O    ;                 ; no       ; Off          ;
; D2       ; 15         ; 2        ; GND*                                     ;        ;              ;         ; Row I/O    ;                 ; no       ; Off          ;
; D3       ; 2          ; 2        ; GND*                                     ;        ;              ;         ; Row I/O    ;                 ; no       ; Off          ;
; D4       ; 3          ; 2        ; GND*                                     ;        ;              ;         ; Row I/O    ;                 ; no       ; Off          ;
; D5       ; 4          ; 2        ; GND*                                     ;        ;              ;         ; Row I/O    ;                 ; no       ; Off          ;
; D6       ; 5          ; 2        ; GND*                                     ;        ;              ;         ; Row I/O    ;                 ; no       ; Off          ;
; D7       ; 311        ; 3        ; GND*                                     ;        ;              ;         ; Column I/O ;                 ; no       ; Off          ;
; D8       ; 309        ; 3        ; GND*                                     ;        ;              ;         ; Column I/O ;                 ; no       ; Off          ;
; D9       ; 302        ; 3        ; GND*                                     ;        ;              ;         ; Column I/O ;                 ; no       ; Off          ;
; D10      ;            ;          ; GND                                      ; gnd    ;              ;         ; --         ;                 ; --       ; --           ;
; D11      ; 289        ; 3        ; GND*                                     ;        ;              ;         ; Column I/O ;                 ; no       ; Off          ;
; D12      ; 284        ; 3        ; GND+                                     ;        ;              ;         ; Column I/O ;                 ; --       ; --           ;
; D13      ;            ;          ; GND                                      ; gnd    ;              ;         ; --         ;                 ; --       ; --           ;
; D14      ; 267        ; 4        ; pc_salida[1]                             ; output ; 3.3-V LVTTL  ;         ; Column I/O ; N               ; no       ; Off          ;
; D15      ; 259        ; 4        ; GND*                                     ;        ;              ;         ; Column I/O ;                 ; no       ; Off          ;
; D16      ; 255        ; 4        ; GND*                                     ;        ;              ;         ; Column I/O ;                 ; no       ; Off          ;
; D17      ;            ; 4        ; VCCIO4                                   ; power  ;              ; 3.3V    ; --         ;                 ; --       ; --           ;
; D18      ;            ;          ; GND                                      ; gnd    ;              ;         ; --         ;                 ; --       ; --           ;
; D19      ; 240        ; 5        ; GND*                                     ;        ;              ;         ; Row I/O    ;                 ; no       ; Off          ;
; D20      ; 241        ; 5        ; GND*                                     ;        ;              ;         ; Row I/O    ;                 ; no       ; Off          ;
; D21      ; 229        ; 5        ; GND*                                     ;        ;              ;         ; Row I/O    ;                 ; no       ; Off          ;
; D22      ; 230        ; 5        ; GND*                                     ;        ;              ;         ; Row I/O    ;                 ; no       ; Off          ;
; E1       ; 20         ; 2        ; GND*                                     ;        ;              ;         ; Row I/O    ;                 ; no       ; Off          ;
; E2       ; 21         ; 2        ; GND*                                     ;        ;              ;         ; Row I/O    ;                 ; no       ; Off          ;
; E3       ; 6          ; 2        ; GND*                                     ;        ;              ;         ; Row I/O    ;                 ; no       ; Off          ;
; E4       ; 7          ; 2        ; GND*                                     ;        ;              ;         ; Row I/O    ;                 ; no       ; Off          ;
; E5       ;            ;          ; VCCD_PLL3                                ; power  ;              ; 1.2V    ; --         ;                 ; --       ; --           ;
; E6       ;            ;          ; VCCA_PLL3                                ; power  ;              ; 1.2V    ; --         ;                 ; --       ; --           ;
; E7       ; 316        ; 3        ; GND*                                     ;        ;              ;         ; Column I/O ;                 ; no       ; Off          ;
; E8       ; 308        ; 3        ; GND*                                     ;        ;              ;         ; Column I/O ;                 ; no       ; Off          ;
; E9       ; 301        ; 3        ; GND*                                     ;        ;              ;         ; Column I/O ;                 ; no       ; Off          ;
; E10      ;            ; 3        ; VCCIO3                                   ; power  ;              ; 3.3V    ; --         ;                 ; --       ; --           ;
; E11      ; 288        ; 3        ; GND*                                     ;        ;              ;         ; Column I/O ;                 ; no       ; Off          ;
; E12      ; 285        ; 3        ; GND+                                     ;        ;              ;         ; Column I/O ;                 ; --       ; --           ;
; E13      ;            ; 4        ; VCCIO4                                   ; power  ;              ; 3.3V    ; --         ;                 ; --       ; --           ;
; E14      ; 266        ; 4        ; GND*                                     ;        ;              ;         ; Column I/O ;                 ; no       ; Off          ;
; E15      ; 256        ; 4        ; GND*                                     ;        ;              ;         ; Column I/O ;                 ; no       ; Off          ;
; E16      ;            ;          ; GNDA_PLL2                                ; gnd    ;              ;         ; --         ;                 ; --       ; --           ;
; E17      ;            ;          ; GND_PLL2                                 ; gnd    ;              ;         ; --         ;                 ; --       ; --           ;
; E18      ; 243        ; 5        ; GND*                                     ;        ;              ;         ; Row I/O    ;                 ; no       ; Off          ;
; E19      ; 242        ; 5        ; GND*                                     ;        ;              ;         ; Row I/O    ;                 ; no       ; Off          ;
; E20      ; 234        ; 5        ; GND*                                     ;        ;              ;         ; Row I/O    ;                 ; no       ; Off          ;
; E21      ; 227        ; 5        ; GND*                                     ;        ;              ;         ; Row I/O    ;                 ; no       ; Off          ;
; E22      ; 228        ; 5        ; GND*                                     ;        ;              ;         ; Row I/O    ;                 ; no       ; Off          ;
; F1       ; 22         ; 2        ; GND*                                     ;        ;              ;         ; Row I/O    ;                 ; no       ; Off          ;
; F2       ; 23         ; 2        ; GND*                                     ;        ;              ;         ; Row I/O    ;                 ; no       ; Off          ;
; F3       ; 13         ; 2        ; GND*                                     ;        ;              ;         ; Row I/O    ;                 ; no       ; Off          ;
; F4       ; 10         ; 2        ; GND*                                     ;        ;              ;         ; Row I/O    ;                 ; --       ; --           ;
; F5       ;            ;          ; GND_PLL3                                 ; gnd    ;              ;         ; --         ;                 ; --       ; --           ;
; F6       ;            ;          ; GND_PLL3                                 ; gnd    ;              ;         ; --         ;                 ; --       ; --           ;
; F7       ;            ;          ; GNDA_PLL3                                ; gnd    ;              ;         ; --         ;                 ; --       ; --           ;
; F8       ; 312        ; 3        ; GND*                                     ;        ;              ;         ; Column I/O ;                 ; no       ; Off          ;
; F9       ; 307        ; 3        ; GND*                                     ;        ;              ;         ; Column I/O ;                 ; no       ; Off          ;
; F10      ; 295        ; 3        ; GND*                                     ;        ;              ;         ; Column I/O ;                 ; no       ; Off          ;
; F11      ; 294        ; 3        ; GND*                                     ;        ;              ;         ; Column I/O ;                 ; no       ; Off          ;
; F12      ; 276        ; 4        ; GND*                                     ;        ;              ;         ; Column I/O ;                 ; no       ; Off          ;
; F13      ; 269        ; 4        ; GND*                                     ;        ;              ;         ; Column I/O ;                 ; no       ; Off          ;
; F14      ; 268        ; 4        ; GND*                                     ;        ;              ;         ; Column I/O ;                 ; no       ; Off          ;
; F15      ; 262        ; 4        ; GND*                                     ;        ;              ;         ; Column I/O ;                 ; no       ; Off          ;
; F16      ;            ;          ; VCCA_PLL2                                ; power  ;              ; 1.2V    ; --         ;                 ; --       ; --           ;
; F17      ;            ;          ; VCCD_PLL2                                ; power  ;              ; 1.2V    ; --         ;                 ; --       ; --           ;
; F18      ;            ;          ; GND_PLL2                                 ; gnd    ;              ;         ; --         ;                 ; --       ; --           ;
; F19      ;            ;          ; GND                                      ; gnd    ;              ;         ; --         ;                 ; --       ; --           ;
; F20      ; 235        ; 5        ; GND*                                     ;        ;              ;         ; Row I/O    ;                 ; no       ; Off          ;
; F21      ; 223        ; 5        ; GND*                                     ;        ;              ;         ; Row I/O    ;                 ; no       ; Off          ;
; F22      ; 224        ; 5        ; GND*                                     ;        ;              ;         ; Row I/O    ;                 ; no       ; Off          ;
; G1       ;            ;          ; NC                                       ;        ;              ;         ; --         ;                 ; --       ; --           ;
; G2       ;            ;          ; NC                                       ;        ;              ;         ; --         ;                 ; --       ; --           ;
; G3       ; 16         ; 2        ; GND*                                     ;        ;              ;         ; Row I/O    ;                 ; no       ; Off          ;
; G4       ;            ;          ; GND                                      ; gnd    ;              ;         ; --         ;                 ; --       ; --           ;
; G5       ; 12         ; 2        ; GND*                                     ;        ;              ;         ; Row I/O    ;                 ; no       ; Off          ;
; G6       ; 11         ; 2        ; GND*                                     ;        ;              ;         ; Row I/O    ;                 ; no       ; Off          ;
; G7       ; 317        ; 3        ; GND*                                     ;        ;              ;         ; Column I/O ;                 ; no       ; Off          ;
; G8       ; 313        ; 3        ; GND*                                     ;        ;              ;         ; Column I/O ;                 ; no       ; Off          ;
; G9       ;            ; 3        ; VCCIO3                                   ; power  ;              ; 3.3V    ; --         ;                 ; --       ; --           ;
; G10      ;            ;          ; GND                                      ; gnd    ;              ;         ; --         ;                 ; --       ; --           ;
; G11      ; 291        ; 3        ; GND*                                     ;        ;              ;         ; Column I/O ;                 ; no       ; Off          ;
; G12      ; 277        ; 4        ; GND*                                     ;        ;              ;         ; Column I/O ;                 ; no       ; Off          ;
; G13      ;            ;          ; GND                                      ; gnd    ;              ;         ; --         ;                 ; --       ; --           ;
; G14      ;            ; 4        ; VCCIO4                                   ; power  ;              ; 3.3V    ; --         ;                 ; --       ; --           ;
; G15      ; 261        ; 4        ; GND*                                     ;        ;              ;         ; Column I/O ;                 ; no       ; Off          ;
; G16      ; 252        ; 4        ; GND*                                     ;        ;              ;         ; Column I/O ;                 ; no       ; Off          ;
; G17      ; 231        ; 5        ; GND*                                     ;        ;              ;         ; Row I/O    ;                 ; no       ; Off          ;
; G18      ; 232        ; 5        ; GND*                                     ;        ;              ;         ; Row I/O    ;                 ; no       ; Off          ;
; G19      ;            ; 5        ; VCCIO5                                   ; power  ;              ; 3.3V    ; --         ;                 ; --       ; --           ;
; G20      ; 233        ; 5        ; GND*                                     ;        ;              ;         ; Row I/O    ;                 ; --       ; --           ;
; G21      ; 221        ; 5        ; GND*                                     ;        ;              ;         ; Row I/O    ;                 ; no       ; Off          ;
; G22      ; 222        ; 5        ; GND*                                     ;        ;              ;         ; Row I/O    ;                 ; no       ; Off          ;
; H1       ; 24         ; 2        ; GND*                                     ;        ;              ;         ; Row I/O    ;                 ; no       ; Off          ;
; H2       ; 25         ; 2        ; GND*                                     ;        ;              ;         ; Row I/O    ;                 ; no       ; Off          ;
; H3       ; 27         ; 2        ; GND*                                     ;        ;              ;         ; Row I/O    ;                 ; --       ; --           ;
; H4       ; 17         ; 2        ; GND*                                     ;        ;              ;         ; Row I/O    ;                 ; no       ; Off          ;
; H5       ; 18         ; 2        ; GND*                                     ;        ;              ;         ; Row I/O    ;                 ; no       ; Off          ;
; H6       ; 19         ; 2        ; GND*                                     ;        ;              ;         ; Row I/O    ;                 ; no       ; Off          ;
; H7       ; 318        ; 3        ; GND*                                     ;        ;              ;         ; Column I/O ;                 ; no       ; Off          ;
; H8       ; 314        ; 3        ; GND*                                     ;        ;              ;         ; Column I/O ;                 ; no       ; Off          ;
; H9       ; 300        ; 3        ; GND*                                     ;        ;              ;         ; Column I/O ;                 ; no       ; Off          ;
; H10      ; 299        ; 3        ; GND*                                     ;        ;              ;         ; Column I/O ;                 ; no       ; Off          ;
; H11      ; 290        ; 3        ; GND*                                     ;        ;              ;         ; Column I/O ;                 ; no       ; Off          ;
; H12      ; 274        ; 4        ; GND*                                     ;        ;              ;         ; Column I/O ;                 ; no       ; Off          ;
; H13      ; 263        ; 4        ; GND*                                     ;        ;              ;         ; Column I/O ;                 ; no       ; Off          ;
; H14      ; 257        ; 4        ; GND*                                     ;        ;              ;         ; Column I/O ;                 ; no       ; Off          ;
; H15      ; 253        ; 4        ; GND*                                     ;        ;              ;         ; Column I/O ;                 ; no       ; Off          ;
; H16      ; 219        ; 5        ; GND*                                     ;        ;              ;         ; Row I/O    ;                 ; no       ; Off          ;
; H17      ; 226        ; 5        ; GND*                                     ;        ;              ;         ; Row I/O    ;                 ; no       ; Off          ;
; H18      ; 225        ; 5        ; GND*                                     ;        ;              ;         ; Row I/O    ;                 ; no       ; Off          ;
; H19      ; 214        ; 5        ; pc_salida[4]                             ; output ; 3.3-V LVTTL  ;         ; Row I/O    ; N               ; no       ; Off          ;
; H20      ;            ;          ; GND                                      ; gnd    ;              ;         ; --         ;                 ; --       ; --           ;
; H21      ;            ;          ; NC                                       ;        ;              ;         ; --         ;                 ; --       ; --           ;
; H22      ;            ;          ; NC                                       ;        ;              ;         ; --         ;                 ; --       ; --           ;
; J1       ; 29         ; 2        ; GND*                                     ;        ;              ;         ; Row I/O    ;                 ; no       ; Off          ;
; J2       ; 30         ; 2        ; GND*                                     ;        ;              ;         ; Row I/O    ;                 ; no       ; Off          ;
; J3       ;            ;          ; NC                                       ;        ;              ;         ; --         ;                 ; --       ; --           ;
; J4       ; 28         ; 2        ; GND*                                     ;        ;              ;         ; Row I/O    ;                 ; no       ; Off          ;
; J5       ;            ;          ; NC                                       ;        ;              ;         ; --         ;                 ; --       ; --           ;
; J6       ;            ;          ; NC                                       ;        ;              ;         ; --         ;                 ; --       ; --           ;
; J7       ;            ; 2        ; VCCIO2                                   ; power  ;              ; 3.3V    ; --         ;                 ; --       ; --           ;
; J8       ;            ;          ; NC                                       ;        ;              ;         ; --         ;                 ; --       ; --           ;
; J9       ;            ;          ; NC                                       ;        ;              ;         ; --         ;                 ; --       ; --           ;
; J10      ;            ;          ; VCCINT                                   ; power  ;              ; 1.2V    ; --         ;                 ; --       ; --           ;
; J11      ;            ;          ; VCCINT                                   ; power  ;              ; 1.2V    ; --         ;                 ; --       ; --           ;
; J12      ;            ;          ; VCCINT                                   ; power  ;              ; 1.2V    ; --         ;                 ; --       ; --           ;
; J13      ;            ;          ; VCCINT                                   ; power  ;              ; 1.2V    ; --         ;                 ; --       ; --           ;
; J14      ; 258        ; 4        ; GND*                                     ;        ;              ;         ; Column I/O ;                 ; no       ; Off          ;
; J15      ; 220        ; 5        ; GND*                                     ;        ;              ;         ; Row I/O    ;                 ; no       ; Off          ;
; J16      ;            ; 5        ; VCCIO5                                   ; power  ;              ; 3.3V    ; --         ;                 ; --       ; --           ;
; J17      ; 218        ; 5        ; GND*                                     ;        ;              ;         ; Row I/O    ;                 ; no       ; Off          ;
; J18      ; 217        ; 5        ; GND*                                     ;        ;              ;         ; Row I/O    ;                 ; no       ; Off          ;
; J19      ; 216        ; 5        ; GND*                                     ;        ;              ;         ; Row I/O    ;                 ; no       ; Off          ;
; J20      ; 213        ; 5        ; pc_salida[7]                             ; output ; 3.3-V LVTTL  ;         ; Row I/O    ; N               ; no       ; Off          ;
; J21      ; 211        ; 5        ; pc_salida[6]                             ; output ; 3.3-V LVTTL  ;         ; Row I/O    ; N               ; no       ; Off          ;
; J22      ; 212        ; 5        ; pc_salida[9]                             ; output ; 3.3-V LVTTL  ;         ; Row I/O    ; N               ; no       ; Off          ;
; K1       ; 37         ; 2        ; ^nCE                                     ;        ;              ;         ; --         ;                 ; --       ; --           ;
; K2       ; 32         ; 2        ; #TCK                                     ; input  ;              ;         ; --         ;                 ; --       ; --           ;
; K3       ;            ;          ; GND                                      ; gnd    ;              ;         ; --         ;                 ; --       ; --           ;
; K4       ; 36         ; 2        ; ^DATA0                                   ; input  ;              ;         ; --         ;                 ; --       ; --           ;
; K5       ; 31         ; 2        ; #TDI                                     ; input  ;              ;         ; --         ;                 ; --       ; --           ;
; K6       ; 33         ; 2        ; #TMS                                     ; input  ;              ;         ; --         ;                 ; --       ; --           ;
; K7       ;            ;          ; GND                                      ; gnd    ;              ;         ; --         ;                 ; --       ; --           ;
; K8       ;            ;          ; NC                                       ;        ;              ;         ; --         ;                 ; --       ; --           ;
; K9       ;            ;          ; VCCINT                                   ; power  ;              ; 1.2V    ; --         ;                 ; --       ; --           ;
; K10      ;            ;          ; GND                                      ; gnd    ;              ;         ; --         ;                 ; --       ; --           ;
; K11      ;            ;          ; GND                                      ; gnd    ;              ;         ; --         ;                 ; --       ; --           ;
; K12      ;            ;          ; GND                                      ; gnd    ;              ;         ; --         ;                 ; --       ; --           ;
; K13      ;            ;          ; GND                                      ; gnd    ;              ;         ; --         ;                 ; --       ; --           ;
; K14      ;            ;          ; VCCINT                                   ; power  ;              ; 1.2V    ; --         ;                 ; --       ; --           ;
; K15      ;            ;          ; NC                                       ;        ;              ;         ; --         ;                 ; --       ; --           ;
; K16      ;            ;          ; GND                                      ; gnd    ;              ;         ; --         ;                 ; --       ; --           ;
; K17      ;            ;          ; NC                                       ;        ;              ;         ; --         ;                 ; --       ; --           ;
; K18      ;            ;          ; NC                                       ;        ;              ;         ; --         ;                 ; --       ; --           ;
; K19      ;            ;          ; GND                                      ; gnd    ;              ;         ; --         ;                 ; --       ; --           ;
; K20      ; 215        ; 5        ; GND*                                     ;        ;              ;         ; Row I/O    ;                 ; --       ; --           ;
; K21      ; 209        ; 5        ; GND*                                     ;        ;              ;         ; Row I/O    ;                 ; no       ; Off          ;
; K22      ; 210        ; 5        ; GND*                                     ;        ;              ;         ; Row I/O    ;                 ; no       ; Off          ;
; L1       ; 38         ; 2        ; GND+                                     ;        ;              ;         ; Row I/O    ;                 ; --       ; --           ;
; L2       ; 39         ; 2        ; GND+                                     ;        ;              ;         ; Row I/O    ;                 ; --       ; --           ;
; L3       ;            ; 2        ; VCCIO2                                   ; power  ;              ; 3.3V    ; --         ;                 ; --       ; --           ;
; L4       ; 40         ; 2        ; ^nCONFIG                                 ;        ;              ;         ; --         ;                 ; --       ; --           ;
; L5       ; 34         ; 2        ; #TDO                                     ; output ;              ;         ; --         ;                 ; --       ; --           ;
; L6       ; 35         ; 2        ; ^DCLK                                    ;        ;              ;         ; --         ;                 ; --       ; --           ;
; L7       ;            ;          ; NC                                       ;        ;              ;         ; --         ;                 ; --       ; --           ;
; L8       ; 26         ; 2        ; GND*                                     ;        ;              ;         ; Row I/O    ;                 ; no       ; Off          ;
; L9       ;            ;          ; VCCINT                                   ; power  ;              ; 1.2V    ; --         ;                 ; --       ; --           ;
; L10      ;            ;          ; GND                                      ; gnd    ;              ;         ; --         ;                 ; --       ; --           ;
; L11      ;            ;          ; GND                                      ; gnd    ;              ;         ; --         ;                 ; --       ; --           ;
; L12      ;            ;          ; GND                                      ; gnd    ;              ;         ; --         ;                 ; --       ; --           ;
; L13      ;            ;          ; GND                                      ; gnd    ;              ;         ; --         ;                 ; --       ; --           ;
; L14      ;            ;          ; VCCINT                                   ; power  ;              ; 1.2V    ; --         ;                 ; --       ; --           ;
; L15      ;            ;          ; NC                                       ;        ;              ;         ; --         ;                 ; --       ; --           ;
; L16      ;            ;          ; NC                                       ;        ;              ;         ; --         ;                 ; --       ; --           ;
; L17      ;            ;          ; NC                                       ;        ;              ;         ; --         ;                 ; --       ; --           ;
; L18      ; 208        ; 5        ; pc_salida[8]                             ; output ; 3.3-V LVTTL  ;         ; Row I/O    ; N               ; no       ; Off          ;
; L19      ; 207        ; 5        ; pc_salida[2]                             ; output ; 3.3-V LVTTL  ;         ; Row I/O    ; N               ; no       ; Off          ;
; L20      ;            ; 5        ; VCCIO5                                   ; power  ;              ; 3.3V    ; --         ;                 ; --       ; --           ;
; L21      ; 205        ; 5        ; GND+                                     ;        ;              ;         ; Row I/O    ;                 ; --       ; --           ;
; L22      ; 206        ; 5        ; GND+                                     ;        ;              ;         ; Row I/O    ;                 ; --       ; --           ;
; M1       ; 41         ; 1        ; clk                                      ; input  ; 3.3-V LVTTL  ;         ; Row I/O    ; N               ; no       ; Off          ;
; M2       ; 42         ; 1        ; reset                                    ; input  ; 3.3-V LVTTL  ;         ; Row I/O    ; N               ; no       ; Off          ;
; M3       ;            ; 1        ; VCCIO1                                   ; power  ;              ; 3.3V    ; --         ;                 ; --       ; --           ;
; M4       ;            ;          ; GND                                      ; gnd    ;              ;         ; --         ;                 ; --       ; --           ;
; M5       ; 43         ; 1        ; GND*                                     ;        ;              ;         ; Row I/O    ;                 ; no       ; Off          ;
; M6       ; 44         ; 1        ; GND*                                     ;        ;              ;         ; Row I/O    ;                 ; no       ; Off          ;
; M7       ;            ;          ; NC                                       ;        ;              ;         ; --         ;                 ; --       ; --           ;
; M8       ;            ;          ; NC                                       ;        ;              ;         ; --         ;                 ; --       ; --           ;
; M9       ;            ;          ; VCCINT                                   ; power  ;              ; 1.2V    ; --         ;                 ; --       ; --           ;
; M10      ;            ;          ; GND                                      ; gnd    ;              ;         ; --         ;                 ; --       ; --           ;
; M11      ;            ;          ; GND                                      ; gnd    ;              ;         ; --         ;                 ; --       ; --           ;
; M12      ;            ;          ; GND                                      ; gnd    ;              ;         ; --         ;                 ; --       ; --           ;
; M13      ;            ;          ; GND                                      ; gnd    ;              ;         ; --         ;                 ; --       ; --           ;
; M14      ;            ;          ; VCCINT                                   ; power  ;              ; 1.2V    ; --         ;                 ; --       ; --           ;
; M15      ;            ;          ; NC                                       ;        ;              ;         ; --         ;                 ; --       ; --           ;
; M16      ;            ;          ; NC                                       ;        ;              ;         ; --         ;                 ; --       ; --           ;
; M17      ; 198        ; 6        ; ^MSEL0                                   ;        ;              ;         ; --         ;                 ; --       ; --           ;
; M18      ; 202        ; 6        ; GND*                                     ;        ;              ;         ; Row I/O    ;                 ; no       ; Off          ;
; M19      ; 201        ; 6        ; GND*                                     ;        ;              ;         ; Row I/O    ;                 ; no       ; Off          ;
; M20      ;            ; 6        ; VCCIO6                                   ; power  ;              ; 3.3V    ; --         ;                 ; --       ; --           ;
; M21      ; 203        ; 6        ; GND+                                     ;        ;              ;         ; Row I/O    ;                 ; --       ; --           ;
; M22      ; 204        ; 6        ; GND+                                     ;        ;              ;         ; Row I/O    ;                 ; --       ; --           ;
; N1       ; 45         ; 1        ; GND*                                     ;        ;              ;         ; Row I/O    ;                 ; no       ; Off          ;
; N2       ; 46         ; 1        ; GND*                                     ;        ;              ;         ; Row I/O    ;                 ; no       ; Off          ;
; N3       ; 51         ; 1        ; GND*                                     ;        ;              ;         ; Row I/O    ;                 ; no       ; Off          ;
; N4       ; 52         ; 1        ; GND*                                     ;        ;              ;         ; Row I/O    ;                 ; no       ; Off          ;
; N5       ;            ;          ; NC                                       ;        ;              ;         ; --         ;                 ; --       ; --           ;
; N6       ; 49         ; 1        ; GND*                                     ;        ;              ;         ; Row I/O    ;                 ; no       ; Off          ;
; N7       ;            ;          ; GND                                      ; gnd    ;              ;         ; --         ;                 ; --       ; --           ;
; N8       ;            ;          ; NC                                       ;        ;              ;         ; --         ;                 ; --       ; --           ;
; N9       ;            ;          ; VCCINT                                   ; power  ;              ; 1.2V    ; --         ;                 ; --       ; --           ;
; N10      ;            ;          ; GND                                      ; gnd    ;              ;         ; --         ;                 ; --       ; --           ;
; N11      ;            ;          ; GND                                      ; gnd    ;              ;         ; --         ;                 ; --       ; --           ;
; N12      ;            ;          ; GND                                      ; gnd    ;              ;         ; --         ;                 ; --       ; --           ;
; N13      ;            ;          ; GND                                      ; gnd    ;              ;         ; --         ;                 ; --       ; --           ;
; N14      ;            ;          ; VCCINT                                   ; power  ;              ; 1.2V    ; --         ;                 ; --       ; --           ;
; N15      ; 194        ; 6        ; GND*                                     ;        ;              ;         ; Row I/O    ;                 ; no       ; Off          ;
; N16      ;            ;          ; GND                                      ; gnd    ;              ;         ; --         ;                 ; --       ; --           ;
; N17      ; 197        ; 6        ; ^MSEL1                                   ;        ;              ;         ; --         ;                 ; --       ; --           ;
; N18      ; 196        ; 6        ; ^CONF_DONE                               ;        ;              ;         ; --         ;                 ; --       ; --           ;
; N19      ;            ;          ; GND                                      ; gnd    ;              ;         ; --         ;                 ; --       ; --           ;
; N20      ; 195        ; 6        ; ^nSTATUS                                 ;        ;              ;         ; --         ;                 ; --       ; --           ;
; N21      ; 199        ; 6        ; GND*                                     ;        ;              ;         ; Row I/O    ;                 ; no       ; Off          ;
; N22      ; 200        ; 6        ; GND*                                     ;        ;              ;         ; Row I/O    ;                 ; no       ; Off          ;
; P1       ; 47         ; 1        ; GND*                                     ;        ;              ;         ; Row I/O    ;                 ; no       ; Off          ;
; P2       ; 48         ; 1        ; GND*                                     ;        ;              ;         ; Row I/O    ;                 ; no       ; Off          ;
; P3       ; 50         ; 1        ; GND*                                     ;        ;              ;         ; Row I/O    ;                 ; --       ; --           ;
; P4       ;            ;          ; NC                                       ;        ;              ;         ; --         ;                 ; --       ; --           ;
; P5       ; 55         ; 1        ; GND*                                     ;        ;              ;         ; Row I/O    ;                 ; no       ; Off          ;
; P6       ; 56         ; 1        ; GND*                                     ;        ;              ;         ; Row I/O    ;                 ; no       ; Off          ;
; P7       ;            ; 1        ; VCCIO1                                   ; power  ;              ; 3.3V    ; --         ;                 ; --       ; --           ;
; P8       ; 95         ; 8        ; GND*                                     ;        ;              ;         ; Column I/O ;                 ; no       ; Off          ;
; P9       ; 94         ; 8        ; GND*                                     ;        ;              ;         ; Column I/O ;                 ; no       ; Off          ;
; P10      ;            ;          ; VCCINT                                   ; power  ;              ; 1.2V    ; --         ;                 ; --       ; --           ;
; P11      ;            ;          ; VCCINT                                   ; power  ;              ; 1.2V    ; --         ;                 ; --       ; --           ;
; P12      ;            ;          ; VCCINT                                   ; power  ;              ; 1.2V    ; --         ;                 ; --       ; --           ;
; P13      ;            ;          ; VCCINT                                   ; power  ;              ; 1.2V    ; --         ;                 ; --       ; --           ;
; P14      ;            ;          ; NC                                       ;        ;              ;         ; --         ;                 ; --       ; --           ;
; P15      ; 193        ; 6        ; GND*                                     ;        ;              ;         ; Row I/O    ;                 ; no       ; Off          ;
; P16      ;            ; 6        ; VCCIO6                                   ; power  ;              ; 3.3V    ; --         ;                 ; --       ; --           ;
; P17      ; 186        ; 6        ; GND*                                     ;        ;              ;         ; Row I/O    ;                 ; no       ; Off          ;
; P18      ; 187        ; 6        ; GND*                                     ;        ;              ;         ; Row I/O    ;                 ; no       ; Off          ;
; P19      ;            ;          ; NC                                       ;        ;              ;         ; --         ;                 ; --       ; --           ;
; P20      ;            ;          ; NC                                       ;        ;              ;         ; --         ;                 ; --       ; --           ;
; P21      ;            ;          ; NC                                       ;        ;              ;         ; --         ;                 ; --       ; --           ;
; P22      ;            ;          ; NC                                       ;        ;              ;         ; --         ;                 ; --       ; --           ;
; R1       ; 57         ; 1        ; GND*                                     ;        ;              ;         ; Row I/O    ;                 ; no       ; Off          ;
; R2       ; 58         ; 1        ; GND*                                     ;        ;              ;         ; Row I/O    ;                 ; no       ; Off          ;
; R3       ;            ;          ; GND                                      ; gnd    ;              ;         ; --         ;                 ; --       ; --           ;
; R4       ;            ;          ; NC                                       ;        ;              ;         ; --         ;                 ; --       ; --           ;
; R5       ; 63         ; 1        ; GND*                                     ;        ;              ;         ; Row I/O    ;                 ; no       ; Off          ;
; R6       ; 64         ; 1        ; GND*                                     ;        ;              ;         ; Row I/O    ;                 ; no       ; Off          ;
; R7       ; 54         ; 1        ; GND*                                     ;        ;              ;         ; Row I/O    ;                 ; no       ; Off          ;
; R8       ; 53         ; 1        ; GND*                                     ;        ;              ;         ; Row I/O    ;                 ; no       ; Off          ;
; R9       ; 109        ; 8        ; GND*                                     ;        ;              ;         ; Column I/O ;                 ; no       ; Off          ;
; R10      ; 108        ; 8        ; GND*                                     ;        ;              ;         ; Column I/O ;                 ; no       ; Off          ;
; R11      ; 116        ; 8        ; GND*                                     ;        ;              ;         ; Column I/O ;                 ; no       ; Off          ;
; R12      ; 134        ; 7        ; GND*                                     ;        ;              ;         ; Column I/O ;                 ; no       ; Off          ;
; R13      ; 145        ; 7        ; GND*                                     ;        ;              ;         ; Column I/O ;                 ; no       ; Off          ;
; R14      ; 150        ; 7        ; GND*                                     ;        ;              ;         ; Column I/O ;                 ; no       ; Off          ;
; R15      ; 151        ; 7        ; GND*                                     ;        ;              ;         ; Column I/O ;                 ; no       ; Off          ;
; R16      ; 155        ; 7        ; GND*                                     ;        ;              ;         ; Column I/O ;                 ; no       ; Off          ;
; R17      ; 177        ; 6        ; GND*                                     ;        ;              ;         ; Row I/O    ;                 ; no       ; Off          ;
; R18      ; 184        ; 6        ; GND*                                     ;        ;              ;         ; Row I/O    ;                 ; no       ; Off          ;
; R19      ; 185        ; 6        ; GND*                                     ;        ;              ;         ; Row I/O    ;                 ; no       ; Off          ;
; R20      ; 192        ; 6        ; GND*                                     ;        ;              ;         ; Row I/O    ;                 ; --       ; --           ;
; R21      ; 190        ; 6        ; GND*                                     ;        ;              ;         ; Row I/O    ;                 ; no       ; Off          ;
; R22      ; 191        ; 6        ; GND*                                     ;        ;              ;         ; Row I/O    ;                 ; no       ; Off          ;
; T1       ; 59         ; 1        ; GND*                                     ;        ;              ;         ; Row I/O    ;                 ; no       ; Off          ;
; T2       ; 60         ; 1        ; GND*                                     ;        ;              ;         ; Row I/O    ;                 ; no       ; Off          ;
; T3       ; 69         ; 1        ; GND*                                     ;        ;              ;         ; Row I/O    ;                 ; no       ; Off          ;
; T4       ;            ; 1        ; VCCIO1                                   ; power  ;              ; 3.3V    ; --         ;                 ; --       ; --           ;
; T5       ; 67         ; 1        ; GND*                                     ;        ;              ;         ; Row I/O    ;                 ; no       ; Off          ;
; T6       ; 68         ; 1        ; GND*                                     ;        ;              ;         ; Row I/O    ;                 ; no       ; Off          ;
; T7       ; 91         ; 8        ; GND*                                     ;        ;              ;         ; Column I/O ;                 ; no       ; Off          ;
; T8       ; 90         ; 8        ; GND*                                     ;        ;              ;         ; Column I/O ;                 ; no       ; Off          ;
; T9       ;            ; 8        ; VCCIO8                                   ; power  ;              ; 3.3V    ; --         ;                 ; --       ; --           ;
; T10      ;            ;          ; GND                                      ; gnd    ;              ;         ; --         ;                 ; --       ; --           ;
; T11      ; 115        ; 8        ; GND*                                     ;        ;              ;         ; Column I/O ;                 ; no       ; Off          ;
; T12      ; 131        ; 7        ; GND*                                     ;        ;              ;         ; Column I/O ;                 ; no       ; Off          ;
; T13      ;            ;          ; GND                                      ; gnd    ;              ;         ; --         ;                 ; --       ; --           ;
; T14      ;            ; 7        ; VCCIO7                                   ; power  ;              ; 3.3V    ; --         ;                 ; --       ; --           ;
; T15      ; 147        ; 7        ; GND*                                     ;        ;              ;         ; Column I/O ;                 ; no       ; Off          ;
; T16      ; 156        ; 7        ; GND*                                     ;        ;              ;         ; Column I/O ;                 ; no       ; Off          ;
; T17      ;            ;          ; GND_PLL4                                 ; gnd    ;              ;         ; --         ;                 ; --       ; --           ;
; T18      ; 171        ; 6        ; GND*                                     ;        ;              ;         ; Row I/O    ;                 ; no       ; Off          ;
; T19      ;            ; 6        ; VCCIO6                                   ; power  ;              ; 3.3V    ; --         ;                 ; --       ; --           ;
; T20      ;            ;          ; GND                                      ; gnd    ;              ;         ; --         ;                 ; --       ; --           ;
; T21      ; 188        ; 6        ; GND*                                     ;        ;              ;         ; Row I/O    ;                 ; no       ; Off          ;
; T22      ; 189        ; 6        ; GND*                                     ;        ;              ;         ; Row I/O    ;                 ; no       ; Off          ;
; U1       ; 61         ; 1        ; GND*                                     ;        ;              ;         ; Row I/O    ;                 ; no       ; Off          ;
; U2       ; 62         ; 1        ; GND*                                     ;        ;              ;         ; Row I/O    ;                 ; no       ; Off          ;
; U3       ; 70         ; 1        ; GND*                                     ;        ;              ;         ; Row I/O    ;                 ; --       ; --           ;
; U4       ; 80         ; 1        ; GND*                                     ;        ;              ;         ; Row I/O    ;                 ; no       ; Off          ;
; U5       ;            ;          ; GND_PLL1                                 ; gnd    ;              ;         ; --         ;                 ; --       ; --           ;
; U6       ;            ;          ; VCCD_PLL1                                ; power  ;              ; 1.2V    ; --         ;                 ; --       ; --           ;
; U7       ;            ;          ; VCCA_PLL1                                ; power  ;              ; 1.2V    ; --         ;                 ; --       ; --           ;
; U8       ; 92         ; 8        ; GND*                                     ;        ;              ;         ; Column I/O ;                 ; no       ; Off          ;
; U9       ; 106        ; 8        ; GND*                                     ;        ;              ;         ; Column I/O ;                 ; no       ; Off          ;
; U10      ; 107        ; 8        ; GND*                                     ;        ;              ;         ; Column I/O ;                 ; no       ; Off          ;
; U11      ; 123        ; 8        ; GND+                                     ;        ;              ;         ; Column I/O ;                 ; --       ; --           ;
; U12      ; 124        ; 8        ; GND+                                     ;        ;              ;         ; Column I/O ;                 ; --       ; --           ;
; U13      ; 132        ; 7        ; GND*                                     ;        ;              ;         ; Column I/O ;                 ; no       ; Off          ;
; U14      ; 146        ; 7        ; GND*                                     ;        ;              ;         ; Column I/O ;                 ; no       ; Off          ;
; U15      ; 157        ; 7        ; GND*                                     ;        ;              ;         ; Column I/O ;                 ; no       ; Off          ;
; U16      ;            ;          ; VCCA_PLL4                                ; power  ;              ; 1.2V    ; --         ;                 ; --       ; --           ;
; U17      ;            ;          ; VCCD_PLL4                                ; power  ;              ; 1.2V    ; --         ;                 ; --       ; --           ;
; U18      ; 170        ; 6        ; GND*                                     ;        ;              ;         ; Row I/O    ;                 ; no       ; Off          ;
; U19      ; 172        ; 6        ; GND*                                     ;        ;              ;         ; Row I/O    ;                 ; no       ; Off          ;
; U20      ; 176        ; 6        ; GND*                                     ;        ;              ;         ; Row I/O    ;                 ; --       ; --           ;
; U21      ; 182        ; 6        ; GND*                                     ;        ;              ;         ; Row I/O    ;                 ; no       ; Off          ;
; U22      ; 183        ; 6        ; GND*                                     ;        ;              ;         ; Row I/O    ;                 ; no       ; Off          ;
; V1       ; 65         ; 1        ; GND*                                     ;        ;              ;         ; Row I/O    ;                 ; no       ; Off          ;
; V2       ; 66         ; 1        ; GND*                                     ;        ;              ;         ; Row I/O    ;                 ; no       ; Off          ;
; V3       ;            ;          ; GND                                      ; gnd    ;              ;         ; --         ;                 ; --       ; --           ;
; V4       ; 81         ; 1        ; GND*                                     ;        ;              ;         ; Row I/O    ;                 ; no       ; Off          ;
; V5       ;            ;          ; GND_PLL1                                 ; gnd    ;              ;         ; --         ;                 ; --       ; --           ;
; V6       ;            ;          ; GND                                      ; gnd    ;              ;         ; --         ;                 ; --       ; --           ;
; V7       ;            ;          ; GNDA_PLL1                                ; gnd    ;              ;         ; --         ;                 ; --       ; --           ;
; V8       ; 98         ; 8        ; GND*                                     ;        ;              ;         ; Column I/O ;                 ; no       ; Off          ;
; V9       ; 101        ; 8        ; GND*                                     ;        ;              ;         ; Column I/O ;                 ; no       ; Off          ;
; V10      ;            ; 8        ; VCCIO8                                   ; power  ;              ; 3.3V    ; --         ;                 ; --       ; --           ;
; V11      ; 118        ; 8        ; GND*                                     ;        ;              ;         ; Column I/O ;                 ; no       ; Off          ;
; V12      ; 126        ; 7        ; GND+                                     ;        ;              ;         ; Column I/O ;                 ; --       ; --           ;
; V13      ;            ; 7        ; VCCIO7                                   ; power  ;              ; 3.3V    ; --         ;                 ; --       ; --           ;
; V14      ; 142        ; 7        ; GND*                                     ;        ;              ;         ; Column I/O ;                 ; no       ; Off          ;
; V15      ; 158        ; 7        ; GND*                                     ;        ;              ;         ; Column I/O ;                 ; no       ; Off          ;
; V16      ;            ;          ; GNDA_PLL4                                ; gnd    ;              ;         ; --         ;                 ; --       ; --           ;
; V17      ;            ;          ; GND                                      ; gnd    ;              ;         ; --         ;                 ; --       ; --           ;
; V18      ;            ;          ; GND_PLL4                                 ; gnd    ;              ;         ; --         ;                 ; --       ; --           ;
; V19      ; 166        ; 6        ; GND*                                     ;        ;              ;         ; Row I/O    ;                 ; no       ; Off          ;
; V20      ; 173        ; 6        ; GND*                                     ;        ;              ;         ; Row I/O    ;                 ; no       ; Off          ;
; V21      ; 180        ; 6        ; GND*                                     ;        ;              ;         ; Row I/O    ;                 ; no       ; Off          ;
; V22      ; 181        ; 6        ; GND*                                     ;        ;              ;         ; Row I/O    ;                 ; no       ; Off          ;
; W1       ; 71         ; 1        ; GND*                                     ;        ;              ;         ; Row I/O    ;                 ; no       ; Off          ;
; W2       ; 72         ; 1        ; GND*                                     ;        ;              ;         ; Row I/O    ;                 ; no       ; Off          ;
; W3       ; 75         ; 1        ; GND*                                     ;        ;              ;         ; Row I/O    ;                 ; no       ; Off          ;
; W4       ; 76         ; 1        ; GND*                                     ;        ;              ;         ; Row I/O    ;                 ; no       ; Off          ;
; W5       ; 79         ; 1        ; GND*                                     ;        ;              ;         ; Row I/O    ;                 ; no       ; Off          ;
; W6       ;            ; 8        ; VCCIO8                                   ; power  ;              ; 3.3V    ; --         ;                 ; --       ; --           ;
; W7       ; 99         ; 8        ; GND*                                     ;        ;              ;         ; Column I/O ;                 ; no       ; Off          ;
; W8       ; 100        ; 8        ; GND*                                     ;        ;              ;         ; Column I/O ;                 ; no       ; Off          ;
; W9       ; 105        ; 8        ; GND*                                     ;        ;              ;         ; Column I/O ;                 ; no       ; Off          ;
; W10      ;            ;          ; GND                                      ; gnd    ;              ;         ; --         ;                 ; --       ; --           ;
; W11      ; 117        ; 8        ; GND*                                     ;        ;              ;         ; Column I/O ;                 ; no       ; Off          ;
; W12      ; 125        ; 7        ; GND+                                     ;        ;              ;         ; Column I/O ;                 ; --       ; --           ;
; W13      ;            ;          ; GND                                      ; gnd    ;              ;         ; --         ;                 ; --       ; --           ;
; W14      ; 141        ; 7        ; GND*                                     ;        ;              ;         ; Column I/O ;                 ; no       ; Off          ;
; W15      ; 149        ; 7        ; GND*                                     ;        ;              ;         ; Column I/O ;                 ; no       ; Off          ;
; W16      ; 160        ; 7        ; GND*                                     ;        ;              ;         ; Column I/O ;                 ; no       ; Off          ;
; W17      ;            ; 7        ; VCCIO7                                   ; power  ;              ; 3.3V    ; --         ;                 ; --       ; --           ;
; W18      ;            ;          ; NC                                       ;        ;              ;         ; --         ;                 ; --       ; --           ;
; W19      ;            ;          ; GND                                      ; gnd    ;              ;         ; --         ;                 ; --       ; --           ;
; W20      ; 167        ; 6        ; ~LVDS91p/nCEO~                           ; output ; 3.3-V LVTTL  ;         ; Row I/O    ; N               ; no       ; Off          ;
; W21      ; 174        ; 6        ; GND*                                     ;        ;              ;         ; Row I/O    ;                 ; no       ; Off          ;
; W22      ; 175        ; 6        ; GND*                                     ;        ;              ;         ; Row I/O    ;                 ; no       ; Off          ;
; Y1       ; 73         ; 1        ; GND*                                     ;        ;              ;         ; Row I/O    ;                 ; no       ; Off          ;
; Y2       ; 74         ; 1        ; GND*                                     ;        ;              ;         ; Row I/O    ;                 ; no       ; Off          ;
; Y3       ; 77         ; 1        ; GND*                                     ;        ;              ;         ; Row I/O    ;                 ; no       ; Off          ;
; Y4       ; 78         ; 1        ; GND*                                     ;        ;              ;         ; Row I/O    ;                 ; no       ; Off          ;
; Y5       ; 86         ; 8        ; GND*                                     ;        ;              ;         ; Column I/O ;                 ; no       ; Off          ;
; Y6       ; 87         ; 8        ; GND*                                     ;        ;              ;         ; Column I/O ;                 ; no       ; Off          ;
; Y7       ; 93         ; 8        ; GND*                                     ;        ;              ;         ; Column I/O ;                 ; --       ; --           ;
; Y8       ;            ;          ; GND                                      ; gnd    ;              ;         ; --         ;                 ; --       ; --           ;
; Y9       ; 104        ; 8        ; GND*                                     ;        ;              ;         ; Column I/O ;                 ; no       ; Off          ;
; Y10      ; 112        ; 8        ; GND*                                     ;        ;              ;         ; Column I/O ;                 ; --       ; --           ;
; Y11      ;            ; 8        ; VCCIO8                                   ; power  ;              ; 3.3V    ; --         ;                 ; --       ; --           ;
; Y12      ;            ; 7        ; VCCIO7                                   ; power  ;              ; 3.3V    ; --         ;                 ; --       ; --           ;
; Y13      ; 133        ; 7        ; GND*                                     ;        ;              ;         ; Column I/O ;                 ; --       ; --           ;
; Y14      ; 148        ; 7        ; GND*                                     ;        ;              ;         ; Column I/O ;                 ; no       ; Off          ;
; Y15      ;            ;          ; GND                                      ; gnd    ;              ;         ; --         ;                 ; --       ; --           ;
; Y16      ; 154        ; 7        ; GND*                                     ;        ;              ;         ; Column I/O ;                 ; --       ; --           ;
; Y17      ; 159        ; 7        ; GND*                                     ;        ;              ;         ; Column I/O ;                 ; no       ; Off          ;
; Y18      ; 165        ; 6        ; GND*                                     ;        ;              ;         ; Row I/O    ;                 ; no       ; Off          ;
; Y19      ; 168        ; 6        ; GND*                                     ;        ;              ;         ; Row I/O    ;                 ; no       ; Off          ;
; Y20      ; 169        ; 6        ; GND*                                     ;        ;              ;         ; Row I/O    ;                 ; no       ; Off          ;
; Y21      ; 178        ; 6        ; GND*                                     ;        ;              ;         ; Row I/O    ;                 ; no       ; Off          ;
; Y22      ; 179        ; 6        ; GND*                                     ;        ;              ;         ; Row I/O    ;                 ; no       ; Off          ;
+----------+------------+----------+------------------------------------------+--------+--------------+---------+------------+-----------------+----------+--------------+
Note: Pin directions (input, output or bidir) are based on device operating in user mode.


+-------------------------------------------------------------------------------+
; Output Pin Default Load For Reported TCO                                      ;
+----------------------------------+-------+------------------------------------+
; I/O Standard                     ; Load  ; Termination Resistance             ;
+----------------------------------+-------+------------------------------------+
; 3.3-V LVTTL                      ; 0 pF  ; Not Available                      ;
; 3.3-V LVCMOS                     ; 0 pF  ; Not Available                      ;
; 2.5 V                            ; 0 pF  ; Not Available                      ;
; 1.8 V                            ; 0 pF  ; Not Available                      ;
; 1.5 V                            ; 0 pF  ; Not Available                      ;
; 3.3-V PCI                        ; 10 pF ; 25 Ohm (Parallel)                  ;
; 3.3-V PCI-X                      ; 10 pF ; 25 Ohm (Parallel)                  ;
; SSTL-2 Class I                   ; 0 pF  ; 50 Ohm (Parallel), 25 Ohm (Serial) ;
; SSTL-2 Class II                  ; 0 pF  ; 25 Ohm (Parallel), 25 Ohm (Serial) ;
; SSTL-18 Class I                  ; 0 pF  ; 50 Ohm (Parallel), 25 Ohm (Serial) ;
; SSTL-18 Class II                 ; 0 pF  ; 25 Ohm (Parallel), 25 Ohm (Serial) ;
; 1.5-V HSTL Class I               ; 0 pF  ; 50 Ohm (Parallel)                  ;
; 1.5-V HSTL Class II              ; 0 pF  ; 25 Ohm (Parallel)                  ;
; 1.8-V HSTL Class I               ; 0 pF  ; 50 Ohm (Parallel)                  ;
; 1.8-V HSTL Class II              ; 0 pF  ; 25 Ohm (Parallel)                  ;
; Differential SSTL-2              ; 0 pF  ; (See SSTL-2)                       ;
; Differential 2.5-V SSTL Class II ; 0 pF  ; (See SSTL-2 Class II)              ;
; Differential 1.8-V SSTL Class I  ; 0 pF  ; (See 1.8-V SSTL Class I)           ;
; Differential 1.8-V SSTL Class II ; 0 pF  ; (See 1.8-V SSTL Class II)          ;
; Differential 1.5-V HSTL Class I  ; 0 pF  ; (See 1.5-V HSTL Class I)           ;
; Differential 1.5-V HSTL Class II ; 0 pF  ; (See 1.5-V HSTL Class II)          ;
; Differential 1.8-V HSTL Class I  ; 0 pF  ; (See 1.8-V HSTL Class I)           ;
; Differential 1.8-V HSTL Class II ; 0 pF  ; (See 1.8-V HSTL Class II)          ;
; LVDS                             ; 0 pF  ; 100 Ohm (Differential)             ;
; mini-LVDS                        ; 0 pF  ; 100 Ohm (Differential)             ;
; RSDS                             ; 0 pF  ; 100 Ohm (Differential)             ;
; Simple RSDS                      ; 0 pF  ; Not Available                      ;
; Differential LVPECL              ; 0 pF  ; 100 Ohm (Differential)             ;
+----------------------------------+-------+------------------------------------+
Note: User assignments will override these defaults. The user specified values are listed in the Output Pins and Bidir Pins tables.


+----------------------------------------------------------------------------------------------------------------------------------------------------------------------------------------------------------------------------------------------------------------------------------------------+
; Fitter Resource Utilization by Entity                                                                                                                                                                                                                                                        ;
+---------------------------------+-------------+---------------------------+---------------+-------------+------+--------------+---------+-----------+------+--------------+--------------+-------------------+------------------+---------------------------------------------+--------------+
; Compilation Hierarchy Node      ; Logic Cells ; Dedicated Logic Registers ; I/O Registers ; Memory Bits ; M4Ks ; DSP Elements ; DSP 9x9 ; DSP 18x18 ; Pins ; Virtual Pins ; LUT-Only LCs ; Register-Only LCs ; LUT/Register LCs ; Full Hierarchy Name                         ; Library Name ;
+---------------------------------+-------------+---------------------------+---------------+-------------+------+--------------+---------+-----------+------+--------------+--------------+-------------------+------------------+---------------------------------------------+--------------+
; |cpu                            ; 2013 (0)    ; 1329 (0)                  ; 0 (0)         ; 0           ; 0    ; 0            ; 0       ; 0         ; 12   ; 0            ; 684 (0)      ; 623 (0)           ; 706 (0)          ; |cpu                                        ; work         ;
;    |cd:caminodatos|             ; 1993 (8)    ; 1329 (0)                  ; 0 (0)         ; 0           ; 0    ; 0            ; 0       ; 0         ; 0    ; 0            ; 664 (8)      ; 623 (0)           ; 706 (0)          ; |cpu|cd:caminodatos                         ; work         ;
;       |alu:mialu|               ; 182 (182)   ; 0 (0)                     ; 0 (0)         ; 0           ; 0    ; 0            ; 0       ; 0         ; 0    ; 0            ; 163 (163)    ; 0 (0)             ; 19 (19)          ; |cpu|cd:caminodatos|alu:mialu               ; work         ;
;       |ffd:carry|               ; 1 (1)       ; 1 (1)                     ; 0 (0)         ; 0           ; 0    ; 0            ; 0       ; 0         ; 0    ; 0            ; 0 (0)        ; 0 (0)             ; 1 (1)            ; |cpu|cd:caminodatos|ffd:carry               ; work         ;
;       |ffd:neg|                 ; 1 (1)       ; 1 (1)                     ; 0 (0)         ; 0           ; 0    ; 0            ; 0       ; 0         ; 0    ; 0            ; 0 (0)        ; 0 (0)             ; 1 (1)            ; |cpu|cd:caminodatos|ffd:neg                 ; work         ;
;       |ffd:zer|                 ; 1 (1)       ; 1 (1)                     ; 0 (0)         ; 0           ; 0    ; 0            ; 0       ; 0         ; 0    ; 0            ; 0 (0)        ; 0 (0)             ; 1 (1)            ; |cpu|cd:caminodatos|ffd:zer                 ; work         ;
;       |memdat:memoriadatos|     ; 1286 (1286) ; 1024 (1024)               ; 0 (0)         ; 0           ; 0    ; 0            ; 0       ; 0         ; 0    ; 0            ; 262 (262)    ; 510 (510)         ; 514 (514)        ; |cpu|cd:caminodatos|memdat:memoriadatos     ; work         ;
;       |memprog:memoriaprograma| ; 26 (26)     ; 0 (0)                     ; 0 (0)         ; 0           ; 0    ; 0            ; 0       ; 0         ; 0    ; 0            ; 21 (21)      ; 0 (0)             ; 5 (5)            ; |cpu|cd:caminodatos|memprog:memoriaprograma ; work         ;
;       |mux2:muxescritura|       ; 16 (16)     ; 0 (0)                     ; 0 (0)         ; 0           ; 0    ; 0            ; 0       ; 0         ; 0    ; 0            ; 9 (9)        ; 0 (0)             ; 7 (7)            ; |cpu|cd:caminodatos|mux2:muxescritura       ; work         ;
;       |mux2:muxpila|            ; 4 (4)       ; 0 (0)                     ; 0 (0)         ; 0           ; 0    ; 0            ; 0       ; 0         ; 0    ; 0            ; 0 (0)        ; 0 (0)             ; 4 (4)            ; |cpu|cd:caminodatos|mux2:muxpila            ; work         ;
;       |mux2:muxr1|              ; 18 (18)     ; 0 (0)                     ; 0 (0)         ; 0           ; 0    ; 0            ; 0       ; 0         ; 0    ; 0            ; 18 (18)      ; 0 (0)             ; 0 (0)            ; |cpu|cd:caminodatos|mux2:muxr1              ; work         ;
;       |regfile:regs|            ; 256 (256)   ; 128 (128)                 ; 0 (0)         ; 0           ; 0    ; 0            ; 0       ; 0         ; 0    ; 0            ; 122 (122)    ; 39 (39)           ; 95 (95)          ; |cpu|cd:caminodatos|regfile:regs            ; work         ;
;       |registro:PCR|            ; 10 (10)     ; 10 (10)                   ; 0 (0)         ; 0           ; 0    ; 0            ; 0       ; 0         ; 0    ; 0            ; 0 (0)        ; 0 (0)             ; 10 (10)          ; |cpu|cd:caminodatos|registro:PCR            ; work         ;
;       |stack:pila|              ; 220 (220)   ; 164 (164)                 ; 0 (0)         ; 0           ; 0    ; 0            ; 0       ; 0         ; 0    ; 0            ; 56 (56)      ; 74 (74)           ; 90 (90)          ; |cpu|cd:caminodatos|stack:pila              ; work         ;
;       |sum:suma_inc|            ; 10 (10)     ; 0 (0)                     ; 0 (0)         ; 0           ; 0    ; 0            ; 0       ; 0         ; 0    ; 0            ; 5 (5)        ; 0 (0)             ; 5 (5)            ; |cpu|cd:caminodatos|sum:suma_inc            ; work         ;
;    |uc:unidadcontrol|           ; 23 (23)     ; 0 (0)                     ; 0 (0)         ; 0           ; 0    ; 0            ; 0       ; 0         ; 0    ; 0            ; 20 (20)      ; 0 (0)             ; 3 (3)            ; |cpu|uc:unidadcontrol                       ; work         ;
+---------------------------------+-------------+---------------------------+---------------+-------------+------+--------------+---------+-----------+------+--------------+--------------+-------------------+------------------+---------------------------------------------+--------------+
Note: For table entries with two numbers listed, the numbers in parentheses indicate the number of resources of the given type used by the specific entity alone. The numbers listed outside of parentheses indicate the total resources of the given type used by the specific entity and all of its sub-entities in the hierarchy.


+---------------------------------------------------------------------------------------+
; Delay Chain Summary                                                                   ;
+--------------+----------+---------------+---------------+-----------------------+-----+
; Name         ; Pin Type ; Pad to Core 0 ; Pad to Core 1 ; Pad to Input Register ; TCO ;
+--------------+----------+---------------+---------------+-----------------------+-----+
; pc_salida[0] ; Output   ; --            ; --            ; --                    ; --  ;
; pc_salida[1] ; Output   ; --            ; --            ; --                    ; --  ;
; pc_salida[2] ; Output   ; --            ; --            ; --                    ; --  ;
; pc_salida[3] ; Output   ; --            ; --            ; --                    ; --  ;
; pc_salida[4] ; Output   ; --            ; --            ; --                    ; --  ;
; pc_salida[5] ; Output   ; --            ; --            ; --                    ; --  ;
; pc_salida[6] ; Output   ; --            ; --            ; --                    ; --  ;
; pc_salida[7] ; Output   ; --            ; --            ; --                    ; --  ;
; pc_salida[8] ; Output   ; --            ; --            ; --                    ; --  ;
; pc_salida[9] ; Output   ; --            ; --            ; --                    ; --  ;
; clk          ; Input    ; (0) 171 ps    ; (0) 171 ps    ; --                    ; --  ;
; reset        ; Input    ; (0) 171 ps    ; (0) 171 ps    ; --                    ; --  ;
+--------------+----------+---------------+---------------+-----------------------+-----+


+---------------------------------------------------+
; Pad To Core Delay Chain Fanout                    ;
+---------------------+-------------------+---------+
; Source Pin / Fanout ; Pad To Core Index ; Setting ;
+---------------------+-------------------+---------+
; clk                 ;                   ;         ;
; reset               ;                   ;         ;
+---------------------+-------------------+---------+


+----------------------------------------------------------------------------------------------------------------------------------------------------------------------------+
; Control Signals                                                                                                                                                            ;
+-----------------------------------------------+--------------------+---------+--------------+--------+----------------------+------------------+---------------------------+
; Name                                          ; Location           ; Fan-Out ; Usage        ; Global ; Global Resource Used ; Global Line Name ; Enable Signal Source Name ;
+-----------------------------------------------+--------------------+---------+--------------+--------+----------------------+------------------+---------------------------+
; cd:caminodatos|memdat:memoriadatos|mem~1697   ; LCCOMB_X25_Y17_N0  ; 16      ; Clock enable ; no     ; --                   ; --               ; --                        ;
; cd:caminodatos|memdat:memoriadatos|mem~1699   ; LCCOMB_X34_Y18_N6  ; 16      ; Clock enable ; no     ; --                   ; --               ; --                        ;
; cd:caminodatos|memdat:memoriadatos|mem~1701   ; LCCOMB_X26_Y14_N6  ; 16      ; Clock enable ; no     ; --                   ; --               ; --                        ;
; cd:caminodatos|memdat:memoriadatos|mem~1703   ; LCCOMB_X27_Y14_N10 ; 16      ; Clock enable ; no     ; --                   ; --               ; --                        ;
; cd:caminodatos|memdat:memoriadatos|mem~1705   ; LCCOMB_X26_Y21_N26 ; 16      ; Clock enable ; no     ; --                   ; --               ; --                        ;
; cd:caminodatos|memdat:memoriadatos|mem~1707   ; LCCOMB_X24_Y17_N16 ; 16      ; Clock enable ; no     ; --                   ; --               ; --                        ;
; cd:caminodatos|memdat:memoriadatos|mem~1709   ; LCCOMB_X32_Y19_N6  ; 16      ; Clock enable ; no     ; --                   ; --               ; --                        ;
; cd:caminodatos|memdat:memoriadatos|mem~1711   ; LCCOMB_X25_Y14_N6  ; 16      ; Clock enable ; no     ; --                   ; --               ; --                        ;
; cd:caminodatos|memdat:memoriadatos|mem~1713   ; LCCOMB_X27_Y19_N14 ; 16      ; Clock enable ; no     ; --                   ; --               ; --                        ;
; cd:caminodatos|memdat:memoriadatos|mem~1715   ; LCCOMB_X24_Y17_N22 ; 16      ; Clock enable ; no     ; --                   ; --               ; --                        ;
; cd:caminodatos|memdat:memoriadatos|mem~1717   ; LCCOMB_X23_Y19_N4  ; 16      ; Clock enable ; no     ; --                   ; --               ; --                        ;
; cd:caminodatos|memdat:memoriadatos|mem~1719   ; LCCOMB_X23_Y15_N18 ; 16      ; Clock enable ; no     ; --                   ; --               ; --                        ;
; cd:caminodatos|memdat:memoriadatos|mem~1721   ; LCCOMB_X24_Y17_N0  ; 16      ; Clock enable ; no     ; --                   ; --               ; --                        ;
; cd:caminodatos|memdat:memoriadatos|mem~1723   ; LCCOMB_X21_Y16_N26 ; 16      ; Clock enable ; no     ; --                   ; --               ; --                        ;
; cd:caminodatos|memdat:memoriadatos|mem~1725   ; LCCOMB_X24_Y15_N14 ; 16      ; Clock enable ; no     ; --                   ; --               ; --                        ;
; cd:caminodatos|memdat:memoriadatos|mem~1727   ; LCCOMB_X30_Y13_N16 ; 16      ; Clock enable ; no     ; --                   ; --               ; --                        ;
; cd:caminodatos|memdat:memoriadatos|mem~1728   ; LCCOMB_X24_Y17_N30 ; 16      ; Clock enable ; no     ; --                   ; --               ; --                        ;
; cd:caminodatos|memdat:memoriadatos|mem~1729   ; LCCOMB_X23_Y22_N30 ; 16      ; Clock enable ; no     ; --                   ; --               ; --                        ;
; cd:caminodatos|memdat:memoriadatos|mem~1730   ; LCCOMB_X24_Y17_N8  ; 16      ; Clock enable ; no     ; --                   ; --               ; --                        ;
; cd:caminodatos|memdat:memoriadatos|mem~1731   ; LCCOMB_X24_Y22_N2  ; 16      ; Clock enable ; no     ; --                   ; --               ; --                        ;
; cd:caminodatos|memdat:memoriadatos|mem~1732   ; LCCOMB_X25_Y22_N26 ; 16      ; Clock enable ; no     ; --                   ; --               ; --                        ;
; cd:caminodatos|memdat:memoriadatos|mem~1733   ; LCCOMB_X26_Y21_N12 ; 16      ; Clock enable ; no     ; --                   ; --               ; --                        ;
; cd:caminodatos|memdat:memoriadatos|mem~1734   ; LCCOMB_X26_Y19_N0  ; 16      ; Clock enable ; no     ; --                   ; --               ; --                        ;
; cd:caminodatos|memdat:memoriadatos|mem~1735   ; LCCOMB_X27_Y19_N16 ; 16      ; Clock enable ; no     ; --                   ; --               ; --                        ;
; cd:caminodatos|memdat:memoriadatos|mem~1736   ; LCCOMB_X26_Y14_N16 ; 16      ; Clock enable ; no     ; --                   ; --               ; --                        ;
; cd:caminodatos|memdat:memoriadatos|mem~1737   ; LCCOMB_X32_Y19_N20 ; 16      ; Clock enable ; no     ; --                   ; --               ; --                        ;
; cd:caminodatos|memdat:memoriadatos|mem~1738   ; LCCOMB_X32_Y20_N20 ; 16      ; Clock enable ; no     ; --                   ; --               ; --                        ;
; cd:caminodatos|memdat:memoriadatos|mem~1739   ; LCCOMB_X29_Y19_N6  ; 16      ; Clock enable ; no     ; --                   ; --               ; --                        ;
; cd:caminodatos|memdat:memoriadatos|mem~1740   ; LCCOMB_X25_Y14_N8  ; 16      ; Clock enable ; no     ; --                   ; --               ; --                        ;
; cd:caminodatos|memdat:memoriadatos|mem~1741   ; LCCOMB_X25_Y13_N12 ; 16      ; Clock enable ; no     ; --                   ; --               ; --                        ;
; cd:caminodatos|memdat:memoriadatos|mem~1742   ; LCCOMB_X27_Y14_N16 ; 16      ; Clock enable ; no     ; --                   ; --               ; --                        ;
; cd:caminodatos|memdat:memoriadatos|mem~1743   ; LCCOMB_X27_Y13_N10 ; 16      ; Clock enable ; no     ; --                   ; --               ; --                        ;
; cd:caminodatos|memdat:memoriadatos|mem~1744   ; LCCOMB_X30_Y22_N14 ; 16      ; Clock enable ; no     ; --                   ; --               ; --                        ;
; cd:caminodatos|memdat:memoriadatos|mem~1745   ; LCCOMB_X31_Y22_N8  ; 16      ; Clock enable ; no     ; --                   ; --               ; --                        ;
; cd:caminodatos|memdat:memoriadatos|mem~1746   ; LCCOMB_X32_Y19_N10 ; 16      ; Clock enable ; no     ; --                   ; --               ; --                        ;
; cd:caminodatos|memdat:memoriadatos|mem~1747   ; LCCOMB_X27_Y14_N2  ; 16      ; Clock enable ; no     ; --                   ; --               ; --                        ;
; cd:caminodatos|memdat:memoriadatos|mem~1748   ; LCCOMB_X26_Y21_N2  ; 16      ; Clock enable ; no     ; --                   ; --               ; --                        ;
; cd:caminodatos|memdat:memoriadatos|mem~1749   ; LCCOMB_X24_Y17_N10 ; 16      ; Clock enable ; no     ; --                   ; --               ; --                        ;
; cd:caminodatos|memdat:memoriadatos|mem~1750   ; LCCOMB_X26_Y14_N22 ; 16      ; Clock enable ; no     ; --                   ; --               ; --                        ;
; cd:caminodatos|memdat:memoriadatos|mem~1751   ; LCCOMB_X27_Y13_N0  ; 16      ; Clock enable ; no     ; --                   ; --               ; --                        ;
; cd:caminodatos|memdat:memoriadatos|mem~1752   ; LCCOMB_X25_Y17_N22 ; 16      ; Clock enable ; no     ; --                   ; --               ; --                        ;
; cd:caminodatos|memdat:memoriadatos|mem~1753   ; LCCOMB_X26_Y19_N10 ; 16      ; Clock enable ; no     ; --                   ; --               ; --                        ;
; cd:caminodatos|memdat:memoriadatos|mem~1754   ; LCCOMB_X25_Y16_N24 ; 16      ; Clock enable ; no     ; --                   ; --               ; --                        ;
; cd:caminodatos|memdat:memoriadatos|mem~1755   ; LCCOMB_X25_Y22_N12 ; 16      ; Clock enable ; no     ; --                   ; --               ; --                        ;
; cd:caminodatos|memdat:memoriadatos|mem~1756   ; LCCOMB_X27_Y19_N22 ; 16      ; Clock enable ; no     ; --                   ; --               ; --                        ;
; cd:caminodatos|memdat:memoriadatos|mem~1757   ; LCCOMB_X25_Y16_N18 ; 16      ; Clock enable ; no     ; --                   ; --               ; --                        ;
; cd:caminodatos|memdat:memoriadatos|mem~1758   ; LCCOMB_X29_Y19_N0  ; 16      ; Clock enable ; no     ; --                   ; --               ; --                        ;
; cd:caminodatos|memdat:memoriadatos|mem~1759   ; LCCOMB_X34_Y14_N0  ; 16      ; Clock enable ; no     ; --                   ; --               ; --                        ;
; cd:caminodatos|memdat:memoriadatos|mem~1760   ; LCCOMB_X29_Y17_N2  ; 16      ; Clock enable ; no     ; --                   ; --               ; --                        ;
; cd:caminodatos|memdat:memoriadatos|mem~1761   ; LCCOMB_X22_Y20_N28 ; 16      ; Clock enable ; no     ; --                   ; --               ; --                        ;
; cd:caminodatos|memdat:memoriadatos|mem~1762   ; LCCOMB_X23_Y20_N20 ; 16      ; Clock enable ; no     ; --                   ; --               ; --                        ;
; cd:caminodatos|memdat:memoriadatos|mem~1763   ; LCCOMB_X26_Y19_N4  ; 16      ; Clock enable ; no     ; --                   ; --               ; --                        ;
; cd:caminodatos|memdat:memoriadatos|mem~1764   ; LCCOMB_X25_Y20_N26 ; 16      ; Clock enable ; no     ; --                   ; --               ; --                        ;
; cd:caminodatos|memdat:memoriadatos|mem~1765   ; LCCOMB_X24_Y17_N28 ; 16      ; Clock enable ; no     ; --                   ; --               ; --                        ;
; cd:caminodatos|memdat:memoriadatos|mem~1766   ; LCCOMB_X25_Y20_N8  ; 16      ; Clock enable ; no     ; --                   ; --               ; --                        ;
; cd:caminodatos|memdat:memoriadatos|mem~1767   ; LCCOMB_X33_Y18_N20 ; 16      ; Clock enable ; no     ; --                   ; --               ; --                        ;
; cd:caminodatos|memdat:memoriadatos|mem~1768   ; LCCOMB_X24_Y15_N0  ; 16      ; Clock enable ; no     ; --                   ; --               ; --                        ;
; cd:caminodatos|memdat:memoriadatos|mem~1769   ; LCCOMB_X23_Y16_N26 ; 16      ; Clock enable ; no     ; --                   ; --               ; --                        ;
; cd:caminodatos|memdat:memoriadatos|mem~1770   ; LCCOMB_X24_Y15_N22 ; 16      ; Clock enable ; no     ; --                   ; --               ; --                        ;
; cd:caminodatos|memdat:memoriadatos|mem~1771   ; LCCOMB_X29_Y19_N10 ; 16      ; Clock enable ; no     ; --                   ; --               ; --                        ;
; cd:caminodatos|memdat:memoriadatos|mem~1772   ; LCCOMB_X25_Y13_N18 ; 16      ; Clock enable ; no     ; --                   ; --               ; --                        ;
; cd:caminodatos|memdat:memoriadatos|mem~1773   ; LCCOMB_X25_Y14_N14 ; 16      ; Clock enable ; no     ; --                   ; --               ; --                        ;
; cd:caminodatos|memdat:memoriadatos|mem~1774   ; LCCOMB_X26_Y13_N10 ; 16      ; Clock enable ; no     ; --                   ; --               ; --                        ;
; cd:caminodatos|memdat:memoriadatos|mem~1775   ; LCCOMB_X30_Y13_N18 ; 16      ; Clock enable ; no     ; --                   ; --               ; --                        ;
; cd:caminodatos|memprog:memoriaprograma|mem~33 ; LCCOMB_X33_Y15_N12 ; 7       ; Clock enable ; no     ; --                   ; --               ; --                        ;
; cd:caminodatos|regfile:regs|regb~485          ; LCCOMB_X33_Y15_N0  ; 16      ; Clock enable ; no     ; --                   ; --               ; --                        ;
; cd:caminodatos|regfile:regs|regb~487          ; LCCOMB_X33_Y15_N20 ; 16      ; Clock enable ; no     ; --                   ; --               ; --                        ;
; cd:caminodatos|regfile:regs|regb~490          ; LCCOMB_X33_Y14_N2  ; 16      ; Clock enable ; no     ; --                   ; --               ; --                        ;
; cd:caminodatos|regfile:regs|regb~491          ; LCCOMB_X32_Y14_N6  ; 16      ; Clock enable ; no     ; --                   ; --               ; --                        ;
; cd:caminodatos|regfile:regs|regb~492          ; LCCOMB_X32_Y14_N28 ; 16      ; Clock enable ; no     ; --                   ; --               ; --                        ;
; cd:caminodatos|regfile:regs|regb~493          ; LCCOMB_X32_Y14_N30 ; 16      ; Clock enable ; no     ; --                   ; --               ; --                        ;
; cd:caminodatos|regfile:regs|regb~494          ; LCCOMB_X33_Y14_N4  ; 16      ; Clock enable ; no     ; --                   ; --               ; --                        ;
; cd:caminodatos|regfile:regs|regb~495          ; LCCOMB_X33_Y14_N16 ; 16      ; Clock enable ; no     ; --                   ; --               ; --                        ;
; cd:caminodatos|stack:pila|sp[2]~5             ; LCCOMB_X34_Y15_N30 ; 3       ; Clock enable ; no     ; --                   ; --               ; --                        ;
; cd:caminodatos|stack:pila|stackmem~261        ; LCCOMB_X34_Y14_N2  ; 10      ; Clock enable ; no     ; --                   ; --               ; --                        ;
; cd:caminodatos|stack:pila|stackmem~263        ; LCCOMB_X36_Y16_N28 ; 10      ; Clock enable ; no     ; --                   ; --               ; --                        ;
; cd:caminodatos|stack:pila|stackmem~265        ; LCCOMB_X34_Y14_N26 ; 10      ; Clock enable ; no     ; --                   ; --               ; --                        ;
; cd:caminodatos|stack:pila|stackmem~267        ; LCCOMB_X36_Y16_N24 ; 10      ; Clock enable ; no     ; --                   ; --               ; --                        ;
; cd:caminodatos|stack:pila|stackmem~269        ; LCCOMB_X36_Y16_N16 ; 10      ; Clock enable ; no     ; --                   ; --               ; --                        ;
; cd:caminodatos|stack:pila|stackmem~271        ; LCCOMB_X35_Y16_N0  ; 10      ; Clock enable ; no     ; --                   ; --               ; --                        ;
; cd:caminodatos|stack:pila|stackmem~273        ; LCCOMB_X34_Y15_N0  ; 10      ; Clock enable ; no     ; --                   ; --               ; --                        ;
; cd:caminodatos|stack:pila|stackmem~275        ; LCCOMB_X34_Y15_N24 ; 10      ; Clock enable ; no     ; --                   ; --               ; --                        ;
; cd:caminodatos|stack:pila|stackmem~277        ; LCCOMB_X34_Y15_N18 ; 10      ; Clock enable ; no     ; --                   ; --               ; --                        ;
; cd:caminodatos|stack:pila|stackmem~279        ; LCCOMB_X35_Y16_N16 ; 10      ; Clock enable ; no     ; --                   ; --               ; --                        ;
; cd:caminodatos|stack:pila|stackmem~281        ; LCCOMB_X35_Y16_N28 ; 10      ; Clock enable ; no     ; --                   ; --               ; --                        ;
; cd:caminodatos|stack:pila|stackmem~283        ; LCCOMB_X34_Y14_N6  ; 10      ; Clock enable ; no     ; --                   ; --               ; --                        ;
; cd:caminodatos|stack:pila|stackmem~285        ; LCCOMB_X36_Y16_N0  ; 10      ; Clock enable ; no     ; --                   ; --               ; --                        ;
; cd:caminodatos|stack:pila|stackmem~287        ; LCCOMB_X36_Y16_N12 ; 10      ; Clock enable ; no     ; --                   ; --               ; --                        ;
; cd:caminodatos|stack:pila|stackmem~289        ; LCCOMB_X34_Y15_N26 ; 10      ; Clock enable ; no     ; --                   ; --               ; --                        ;
; cd:caminodatos|stack:pila|stackmem~291        ; LCCOMB_X34_Y15_N6  ; 10      ; Clock enable ; no     ; --                   ; --               ; --                        ;
; clk                                           ; PIN_M1             ; 1329    ; Clock        ; yes    ; Global Clock         ; GCLK3            ; --                        ;
; reset                                         ; PIN_M2             ; 22      ; Sync. clear  ; no     ; --                   ; --               ; --                        ;
; reset                                         ; PIN_M2             ; 13      ; Async. clear ; yes    ; Global Clock         ; GCLK1            ; --                        ;
; uc:unidadcontrol|Decoder0~1                   ; LCCOMB_X29_Y14_N24 ; 12      ; Sync. load   ; no     ; --                   ; --               ; --                        ;
+-----------------------------------------------+--------------------+---------+--------------+--------+----------------------+------------------+---------------------------+


+--------------------------------------------------------------------------------------------------+
; Global & Other Fast Signals                                                                      ;
+-------+----------+---------+----------------------+------------------+---------------------------+
; Name  ; Location ; Fan-Out ; Global Resource Used ; Global Line Name ; Enable Signal Source Name ;
+-------+----------+---------+----------------------+------------------+---------------------------+
; clk   ; PIN_M1   ; 1329    ; Global Clock         ; GCLK3            ; --                        ;
; reset ; PIN_M2   ; 13      ; Global Clock         ; GCLK1            ; --                        ;
+-------+----------+---------+----------------------+------------------+---------------------------+


+---------------------------------------------------------+
; Non-Global High Fan-Out Signals                         ;
+-----------------------------------------------+---------+
; Name                                          ; Fan-Out ;
+-----------------------------------------------+---------+
; cd:caminodatos|alu:mialu|Mux13~6              ; 258     ;
; cd:caminodatos|alu:mialu|Mux16~7              ; 258     ;
; cd:caminodatos|alu:mialu|Mux15~10             ; 258     ;
; cd:caminodatos|alu:mialu|Mux14~7              ; 258     ;
; cd:caminodatos|alu:mialu|Mux11~5              ; 90      ;
; cd:caminodatos|alu:mialu|Mux12~7              ; 90      ;
; cd:caminodatos|regfile:regs|rd2[1]~10         ; 67      ;
; cd:caminodatos|regfile:regs|rd2[0]~11         ; 66      ;
; cd:caminodatos|regfile:regs|rd2[4]~7          ; 66      ;
; cd:caminodatos|regfile:regs|rd2[6]~5          ; 66      ;
; cd:caminodatos|regfile:regs|rd2[2]~9          ; 65      ;
; cd:caminodatos|regfile:regs|rd2[3]~8          ; 65      ;
; cd:caminodatos|regfile:regs|rd2[5]~6          ; 65      ;
; cd:caminodatos|regfile:regs|rd2[7]~4          ; 65      ;
; cd:caminodatos|regfile:regs|rd2[8]~3          ; 65      ;
; cd:caminodatos|regfile:regs|rd2[9]~2          ; 65      ;
; cd:caminodatos|regfile:regs|rd2[12]~1         ; 65      ;
; cd:caminodatos|regfile:regs|rd2[13]~0         ; 65      ;
; cd:caminodatos|regfile:regs|rd2[10]~15        ; 64      ;
; cd:caminodatos|regfile:regs|rd2[11]~14        ; 64      ;
; cd:caminodatos|regfile:regs|rd2[14]~13        ; 64      ;
; uc:unidadcontrol|Decoder0~5                   ; 64      ;
; cd:caminodatos|regfile:regs|rd2[15]~12        ; 64      ;
; uc:unidadcontrol|Selector2~2                  ; 64      ;
; cd:caminodatos|ra1[0]~0                       ; 49      ;
; uc:unidadcontrol|op_alu[0]~4                  ; 48      ;
; cd:caminodatos|ra1[1]~1                       ; 48      ;
; cd:caminodatos|ra2[1]~3                       ; 48      ;
; cd:caminodatos|ra2[0]~0                       ; 48      ;
; cd:caminodatos|stack:pila|Add1~1              ; 44      ;
; cd:caminodatos|stack:pila|Add1~2              ; 43      ;
; cd:caminodatos|stack:pila|sp[0]               ; 42      ;
; cd:caminodatos|stack:pila|Add1~0              ; 41      ;
; uc:unidadcontrol|Decoder0~2                   ; 34      ;
; cd:caminodatos|ra1[2]~2                       ; 32      ;
; cd:caminodatos|regfile:regs|rd1[15]~0         ; 32      ;
; cd:caminodatos|registro:PCR|q[3]              ; 32      ;
; cd:caminodatos|registro:PCR|q[2]              ; 32      ;
; cd:caminodatos|registro:PCR|q[0]              ; 31      ;
; cd:caminodatos|registro:PCR|q[1]              ; 27      ;
; cd:caminodatos|ra2[2]~4                       ; 26      ;
; cd:caminodatos|registro:PCR|q[5]              ; 25      ;
; cd:caminodatos|registro:PCR|q[4]              ; 25      ;
; cd:caminodatos|stack:pila|sp[1]               ; 25      ;
; uc:unidadcontrol|op_alu[2]~5                  ; 22      ;
; reset                                         ; 21      ;
; uc:unidadcontrol|Selector1~8                  ; 21      ;
; uc:unidadcontrol|Decoder0~0                   ; 20      ;
; cd:caminodatos|stack:pila|sp[2]               ; 20      ;
; cd:caminodatos|memprog:memoriaprograma|mem~16 ; 19      ;
; cd:caminodatos|stack:pila|sp[3]               ; 18      ;
; uc:unidadcontrol|Decoder0~3                   ; 17      ;
; cd:caminodatos|sum:suma_inc|Add0~18           ; 17      ;
; cd:caminodatos|sum:suma_inc|Add0~16           ; 17      ;
; cd:caminodatos|sum:suma_inc|Add0~14           ; 17      ;
; cd:caminodatos|sum:suma_inc|Add0~12           ; 17      ;
; cd:caminodatos|sum:suma_inc|Add0~10           ; 17      ;
; cd:caminodatos|sum:suma_inc|Add0~8            ; 17      ;
; cd:caminodatos|sum:suma_inc|Add0~6            ; 17      ;
; cd:caminodatos|sum:suma_inc|Add0~4            ; 17      ;
; cd:caminodatos|sum:suma_inc|Add0~2            ; 17      ;
; cd:caminodatos|sum:suma_inc|Add0~0            ; 17      ;
; cd:caminodatos|regfile:regs|regb~495          ; 16      ;
; cd:caminodatos|regfile:regs|regb~494          ; 16      ;
; cd:caminodatos|regfile:regs|regb~493          ; 16      ;
; cd:caminodatos|regfile:regs|regb~492          ; 16      ;
; cd:caminodatos|regfile:regs|regb~491          ; 16      ;
; cd:caminodatos|regfile:regs|regb~490          ; 16      ;
; cd:caminodatos|memdat:memoriadatos|mem~1775   ; 16      ;
; cd:caminodatos|memdat:memoriadatos|mem~1774   ; 16      ;
; cd:caminodatos|memdat:memoriadatos|mem~1773   ; 16      ;
; cd:caminodatos|memdat:memoriadatos|mem~1772   ; 16      ;
; cd:caminodatos|memdat:memoriadatos|mem~1771   ; 16      ;
; cd:caminodatos|memdat:memoriadatos|mem~1770   ; 16      ;
; cd:caminodatos|memdat:memoriadatos|mem~1769   ; 16      ;
; cd:caminodatos|memdat:memoriadatos|mem~1768   ; 16      ;
; cd:caminodatos|memdat:memoriadatos|mem~1767   ; 16      ;
; cd:caminodatos|memdat:memoriadatos|mem~1766   ; 16      ;
; cd:caminodatos|memdat:memoriadatos|mem~1765   ; 16      ;
; cd:caminodatos|memdat:memoriadatos|mem~1764   ; 16      ;
; cd:caminodatos|memdat:memoriadatos|mem~1763   ; 16      ;
; cd:caminodatos|memdat:memoriadatos|mem~1762   ; 16      ;
; cd:caminodatos|memdat:memoriadatos|mem~1761   ; 16      ;
; cd:caminodatos|memdat:memoriadatos|mem~1760   ; 16      ;
; cd:caminodatos|memdat:memoriadatos|mem~1759   ; 16      ;
; cd:caminodatos|memdat:memoriadatos|mem~1758   ; 16      ;
; cd:caminodatos|memdat:memoriadatos|mem~1757   ; 16      ;
; cd:caminodatos|memdat:memoriadatos|mem~1756   ; 16      ;
; cd:caminodatos|memdat:memoriadatos|mem~1755   ; 16      ;
; cd:caminodatos|memdat:memoriadatos|mem~1754   ; 16      ;
; cd:caminodatos|memdat:memoriadatos|mem~1753   ; 16      ;
; cd:caminodatos|memdat:memoriadatos|mem~1752   ; 16      ;
; cd:caminodatos|memdat:memoriadatos|mem~1751   ; 16      ;
; cd:caminodatos|memdat:memoriadatos|mem~1750   ; 16      ;
; cd:caminodatos|memdat:memoriadatos|mem~1749   ; 16      ;
; cd:caminodatos|memdat:memoriadatos|mem~1748   ; 16      ;
; cd:caminodatos|memdat:memoriadatos|mem~1747   ; 16      ;
; cd:caminodatos|memdat:memoriadatos|mem~1746   ; 16      ;
; cd:caminodatos|memdat:memoriadatos|mem~1745   ; 16      ;
; cd:caminodatos|memdat:memoriadatos|mem~1744   ; 16      ;
; cd:caminodatos|memdat:memoriadatos|mem~1743   ; 16      ;
; cd:caminodatos|memdat:memoriadatos|mem~1742   ; 16      ;
; cd:caminodatos|memdat:memoriadatos|mem~1741   ; 16      ;
; cd:caminodatos|memdat:memoriadatos|mem~1740   ; 16      ;
; cd:caminodatos|memdat:memoriadatos|mem~1739   ; 16      ;
; cd:caminodatos|memdat:memoriadatos|mem~1738   ; 16      ;
; cd:caminodatos|memdat:memoriadatos|mem~1737   ; 16      ;
; cd:caminodatos|memdat:memoriadatos|mem~1736   ; 16      ;
; cd:caminodatos|memdat:memoriadatos|mem~1735   ; 16      ;
; cd:caminodatos|memdat:memoriadatos|mem~1734   ; 16      ;
; cd:caminodatos|memdat:memoriadatos|mem~1733   ; 16      ;
; cd:caminodatos|memdat:memoriadatos|mem~1732   ; 16      ;
; cd:caminodatos|memdat:memoriadatos|mem~1731   ; 16      ;
; cd:caminodatos|memdat:memoriadatos|mem~1730   ; 16      ;
; cd:caminodatos|memdat:memoriadatos|mem~1729   ; 16      ;
; cd:caminodatos|memdat:memoriadatos|mem~1728   ; 16      ;
; cd:caminodatos|memdat:memoriadatos|mem~1727   ; 16      ;
; cd:caminodatos|memdat:memoriadatos|mem~1725   ; 16      ;
; cd:caminodatos|memdat:memoriadatos|mem~1723   ; 16      ;
; cd:caminodatos|memdat:memoriadatos|mem~1721   ; 16      ;
; cd:caminodatos|memdat:memoriadatos|mem~1719   ; 16      ;
; cd:caminodatos|memdat:memoriadatos|mem~1717   ; 16      ;
; cd:caminodatos|memdat:memoriadatos|mem~1715   ; 16      ;
; cd:caminodatos|memdat:memoriadatos|mem~1713   ; 16      ;
; cd:caminodatos|memdat:memoriadatos|mem~1711   ; 16      ;
; cd:caminodatos|memdat:memoriadatos|mem~1709   ; 16      ;
; cd:caminodatos|memdat:memoriadatos|mem~1707   ; 16      ;
; cd:caminodatos|memdat:memoriadatos|mem~1705   ; 16      ;
; cd:caminodatos|memdat:memoriadatos|mem~1703   ; 16      ;
; cd:caminodatos|memdat:memoriadatos|mem~1701   ; 16      ;
; cd:caminodatos|memdat:memoriadatos|mem~1699   ; 16      ;
; cd:caminodatos|memdat:memoriadatos|mem~1697   ; 16      ;
; cd:caminodatos|regfile:regs|regb~487          ; 16      ;
; cd:caminodatos|regfile:regs|regb~485          ; 16      ;
; cd:caminodatos|alu:mialu|Mux14~2              ; 16      ;
; cd:caminodatos|regfile:regs|Equal1~0          ; 16      ;
; uc:unidadcontrol|WideOr4~2                    ; 16      ;
; uc:unidadcontrol|Selector2~1                  ; 13      ;
; cd:caminodatos|mux2:muxr1|y[15]~6             ; 12      ;
; uc:unidadcontrol|WideOr4~1                    ; 12      ;
; uc:unidadcontrol|Decoder0~1                   ; 12      ;
; uc:unidadcontrol|Selector0~9                  ; 10      ;
; cd:caminodatos|stack:pila|stackmem~291        ; 10      ;
; cd:caminodatos|stack:pila|stackmem~289        ; 10      ;
; cd:caminodatos|stack:pila|stackmem~287        ; 10      ;
; cd:caminodatos|stack:pila|stackmem~285        ; 10      ;
; cd:caminodatos|stack:pila|stackmem~283        ; 10      ;
; cd:caminodatos|stack:pila|stackmem~281        ; 10      ;
; cd:caminodatos|stack:pila|stackmem~279        ; 10      ;
; cd:caminodatos|stack:pila|stackmem~277        ; 10      ;
; cd:caminodatos|stack:pila|stackmem~275        ; 10      ;
; cd:caminodatos|stack:pila|stackmem~273        ; 10      ;
; cd:caminodatos|stack:pila|stackmem~271        ; 10      ;
; cd:caminodatos|stack:pila|stackmem~269        ; 10      ;
; cd:caminodatos|stack:pila|stackmem~267        ; 10      ;
; cd:caminodatos|stack:pila|stackmem~265        ; 10      ;
; cd:caminodatos|stack:pila|stackmem~263        ; 10      ;
; cd:caminodatos|stack:pila|stackmem~261        ; 10      ;
; cd:caminodatos|mux2:muxescritura|y[0]~15      ; 8       ;
; cd:caminodatos|mux2:muxescritura|y[1]~14      ; 8       ;
; cd:caminodatos|mux2:muxescritura|y[2]~13      ; 8       ;
; cd:caminodatos|mux2:muxescritura|y[3]~12      ; 8       ;
; cd:caminodatos|mux2:muxescritura|y[4]~11      ; 8       ;
; cd:caminodatos|mux2:muxescritura|y[5]~10      ; 8       ;
; cd:caminodatos|mux2:muxescritura|y[6]~9       ; 8       ;
; cd:caminodatos|mux2:muxescritura|y[7]~8       ; 8       ;
; cd:caminodatos|mux2:muxescritura|y[8]~7       ; 8       ;
; cd:caminodatos|mux2:muxescritura|y[9]~6       ; 8       ;
; cd:caminodatos|mux2:muxescritura|y[10]~5      ; 8       ;
; cd:caminodatos|mux2:muxescritura|y[11]~4      ; 8       ;
; cd:caminodatos|mux2:muxescritura|y[12]~3      ; 8       ;
; cd:caminodatos|mux2:muxescritura|y[13]~2      ; 8       ;
; cd:caminodatos|mux2:muxescritura|y[14]~1      ; 8       ;
; cd:caminodatos|mux2:muxescritura|y[15]~0      ; 8       ;
; cd:caminodatos|memprog:memoriaprograma|mem~33 ; 7       ;
; cd:caminodatos|regfile:regs|rd1[0]~16         ; 6       ;
; cd:caminodatos|memprog:memoriaprograma|mem~27 ; 6       ;
; cd:caminodatos|memprog:memoriaprograma|mem~21 ; 6       ;
; cd:caminodatos|memprog:memoriaprograma|mem~18 ; 6       ;
; cd:caminodatos|memprog:memoriaprograma|mem~17 ; 6       ;
; cd:caminodatos|memprog:memoriaprograma|mem~14 ; 6       ;
; cd:caminodatos|mux2:muxr1|y[13]~23            ; 5       ;
; cd:caminodatos|mux2:muxr1|y[0]~21             ; 5       ;
; cd:caminodatos|mux2:muxr1|y[2]~19             ; 5       ;
; cd:caminodatos|regfile:regs|rd1[2]~14         ; 5       ;
; cd:caminodatos|mux2:muxr1|y[3]~18             ; 5       ;
; cd:caminodatos|regfile:regs|rd1[3]~13         ; 5       ;
; cd:caminodatos|mux2:muxr1|y[5]~16             ; 5       ;
; cd:caminodatos|mux2:muxr1|y[7]~14             ; 5       ;
; cd:caminodatos|mux2:muxr1|y[8]~13             ; 5       ;
; cd:caminodatos|mux2:muxr1|y[9]~12             ; 5       ;
; cd:caminodatos|mux2:muxr1|y[12]~9             ; 5       ;
; cd:caminodatos|memprog:memoriaprograma|mem~28 ; 5       ;
; cd:caminodatos|memprog:memoriaprograma|mem~22 ; 5       ;
; cd:caminodatos|memprog:memoriaprograma|mem~20 ; 5       ;
; cd:caminodatos|memprog:memoriaprograma|mem~19 ; 5       ;
; cd:caminodatos|memdat:memoriadatos|mem~1726   ; 4       ;
; cd:caminodatos|memdat:memoriadatos|mem~1724   ; 4       ;
; cd:caminodatos|memdat:memoriadatos|mem~1722   ; 4       ;
; cd:caminodatos|memdat:memoriadatos|mem~1720   ; 4       ;
; cd:caminodatos|memdat:memoriadatos|mem~1718   ; 4       ;
; cd:caminodatos|memdat:memoriadatos|mem~1716   ; 4       ;
; cd:caminodatos|memdat:memoriadatos|mem~1714   ; 4       ;
; cd:caminodatos|memdat:memoriadatos|mem~1712   ; 4       ;
; cd:caminodatos|memdat:memoriadatos|mem~1710   ; 4       ;
; cd:caminodatos|memdat:memoriadatos|mem~1708   ; 4       ;
; cd:caminodatos|memdat:memoriadatos|mem~1706   ; 4       ;
; cd:caminodatos|memdat:memoriadatos|mem~1704   ; 4       ;
; cd:caminodatos|memdat:memoriadatos|mem~1702   ; 4       ;
; cd:caminodatos|memdat:memoriadatos|mem~1700   ; 4       ;
; cd:caminodatos|memdat:memoriadatos|mem~1698   ; 4       ;
; cd:caminodatos|memdat:memoriadatos|mem~1696   ; 4       ;
; uc:unidadcontrol|Decoder0~4                   ; 4       ;
; cd:caminodatos|regfile:regs|rd1[1]~15         ; 4       ;
; cd:caminodatos|mux2:muxr1|y[4]~17             ; 4       ;
; cd:caminodatos|regfile:regs|rd1[4]~12         ; 4       ;
; cd:caminodatos|regfile:regs|rd1[5]~11         ; 4       ;
; cd:caminodatos|mux2:muxr1|y[6]~15             ; 4       ;
; cd:caminodatos|memprog:memoriaprograma|mem~31 ; 4       ;
; cd:caminodatos|regfile:regs|rd1[6]~10         ; 4       ;
; cd:caminodatos|regfile:regs|rd1[7]~9          ; 4       ;
; cd:caminodatos|regfile:regs|rd1[8]~8          ; 4       ;
; cd:caminodatos|regfile:regs|rd1[9]~7          ; 4       ;
; cd:caminodatos|regfile:regs|rd1[10]~6         ; 4       ;
; cd:caminodatos|regfile:regs|rd1[11]~5         ; 4       ;
; cd:caminodatos|regfile:regs|rd1[12]~4         ; 4       ;
; cd:caminodatos|regfile:regs|rd1[13]~3         ; 4       ;
; cd:caminodatos|regfile:regs|rd1[14]~2         ; 4       ;
; cd:caminodatos|regfile:regs|rd1[15]~1         ; 4       ;
; cd:caminodatos|ra2[1]~2                       ; 4       ;
; cd:caminodatos|memprog:memoriaprograma|mem~38 ; 3       ;
; cd:caminodatos|stack:pila|sp[2]~5             ; 3       ;
; cd:caminodatos|alu:mialu|Mux16~3              ; 3       ;
; cd:caminodatos|alu:mialu|Mux16~2              ; 3       ;
; cd:caminodatos|alu:mialu|Mux16~0              ; 3       ;
; cd:caminodatos|alu:mialu|Mux1~5               ; 3       ;
; cd:caminodatos|regfile:regs|regb~0            ; 3       ;
; cd:caminodatos|regfile:regs|regb~64           ; 3       ;
; cd:caminodatos|regfile:regs|regb~96           ; 3       ;
; cd:caminodatos|mux2:muxr1|y[1]~20             ; 3       ;
; cd:caminodatos|memprog:memoriaprograma|mem~32 ; 3       ;
; cd:caminodatos|mux2:muxr1|y[10]~11            ; 3       ;
; cd:caminodatos|regfile:regs|regb~375          ; 3       ;
; cd:caminodatos|regfile:regs|regb~373          ; 3       ;
; cd:caminodatos|mux2:muxr1|y[11]~10            ; 3       ;
; cd:caminodatos|regfile:regs|regb~367          ; 3       ;
; cd:caminodatos|regfile:regs|regb~365          ; 3       ;
; cd:caminodatos|mux2:muxr1|y[14]~8             ; 3       ;
; cd:caminodatos|regfile:regs|regb~343          ; 3       ;
; cd:caminodatos|regfile:regs|regb~341          ; 3       ;
; cd:caminodatos|mux2:muxr1|y[15]~7             ; 3       ;
; cd:caminodatos|regfile:regs|regb~335          ; 3       ;
; cd:caminodatos|regfile:regs|regb~333          ; 3       ;
; cd:caminodatos|ra2[1]~1                       ; 3       ;
; cd:caminodatos|memprog:memoriaprograma|mem~29 ; 3       ;
; cd:caminodatos|memprog:memoriaprograma|mem~26 ; 3       ;
; uc:unidadcontrol|Selector0~5                  ; 3       ;
; cd:caminodatos|memprog:memoriaprograma|mem~15 ; 3       ;
; uc:unidadcontrol|WideOr2~0                    ; 2       ;
; cd:caminodatos|memprog:memoriaprograma|mem~39 ; 2       ;
; cd:caminodatos|alu:mialu|Mux0~0               ; 2       ;
; cd:caminodatos|alu:mialu|Mux16~1              ; 2       ;
; cd:caminodatos|alu:mialu|Mux2~5               ; 2       ;
; cd:caminodatos|alu:mialu|Mux3~5               ; 2       ;
; cd:caminodatos|alu:mialu|Mux4~5               ; 2       ;
; cd:caminodatos|alu:mialu|Mux5~5               ; 2       ;
; cd:caminodatos|alu:mialu|Mux6~5               ; 2       ;
; cd:caminodatos|alu:mialu|Mux7~5               ; 2       ;
; cd:caminodatos|alu:mialu|Mux8~5               ; 2       ;
; cd:caminodatos|alu:mialu|Mux9~5               ; 2       ;
; cd:caminodatos|alu:mialu|Mux10~7              ; 2       ;
; cd:caminodatos|regfile:regs|regb~467          ; 2       ;
; cd:caminodatos|regfile:regs|regb~466          ; 2       ;
; cd:caminodatos|regfile:regs|regb~465          ; 2       ;
; cd:caminodatos|regfile:regs|regb~464          ; 2       ;
; cd:caminodatos|regfile:regs|regb~455          ; 2       ;
; cd:caminodatos|regfile:regs|regb~48           ; 2       ;
; cd:caminodatos|regfile:regs|regb~16           ; 2       ;
; cd:caminodatos|regfile:regs|regb~32           ; 2       ;
; cd:caminodatos|regfile:regs|regb~453          ; 2       ;
; cd:caminodatos|regfile:regs|regb~112          ; 2       ;
; cd:caminodatos|regfile:regs|regb~80           ; 2       ;
; cd:caminodatos|regfile:regs|regb~447          ; 2       ;
; cd:caminodatos|regfile:regs|regb~49           ; 2       ;
; cd:caminodatos|regfile:regs|regb~1            ; 2       ;
; cd:caminodatos|regfile:regs|regb~17           ; 2       ;
; cd:caminodatos|regfile:regs|regb~33           ; 2       ;
; cd:caminodatos|regfile:regs|regb~445          ; 2       ;
; cd:caminodatos|regfile:regs|regb~113          ; 2       ;
; cd:caminodatos|regfile:regs|regb~65           ; 2       ;
; cd:caminodatos|regfile:regs|regb~97           ; 2       ;
; cd:caminodatos|regfile:regs|regb~81           ; 2       ;
; cd:caminodatos|regfile:regs|regb~439          ; 2       ;
; cd:caminodatos|regfile:regs|regb~50           ; 2       ;
; cd:caminodatos|regfile:regs|regb~2            ; 2       ;
; cd:caminodatos|regfile:regs|regb~18           ; 2       ;
; cd:caminodatos|regfile:regs|regb~34           ; 2       ;
; cd:caminodatos|regfile:regs|regb~437          ; 2       ;
; cd:caminodatos|regfile:regs|regb~114          ; 2       ;
; cd:caminodatos|regfile:regs|regb~66           ; 2       ;
; cd:caminodatos|regfile:regs|regb~98           ; 2       ;
; cd:caminodatos|regfile:regs|regb~82           ; 2       ;
; cd:caminodatos|regfile:regs|regb~431          ; 2       ;
; cd:caminodatos|regfile:regs|regb~51           ; 2       ;
; cd:caminodatos|regfile:regs|regb~3            ; 2       ;
; cd:caminodatos|regfile:regs|regb~19           ; 2       ;
; cd:caminodatos|regfile:regs|regb~35           ; 2       ;
; cd:caminodatos|regfile:regs|regb~429          ; 2       ;
; cd:caminodatos|regfile:regs|regb~115          ; 2       ;
; cd:caminodatos|regfile:regs|regb~67           ; 2       ;
; cd:caminodatos|regfile:regs|regb~99           ; 2       ;
; cd:caminodatos|regfile:regs|regb~83           ; 2       ;
; cd:caminodatos|regfile:regs|regb~423          ; 2       ;
; cd:caminodatos|regfile:regs|regb~52           ; 2       ;
; cd:caminodatos|regfile:regs|regb~4            ; 2       ;
; cd:caminodatos|regfile:regs|regb~20           ; 2       ;
; cd:caminodatos|regfile:regs|regb~36           ; 2       ;
; cd:caminodatos|regfile:regs|regb~421          ; 2       ;
; cd:caminodatos|regfile:regs|regb~116          ; 2       ;
; cd:caminodatos|regfile:regs|regb~68           ; 2       ;
; cd:caminodatos|regfile:regs|regb~100          ; 2       ;
; cd:caminodatos|regfile:regs|regb~84           ; 2       ;
; cd:caminodatos|regfile:regs|regb~415          ; 2       ;
; cd:caminodatos|regfile:regs|regb~53           ; 2       ;
; cd:caminodatos|regfile:regs|regb~5            ; 2       ;
; cd:caminodatos|regfile:regs|regb~21           ; 2       ;
; cd:caminodatos|regfile:regs|regb~37           ; 2       ;
; cd:caminodatos|regfile:regs|regb~413          ; 2       ;
; cd:caminodatos|regfile:regs|regb~117          ; 2       ;
; cd:caminodatos|regfile:regs|regb~69           ; 2       ;
; cd:caminodatos|regfile:regs|regb~101          ; 2       ;
; cd:caminodatos|regfile:regs|regb~85           ; 2       ;
; cd:caminodatos|regfile:regs|regb~407          ; 2       ;
; cd:caminodatos|regfile:regs|regb~54           ; 2       ;
; cd:caminodatos|regfile:regs|regb~6            ; 2       ;
; cd:caminodatos|regfile:regs|regb~22           ; 2       ;
; cd:caminodatos|regfile:regs|regb~38           ; 2       ;
; cd:caminodatos|regfile:regs|regb~405          ; 2       ;
; cd:caminodatos|regfile:regs|regb~118          ; 2       ;
; cd:caminodatos|regfile:regs|regb~70           ; 2       ;
; cd:caminodatos|regfile:regs|regb~102          ; 2       ;
; cd:caminodatos|regfile:regs|regb~86           ; 2       ;
; cd:caminodatos|regfile:regs|regb~399          ; 2       ;
; cd:caminodatos|regfile:regs|regb~55           ; 2       ;
; cd:caminodatos|regfile:regs|regb~7            ; 2       ;
; cd:caminodatos|regfile:regs|regb~23           ; 2       ;
; cd:caminodatos|regfile:regs|regb~39           ; 2       ;
; cd:caminodatos|regfile:regs|regb~397          ; 2       ;
; cd:caminodatos|regfile:regs|regb~119          ; 2       ;
; cd:caminodatos|regfile:regs|regb~71           ; 2       ;
; cd:caminodatos|regfile:regs|regb~103          ; 2       ;
; cd:caminodatos|regfile:regs|regb~87           ; 2       ;
; cd:caminodatos|regfile:regs|regb~391          ; 2       ;
; cd:caminodatos|regfile:regs|regb~56           ; 2       ;
; cd:caminodatos|regfile:regs|regb~8            ; 2       ;
; cd:caminodatos|regfile:regs|regb~24           ; 2       ;
; cd:caminodatos|regfile:regs|regb~40           ; 2       ;
; cd:caminodatos|regfile:regs|regb~389          ; 2       ;
; cd:caminodatos|regfile:regs|regb~120          ; 2       ;
; cd:caminodatos|regfile:regs|regb~72           ; 2       ;
; cd:caminodatos|regfile:regs|regb~104          ; 2       ;
; cd:caminodatos|regfile:regs|regb~88           ; 2       ;
; cd:caminodatos|regfile:regs|regb~383          ; 2       ;
; cd:caminodatos|regfile:regs|regb~57           ; 2       ;
; cd:caminodatos|regfile:regs|regb~9            ; 2       ;
; cd:caminodatos|regfile:regs|regb~25           ; 2       ;
; cd:caminodatos|regfile:regs|regb~41           ; 2       ;
; cd:caminodatos|regfile:regs|regb~381          ; 2       ;
; cd:caminodatos|regfile:regs|regb~121          ; 2       ;
; cd:caminodatos|regfile:regs|regb~73           ; 2       ;
; cd:caminodatos|regfile:regs|regb~105          ; 2       ;
; cd:caminodatos|regfile:regs|regb~89           ; 2       ;
; cd:caminodatos|regfile:regs|regb~379          ; 2       ;
; cd:caminodatos|regfile:regs|regb~377          ; 2       ;
; cd:caminodatos|regfile:regs|regb~58           ; 2       ;
; cd:caminodatos|regfile:regs|regb~10           ; 2       ;
; cd:caminodatos|regfile:regs|regb~26           ; 2       ;
; cd:caminodatos|regfile:regs|regb~42           ; 2       ;
; cd:caminodatos|regfile:regs|regb~122          ; 2       ;
; cd:caminodatos|regfile:regs|regb~74           ; 2       ;
; cd:caminodatos|regfile:regs|regb~106          ; 2       ;
; cd:caminodatos|regfile:regs|regb~90           ; 2       ;
; cd:caminodatos|regfile:regs|regb~371          ; 2       ;
; cd:caminodatos|regfile:regs|regb~369          ; 2       ;
; cd:caminodatos|regfile:regs|regb~59           ; 2       ;
; cd:caminodatos|regfile:regs|regb~11           ; 2       ;
; cd:caminodatos|regfile:regs|regb~27           ; 2       ;
; cd:caminodatos|regfile:regs|regb~43           ; 2       ;
; cd:caminodatos|regfile:regs|regb~123          ; 2       ;
; cd:caminodatos|regfile:regs|regb~75           ; 2       ;
; cd:caminodatos|regfile:regs|regb~107          ; 2       ;
; cd:caminodatos|regfile:regs|regb~91           ; 2       ;
; cd:caminodatos|regfile:regs|regb~359          ; 2       ;
; cd:caminodatos|regfile:regs|regb~60           ; 2       ;
; cd:caminodatos|regfile:regs|regb~12           ; 2       ;
; cd:caminodatos|regfile:regs|regb~28           ; 2       ;
; cd:caminodatos|regfile:regs|regb~44           ; 2       ;
; cd:caminodatos|regfile:regs|regb~357          ; 2       ;
; cd:caminodatos|regfile:regs|regb~124          ; 2       ;
; cd:caminodatos|regfile:regs|regb~76           ; 2       ;
; cd:caminodatos|regfile:regs|regb~108          ; 2       ;
; cd:caminodatos|regfile:regs|regb~92           ; 2       ;
; cd:caminodatos|regfile:regs|regb~351          ; 2       ;
; cd:caminodatos|regfile:regs|regb~61           ; 2       ;
; cd:caminodatos|regfile:regs|regb~13           ; 2       ;
; cd:caminodatos|regfile:regs|regb~29           ; 2       ;
; cd:caminodatos|regfile:regs|regb~45           ; 2       ;
; cd:caminodatos|regfile:regs|regb~349          ; 2       ;
; cd:caminodatos|regfile:regs|regb~125          ; 2       ;
; cd:caminodatos|regfile:regs|regb~77           ; 2       ;
; cd:caminodatos|regfile:regs|regb~109          ; 2       ;
; cd:caminodatos|regfile:regs|regb~93           ; 2       ;
; cd:caminodatos|regfile:regs|regb~347          ; 2       ;
; cd:caminodatos|regfile:regs|regb~345          ; 2       ;
; cd:caminodatos|regfile:regs|regb~62           ; 2       ;
; cd:caminodatos|regfile:regs|regb~14           ; 2       ;
; cd:caminodatos|regfile:regs|regb~30           ; 2       ;
; cd:caminodatos|regfile:regs|regb~46           ; 2       ;
; cd:caminodatos|regfile:regs|regb~126          ; 2       ;
; cd:caminodatos|regfile:regs|regb~78           ; 2       ;
; cd:caminodatos|regfile:regs|regb~110          ; 2       ;
; cd:caminodatos|regfile:regs|regb~94           ; 2       ;
; cd:caminodatos|regfile:regs|regb~339          ; 2       ;
; cd:caminodatos|regfile:regs|regb~337          ; 2       ;
; cd:caminodatos|regfile:regs|regb~63           ; 2       ;
; cd:caminodatos|regfile:regs|regb~15           ; 2       ;
; cd:caminodatos|regfile:regs|regb~31           ; 2       ;
; cd:caminodatos|regfile:regs|regb~47           ; 2       ;
; cd:caminodatos|regfile:regs|regb~127          ; 2       ;
; cd:caminodatos|regfile:regs|regb~79           ; 2       ;
; cd:caminodatos|regfile:regs|regb~111          ; 2       ;
; cd:caminodatos|regfile:regs|regb~95           ; 2       ;
; cd:caminodatos|memprog:memoriaprograma|mem~25 ; 2       ;
; cd:caminodatos|memprog:memoriaprograma|mem~24 ; 2       ;
; cd:caminodatos|memprog:memoriaprograma|mem~23 ; 2       ;
; cd:caminodatos|registro:PCR|q[9]              ; 2       ;
; cd:caminodatos|registro:PCR|q[8]              ; 2       ;
; cd:caminodatos|registro:PCR|q[7]              ; 2       ;
; cd:caminodatos|registro:PCR|q[6]              ; 2       ;
; cd:caminodatos|alu:mialu|Mux16~9              ; 1       ;
; cd:caminodatos|alu:mialu|Mux16~8              ; 1       ;
; cd:caminodatos|regfile:regs|regb~323          ; 1       ;
; cd:caminodatos|regfile:regs|regb~311          ; 1       ;
; cd:caminodatos|regfile:regs|regb~299          ; 1       ;
; cd:caminodatos|regfile:regs|regb~287          ; 1       ;
; cd:caminodatos|regfile:regs|regb~275          ; 1       ;
; cd:caminodatos|regfile:regs|regb~263          ; 1       ;
; uc:unidadcontrol|Selector1~9                  ; 1       ;
; cd:caminodatos|stack:pila|sp~9                ; 1       ;
; cd:caminodatos|alu:mialu|Mux13~7              ; 1       ;
; cd:caminodatos|mux2:muxr1|y[2]~22             ; 1       ;
; cd:caminodatos|alu:mialu|Mux15~11             ; 1       ;
; cd:caminodatos|alu:mialu|Mux14~8              ; 1       ;
; cd:caminodatos|alu:mialu|Mux10~8              ; 1       ;
; cd:caminodatos|alu:mialu|Mux12~8              ; 1       ;
; cd:caminodatos|regfile:regs|regb~489          ; 1       ;
; cd:caminodatos|regfile:regs|regb~488          ; 1       ;
; cd:caminodatos|memprog:memoriaprograma|mem~37 ; 1       ;
; cd:caminodatos|memprog:memoriaprograma|mem~36 ; 1       ;
; cd:caminodatos|memprog:memoriaprograma|mem~35 ; 1       ;
; cd:caminodatos|memprog:memoriaprograma|mem~34 ; 1       ;
; cd:caminodatos|memdat:memoriadatos|mem~1695   ; 1       ;
; cd:caminodatos|memdat:memoriadatos|mem~1694   ; 1       ;
; cd:caminodatos|memdat:memoriadatos|mem~1693   ; 1       ;
; cd:caminodatos|memdat:memoriadatos|mem~1008   ; 1       ;
; cd:caminodatos|memdat:memoriadatos|mem~1692   ; 1       ;
; cd:caminodatos|memdat:memoriadatos|mem~816    ; 1       ;
; cd:caminodatos|memdat:memoriadatos|mem~944    ; 1       ;
; cd:caminodatos|memdat:memoriadatos|mem~880    ; 1       ;
; cd:caminodatos|memdat:memoriadatos|mem~1691   ; 1       ;
; cd:caminodatos|memdat:memoriadatos|mem~1690   ; 1       ;
; cd:caminodatos|memdat:memoriadatos|mem~960    ; 1       ;
; cd:caminodatos|memdat:memoriadatos|mem~1689   ; 1       ;
; cd:caminodatos|memdat:memoriadatos|mem~768    ; 1       ;
; cd:caminodatos|memdat:memoriadatos|mem~832    ; 1       ;
; cd:caminodatos|memdat:memoriadatos|mem~896    ; 1       ;
; cd:caminodatos|memdat:memoriadatos|mem~1688   ; 1       ;
; cd:caminodatos|memdat:memoriadatos|mem~992    ; 1       ;
; cd:caminodatos|memdat:memoriadatos|mem~1687   ; 1       ;
; cd:caminodatos|memdat:memoriadatos|mem~800    ; 1       ;
; cd:caminodatos|memdat:memoriadatos|mem~864    ; 1       ;
; cd:caminodatos|memdat:memoriadatos|mem~928    ; 1       ;
; cd:caminodatos|memdat:memoriadatos|mem~1686   ; 1       ;
; cd:caminodatos|memdat:memoriadatos|mem~976    ; 1       ;
; cd:caminodatos|memdat:memoriadatos|mem~1685   ; 1       ;
; cd:caminodatos|memdat:memoriadatos|mem~784    ; 1       ;
; cd:caminodatos|memdat:memoriadatos|mem~912    ; 1       ;
; cd:caminodatos|memdat:memoriadatos|mem~848    ; 1       ;
; cd:caminodatos|memdat:memoriadatos|mem~1684   ; 1       ;
; cd:caminodatos|memdat:memoriadatos|mem~1683   ; 1       ;
; cd:caminodatos|memdat:memoriadatos|mem~1682   ; 1       ;
; cd:caminodatos|memdat:memoriadatos|mem~240    ; 1       ;
; cd:caminodatos|memdat:memoriadatos|mem~1681   ; 1       ;
; cd:caminodatos|memdat:memoriadatos|mem~192    ; 1       ;
; cd:caminodatos|memdat:memoriadatos|mem~224    ; 1       ;
; cd:caminodatos|memdat:memoriadatos|mem~208    ; 1       ;
; cd:caminodatos|memdat:memoriadatos|mem~1680   ; 1       ;
; cd:caminodatos|memdat:memoriadatos|mem~1679   ; 1       ;
; cd:caminodatos|memdat:memoriadatos|mem~48     ; 1       ;
; cd:caminodatos|memdat:memoriadatos|mem~1678   ; 1       ;
; cd:caminodatos|memdat:memoriadatos|mem~0      ; 1       ;
; cd:caminodatos|memdat:memoriadatos|mem~16     ; 1       ;
; cd:caminodatos|memdat:memoriadatos|mem~32     ; 1       ;
; cd:caminodatos|memdat:memoriadatos|mem~1677   ; 1       ;
; cd:caminodatos|memdat:memoriadatos|mem~112    ; 1       ;
; cd:caminodatos|memdat:memoriadatos|mem~1676   ; 1       ;
; cd:caminodatos|memdat:memoriadatos|mem~64     ; 1       ;
; cd:caminodatos|memdat:memoriadatos|mem~96     ; 1       ;
; cd:caminodatos|memdat:memoriadatos|mem~80     ; 1       ;
; cd:caminodatos|memdat:memoriadatos|mem~1675   ; 1       ;
; cd:caminodatos|memdat:memoriadatos|mem~176    ; 1       ;
; cd:caminodatos|memdat:memoriadatos|mem~1674   ; 1       ;
; cd:caminodatos|memdat:memoriadatos|mem~128    ; 1       ;
; cd:caminodatos|memdat:memoriadatos|mem~144    ; 1       ;
; cd:caminodatos|memdat:memoriadatos|mem~160    ; 1       ;
; cd:caminodatos|memdat:memoriadatos|mem~1673   ; 1       ;
; cd:caminodatos|memdat:memoriadatos|mem~1672   ; 1       ;
; cd:caminodatos|memdat:memoriadatos|mem~752    ; 1       ;
; cd:caminodatos|memdat:memoriadatos|mem~1671   ; 1       ;
; cd:caminodatos|memdat:memoriadatos|mem~704    ; 1       ;
; cd:caminodatos|memdat:memoriadatos|mem~720    ; 1       ;
; cd:caminodatos|memdat:memoriadatos|mem~736    ; 1       ;
; cd:caminodatos|memdat:memoriadatos|mem~1670   ; 1       ;
; cd:caminodatos|memdat:memoriadatos|mem~1669   ; 1       ;
; cd:caminodatos|memdat:memoriadatos|mem~560    ; 1       ;
; cd:caminodatos|memdat:memoriadatos|mem~1668   ; 1       ;
; cd:caminodatos|memdat:memoriadatos|mem~512    ; 1       ;
; cd:caminodatos|memdat:memoriadatos|mem~544    ; 1       ;
; cd:caminodatos|memdat:memoriadatos|mem~528    ; 1       ;
; cd:caminodatos|memdat:memoriadatos|mem~1667   ; 1       ;
; cd:caminodatos|memdat:memoriadatos|mem~688    ; 1       ;
; cd:caminodatos|memdat:memoriadatos|mem~1666   ; 1       ;
; cd:caminodatos|memdat:memoriadatos|mem~640    ; 1       ;
; cd:caminodatos|memdat:memoriadatos|mem~672    ; 1       ;
; cd:caminodatos|memdat:memoriadatos|mem~656    ; 1       ;
; cd:caminodatos|memdat:memoriadatos|mem~1665   ; 1       ;
; cd:caminodatos|memdat:memoriadatos|mem~624    ; 1       ;
; cd:caminodatos|memdat:memoriadatos|mem~1664   ; 1       ;
; cd:caminodatos|memdat:memoriadatos|mem~576    ; 1       ;
; cd:caminodatos|memdat:memoriadatos|mem~592    ; 1       ;
; cd:caminodatos|memdat:memoriadatos|mem~608    ; 1       ;
; cd:caminodatos|memdat:memoriadatos|mem~1663   ; 1       ;
; cd:caminodatos|memdat:memoriadatos|mem~1662   ; 1       ;
; cd:caminodatos|memdat:memoriadatos|mem~496    ; 1       ;
; cd:caminodatos|memdat:memoriadatos|mem~1661   ; 1       ;
; cd:caminodatos|memdat:memoriadatos|mem~304    ; 1       ;
; cd:caminodatos|memdat:memoriadatos|mem~368    ; 1       ;
; cd:caminodatos|memdat:memoriadatos|mem~432    ; 1       ;
; cd:caminodatos|memdat:memoriadatos|mem~1660   ; 1       ;
; cd:caminodatos|memdat:memoriadatos|mem~1659   ; 1       ;
; cd:caminodatos|memdat:memoriadatos|mem~448    ; 1       ;
; cd:caminodatos|memdat:memoriadatos|mem~1658   ; 1       ;
; cd:caminodatos|memdat:memoriadatos|mem~256    ; 1       ;
; cd:caminodatos|memdat:memoriadatos|mem~384    ; 1       ;
; cd:caminodatos|memdat:memoriadatos|mem~320    ; 1       ;
; cd:caminodatos|memdat:memoriadatos|mem~1657   ; 1       ;
; cd:caminodatos|memdat:memoriadatos|mem~464    ; 1       ;
; cd:caminodatos|memdat:memoriadatos|mem~1656   ; 1       ;
; cd:caminodatos|memdat:memoriadatos|mem~272    ; 1       ;
; cd:caminodatos|memdat:memoriadatos|mem~336    ; 1       ;
; cd:caminodatos|memdat:memoriadatos|mem~400    ; 1       ;
; cd:caminodatos|memdat:memoriadatos|mem~1655   ; 1       ;
; cd:caminodatos|memdat:memoriadatos|mem~480    ; 1       ;
; cd:caminodatos|memdat:memoriadatos|mem~1654   ; 1       ;
; cd:caminodatos|memdat:memoriadatos|mem~288    ; 1       ;
; cd:caminodatos|memdat:memoriadatos|mem~416    ; 1       ;
; cd:caminodatos|memdat:memoriadatos|mem~352    ; 1       ;
; cd:caminodatos|memdat:memoriadatos|mem~1653   ; 1       ;
; cd:caminodatos|memdat:memoriadatos|mem~1652   ; 1       ;
; cd:caminodatos|memdat:memoriadatos|mem~1651   ; 1       ;
; cd:caminodatos|memdat:memoriadatos|mem~1009   ; 1       ;
; cd:caminodatos|memdat:memoriadatos|mem~1650   ; 1       ;
; cd:caminodatos|memdat:memoriadatos|mem~817    ; 1       ;
; cd:caminodatos|memdat:memoriadatos|mem~945    ; 1       ;
; cd:caminodatos|memdat:memoriadatos|mem~881    ; 1       ;
; cd:caminodatos|memdat:memoriadatos|mem~1649   ; 1       ;
; cd:caminodatos|memdat:memoriadatos|mem~1648   ; 1       ;
; cd:caminodatos|memdat:memoriadatos|mem~961    ; 1       ;
; cd:caminodatos|memdat:memoriadatos|mem~1647   ; 1       ;
; cd:caminodatos|memdat:memoriadatos|mem~769    ; 1       ;
; cd:caminodatos|memdat:memoriadatos|mem~833    ; 1       ;
; cd:caminodatos|memdat:memoriadatos|mem~897    ; 1       ;
; cd:caminodatos|memdat:memoriadatos|mem~1646   ; 1       ;
; cd:caminodatos|memdat:memoriadatos|mem~993    ; 1       ;
; cd:caminodatos|memdat:memoriadatos|mem~1645   ; 1       ;
; cd:caminodatos|memdat:memoriadatos|mem~801    ; 1       ;
; cd:caminodatos|memdat:memoriadatos|mem~865    ; 1       ;
; cd:caminodatos|memdat:memoriadatos|mem~929    ; 1       ;
; cd:caminodatos|memdat:memoriadatos|mem~1644   ; 1       ;
; cd:caminodatos|memdat:memoriadatos|mem~977    ; 1       ;
; cd:caminodatos|memdat:memoriadatos|mem~1643   ; 1       ;
; cd:caminodatos|memdat:memoriadatos|mem~785    ; 1       ;
; cd:caminodatos|memdat:memoriadatos|mem~913    ; 1       ;
; cd:caminodatos|memdat:memoriadatos|mem~849    ; 1       ;
; cd:caminodatos|memdat:memoriadatos|mem~1642   ; 1       ;
; cd:caminodatos|memdat:memoriadatos|mem~1641   ; 1       ;
; cd:caminodatos|memdat:memoriadatos|mem~1640   ; 1       ;
; cd:caminodatos|memdat:memoriadatos|mem~241    ; 1       ;
; cd:caminodatos|memdat:memoriadatos|mem~1639   ; 1       ;
; cd:caminodatos|memdat:memoriadatos|mem~193    ; 1       ;
; cd:caminodatos|memdat:memoriadatos|mem~225    ; 1       ;
; cd:caminodatos|memdat:memoriadatos|mem~209    ; 1       ;
; cd:caminodatos|memdat:memoriadatos|mem~1638   ; 1       ;
; cd:caminodatos|memdat:memoriadatos|mem~1637   ; 1       ;
; cd:caminodatos|memdat:memoriadatos|mem~49     ; 1       ;
; cd:caminodatos|memdat:memoriadatos|mem~1636   ; 1       ;
; cd:caminodatos|memdat:memoriadatos|mem~1      ; 1       ;
; cd:caminodatos|memdat:memoriadatos|mem~17     ; 1       ;
; cd:caminodatos|memdat:memoriadatos|mem~33     ; 1       ;
; cd:caminodatos|memdat:memoriadatos|mem~1635   ; 1       ;
; cd:caminodatos|memdat:memoriadatos|mem~113    ; 1       ;
; cd:caminodatos|memdat:memoriadatos|mem~1634   ; 1       ;
; cd:caminodatos|memdat:memoriadatos|mem~65     ; 1       ;
; cd:caminodatos|memdat:memoriadatos|mem~97     ; 1       ;
; cd:caminodatos|memdat:memoriadatos|mem~81     ; 1       ;
; cd:caminodatos|memdat:memoriadatos|mem~1633   ; 1       ;
; cd:caminodatos|memdat:memoriadatos|mem~177    ; 1       ;
; cd:caminodatos|memdat:memoriadatos|mem~1632   ; 1       ;
; cd:caminodatos|memdat:memoriadatos|mem~129    ; 1       ;
; cd:caminodatos|memdat:memoriadatos|mem~145    ; 1       ;
; cd:caminodatos|memdat:memoriadatos|mem~161    ; 1       ;
; cd:caminodatos|memdat:memoriadatos|mem~1631   ; 1       ;
; cd:caminodatos|memdat:memoriadatos|mem~1630   ; 1       ;
; cd:caminodatos|memdat:memoriadatos|mem~497    ; 1       ;
; cd:caminodatos|memdat:memoriadatos|mem~1629   ; 1       ;
; cd:caminodatos|memdat:memoriadatos|mem~305    ; 1       ;
; cd:caminodatos|memdat:memoriadatos|mem~369    ; 1       ;
; cd:caminodatos|memdat:memoriadatos|mem~433    ; 1       ;
; cd:caminodatos|memdat:memoriadatos|mem~1628   ; 1       ;
; cd:caminodatos|memdat:memoriadatos|mem~1627   ; 1       ;
; cd:caminodatos|memdat:memoriadatos|mem~449    ; 1       ;
; cd:caminodatos|memdat:memoriadatos|mem~1626   ; 1       ;
; cd:caminodatos|memdat:memoriadatos|mem~257    ; 1       ;
; cd:caminodatos|memdat:memoriadatos|mem~385    ; 1       ;
; cd:caminodatos|memdat:memoriadatos|mem~321    ; 1       ;
; cd:caminodatos|memdat:memoriadatos|mem~1625   ; 1       ;
; cd:caminodatos|memdat:memoriadatos|mem~465    ; 1       ;
; cd:caminodatos|memdat:memoriadatos|mem~1624   ; 1       ;
; cd:caminodatos|memdat:memoriadatos|mem~273    ; 1       ;
; cd:caminodatos|memdat:memoriadatos|mem~337    ; 1       ;
; cd:caminodatos|memdat:memoriadatos|mem~401    ; 1       ;
; cd:caminodatos|memdat:memoriadatos|mem~1623   ; 1       ;
; cd:caminodatos|memdat:memoriadatos|mem~481    ; 1       ;
; cd:caminodatos|memdat:memoriadatos|mem~1622   ; 1       ;
; cd:caminodatos|memdat:memoriadatos|mem~289    ; 1       ;
; cd:caminodatos|memdat:memoriadatos|mem~417    ; 1       ;
; cd:caminodatos|memdat:memoriadatos|mem~353    ; 1       ;
; cd:caminodatos|memdat:memoriadatos|mem~1621   ; 1       ;
; cd:caminodatos|memdat:memoriadatos|mem~1620   ; 1       ;
; cd:caminodatos|memdat:memoriadatos|mem~753    ; 1       ;
; cd:caminodatos|memdat:memoriadatos|mem~1619   ; 1       ;
; cd:caminodatos|memdat:memoriadatos|mem~705    ; 1       ;
; cd:caminodatos|memdat:memoriadatos|mem~721    ; 1       ;
; cd:caminodatos|memdat:memoriadatos|mem~737    ; 1       ;
; cd:caminodatos|memdat:memoriadatos|mem~1618   ; 1       ;
; cd:caminodatos|memdat:memoriadatos|mem~1617   ; 1       ;
; cd:caminodatos|memdat:memoriadatos|mem~561    ; 1       ;
; cd:caminodatos|memdat:memoriadatos|mem~1616   ; 1       ;
; cd:caminodatos|memdat:memoriadatos|mem~513    ; 1       ;
; cd:caminodatos|memdat:memoriadatos|mem~545    ; 1       ;
; cd:caminodatos|memdat:memoriadatos|mem~529    ; 1       ;
; cd:caminodatos|memdat:memoriadatos|mem~1615   ; 1       ;
; cd:caminodatos|memdat:memoriadatos|mem~689    ; 1       ;
; cd:caminodatos|memdat:memoriadatos|mem~1614   ; 1       ;
; cd:caminodatos|memdat:memoriadatos|mem~641    ; 1       ;
; cd:caminodatos|memdat:memoriadatos|mem~673    ; 1       ;
; cd:caminodatos|memdat:memoriadatos|mem~657    ; 1       ;
; cd:caminodatos|memdat:memoriadatos|mem~1613   ; 1       ;
; cd:caminodatos|memdat:memoriadatos|mem~625    ; 1       ;
; cd:caminodatos|memdat:memoriadatos|mem~1612   ; 1       ;
; cd:caminodatos|memdat:memoriadatos|mem~577    ; 1       ;
; cd:caminodatos|memdat:memoriadatos|mem~593    ; 1       ;
; cd:caminodatos|memdat:memoriadatos|mem~609    ; 1       ;
; cd:caminodatos|memdat:memoriadatos|mem~1611   ; 1       ;
; cd:caminodatos|memdat:memoriadatos|mem~1610   ; 1       ;
; cd:caminodatos|memdat:memoriadatos|mem~1609   ; 1       ;
; cd:caminodatos|memdat:memoriadatos|mem~1010   ; 1       ;
; cd:caminodatos|memdat:memoriadatos|mem~1608   ; 1       ;
; cd:caminodatos|memdat:memoriadatos|mem~818    ; 1       ;
; cd:caminodatos|memdat:memoriadatos|mem~946    ; 1       ;
; cd:caminodatos|memdat:memoriadatos|mem~882    ; 1       ;
; cd:caminodatos|memdat:memoriadatos|mem~1607   ; 1       ;
; cd:caminodatos|memdat:memoriadatos|mem~1606   ; 1       ;
; cd:caminodatos|memdat:memoriadatos|mem~962    ; 1       ;
; cd:caminodatos|memdat:memoriadatos|mem~1605   ; 1       ;
; cd:caminodatos|memdat:memoriadatos|mem~770    ; 1       ;
; cd:caminodatos|memdat:memoriadatos|mem~834    ; 1       ;
; cd:caminodatos|memdat:memoriadatos|mem~898    ; 1       ;
; cd:caminodatos|memdat:memoriadatos|mem~1604   ; 1       ;
; cd:caminodatos|memdat:memoriadatos|mem~994    ; 1       ;
; cd:caminodatos|memdat:memoriadatos|mem~1603   ; 1       ;
; cd:caminodatos|memdat:memoriadatos|mem~802    ; 1       ;
; cd:caminodatos|memdat:memoriadatos|mem~866    ; 1       ;
; cd:caminodatos|memdat:memoriadatos|mem~930    ; 1       ;
; cd:caminodatos|memdat:memoriadatos|mem~1602   ; 1       ;
; cd:caminodatos|memdat:memoriadatos|mem~978    ; 1       ;
; cd:caminodatos|memdat:memoriadatos|mem~1601   ; 1       ;
; cd:caminodatos|memdat:memoriadatos|mem~786    ; 1       ;
; cd:caminodatos|memdat:memoriadatos|mem~914    ; 1       ;
; cd:caminodatos|memdat:memoriadatos|mem~850    ; 1       ;
; cd:caminodatos|memdat:memoriadatos|mem~1600   ; 1       ;
; cd:caminodatos|memdat:memoriadatos|mem~1599   ; 1       ;
; cd:caminodatos|memdat:memoriadatos|mem~1598   ; 1       ;
; cd:caminodatos|memdat:memoriadatos|mem~242    ; 1       ;
; cd:caminodatos|memdat:memoriadatos|mem~1597   ; 1       ;
; cd:caminodatos|memdat:memoriadatos|mem~194    ; 1       ;
; cd:caminodatos|memdat:memoriadatos|mem~226    ; 1       ;
; cd:caminodatos|memdat:memoriadatos|mem~210    ; 1       ;
; cd:caminodatos|memdat:memoriadatos|mem~1596   ; 1       ;
; cd:caminodatos|memdat:memoriadatos|mem~1595   ; 1       ;
; cd:caminodatos|memdat:memoriadatos|mem~50     ; 1       ;
; cd:caminodatos|memdat:memoriadatos|mem~1594   ; 1       ;
; cd:caminodatos|memdat:memoriadatos|mem~2      ; 1       ;
; cd:caminodatos|memdat:memoriadatos|mem~18     ; 1       ;
; cd:caminodatos|memdat:memoriadatos|mem~34     ; 1       ;
; cd:caminodatos|memdat:memoriadatos|mem~1593   ; 1       ;
; cd:caminodatos|memdat:memoriadatos|mem~114    ; 1       ;
; cd:caminodatos|memdat:memoriadatos|mem~1592   ; 1       ;
; cd:caminodatos|memdat:memoriadatos|mem~66     ; 1       ;
; cd:caminodatos|memdat:memoriadatos|mem~98     ; 1       ;
; cd:caminodatos|memdat:memoriadatos|mem~82     ; 1       ;
; cd:caminodatos|memdat:memoriadatos|mem~1591   ; 1       ;
; cd:caminodatos|memdat:memoriadatos|mem~178    ; 1       ;
; cd:caminodatos|memdat:memoriadatos|mem~1590   ; 1       ;
; cd:caminodatos|memdat:memoriadatos|mem~130    ; 1       ;
; cd:caminodatos|memdat:memoriadatos|mem~146    ; 1       ;
; cd:caminodatos|memdat:memoriadatos|mem~162    ; 1       ;
; cd:caminodatos|memdat:memoriadatos|mem~1589   ; 1       ;
; cd:caminodatos|memdat:memoriadatos|mem~1588   ; 1       ;
; cd:caminodatos|memdat:memoriadatos|mem~754    ; 1       ;
; cd:caminodatos|memdat:memoriadatos|mem~1587   ; 1       ;
; cd:caminodatos|memdat:memoriadatos|mem~706    ; 1       ;
; cd:caminodatos|memdat:memoriadatos|mem~722    ; 1       ;
; cd:caminodatos|memdat:memoriadatos|mem~738    ; 1       ;
; cd:caminodatos|memdat:memoriadatos|mem~1586   ; 1       ;
; cd:caminodatos|memdat:memoriadatos|mem~1585   ; 1       ;
; cd:caminodatos|memdat:memoriadatos|mem~562    ; 1       ;
; cd:caminodatos|memdat:memoriadatos|mem~1584   ; 1       ;
; cd:caminodatos|memdat:memoriadatos|mem~514    ; 1       ;
; cd:caminodatos|memdat:memoriadatos|mem~546    ; 1       ;
; cd:caminodatos|memdat:memoriadatos|mem~530    ; 1       ;
; cd:caminodatos|memdat:memoriadatos|mem~1583   ; 1       ;
; cd:caminodatos|memdat:memoriadatos|mem~690    ; 1       ;
; cd:caminodatos|memdat:memoriadatos|mem~1582   ; 1       ;
; cd:caminodatos|memdat:memoriadatos|mem~642    ; 1       ;
; cd:caminodatos|memdat:memoriadatos|mem~674    ; 1       ;
; cd:caminodatos|memdat:memoriadatos|mem~658    ; 1       ;
; cd:caminodatos|memdat:memoriadatos|mem~1581   ; 1       ;
; cd:caminodatos|memdat:memoriadatos|mem~626    ; 1       ;
; cd:caminodatos|memdat:memoriadatos|mem~1580   ; 1       ;
; cd:caminodatos|memdat:memoriadatos|mem~578    ; 1       ;
; cd:caminodatos|memdat:memoriadatos|mem~594    ; 1       ;
; cd:caminodatos|memdat:memoriadatos|mem~610    ; 1       ;
; cd:caminodatos|memdat:memoriadatos|mem~1579   ; 1       ;
; cd:caminodatos|memdat:memoriadatos|mem~1578   ; 1       ;
; cd:caminodatos|memdat:memoriadatos|mem~498    ; 1       ;
; cd:caminodatos|memdat:memoriadatos|mem~1577   ; 1       ;
; cd:caminodatos|memdat:memoriadatos|mem~306    ; 1       ;
; cd:caminodatos|memdat:memoriadatos|mem~370    ; 1       ;
; cd:caminodatos|memdat:memoriadatos|mem~434    ; 1       ;
; cd:caminodatos|memdat:memoriadatos|mem~1576   ; 1       ;
; cd:caminodatos|memdat:memoriadatos|mem~1575   ; 1       ;
; cd:caminodatos|memdat:memoriadatos|mem~450    ; 1       ;
; cd:caminodatos|memdat:memoriadatos|mem~1574   ; 1       ;
; cd:caminodatos|memdat:memoriadatos|mem~258    ; 1       ;
; cd:caminodatos|memdat:memoriadatos|mem~386    ; 1       ;
; cd:caminodatos|memdat:memoriadatos|mem~322    ; 1       ;
; cd:caminodatos|memdat:memoriadatos|mem~1573   ; 1       ;
; cd:caminodatos|memdat:memoriadatos|mem~466    ; 1       ;
; cd:caminodatos|memdat:memoriadatos|mem~1572   ; 1       ;
; cd:caminodatos|memdat:memoriadatos|mem~274    ; 1       ;
; cd:caminodatos|memdat:memoriadatos|mem~338    ; 1       ;
; cd:caminodatos|memdat:memoriadatos|mem~402    ; 1       ;
; cd:caminodatos|memdat:memoriadatos|mem~1571   ; 1       ;
; cd:caminodatos|memdat:memoriadatos|mem~482    ; 1       ;
; cd:caminodatos|memdat:memoriadatos|mem~1570   ; 1       ;
; cd:caminodatos|memdat:memoriadatos|mem~290    ; 1       ;
; cd:caminodatos|memdat:memoriadatos|mem~418    ; 1       ;
; cd:caminodatos|memdat:memoriadatos|mem~354    ; 1       ;
; cd:caminodatos|memdat:memoriadatos|mem~1569   ; 1       ;
; cd:caminodatos|memdat:memoriadatos|mem~1568   ; 1       ;
; cd:caminodatos|memdat:memoriadatos|mem~1567   ; 1       ;
; cd:caminodatos|memdat:memoriadatos|mem~1011   ; 1       ;
; cd:caminodatos|memdat:memoriadatos|mem~1566   ; 1       ;
; cd:caminodatos|memdat:memoriadatos|mem~819    ; 1       ;
; cd:caminodatos|memdat:memoriadatos|mem~947    ; 1       ;
; cd:caminodatos|memdat:memoriadatos|mem~883    ; 1       ;
; cd:caminodatos|memdat:memoriadatos|mem~1565   ; 1       ;
; cd:caminodatos|memdat:memoriadatos|mem~1564   ; 1       ;
; cd:caminodatos|memdat:memoriadatos|mem~963    ; 1       ;
; cd:caminodatos|memdat:memoriadatos|mem~1563   ; 1       ;
; cd:caminodatos|memdat:memoriadatos|mem~771    ; 1       ;
; cd:caminodatos|memdat:memoriadatos|mem~835    ; 1       ;
; cd:caminodatos|memdat:memoriadatos|mem~899    ; 1       ;
; cd:caminodatos|memdat:memoriadatos|mem~1562   ; 1       ;
; cd:caminodatos|memdat:memoriadatos|mem~995    ; 1       ;
; cd:caminodatos|memdat:memoriadatos|mem~1561   ; 1       ;
; cd:caminodatos|memdat:memoriadatos|mem~803    ; 1       ;
; cd:caminodatos|memdat:memoriadatos|mem~867    ; 1       ;
; cd:caminodatos|memdat:memoriadatos|mem~931    ; 1       ;
; cd:caminodatos|memdat:memoriadatos|mem~1560   ; 1       ;
; cd:caminodatos|memdat:memoriadatos|mem~979    ; 1       ;
; cd:caminodatos|memdat:memoriadatos|mem~1559   ; 1       ;
; cd:caminodatos|memdat:memoriadatos|mem~787    ; 1       ;
; cd:caminodatos|memdat:memoriadatos|mem~915    ; 1       ;
; cd:caminodatos|memdat:memoriadatos|mem~851    ; 1       ;
; cd:caminodatos|memdat:memoriadatos|mem~1558   ; 1       ;
; cd:caminodatos|memdat:memoriadatos|mem~1557   ; 1       ;
; cd:caminodatos|memdat:memoriadatos|mem~1556   ; 1       ;
; cd:caminodatos|memdat:memoriadatos|mem~243    ; 1       ;
; cd:caminodatos|memdat:memoriadatos|mem~1555   ; 1       ;
; cd:caminodatos|memdat:memoriadatos|mem~195    ; 1       ;
; cd:caminodatos|memdat:memoriadatos|mem~227    ; 1       ;
; cd:caminodatos|memdat:memoriadatos|mem~211    ; 1       ;
; cd:caminodatos|memdat:memoriadatos|mem~1554   ; 1       ;
; cd:caminodatos|memdat:memoriadatos|mem~1553   ; 1       ;
; cd:caminodatos|memdat:memoriadatos|mem~51     ; 1       ;
; cd:caminodatos|memdat:memoriadatos|mem~1552   ; 1       ;
; cd:caminodatos|memdat:memoriadatos|mem~3      ; 1       ;
; cd:caminodatos|memdat:memoriadatos|mem~19     ; 1       ;
; cd:caminodatos|memdat:memoriadatos|mem~35     ; 1       ;
; cd:caminodatos|memdat:memoriadatos|mem~1551   ; 1       ;
; cd:caminodatos|memdat:memoriadatos|mem~115    ; 1       ;
; cd:caminodatos|memdat:memoriadatos|mem~1550   ; 1       ;
; cd:caminodatos|memdat:memoriadatos|mem~67     ; 1       ;
; cd:caminodatos|memdat:memoriadatos|mem~99     ; 1       ;
; cd:caminodatos|memdat:memoriadatos|mem~83     ; 1       ;
; cd:caminodatos|memdat:memoriadatos|mem~1549   ; 1       ;
; cd:caminodatos|memdat:memoriadatos|mem~179    ; 1       ;
; cd:caminodatos|memdat:memoriadatos|mem~1548   ; 1       ;
; cd:caminodatos|memdat:memoriadatos|mem~131    ; 1       ;
; cd:caminodatos|memdat:memoriadatos|mem~147    ; 1       ;
; cd:caminodatos|memdat:memoriadatos|mem~163    ; 1       ;
; cd:caminodatos|memdat:memoriadatos|mem~1547   ; 1       ;
; cd:caminodatos|memdat:memoriadatos|mem~1546   ; 1       ;
; cd:caminodatos|memdat:memoriadatos|mem~499    ; 1       ;
; cd:caminodatos|memdat:memoriadatos|mem~1545   ; 1       ;
; cd:caminodatos|memdat:memoriadatos|mem~307    ; 1       ;
; cd:caminodatos|memdat:memoriadatos|mem~371    ; 1       ;
; cd:caminodatos|memdat:memoriadatos|mem~435    ; 1       ;
; cd:caminodatos|memdat:memoriadatos|mem~1544   ; 1       ;
; cd:caminodatos|memdat:memoriadatos|mem~1543   ; 1       ;
; cd:caminodatos|memdat:memoriadatos|mem~451    ; 1       ;
; cd:caminodatos|memdat:memoriadatos|mem~1542   ; 1       ;
; cd:caminodatos|memdat:memoriadatos|mem~259    ; 1       ;
; cd:caminodatos|memdat:memoriadatos|mem~387    ; 1       ;
; cd:caminodatos|memdat:memoriadatos|mem~323    ; 1       ;
; cd:caminodatos|memdat:memoriadatos|mem~1541   ; 1       ;
; cd:caminodatos|memdat:memoriadatos|mem~467    ; 1       ;
; cd:caminodatos|memdat:memoriadatos|mem~1540   ; 1       ;
; cd:caminodatos|memdat:memoriadatos|mem~275    ; 1       ;
; cd:caminodatos|memdat:memoriadatos|mem~339    ; 1       ;
; cd:caminodatos|memdat:memoriadatos|mem~403    ; 1       ;
; cd:caminodatos|memdat:memoriadatos|mem~1539   ; 1       ;
; cd:caminodatos|memdat:memoriadatos|mem~483    ; 1       ;
; cd:caminodatos|memdat:memoriadatos|mem~1538   ; 1       ;
; cd:caminodatos|memdat:memoriadatos|mem~291    ; 1       ;
; cd:caminodatos|memdat:memoriadatos|mem~419    ; 1       ;
; cd:caminodatos|memdat:memoriadatos|mem~355    ; 1       ;
; cd:caminodatos|memdat:memoriadatos|mem~1537   ; 1       ;
; cd:caminodatos|memdat:memoriadatos|mem~1536   ; 1       ;
; cd:caminodatos|memdat:memoriadatos|mem~755    ; 1       ;
; cd:caminodatos|memdat:memoriadatos|mem~1535   ; 1       ;
; cd:caminodatos|memdat:memoriadatos|mem~707    ; 1       ;
; cd:caminodatos|memdat:memoriadatos|mem~723    ; 1       ;
; cd:caminodatos|memdat:memoriadatos|mem~739    ; 1       ;
; cd:caminodatos|memdat:memoriadatos|mem~1534   ; 1       ;
; cd:caminodatos|memdat:memoriadatos|mem~1533   ; 1       ;
; cd:caminodatos|memdat:memoriadatos|mem~563    ; 1       ;
; cd:caminodatos|memdat:memoriadatos|mem~1532   ; 1       ;
; cd:caminodatos|memdat:memoriadatos|mem~515    ; 1       ;
; cd:caminodatos|memdat:memoriadatos|mem~547    ; 1       ;
; cd:caminodatos|memdat:memoriadatos|mem~531    ; 1       ;
; cd:caminodatos|memdat:memoriadatos|mem~1531   ; 1       ;
; cd:caminodatos|memdat:memoriadatos|mem~691    ; 1       ;
; cd:caminodatos|memdat:memoriadatos|mem~1530   ; 1       ;
; cd:caminodatos|memdat:memoriadatos|mem~643    ; 1       ;
; cd:caminodatos|memdat:memoriadatos|mem~675    ; 1       ;
; cd:caminodatos|memdat:memoriadatos|mem~659    ; 1       ;
; cd:caminodatos|memdat:memoriadatos|mem~1529   ; 1       ;
; cd:caminodatos|memdat:memoriadatos|mem~627    ; 1       ;
; cd:caminodatos|memdat:memoriadatos|mem~1528   ; 1       ;
; cd:caminodatos|memdat:memoriadatos|mem~579    ; 1       ;
; cd:caminodatos|memdat:memoriadatos|mem~595    ; 1       ;
; cd:caminodatos|memdat:memoriadatos|mem~611    ; 1       ;
; cd:caminodatos|memdat:memoriadatos|mem~1527   ; 1       ;
; cd:caminodatos|memdat:memoriadatos|mem~1526   ; 1       ;
; cd:caminodatos|memdat:memoriadatos|mem~1525   ; 1       ;
; cd:caminodatos|memdat:memoriadatos|mem~1012   ; 1       ;
; cd:caminodatos|memdat:memoriadatos|mem~1524   ; 1       ;
; cd:caminodatos|memdat:memoriadatos|mem~820    ; 1       ;
; cd:caminodatos|memdat:memoriadatos|mem~948    ; 1       ;
; cd:caminodatos|memdat:memoriadatos|mem~884    ; 1       ;
; cd:caminodatos|memdat:memoriadatos|mem~1523   ; 1       ;
; cd:caminodatos|memdat:memoriadatos|mem~1522   ; 1       ;
; cd:caminodatos|memdat:memoriadatos|mem~964    ; 1       ;
; cd:caminodatos|memdat:memoriadatos|mem~1521   ; 1       ;
; cd:caminodatos|memdat:memoriadatos|mem~772    ; 1       ;
; cd:caminodatos|memdat:memoriadatos|mem~836    ; 1       ;
; cd:caminodatos|memdat:memoriadatos|mem~900    ; 1       ;
; cd:caminodatos|memdat:memoriadatos|mem~1520   ; 1       ;
; cd:caminodatos|memdat:memoriadatos|mem~996    ; 1       ;
; cd:caminodatos|memdat:memoriadatos|mem~1519   ; 1       ;
; cd:caminodatos|memdat:memoriadatos|mem~804    ; 1       ;
; cd:caminodatos|memdat:memoriadatos|mem~868    ; 1       ;
; cd:caminodatos|memdat:memoriadatos|mem~932    ; 1       ;
; cd:caminodatos|memdat:memoriadatos|mem~1518   ; 1       ;
; cd:caminodatos|memdat:memoriadatos|mem~980    ; 1       ;
; cd:caminodatos|memdat:memoriadatos|mem~1517   ; 1       ;
; cd:caminodatos|memdat:memoriadatos|mem~788    ; 1       ;
; cd:caminodatos|memdat:memoriadatos|mem~916    ; 1       ;
; cd:caminodatos|memdat:memoriadatos|mem~852    ; 1       ;
; cd:caminodatos|memdat:memoriadatos|mem~1516   ; 1       ;
; cd:caminodatos|memdat:memoriadatos|mem~1515   ; 1       ;
; cd:caminodatos|memdat:memoriadatos|mem~1514   ; 1       ;
; cd:caminodatos|memdat:memoriadatos|mem~244    ; 1       ;
; cd:caminodatos|memdat:memoriadatos|mem~1513   ; 1       ;
; cd:caminodatos|memdat:memoriadatos|mem~196    ; 1       ;
; cd:caminodatos|memdat:memoriadatos|mem~228    ; 1       ;
; cd:caminodatos|memdat:memoriadatos|mem~212    ; 1       ;
; cd:caminodatos|memdat:memoriadatos|mem~1512   ; 1       ;
; cd:caminodatos|memdat:memoriadatos|mem~1511   ; 1       ;
; cd:caminodatos|memdat:memoriadatos|mem~52     ; 1       ;
; cd:caminodatos|memdat:memoriadatos|mem~1510   ; 1       ;
; cd:caminodatos|memdat:memoriadatos|mem~4      ; 1       ;
; cd:caminodatos|memdat:memoriadatos|mem~20     ; 1       ;
; cd:caminodatos|memdat:memoriadatos|mem~36     ; 1       ;
; cd:caminodatos|memdat:memoriadatos|mem~1509   ; 1       ;
; cd:caminodatos|memdat:memoriadatos|mem~116    ; 1       ;
; cd:caminodatos|memdat:memoriadatos|mem~1508   ; 1       ;
; cd:caminodatos|memdat:memoriadatos|mem~68     ; 1       ;
; cd:caminodatos|memdat:memoriadatos|mem~100    ; 1       ;
; cd:caminodatos|memdat:memoriadatos|mem~84     ; 1       ;
; cd:caminodatos|memdat:memoriadatos|mem~1507   ; 1       ;
; cd:caminodatos|memdat:memoriadatos|mem~180    ; 1       ;
; cd:caminodatos|memdat:memoriadatos|mem~1506   ; 1       ;
; cd:caminodatos|memdat:memoriadatos|mem~132    ; 1       ;
; cd:caminodatos|memdat:memoriadatos|mem~148    ; 1       ;
; cd:caminodatos|memdat:memoriadatos|mem~164    ; 1       ;
; cd:caminodatos|memdat:memoriadatos|mem~1505   ; 1       ;
; cd:caminodatos|memdat:memoriadatos|mem~1504   ; 1       ;
; cd:caminodatos|memdat:memoriadatos|mem~756    ; 1       ;
; cd:caminodatos|memdat:memoriadatos|mem~1503   ; 1       ;
; cd:caminodatos|memdat:memoriadatos|mem~708    ; 1       ;
; cd:caminodatos|memdat:memoriadatos|mem~724    ; 1       ;
; cd:caminodatos|memdat:memoriadatos|mem~740    ; 1       ;
; cd:caminodatos|memdat:memoriadatos|mem~1502   ; 1       ;
; cd:caminodatos|memdat:memoriadatos|mem~1501   ; 1       ;
; cd:caminodatos|memdat:memoriadatos|mem~564    ; 1       ;
; cd:caminodatos|memdat:memoriadatos|mem~1500   ; 1       ;
; cd:caminodatos|memdat:memoriadatos|mem~516    ; 1       ;
; cd:caminodatos|memdat:memoriadatos|mem~548    ; 1       ;
; cd:caminodatos|memdat:memoriadatos|mem~532    ; 1       ;
; cd:caminodatos|memdat:memoriadatos|mem~1499   ; 1       ;
; cd:caminodatos|memdat:memoriadatos|mem~692    ; 1       ;
; cd:caminodatos|memdat:memoriadatos|mem~1498   ; 1       ;
; cd:caminodatos|memdat:memoriadatos|mem~644    ; 1       ;
; cd:caminodatos|memdat:memoriadatos|mem~676    ; 1       ;
; cd:caminodatos|memdat:memoriadatos|mem~660    ; 1       ;
; cd:caminodatos|memdat:memoriadatos|mem~1497   ; 1       ;
; cd:caminodatos|memdat:memoriadatos|mem~628    ; 1       ;
; cd:caminodatos|memdat:memoriadatos|mem~1496   ; 1       ;
; cd:caminodatos|memdat:memoriadatos|mem~580    ; 1       ;
; cd:caminodatos|memdat:memoriadatos|mem~596    ; 1       ;
; cd:caminodatos|memdat:memoriadatos|mem~612    ; 1       ;
; cd:caminodatos|memdat:memoriadatos|mem~1495   ; 1       ;
; cd:caminodatos|memdat:memoriadatos|mem~1494   ; 1       ;
; cd:caminodatos|memdat:memoriadatos|mem~500    ; 1       ;
; cd:caminodatos|memdat:memoriadatos|mem~1493   ; 1       ;
; cd:caminodatos|memdat:memoriadatos|mem~308    ; 1       ;
; cd:caminodatos|memdat:memoriadatos|mem~372    ; 1       ;
; cd:caminodatos|memdat:memoriadatos|mem~436    ; 1       ;
; cd:caminodatos|memdat:memoriadatos|mem~1492   ; 1       ;
; cd:caminodatos|memdat:memoriadatos|mem~1491   ; 1       ;
; cd:caminodatos|memdat:memoriadatos|mem~452    ; 1       ;
; cd:caminodatos|memdat:memoriadatos|mem~1490   ; 1       ;
; cd:caminodatos|memdat:memoriadatos|mem~260    ; 1       ;
; cd:caminodatos|memdat:memoriadatos|mem~388    ; 1       ;
; cd:caminodatos|memdat:memoriadatos|mem~324    ; 1       ;
; cd:caminodatos|memdat:memoriadatos|mem~1489   ; 1       ;
; cd:caminodatos|memdat:memoriadatos|mem~468    ; 1       ;
; cd:caminodatos|memdat:memoriadatos|mem~1488   ; 1       ;
; cd:caminodatos|memdat:memoriadatos|mem~276    ; 1       ;
; cd:caminodatos|memdat:memoriadatos|mem~340    ; 1       ;
; cd:caminodatos|memdat:memoriadatos|mem~404    ; 1       ;
; cd:caminodatos|memdat:memoriadatos|mem~1487   ; 1       ;
; cd:caminodatos|memdat:memoriadatos|mem~484    ; 1       ;
; cd:caminodatos|memdat:memoriadatos|mem~1486   ; 1       ;
; cd:caminodatos|memdat:memoriadatos|mem~292    ; 1       ;
; cd:caminodatos|memdat:memoriadatos|mem~420    ; 1       ;
; cd:caminodatos|memdat:memoriadatos|mem~356    ; 1       ;
; cd:caminodatos|memdat:memoriadatos|mem~1485   ; 1       ;
; cd:caminodatos|memdat:memoriadatos|mem~1484   ; 1       ;
; cd:caminodatos|memdat:memoriadatos|mem~1483   ; 1       ;
; cd:caminodatos|memdat:memoriadatos|mem~1013   ; 1       ;
; cd:caminodatos|memdat:memoriadatos|mem~1482   ; 1       ;
; cd:caminodatos|memdat:memoriadatos|mem~821    ; 1       ;
; cd:caminodatos|memdat:memoriadatos|mem~949    ; 1       ;
; cd:caminodatos|memdat:memoriadatos|mem~885    ; 1       ;
; cd:caminodatos|memdat:memoriadatos|mem~1481   ; 1       ;
+-----------------------------------------------+---------+


+------------------------------------------------------+
; Other Routing Usage Summary                          ;
+-----------------------------+------------------------+
; Other Routing Resource Type ; Usage                  ;
+-----------------------------+------------------------+
; Block interconnects         ; 3,563 / 54,004 ( 7 % ) ;
; C16 interconnects           ; 10 / 2,100 ( < 1 % )   ;
; C4 interconnects            ; 2,077 / 36,000 ( 6 % ) ;
; Direct links                ; 313 / 54,004 ( < 1 % ) ;
; Global clocks               ; 2 / 16 ( 13 % )        ;
; Local interconnects         ; 729 / 18,752 ( 4 % )   ;
; R24 interconnects           ; 16 / 1,900 ( < 1 % )   ;
; R4 interconnects            ; 2,325 / 46,920 ( 5 % ) ;
+-----------------------------+------------------------+


+-----------------------------------------------------------------------------+
; LAB Logic Elements                                                          ;
+---------------------------------------------+-------------------------------+
; Number of Logic Elements  (Average = 13.33) ; Number of LABs  (Total = 151) ;
+---------------------------------------------+-------------------------------+
; 1                                           ; 4                             ;
; 2                                           ; 4                             ;
; 3                                           ; 1                             ;
; 4                                           ; 3                             ;
; 5                                           ; 1                             ;
; 6                                           ; 4                             ;
; 7                                           ; 2                             ;
; 8                                           ; 5                             ;
; 9                                           ; 2                             ;
; 10                                          ; 5                             ;
; 11                                          ; 6                             ;
; 12                                          ; 0                             ;
; 13                                          ; 9                             ;
; 14                                          ; 6                             ;
; 15                                          ; 16                            ;
; 16                                          ; 83                            ;
+---------------------------------------------+-------------------------------+


+--------------------------------------------------------------------+
; LAB-wide Signals                                                   ;
+------------------------------------+-------------------------------+
; LAB-wide Signals  (Average = 1.97) ; Number of LABs  (Total = 151) ;
+------------------------------------+-------------------------------+
; 1 Async. clear                     ; 4                             ;
; 1 Clock                            ; 151                           ;
; 1 Clock enable                     ; 35                            ;
; 1 Sync. load                       ; 2                             ;
; 2 Clock enables                    ; 106                           ;
+------------------------------------+-------------------------------+


+------------------------------------------------------------------------------+
; LAB Signals Sourced                                                          ;
+----------------------------------------------+-------------------------------+
; Number of Signals Sourced  (Average = 20.11) ; Number of LABs  (Total = 151) ;
+----------------------------------------------+-------------------------------+
; 0                                            ; 0                             ;
; 1                                            ; 3                             ;
; 2                                            ; 1                             ;
; 3                                            ; 1                             ;
; 4                                            ; 3                             ;
; 5                                            ; 1                             ;
; 6                                            ; 2                             ;
; 7                                            ; 1                             ;
; 8                                            ; 1                             ;
; 9                                            ; 0                             ;
; 10                                           ; 3                             ;
; 11                                           ; 2                             ;
; 12                                           ; 4                             ;
; 13                                           ; 5                             ;
; 14                                           ; 3                             ;
; 15                                           ; 1                             ;
; 16                                           ; 4                             ;
; 17                                           ; 9                             ;
; 18                                           ; 10                            ;
; 19                                           ; 12                            ;
; 20                                           ; 9                             ;
; 21                                           ; 6                             ;
; 22                                           ; 7                             ;
; 23                                           ; 6                             ;
; 24                                           ; 11                            ;
; 25                                           ; 6                             ;
; 26                                           ; 12                            ;
; 27                                           ; 7                             ;
; 28                                           ; 4                             ;
; 29                                           ; 7                             ;
; 30                                           ; 3                             ;
; 31                                           ; 4                             ;
; 32                                           ; 3                             ;
+----------------------------------------------+-------------------------------+


+----------------------------------------------------------------------------------+
; LAB Signals Sourced Out                                                          ;
+--------------------------------------------------+-------------------------------+
; Number of Signals Sourced Out  (Average = 10.02) ; Number of LABs  (Total = 151) ;
+--------------------------------------------------+-------------------------------+
; 0                                                ; 0                             ;
; 1                                                ; 4                             ;
; 2                                                ; 7                             ;
; 3                                                ; 3                             ;
; 4                                                ; 5                             ;
; 5                                                ; 5                             ;
; 6                                                ; 10                            ;
; 7                                                ; 6                             ;
; 8                                                ; 14                            ;
; 9                                                ; 13                            ;
; 10                                               ; 13                            ;
; 11                                               ; 12                            ;
; 12                                               ; 11                            ;
; 13                                               ; 13                            ;
; 14                                               ; 13                            ;
; 15                                               ; 6                             ;
; 16                                               ; 9                             ;
; 17                                               ; 1                             ;
; 18                                               ; 1                             ;
; 19                                               ; 4                             ;
; 20                                               ; 1                             ;
+--------------------------------------------------+-------------------------------+


+------------------------------------------------------------------------------+
; LAB Distinct Inputs                                                          ;
+----------------------------------------------+-------------------------------+
; Number of Distinct Inputs  (Average = 23.03) ; Number of LABs  (Total = 151) ;
+----------------------------------------------+-------------------------------+
; 0                                            ; 0                             ;
; 1                                            ; 0                             ;
; 2                                            ; 0                             ;
; 3                                            ; 3                             ;
; 4                                            ; 3                             ;
; 5                                            ; 0                             ;
; 6                                            ; 1                             ;
; 7                                            ; 1                             ;
; 8                                            ; 3                             ;
; 9                                            ; 2                             ;
; 10                                           ; 5                             ;
; 11                                           ; 3                             ;
; 12                                           ; 2                             ;
; 13                                           ; 3                             ;
; 14                                           ; 1                             ;
; 15                                           ; 5                             ;
; 16                                           ; 2                             ;
; 17                                           ; 5                             ;
; 18                                           ; 4                             ;
; 19                                           ; 2                             ;
; 20                                           ; 8                             ;
; 21                                           ; 2                             ;
; 22                                           ; 2                             ;
; 23                                           ; 2                             ;
; 24                                           ; 4                             ;
; 25                                           ; 12                            ;
; 26                                           ; 1                             ;
; 27                                           ; 5                             ;
; 28                                           ; 7                             ;
; 29                                           ; 19                            ;
; 30                                           ; 21                            ;
; 31                                           ; 22                            ;
; 32                                           ; 1                             ;
+----------------------------------------------+-------------------------------+


+-------------------------------------------------------------------------+
; Fitter Device Options                                                   ;
+----------------------------------------------+--------------------------+
; Option                                       ; Setting                  ;
+----------------------------------------------+--------------------------+
; Enable user-supplied start-up clock (CLKUSR) ; Off                      ;
; Enable device-wide reset (DEV_CLRn)          ; Off                      ;
; Enable device-wide output enable (DEV_OE)    ; Off                      ;
; Enable INIT_DONE output                      ; Off                      ;
; Configuration scheme                         ; Active Serial            ;
; Error detection CRC                          ; Off                      ;
; nCEO                                         ; As output driving ground ;
; ASDO,nCSO                                    ; As input tri-stated      ;
; Reserve all unused pins                      ; As output driving ground ;
; Base pin-out file on sameframe device        ; Off                      ;
+----------------------------------------------+--------------------------+


+------------------------------------+
; Operating Settings and Conditions  ;
+---------------------------+--------+
; Setting                   ; Value  ;
+---------------------------+--------+
; Nominal Core Voltage      ; 1.20 V ;
; Low Junction Temperature  ; 0 °C   ;
; High Junction Temperature ; 85 °C  ;
+---------------------------+--------+


+-----------------+
; Fitter Messages ;
+-----------------+
Warning (20028): Parallel compilation is not licensed and has been disabled
Info (119006): Selected device EP2C20F484C7 for design "actividad2_1"
Info (21077): Low junction temperature is 0 degrees C
Info (21077): High junction temperature is 85 degrees C
Info (171003): Fitter is performing an Auto Fit compilation, which may decrease Fitter effort to reduce compilation time
Warning (292013): Feature LogicLock is only available with a valid subscription license. You can purchase a software subscription to gain full access to this feature.
Info (176444): Device migration not selected. If you intend to use device migration later, you may need to change the pin assignments as they may be incompatible with other devices
    Info (176445): Device EP2C15AF484C7 is compatible
    Info (176445): Device EP2C35F484C7 is compatible
    Info (176445): Device EP2C50F484C7 is compatible
Info (169124): Fitter converted 3 user pins into dedicated programming pins
    Info (169125): Pin ~ASDO~ is reserved at location C4
    Info (169125): Pin ~nCSO~ is reserved at location C3
    Info (169125): Pin ~LVDS91p/nCEO~ is reserved at location W20
Critical Warning (169085): No exact pin location assignment(s) for 12 pins of 12 total pins
    Info (169086): Pin pc_salida[0] not assigned to an exact location on the device
    Info (169086): Pin pc_salida[1] not assigned to an exact location on the device
    Info (169086): Pin pc_salida[2] not assigned to an exact location on the device
    Info (169086): Pin pc_salida[3] not assigned to an exact location on the device
    Info (169086): Pin pc_salida[4] not assigned to an exact location on the device
    Info (169086): Pin pc_salida[5] not assigned to an exact location on the device
    Info (169086): Pin pc_salida[6] not assigned to an exact location on the device
    Info (169086): Pin pc_salida[7] not assigned to an exact location on the device
    Info (169086): Pin pc_salida[8] not assigned to an exact location on the device
    Info (169086): Pin pc_salida[9] not assigned to an exact location on the device
    Info (169086): Pin clk not assigned to an exact location on the device
    Info (169086): Pin reset not assigned to an exact location on the device
Info (332104): Reading SDC File: 'DE1.sdc'
Warning (332174): Ignored filter at DE1.sdc(1): CLOCK_50 could not be matched with a port
Warning (332049): Ignored create_clock at DE1.sdc(1): Argument <targets> is an empty collection
    Info (332050): create_clock -name {CLOCK_50} -period 20.000 [get_ports {CLOCK_50}]
Warning (332174): Ignored filter at DE1.sdc(5): SW[*] could not be matched with a port
Warning (332049): Ignored set_false_path at DE1.sdc(5): Argument <from> is an empty collection
    Info (332050): set_false_path -from [get_ports {SW[*]}] -to [all_registers]
Warning (332174): Ignored filter at DE1.sdc(6): KEY[*] could not be matched with a port
Warning (332049): Ignored set_false_path at DE1.sdc(6): Argument <from> is an empty collection
    Info (332050): set_false_path -from [get_ports {KEY[*]}] -to [all_registers]
Info (332144): No user constrained base clocks found in the design
Info (332130): Timing requirements not specified -- quality metrics such as performance may be sacrificed to reduce compilation time.
Info (176353): Automatically promoted node clk (placed in PIN M1 (CLK2, LVDSCLK1p, Input))
    Info (176355): Automatically promoted destinations to use location or clock signal Global Clock CLKCTRL_G3
Info (176353): Automatically promoted node reset (placed in PIN M2 (CLK3, LVDSCLK1n, Input))
    Info (176355): Automatically promoted destinations to use location or clock signal Global Clock CLKCTRL_G1
    Info (176356): Following destination nodes may be non-global or may not use global or regional clocks
        Info (176357): Destination node cd:caminodatos|stack:pila|sp[0]
        Info (176357): Destination node cd:caminodatos|stack:pila|sp[1]
        Info (176357): Destination node cd:caminodatos|stack:pila|sp[2]
        Info (176357): Destination node cd:caminodatos|stack:pila|sp[3]
        Info (176357): Destination node cd:caminodatos|stack:pila|stackmem~261
        Info (176357): Destination node cd:caminodatos|stack:pila|sp[2]~5
        Info (176357): Destination node cd:caminodatos|stack:pila|stackmem~263
        Info (176357): Destination node cd:caminodatos|stack:pila|stackmem~265
        Info (176357): Destination node cd:caminodatos|stack:pila|stackmem~267
        Info (176357): Destination node cd:caminodatos|stack:pila|stackmem~269
        Info (176358): Non-global destination nodes limited to 10 nodes
Info (176233): Starting register packing
Info (176235): Finished register packing
    Extra Info (176219): No registers were packed into other blocks
Info (176214): Statistics of I/O pins that need to be placed that use the same VCCIO and VREF, before I/O pin placement
    Info (176211): Number of I/O pins in group: 10 (unused VREF, 3.3V VCCIO, 0 input, 10 output, 0 bidirectional)
        Info (176212): I/O standards used: 3.3-V LVTTL.
Info (176215): I/O bank details before I/O pin placement
    Info (176214): Statistics of I/O banks
        Info (176213): I/O bank number 1 does not use VREF pins and has undetermined VCCIO pins. 2 total pin(s) used --  39 pins available
        Info (176213): I/O bank number 2 does not use VREF pins and has undetermined VCCIO pins. 2 total pin(s) used --  31 pins available
        Info (176213): I/O bank number 3 does not use VREF pins and has undetermined VCCIO pins. 0 total pin(s) used --  43 pins available
        Info (176213): I/O bank number 4 does not use VREF pins and has undetermined VCCIO pins. 0 total pin(s) used --  40 pins available
        Info (176213): I/O bank number 5 does not use VREF pins and has undetermined VCCIO pins. 0 total pin(s) used --  39 pins available
        Info (176213): I/O bank number 6 does not use VREF pins and has undetermined VCCIO pins. 1 total pin(s) used --  35 pins available
        Info (176213): I/O bank number 7 does not use VREF pins and has undetermined VCCIO pins. 0 total pin(s) used --  40 pins available
        Info (176213): I/O bank number 8 does not use VREF pins and has undetermined VCCIO pins. 0 total pin(s) used --  43 pins available
Info (171121): Fitter preparation operations ending: elapsed time is 00:00:01
Info (170189): Fitter placement preparation operations beginning
Info (170190): Fitter placement preparation operations ending: elapsed time is 00:00:01
Info (170191): Fitter placement operations beginning
Info (170137): Fitter placement was successful
Info (170192): Fitter placement operations ending: elapsed time is 00:00:03
Info (170193): Fitter routing operations beginning
Info (170195): Router estimated average interconnect usage is 3% of the available device resources
    Info (170196): Router estimated peak interconnect usage is 20% of the available device resources in the region that extends from location X25_Y14 to location X37_Y27
Info (170194): Fitter routing operations ending: elapsed time is 00:00:04
Info (170199): The Fitter performed an Auto Fit compilation.  Optimizations were skipped to reduce compilation time.
    Info (170201): Optimizations that may affect the design's routability were skipped
Info (11888): Total time spent on timing analysis during the Fitter is 0.89 seconds.
Info (306004): Started post-fitting delay annotation
Warning (306006): Found 10 output pins without output pin load capacitance assignment
    Info (306007): Pin "pc_salida[0]" has no specified output pin load capacitance -- assuming default load capacitance of 0 pF for timing analysis
    Info (306007): Pin "pc_salida[1]" has no specified output pin load capacitance -- assuming default load capacitance of 0 pF for timing analysis
    Info (306007): Pin "pc_salida[2]" has no specified output pin load capacitance -- assuming default load capacitance of 0 pF for timing analysis
    Info (306007): Pin "pc_salida[3]" has no specified output pin load capacitance -- assuming default load capacitance of 0 pF for timing analysis
    Info (306007): Pin "pc_salida[4]" has no specified output pin load capacitance -- assuming default load capacitance of 0 pF for timing analysis
    Info (306007): Pin "pc_salida[5]" has no specified output pin load capacitance -- assuming default load capacitance of 0 pF for timing analysis
    Info (306007): Pin "pc_salida[6]" has no specified output pin load capacitance -- assuming default load capacitance of 0 pF for timing analysis
    Info (306007): Pin "pc_salida[7]" has no specified output pin load capacitance -- assuming default load capacitance of 0 pF for timing analysis
    Info (306007): Pin "pc_salida[8]" has no specified output pin load capacitance -- assuming default load capacitance of 0 pF for timing analysis
    Info (306007): Pin "pc_salida[9]" has no specified output pin load capacitance -- assuming default load capacitance of 0 pF for timing analysis
Info (306005): Delay annotation completed successfully
Info (306004): Started post-fitting delay annotation
Info (306005): Delay annotation completed successfully
Info (11218): Fitter post-fit operations ending: elapsed time is 00:00:01
Warning (169174): The Reserve All Unused Pins setting has not been specified, and will default to 'As output driving ground'.
Info (144001): Generated suppressed messages file C:/Users/User/Desktop/Proyectos/3/Diseno_Procesadores/Actividad_2_1/output_files/actividad2_1.fit.smsg
Info: Quartus II 64-Bit Fitter was successful. 0 errors, 11 warnings
    Info: Peak virtual memory: 4914 megabytes
    Info: Processing ended: Sat Mar 14 23:08:36 2026
    Info: Elapsed time: 00:00:11
    Info: Total CPU time (on all processors): 00:00:11


+----------------------------+
; Fitter Suppressed Messages ;
+----------------------------+
The suppressed messages can be found in C:/Users/User/Desktop/Proyectos/3/Diseno_Procesadores/Actividad_2_1/output_files/actividad2_1.fit.smsg.


