$date
	Wed Oct 16 16:37:52 2024
$end
$version
	Icarus Verilog
$end
$timescale
	10ps
$end
$scope module alu_tb $end
$var wire 1 ! t_z $end
$var wire 1 " t_s $end
$var wire 1 # t_c $end
$var wire 4 $ t_R [3:0] $end
$var reg 1 % error $end
$var reg 1 & error_R $end
$var reg 1 ' error_c $end
$var reg 1 ( error_s $end
$var reg 1 ) error_z $end
$var reg 4 * t_A [3:0] $end
$var reg 4 + t_B [3:0] $end
$var reg 3 , t_Op [2:0] $end
$var reg 1 - t_cin $end
$var integer 32 . errores [31:0] $end
$scope module mat $end
$var wire 4 / A [3:0] $end
$var wire 4 0 B [3:0] $end
$var wire 3 1 Op [2:0] $end
$var wire 1 - c_in $end
$var wire 1 ! zero $end
$var wire 4 2 ul4_wire [3:0] $end
$var wire 4 3 sum4_wire [3:0] $end
$var wire 1 " sign $end
$var wire 1 # carry $end
$var wire 4 4 R [3:0] $end
$var wire 4 5 OP2 [3:0] $end
$var wire 4 6 OP1 [3:0] $end
$scope module mux2_4_1 $end
$var wire 1 7 s $end
$var wire 4 8 Out [3:0] $end
$var wire 4 9 B [3:0] $end
$var wire 4 : A [3:0] $end
$upscope $end
$scope module preprocess_1 $end
$var wire 4 ; A [3:0] $end
$var wire 4 < B [3:0] $end
$var wire 3 = Op [2:0] $end
$var wire 1 > add1 $end
$var wire 1 ? cpl $end
$var wire 1 @ op1_A $end
$var wire 1 A op2_B $end
$var wire 4 B wiremux2 [3:0] $end
$var wire 4 C wiremux1 [3:0] $end
$var wire 4 D BMod [3:0] $end
$var wire 4 E AMod [3:0] $end
$scope module cpl_1 $end
$var wire 1 ? cpl $end
$var wire 4 F Out [3:0] $end
$var wire 4 G Inp [3:0] $end
$upscope $end
$scope module mux2_1 $end
$var wire 4 H A [3:0] $end
$var wire 4 I B [3:0] $end
$var wire 1 > s $end
$var wire 4 J Out [3:0] $end
$upscope $end
$scope module mux2_2 $end
$var wire 4 K A [3:0] $end
$var wire 4 L B [3:0] $end
$var wire 1 A s $end
$var wire 4 M Out [3:0] $end
$upscope $end
$scope module mux2_3 $end
$var wire 4 N A [3:0] $end
$var wire 4 O B [3:0] $end
$var wire 1 @ s $end
$var wire 4 P Out [3:0] $end
$upscope $end
$upscope $end
$scope module sum4_1 $end
$var wire 4 Q A [3:0] $end
$var wire 4 R B [3:0] $end
$var wire 1 - c_in $end
$var wire 1 # c_out $end
$var wire 4 S S [3:0] $end
$var wire 1 T C3 $end
$var wire 1 U C2 $end
$var wire 1 V C1 $end
$upscope $end
$scope module ul4_1 $end
$var wire 4 W A [3:0] $end
$var wire 4 X B [3:0] $end
$var wire 2 Y S [1:0] $end
$var wire 4 Z Out [3:0] $end
$scope module cl1 $end
$var wire 2 [ S [1:0] $end
$var wire 1 \ a $end
$var wire 1 ] b $end
$var wire 1 ^ wire1 $end
$var wire 1 _ wire2 $end
$var wire 1 ` wire3 $end
$var wire 1 a wire4 $end
$var wire 1 b out $end
$scope module mux4_1_1 $end
$var wire 2 c S [1:0] $end
$var wire 1 ^ a $end
$var wire 1 _ b $end
$var wire 1 ` c $end
$var wire 1 a d $end
$var reg 1 b out $end
$upscope $end
$upscope $end
$scope module cl2 $end
$var wire 2 d S [1:0] $end
$var wire 1 e a $end
$var wire 1 f b $end
$var wire 1 g wire1 $end
$var wire 1 h wire2 $end
$var wire 1 i wire3 $end
$var wire 1 j wire4 $end
$var wire 1 k out $end
$scope module mux4_1_1 $end
$var wire 2 l S [1:0] $end
$var wire 1 g a $end
$var wire 1 h b $end
$var wire 1 i c $end
$var wire 1 j d $end
$var reg 1 k out $end
$upscope $end
$upscope $end
$scope module cl3 $end
$var wire 2 m S [1:0] $end
$var wire 1 n a $end
$var wire 1 o b $end
$var wire 1 p wire1 $end
$var wire 1 q wire2 $end
$var wire 1 r wire3 $end
$var wire 1 s wire4 $end
$var wire 1 t out $end
$scope module mux4_1_1 $end
$var wire 2 u S [1:0] $end
$var wire 1 p a $end
$var wire 1 q b $end
$var wire 1 r c $end
$var wire 1 s d $end
$var reg 1 t out $end
$upscope $end
$upscope $end
$scope module cl4 $end
$var wire 2 v S [1:0] $end
$var wire 1 w a $end
$var wire 1 x b $end
$var wire 1 y wire1 $end
$var wire 1 z wire2 $end
$var wire 1 { wire3 $end
$var wire 1 | wire4 $end
$var wire 1 } out $end
$scope module mux4_1_1 $end
$var wire 2 ~ S [1:0] $end
$var wire 1 y a $end
$var wire 1 z b $end
$var wire 1 { c $end
$var wire 1 | d $end
$var reg 1 } out $end
$upscope $end
$upscope $end
$upscope $end
$upscope $end
$scope task check $end
$var reg 5 !" expected_R [4:0] $end
$var reg 1 "" expected_c $end
$var reg 1 #" expected_s $end
$var reg 1 $" expected_z $end
$upscope $end
$upscope $end
$scope module fa $end
$var wire 1 %" a $end
$var wire 1 &" b $end
$var wire 1 '" c_in $end
$var wire 1 (" sum $end
$var wire 1 )" c_out $end
$upscope $end
$enddefinitions $end
$comment Show the parameter values. $end
$dumpall
$end
#0
$dumpvars
x)"
x("
z'"
z&"
z%"
x$"
x#"
x""
bx !"
b0 ~
0}
1|
0{
0z
0y
0x
0w
b0 v
b0 u
0t
1s
0r
0q
0p
0o
0n
b0 m
b0 l
0k
1j
0i
0h
0g
0f
0e
b0 d
b0 c
0b
1a
0`
0_
0^
0]
0\
b0 [
b0 Z
b0 Y
b0 X
b0 W
0V
0U
0T
b0 S
b0 R
b0 Q
b0 P
b0 O
b0 N
b0 M
b0 L
b0 K
b0 J
b1 I
b0 H
b0 G
b0 F
b0 E
b0 D
b0 C
b0 B
0A
0@
0?
0>
b0 =
b0 <
b0 ;
b0 :
b0 9
b0 8
07
b0 6
b0 5
b0 4
b0 3
b0 2
b0 1
b0 0
b0 /
b0 .
0-
b0 ,
b0 +
b0 *
x)
x(
x'
x&
x%
b0 $
0#
0"
1!
$end
#1
0%
0)
0&
1$"
0'
0(
0#"
0""
b0 !"
#1000
b1 +
b1 0
b1 <
b1 L
#2000
b10 +
b10 0
b10 <
b10 L
#3000
b11 +
b11 0
b11 <
b11 L
#4000
b100 +
b100 0
b100 <
b100 L
#5000
b101 +
b101 0
b101 <
b101 L
#6000
b110 +
b110 0
b110 <
b110 L
#7000
b111 +
b111 0
b111 <
b111 L
#8000
b1000 +
b1000 0
b1000 <
b1000 L
#9000
b1001 +
b1001 0
b1001 <
b1001 L
#10000
b1010 +
b1010 0
b1010 <
b1010 L
#11000
b1011 +
b1011 0
b1011 <
b1011 L
#12000
b1100 +
b1100 0
b1100 <
b1100 L
#13000
b1101 +
b1101 0
b1101 <
b1101 L
#14000
b1110 +
b1110 0
b1110 <
b1110 L
#15000
b1111 +
b1111 0
b1111 <
b1111 L
#16000
0!
b1 $
b1 4
b1 8
b1 3
b1 :
b1 S
1_
1`
0a
1]
b1 5
b1 D
b1 F
b1 R
b1 X
b1 B
b1 G
b1 M
b1 *
b1 /
b1 ;
b1 K
b1 O
b0 +
b0 0
b0 <
b0 L
#16001
0$"
b1 !"
#17000
b1 +
b1 0
b1 <
b1 L
#18000
b10 +
b10 0
b10 <
b10 L
#19000
b11 +
b11 0
b11 <
b11 L
#20000
b100 +
b100 0
b100 <
b100 L
#21000
b101 +
b101 0
b101 <
b101 L
#22000
b110 +
b110 0
b110 <
b110 L
#23000
b111 +
b111 0
b111 <
b111 L
#24000
b1000 +
b1000 0
b1000 <
b1000 L
#25000
b1001 +
b1001 0
b1001 <
b1001 L
#26000
b1010 +
b1010 0
b1010 <
b1010 L
#27000
b1011 +
b1011 0
b1011 <
b1011 L
#28000
b1100 +
b1100 0
b1100 <
b1100 L
#29000
b1101 +
b1101 0
b1101 <
b1101 L
#30000
b1110 +
b1110 0
b1110 <
b1110 L
#31000
b1111 +
b1111 0
b1111 <
b1111 L
#32000
b10 $
b10 4
b10 8
b10 3
b10 :
b10 S
0_
0`
1a
1h
1i
0j
0]
1f
b10 5
b10 D
b10 F
b10 R
b10 X
b10 B
b10 G
b10 M
b10 *
b10 /
b10 ;
b10 K
b10 O
b0 +
b0 0
b0 <
b0 L
#32001
b10 !"
#33000
b1 +
b1 0
b1 <
b1 L
#34000
b10 +
b10 0
b10 <
b10 L
#35000
b11 +
b11 0
b11 <
b11 L
#36000
b100 +
b100 0
b100 <
b100 L
#37000
b101 +
b101 0
b101 <
b101 L
#38000
b110 +
b110 0
b110 <
b110 L
#39000
b111 +
b111 0
b111 <
b111 L
#40000
b1000 +
b1000 0
b1000 <
b1000 L
#41000
b1001 +
b1001 0
b1001 <
b1001 L
#42000
b1010 +
b1010 0
b1010 <
b1010 L
#43000
b1011 +
b1011 0
b1011 <
b1011 L
#44000
b1100 +
b1100 0
b1100 <
b1100 L
#45000
b1101 +
b1101 0
b1101 <
b1101 L
#46000
b1110 +
b1110 0
b1110 <
b1110 L
#47000
b1111 +
b1111 0
b1111 <
b1111 L
#48000
b11 $
b11 4
b11 8
b11 3
b11 :
b11 S
1_
1`
0a
1]
b11 5
b11 D
b11 F
b11 R
b11 X
b11 B
b11 G
b11 M
b11 *
b11 /
b11 ;
b11 K
b11 O
b0 +
b0 0
b0 <
b0 L
#48001
b11 !"
#49000
b1 +
b1 0
b1 <
b1 L
#50000
b10 +
b10 0
b10 <
b10 L
#51000
b11 +
b11 0
b11 <
b11 L
#52000
b100 +
b100 0
b100 <
b100 L
#53000
b101 +
b101 0
b101 <
b101 L
#54000
b110 +
b110 0
b110 <
b110 L
#55000
b111 +
b111 0
b111 <
b111 L
#56000
b1000 +
b1000 0
b1000 <
b1000 L
#57000
b1001 +
b1001 0
b1001 <
b1001 L
#58000
b1010 +
b1010 0
b1010 <
b1010 L
#59000
b1011 +
b1011 0
b1011 <
b1011 L
#60000
b1100 +
b1100 0
b1100 <
b1100 L
#61000
b1101 +
b1101 0
b1101 <
b1101 L
#62000
b1110 +
b1110 0
b1110 <
b1110 L
#63000
b1111 +
b1111 0
b1111 <
b1111 L
#64000
b100 $
b100 4
b100 8
b100 3
b100 :
b100 S
0_
0`
1a
0h
0i
1j
1q
1r
0s
0]
0f
1o
b100 5
b100 D
b100 F
b100 R
b100 X
b100 B
b100 G
b100 M
b100 *
b100 /
b100 ;
b100 K
b100 O
b0 +
b0 0
b0 <
b0 L
#64001
b100 !"
#65000
b1 +
b1 0
b1 <
b1 L
#66000
b10 +
b10 0
b10 <
b10 L
#67000
b11 +
b11 0
b11 <
b11 L
#68000
b100 +
b100 0
b100 <
b100 L
#69000
b101 +
b101 0
b101 <
b101 L
#70000
b110 +
b110 0
b110 <
b110 L
#71000
b111 +
b111 0
b111 <
b111 L
#72000
b1000 +
b1000 0
b1000 <
b1000 L
#73000
b1001 +
b1001 0
b1001 <
b1001 L
#74000
b1010 +
b1010 0
b1010 <
b1010 L
#75000
b1011 +
b1011 0
b1011 <
b1011 L
#76000
b1100 +
b1100 0
b1100 <
b1100 L
#77000
b1101 +
b1101 0
b1101 <
b1101 L
#78000
b1110 +
b1110 0
b1110 <
b1110 L
#79000
b1111 +
b1111 0
b1111 <
b1111 L
#80000
b101 $
b101 4
b101 8
b101 3
b101 :
b101 S
1_
1`
0a
1]
b101 5
b101 D
b101 F
b101 R
b101 X
b101 B
b101 G
b101 M
b101 *
b101 /
b101 ;
b101 K
b101 O
b0 +
b0 0
b0 <
b0 L
#80001
b101 !"
#81000
b1 +
b1 0
b1 <
b1 L
#82000
b10 +
b10 0
b10 <
b10 L
#83000
b11 +
b11 0
b11 <
b11 L
#84000
b100 +
b100 0
b100 <
b100 L
#85000
b101 +
b101 0
b101 <
b101 L
#86000
b110 +
b110 0
b110 <
b110 L
#87000
b111 +
b111 0
b111 <
b111 L
#88000
b1000 +
b1000 0
b1000 <
b1000 L
#89000
b1001 +
b1001 0
b1001 <
b1001 L
#90000
b1010 +
b1010 0
b1010 <
b1010 L
#91000
b1011 +
b1011 0
b1011 <
b1011 L
#92000
b1100 +
b1100 0
b1100 <
b1100 L
#93000
b1101 +
b1101 0
b1101 <
b1101 L
#94000
b1110 +
b1110 0
b1110 <
b1110 L
#95000
b1111 +
b1111 0
b1111 <
b1111 L
#96000
b110 $
b110 4
b110 8
b110 3
b110 :
b110 S
0_
0`
1a
1h
1i
0j
0]
1f
b110 5
b110 D
b110 F
b110 R
b110 X
b110 B
b110 G
b110 M
b110 *
b110 /
b110 ;
b110 K
b110 O
b0 +
b0 0
b0 <
b0 L
#96001
b110 !"
#97000
b1 +
b1 0
b1 <
b1 L
#98000
b10 +
b10 0
b10 <
b10 L
#99000
b11 +
b11 0
b11 <
b11 L
#100000
b100 +
b100 0
b100 <
b100 L
#101000
b101 +
b101 0
b101 <
b101 L
#102000
b110 +
b110 0
b110 <
b110 L
#103000
b111 +
b111 0
b111 <
b111 L
#104000
b1000 +
b1000 0
b1000 <
b1000 L
#105000
b1001 +
b1001 0
b1001 <
b1001 L
#106000
b1010 +
b1010 0
b1010 <
b1010 L
#107000
b1011 +
b1011 0
b1011 <
b1011 L
#108000
b1100 +
b1100 0
b1100 <
b1100 L
#109000
b1101 +
b1101 0
b1101 <
b1101 L
#110000
b1110 +
b1110 0
b1110 <
b1110 L
#111000
b1111 +
b1111 0
b1111 <
b1111 L
#112000
b111 $
b111 4
b111 8
b111 3
b111 :
b111 S
1_
1`
0a
1]
b111 5
b111 D
b111 F
b111 R
b111 X
b111 B
b111 G
b111 M
b111 *
b111 /
b111 ;
b111 K
b111 O
b0 +
b0 0
b0 <
b0 L
#112001
b111 !"
#113000
b1 +
b1 0
b1 <
b1 L
#114000
b10 +
b10 0
b10 <
b10 L
#115000
b11 +
b11 0
b11 <
b11 L
#116000
b100 +
b100 0
b100 <
b100 L
#117000
b101 +
b101 0
b101 <
b101 L
#118000
b110 +
b110 0
b110 <
b110 L
#119000
b111 +
b111 0
b111 <
b111 L
#120000
b1000 +
b1000 0
b1000 <
b1000 L
#121000
b1001 +
b1001 0
b1001 <
b1001 L
#122000
b1010 +
b1010 0
b1010 <
b1010 L
#123000
b1011 +
b1011 0
b1011 <
b1011 L
#124000
b1100 +
b1100 0
b1100 <
b1100 L
#125000
b1101 +
b1101 0
b1101 <
b1101 L
#126000
b1110 +
b1110 0
b1110 <
b1110 L
#127000
b1111 +
b1111 0
b1111 <
b1111 L
#128000
1"
b1000 $
b1000 4
b1000 8
b1000 3
b1000 :
b1000 S
0_
0`
1a
0h
0i
1j
0q
0r
1s
1z
1{
0|
0]
0f
0o
1x
b1000 5
b1000 D
b1000 F
b1000 R
b1000 X
b1000 B
b1000 G
b1000 M
b1000 *
b1000 /
b1000 ;
b1000 K
b1000 O
b0 +
b0 0
b0 <
b0 L
#128001
1#"
b1000 !"
#129000
b1 +
b1 0
b1 <
b1 L
#130000
b10 +
b10 0
b10 <
b10 L
#131000
b11 +
b11 0
b11 <
b11 L
#132000
b100 +
b100 0
b100 <
b100 L
#133000
b101 +
b101 0
b101 <
b101 L
#134000
b110 +
b110 0
b110 <
b110 L
#135000
b111 +
b111 0
b111 <
b111 L
#136000
b1000 +
b1000 0
b1000 <
b1000 L
#137000
b1001 +
b1001 0
b1001 <
b1001 L
#138000
b1010 +
b1010 0
b1010 <
b1010 L
#139000
b1011 +
b1011 0
b1011 <
b1011 L
#140000
b1100 +
b1100 0
b1100 <
b1100 L
#141000
b1101 +
b1101 0
b1101 <
b1101 L
#142000
b1110 +
b1110 0
b1110 <
b1110 L
#143000
b1111 +
b1111 0
b1111 <
b1111 L
#144000
b1001 $
b1001 4
b1001 8
b1001 3
b1001 :
b1001 S
1_
1`
0a
1]
b1001 5
b1001 D
b1001 F
b1001 R
b1001 X
b1001 B
b1001 G
b1001 M
b1001 *
b1001 /
b1001 ;
b1001 K
b1001 O
b0 +
b0 0
b0 <
b0 L
#144001
b1001 !"
#145000
b1 +
b1 0
b1 <
b1 L
#146000
b10 +
b10 0
b10 <
b10 L
#147000
b11 +
b11 0
b11 <
b11 L
#148000
b100 +
b100 0
b100 <
b100 L
#149000
b101 +
b101 0
b101 <
b101 L
#150000
b110 +
b110 0
b110 <
b110 L
#151000
b111 +
b111 0
b111 <
b111 L
#152000
b1000 +
b1000 0
b1000 <
b1000 L
#153000
b1001 +
b1001 0
b1001 <
b1001 L
#154000
b1010 +
b1010 0
b1010 <
b1010 L
#155000
b1011 +
b1011 0
b1011 <
b1011 L
#156000
b1100 +
b1100 0
b1100 <
b1100 L
#157000
b1101 +
b1101 0
b1101 <
b1101 L
#158000
b1110 +
b1110 0
b1110 <
b1110 L
#159000
b1111 +
b1111 0
b1111 <
b1111 L
#160000
b1010 $
b1010 4
b1010 8
b1010 3
b1010 :
b1010 S
0_
0`
1a
1h
1i
0j
0]
1f
b1010 5
b1010 D
b1010 F
b1010 R
b1010 X
b1010 B
b1010 G
b1010 M
b1010 *
b1010 /
b1010 ;
b1010 K
b1010 O
b0 +
b0 0
b0 <
b0 L
#160001
b1010 !"
#161000
b1 +
b1 0
b1 <
b1 L
#162000
b10 +
b10 0
b10 <
b10 L
#163000
b11 +
b11 0
b11 <
b11 L
#164000
b100 +
b100 0
b100 <
b100 L
#165000
b101 +
b101 0
b101 <
b101 L
#166000
b110 +
b110 0
b110 <
b110 L
#167000
b111 +
b111 0
b111 <
b111 L
#168000
b1000 +
b1000 0
b1000 <
b1000 L
#169000
b1001 +
b1001 0
b1001 <
b1001 L
#170000
b1010 +
b1010 0
b1010 <
b1010 L
#171000
b1011 +
b1011 0
b1011 <
b1011 L
#172000
b1100 +
b1100 0
b1100 <
b1100 L
#173000
b1101 +
b1101 0
b1101 <
b1101 L
#174000
b1110 +
b1110 0
b1110 <
b1110 L
#175000
b1111 +
b1111 0
b1111 <
b1111 L
#176000
b1011 $
b1011 4
b1011 8
b1011 3
b1011 :
b1011 S
1_
1`
0a
1]
b1011 5
b1011 D
b1011 F
b1011 R
b1011 X
b1011 B
b1011 G
b1011 M
b1011 *
b1011 /
b1011 ;
b1011 K
b1011 O
b0 +
b0 0
b0 <
b0 L
#176001
b1011 !"
#177000
b1 +
b1 0
b1 <
b1 L
#178000
b10 +
b10 0
b10 <
b10 L
#179000
b11 +
b11 0
b11 <
b11 L
#180000
b100 +
b100 0
b100 <
b100 L
#181000
b101 +
b101 0
b101 <
b101 L
#182000
b110 +
b110 0
b110 <
b110 L
#183000
b111 +
b111 0
b111 <
b111 L
#184000
b1000 +
b1000 0
b1000 <
b1000 L
#185000
b1001 +
b1001 0
b1001 <
b1001 L
#186000
b1010 +
b1010 0
b1010 <
b1010 L
#187000
b1011 +
b1011 0
b1011 <
b1011 L
#188000
b1100 +
b1100 0
b1100 <
b1100 L
#189000
b1101 +
b1101 0
b1101 <
b1101 L
#190000
b1110 +
b1110 0
b1110 <
b1110 L
#191000
b1111 +
b1111 0
b1111 <
b1111 L
#192000
b1100 $
b1100 4
b1100 8
b1100 3
b1100 :
b1100 S
0_
0`
1a
0h
0i
1j
1q
1r
0s
0]
0f
1o
b1100 5
b1100 D
b1100 F
b1100 R
b1100 X
b1100 B
b1100 G
b1100 M
b1100 *
b1100 /
b1100 ;
b1100 K
b1100 O
b0 +
b0 0
b0 <
b0 L
#192001
b1100 !"
#193000
b1 +
b1 0
b1 <
b1 L
#194000
b10 +
b10 0
b10 <
b10 L
#195000
b11 +
b11 0
b11 <
b11 L
#196000
b100 +
b100 0
b100 <
b100 L
#197000
b101 +
b101 0
b101 <
b101 L
#198000
b110 +
b110 0
b110 <
b110 L
#199000
b111 +
b111 0
b111 <
b111 L
#200000
b1000 +
b1000 0
b1000 <
b1000 L
#201000
b1001 +
b1001 0
b1001 <
b1001 L
#202000
b1010 +
b1010 0
b1010 <
b1010 L
#203000
b1011 +
b1011 0
b1011 <
b1011 L
#204000
b1100 +
b1100 0
b1100 <
b1100 L
#205000
b1101 +
b1101 0
b1101 <
b1101 L
#206000
b1110 +
b1110 0
b1110 <
b1110 L
#207000
b1111 +
b1111 0
b1111 <
b1111 L
#208000
b1101 $
b1101 4
b1101 8
b1101 3
b1101 :
b1101 S
1_
1`
0a
1]
b1101 5
b1101 D
b1101 F
b1101 R
b1101 X
b1101 B
b1101 G
b1101 M
b1101 *
b1101 /
b1101 ;
b1101 K
b1101 O
b0 +
b0 0
b0 <
b0 L
#208001
b1101 !"
#209000
b1 +
b1 0
b1 <
b1 L
#210000
b10 +
b10 0
b10 <
b10 L
#211000
b11 +
b11 0
b11 <
b11 L
#212000
b100 +
b100 0
b100 <
b100 L
#213000
b101 +
b101 0
b101 <
b101 L
#214000
b110 +
b110 0
b110 <
b110 L
#215000
b111 +
b111 0
b111 <
b111 L
#216000
b1000 +
b1000 0
b1000 <
b1000 L
#217000
b1001 +
b1001 0
b1001 <
b1001 L
#218000
b1010 +
b1010 0
b1010 <
b1010 L
#219000
b1011 +
b1011 0
b1011 <
b1011 L
#220000
b1100 +
b1100 0
b1100 <
b1100 L
#221000
b1101 +
b1101 0
b1101 <
b1101 L
#222000
b1110 +
b1110 0
b1110 <
b1110 L
#223000
b1111 +
b1111 0
b1111 <
b1111 L
#224000
b1110 $
b1110 4
b1110 8
b1110 3
b1110 :
b1110 S
0_
0`
1a
1h
1i
0j
0]
1f
b1110 5
b1110 D
b1110 F
b1110 R
b1110 X
b1110 B
b1110 G
b1110 M
b1110 *
b1110 /
b1110 ;
b1110 K
b1110 O
b0 +
b0 0
b0 <
b0 L
#224001
b1110 !"
#225000
b1 +
b1 0
b1 <
b1 L
#226000
b10 +
b10 0
b10 <
b10 L
#227000
b11 +
b11 0
b11 <
b11 L
#228000
b100 +
b100 0
b100 <
b100 L
#229000
b101 +
b101 0
b101 <
b101 L
#230000
b110 +
b110 0
b110 <
b110 L
#231000
b111 +
b111 0
b111 <
b111 L
#232000
b1000 +
b1000 0
b1000 <
b1000 L
#233000
b1001 +
b1001 0
b1001 <
b1001 L
#234000
b1010 +
b1010 0
b1010 <
b1010 L
#235000
b1011 +
b1011 0
b1011 <
b1011 L
#236000
b1100 +
b1100 0
b1100 <
b1100 L
#237000
b1101 +
b1101 0
b1101 <
b1101 L
#238000
b1110 +
b1110 0
b1110 <
b1110 L
#239000
b1111 +
b1111 0
b1111 <
b1111 L
#240000
b1111 $
b1111 4
b1111 8
b1111 3
b1111 :
b1111 S
1_
1`
0a
1]
b1111 5
b1111 D
b1111 F
b1111 R
b1111 X
b1111 B
b1111 G
b1111 M
b1111 *
b1111 /
b1111 ;
b1111 K
b1111 O
b0 +
b0 0
b0 <
b0 L
#240001
b1111 !"
#241000
b1 +
b1 0
b1 <
b1 L
#242000
b10 +
b10 0
b10 <
b10 L
#243000
b11 +
b11 0
b11 <
b11 L
#244000
b100 +
b100 0
b100 <
b100 L
#245000
b101 +
b101 0
b101 <
b101 L
#246000
b110 +
b110 0
b110 <
b110 L
#247000
b111 +
b111 0
b111 <
b111 L
#248000
b1000 +
b1000 0
b1000 <
b1000 L
#249000
b1001 +
b1001 0
b1001 <
b1001 L
#250000
b1010 +
b1010 0
b1010 <
b1010 L
#251000
b1011 +
b1011 0
b1011 <
b1011 L
#252000
b1100 +
b1100 0
b1100 <
b1100 L
#253000
b1101 +
b1101 0
b1101 <
b1101 L
#254000
b1110 +
b1110 0
b1110 <
b1110 L
#255000
b1111 +
b1111 0
b1111 <
b1111 L
#256000
0"
0_
0`
1a
0h
0i
1j
0q
0r
1s
0z
0{
1|
0]
0f
0o
0x
b1 $
b1 4
b1 8
0U
b0 5
b0 D
b0 F
b0 R
b0 X
b1 3
b1 :
b1 S
0V
b0 B
b0 G
b0 M
1-
b0 *
b0 /
b0 ;
b0 K
b0 O
b0 +
b0 0
b0 <
b0 L
#256001
0#"
b1 !"
#257000
b1 +
b1 0
b1 <
b1 L
#258000
b10 +
b10 0
b10 <
b10 L
#259000
b11 +
b11 0
b11 <
b11 L
#260000
b100 +
b100 0
b100 <
b100 L
#261000
b101 +
b101 0
b101 <
b101 L
#262000
b110 +
b110 0
b110 <
b110 L
#263000
b111 +
b111 0
b111 <
b111 L
#264000
b1000 +
b1000 0
b1000 <
b1000 L
#265000
b1001 +
b1001 0
b1001 <
b1001 L
#266000
b1010 +
b1010 0
b1010 <
b1010 L
#267000
b1011 +
b1011 0
b1011 <
b1011 L
#268000
b1100 +
b1100 0
b1100 <
b1100 L
#269000
b1101 +
b1101 0
b1101 <
b1101 L
#270000
b1110 +
b1110 0
b1110 <
b1110 L
#271000
b1111 +
b1111 0
b1111 <
b1111 L
#272000
b10 $
b10 4
b10 8
b10 3
b10 :
b10 S
1V
1_
1`
0a
1]
b1 5
b1 D
b1 F
b1 R
b1 X
b1 B
b1 G
b1 M
b1 *
b1 /
b1 ;
b1 K
b1 O
b0 +
b0 0
b0 <
b0 L
#272001
b10 !"
#273000
b1 +
b1 0
b1 <
b1 L
#274000
b10 +
b10 0
b10 <
b10 L
#275000
b11 +
b11 0
b11 <
b11 L
#276000
b100 +
b100 0
b100 <
b100 L
#277000
b101 +
b101 0
b101 <
b101 L
#278000
b110 +
b110 0
b110 <
b110 L
#279000
b111 +
b111 0
b111 <
b111 L
#280000
b1000 +
b1000 0
b1000 <
b1000 L
#281000
b1001 +
b1001 0
b1001 <
b1001 L
#282000
b1010 +
b1010 0
b1010 <
b1010 L
#283000
b1011 +
b1011 0
b1011 <
b1011 L
#284000
b1100 +
b1100 0
b1100 <
b1100 L
#285000
b1101 +
b1101 0
b1101 <
b1101 L
#286000
b1110 +
b1110 0
b1110 <
b1110 L
#287000
b1111 +
b1111 0
b1111 <
b1111 L
#288000
b11 $
b11 4
b11 8
0V
b11 3
b11 :
b11 S
0U
0_
0`
1a
1h
1i
0j
0]
1f
b10 5
b10 D
b10 F
b10 R
b10 X
b10 B
b10 G
b10 M
b10 *
b10 /
b10 ;
b10 K
b10 O
b0 +
b0 0
b0 <
b0 L
#288001
b11 !"
#289000
b1 +
b1 0
b1 <
b1 L
#290000
b10 +
b10 0
b10 <
b10 L
#291000
b11 +
b11 0
b11 <
b11 L
#292000
b100 +
b100 0
b100 <
b100 L
#293000
b101 +
b101 0
b101 <
b101 L
#294000
b110 +
b110 0
b110 <
b110 L
#295000
b111 +
b111 0
b111 <
b111 L
#296000
b1000 +
b1000 0
b1000 <
b1000 L
#297000
b1001 +
b1001 0
b1001 <
b1001 L
#298000
b1010 +
b1010 0
b1010 <
b1010 L
#299000
b1011 +
b1011 0
b1011 <
b1011 L
#300000
b1100 +
b1100 0
b1100 <
b1100 L
#301000
b1101 +
b1101 0
b1101 <
b1101 L
#302000
b1110 +
b1110 0
b1110 <
b1110 L
#303000
b1111 +
b1111 0
b1111 <
b1111 L
#304000
0!
b100 $
b100 4
b100 8
1U
b100 3
b100 :
b100 S
1V
1_
1`
0a
1]
b11 5
b11 D
b11 F
b11 R
b11 X
b11 B
b11 G
b11 M
b11 *
b11 /
b11 ;
b11 K
b11 O
b0 +
b0 0
b0 <
b0 L
#304001
b100 !"
#305000
b1 +
b1 0
b1 <
b1 L
#306000
b10 +
b10 0
b10 <
b10 L
#307000
b11 +
b11 0
b11 <
b11 L
#308000
b100 +
b100 0
b100 <
b100 L
#309000
b101 +
b101 0
b101 <
b101 L
#310000
b110 +
b110 0
b110 <
b110 L
#311000
b111 +
b111 0
b111 <
b111 L
#312000
b1000 +
b1000 0
b1000 <
b1000 L
#313000
b1001 +
b1001 0
b1001 <
b1001 L
#314000
b1010 +
b1010 0
b1010 <
b1010 L
#315000
b1011 +
b1011 0
b1011 <
b1011 L
#316000
b1100 +
b1100 0
b1100 <
b1100 L
#317000
b1101 +
b1101 0
b1101 <
b1101 L
#318000
b1110 +
b1110 0
b1110 <
b1110 L
#319000
b1111 +
b1111 0
b1111 <
b1111 L
#320000
0"
b101 $
b101 4
b101 8
0V
0U
b101 3
b101 :
b101 S
0T
0_
0`
1a
0h
0i
1j
1q
1r
0s
0]
0f
1o
b100 5
b100 D
b100 F
b100 R
b100 X
b100 B
b100 G
b100 M
b100 *
b100 /
b100 ;
b100 K
b100 O
b0 +
b0 0
b0 <
b0 L
#320001
b101 !"
#321000
b1 +
b1 0
b1 <
b1 L
#322000
b10 +
b10 0
b10 <
b10 L
#323000
b11 +
b11 0
b11 <
b11 L
#324000
b100 +
b100 0
b100 <
b100 L
#325000
b101 +
b101 0
b101 <
b101 L
#326000
b110 +
b110 0
b110 <
b110 L
#327000
b111 +
b111 0
b111 <
b111 L
#328000
b1000 +
b1000 0
b1000 <
b1000 L
#329000
b1001 +
b1001 0
b1001 <
b1001 L
#330000
b1010 +
b1010 0
b1010 <
b1010 L
#331000
b1011 +
b1011 0
b1011 <
b1011 L
#332000
b1100 +
b1100 0
b1100 <
b1100 L
#333000
b1101 +
b1101 0
b1101 <
b1101 L
#334000
b1110 +
b1110 0
b1110 <
b1110 L
#335000
b1111 +
b1111 0
b1111 <
b1111 L
#336000
b110 $
b110 4
b110 8
b110 3
b110 :
b110 S
1V
1_
1`
0a
1]
b101 5
b101 D
b101 F
b101 R
b101 X
b101 B
b101 G
b101 M
b101 *
b101 /
b101 ;
b101 K
b101 O
b0 +
b0 0
b0 <
b0 L
#336001
b110 !"
#337000
b1 +
b1 0
b1 <
b1 L
#338000
b10 +
b10 0
b10 <
b10 L
#339000
b11 +
b11 0
b11 <
b11 L
#340000
b100 +
b100 0
b100 <
b100 L
#341000
b101 +
b101 0
b101 <
b101 L
#342000
b110 +
b110 0
b110 <
b110 L
#343000
b111 +
b111 0
b111 <
b111 L
#344000
b1000 +
b1000 0
b1000 <
b1000 L
#345000
b1001 +
b1001 0
b1001 <
b1001 L
#346000
b1010 +
b1010 0
b1010 <
b1010 L
#347000
b1011 +
b1011 0
b1011 <
b1011 L
#348000
b1100 +
b1100 0
b1100 <
b1100 L
#349000
b1101 +
b1101 0
b1101 <
b1101 L
#350000
b1110 +
b1110 0
b1110 <
b1110 L
#351000
b1111 +
b1111 0
b1111 <
b1111 L
#352000
0"
b111 $
b111 4
b111 8
0T
0V
b111 3
b111 :
b111 S
0U
0_
0`
1a
1h
1i
0j
0]
1f
b110 5
b110 D
b110 F
b110 R
b110 X
b110 B
b110 G
b110 M
b110 *
b110 /
b110 ;
b110 K
b110 O
b0 +
b0 0
b0 <
b0 L
#352001
b111 !"
#353000
b1 +
b1 0
b1 <
b1 L
#354000
b10 +
b10 0
b10 <
b10 L
#355000
b11 +
b11 0
b11 <
b11 L
#356000
b100 +
b100 0
b100 <
b100 L
#357000
b101 +
b101 0
b101 <
b101 L
#358000
b110 +
b110 0
b110 <
b110 L
#359000
b111 +
b111 0
b111 <
b111 L
#360000
b1000 +
b1000 0
b1000 <
b1000 L
#361000
b1001 +
b1001 0
b1001 <
b1001 L
#362000
b1010 +
b1010 0
b1010 <
b1010 L
#363000
b1011 +
b1011 0
b1011 <
b1011 L
#364000
b1100 +
b1100 0
b1100 <
b1100 L
#365000
b1101 +
b1101 0
b1101 <
b1101 L
#366000
b1110 +
b1110 0
b1110 <
b1110 L
#367000
b1111 +
b1111 0
b1111 <
b1111 L
#368000
1"
1T
b1000 $
b1000 4
b1000 8
1U
b1000 3
b1000 :
b1000 S
1V
1_
1`
0a
1]
b111 5
b111 D
b111 F
b111 R
b111 X
b111 B
b111 G
b111 M
b111 *
b111 /
b111 ;
b111 K
b111 O
b0 +
b0 0
b0 <
b0 L
#368001
1#"
b1000 !"
#369000
b1 +
b1 0
b1 <
b1 L
#370000
b10 +
b10 0
b10 <
b10 L
#371000
b11 +
b11 0
b11 <
b11 L
#372000
b100 +
b100 0
b100 <
b100 L
#373000
b101 +
b101 0
b101 <
b101 L
#374000
b110 +
b110 0
b110 <
b110 L
#375000
b111 +
b111 0
b111 <
b111 L
#376000
b1000 +
b1000 0
b1000 <
b1000 L
#377000
b1001 +
b1001 0
b1001 <
b1001 L
#378000
b1010 +
b1010 0
b1010 <
b1010 L
#379000
b1011 +
b1011 0
b1011 <
b1011 L
#380000
b1100 +
b1100 0
b1100 <
b1100 L
#381000
b1101 +
b1101 0
b1101 <
b1101 L
#382000
b1110 +
b1110 0
b1110 <
b1110 L
#383000
b1111 +
b1111 0
b1111 <
b1111 L
#384000
1"
b1001 $
b1001 4
b1001 8
0V
0U
0T
b1001 3
b1001 :
b1001 S
0#
0_
0`
1a
0h
0i
1j
0q
0r
1s
1z
1{
0|
0]
0f
0o
1x
b1000 5
b1000 D
b1000 F
b1000 R
b1000 X
b1000 B
b1000 G
b1000 M
b1000 *
b1000 /
b1000 ;
b1000 K
b1000 O
b0 +
b0 0
b0 <
b0 L
#384001
b1001 !"
#385000
b1 +
b1 0
b1 <
b1 L
#386000
b10 +
b10 0
b10 <
b10 L
#387000
b11 +
b11 0
b11 <
b11 L
#388000
b100 +
b100 0
b100 <
b100 L
#389000
b101 +
b101 0
b101 <
b101 L
#390000
b110 +
b110 0
b110 <
b110 L
#391000
b111 +
b111 0
b111 <
b111 L
#392000
b1000 +
b1000 0
b1000 <
b1000 L
#393000
b1001 +
b1001 0
b1001 <
b1001 L
#394000
b1010 +
b1010 0
b1010 <
b1010 L
#395000
b1011 +
b1011 0
b1011 <
b1011 L
#396000
b1100 +
b1100 0
b1100 <
b1100 L
#397000
b1101 +
b1101 0
b1101 <
b1101 L
#398000
b1110 +
b1110 0
b1110 <
b1110 L
#399000
b1111 +
b1111 0
b1111 <
b1111 L
#400000
b1010 $
b1010 4
b1010 8
b1010 3
b1010 :
b1010 S
1V
1_
1`
0a
1]
b1001 5
b1001 D
b1001 F
b1001 R
b1001 X
b1001 B
b1001 G
b1001 M
b1001 *
b1001 /
b1001 ;
b1001 K
b1001 O
b0 +
b0 0
b0 <
b0 L
#400001
b1010 !"
#401000
b1 +
b1 0
b1 <
b1 L
#402000
b10 +
b10 0
b10 <
b10 L
#403000
b11 +
b11 0
b11 <
b11 L
#404000
b100 +
b100 0
b100 <
b100 L
#405000
b101 +
b101 0
b101 <
b101 L
#406000
b110 +
b110 0
b110 <
b110 L
#407000
b111 +
b111 0
b111 <
b111 L
#408000
b1000 +
b1000 0
b1000 <
b1000 L
#409000
b1001 +
b1001 0
b1001 <
b1001 L
#410000
b1010 +
b1010 0
b1010 <
b1010 L
#411000
b1011 +
b1011 0
b1011 <
b1011 L
#412000
b1100 +
b1100 0
b1100 <
b1100 L
#413000
b1101 +
b1101 0
b1101 <
b1101 L
#414000
b1110 +
b1110 0
b1110 <
b1110 L
#415000
b1111 +
b1111 0
b1111 <
b1111 L
#416000
b1011 $
b1011 4
b1011 8
0V
b1011 3
b1011 :
b1011 S
0U
0_
0`
1a
1h
1i
0j
0]
1f
b1010 5
b1010 D
b1010 F
b1010 R
b1010 X
b1010 B
b1010 G
b1010 M
b1010 *
b1010 /
b1010 ;
b1010 K
b1010 O
b0 +
b0 0
b0 <
b0 L
#416001
b1011 !"
#417000
b1 +
b1 0
b1 <
b1 L
#418000
b10 +
b10 0
b10 <
b10 L
#419000
b11 +
b11 0
b11 <
b11 L
#420000
b100 +
b100 0
b100 <
b100 L
#421000
b101 +
b101 0
b101 <
b101 L
#422000
b110 +
b110 0
b110 <
b110 L
#423000
b111 +
b111 0
b111 <
b111 L
#424000
b1000 +
b1000 0
b1000 <
b1000 L
#425000
b1001 +
b1001 0
b1001 <
b1001 L
#426000
b1010 +
b1010 0
b1010 <
b1010 L
#427000
b1011 +
b1011 0
b1011 <
b1011 L
#428000
b1100 +
b1100 0
b1100 <
b1100 L
#429000
b1101 +
b1101 0
b1101 <
b1101 L
#430000
b1110 +
b1110 0
b1110 <
b1110 L
#431000
b1111 +
b1111 0
b1111 <
b1111 L
#432000
b1100 $
b1100 4
b1100 8
1U
b1100 3
b1100 :
b1100 S
1V
1_
1`
0a
1]
b1011 5
b1011 D
b1011 F
b1011 R
b1011 X
b1011 B
b1011 G
b1011 M
b1011 *
b1011 /
b1011 ;
b1011 K
b1011 O
b0 +
b0 0
b0 <
b0 L
#432001
b1100 !"
#433000
b1 +
b1 0
b1 <
b1 L
#434000
b10 +
b10 0
b10 <
b10 L
#435000
b11 +
b11 0
b11 <
b11 L
#436000
b100 +
b100 0
b100 <
b100 L
#437000
b101 +
b101 0
b101 <
b101 L
#438000
b110 +
b110 0
b110 <
b110 L
#439000
b111 +
b111 0
b111 <
b111 L
#440000
b1000 +
b1000 0
b1000 <
b1000 L
#441000
b1001 +
b1001 0
b1001 <
b1001 L
#442000
b1010 +
b1010 0
b1010 <
b1010 L
#443000
b1011 +
b1011 0
b1011 <
b1011 L
#444000
b1100 +
b1100 0
b1100 <
b1100 L
#445000
b1101 +
b1101 0
b1101 <
b1101 L
#446000
b1110 +
b1110 0
b1110 <
b1110 L
#447000
b1111 +
b1111 0
b1111 <
b1111 L
#448000
1"
b1101 $
b1101 4
b1101 8
0#
0V
0U
b1101 3
b1101 :
b1101 S
0T
0_
0`
1a
0h
0i
1j
1q
1r
0s
0]
0f
1o
b1100 5
b1100 D
b1100 F
b1100 R
b1100 X
b1100 B
b1100 G
b1100 M
b1100 *
b1100 /
b1100 ;
b1100 K
b1100 O
b0 +
b0 0
b0 <
b0 L
#448001
b1101 !"
#449000
b1 +
b1 0
b1 <
b1 L
#450000
b10 +
b10 0
b10 <
b10 L
#451000
b11 +
b11 0
b11 <
b11 L
#452000
b100 +
b100 0
b100 <
b100 L
#453000
b101 +
b101 0
b101 <
b101 L
#454000
b110 +
b110 0
b110 <
b110 L
#455000
b111 +
b111 0
b111 <
b111 L
#456000
b1000 +
b1000 0
b1000 <
b1000 L
#457000
b1001 +
b1001 0
b1001 <
b1001 L
#458000
b1010 +
b1010 0
b1010 <
b1010 L
#459000
b1011 +
b1011 0
b1011 <
b1011 L
#460000
b1100 +
b1100 0
b1100 <
b1100 L
#461000
b1101 +
b1101 0
b1101 <
b1101 L
#462000
b1110 +
b1110 0
b1110 <
b1110 L
#463000
b1111 +
b1111 0
b1111 <
b1111 L
#464000
b1110 $
b1110 4
b1110 8
b1110 3
b1110 :
b1110 S
1V
1_
1`
0a
1]
b1101 5
b1101 D
b1101 F
b1101 R
b1101 X
b1101 B
b1101 G
b1101 M
b1101 *
b1101 /
b1101 ;
b1101 K
b1101 O
b0 +
b0 0
b0 <
b0 L
#464001
b1110 !"
#465000
b1 +
b1 0
b1 <
b1 L
#466000
b10 +
b10 0
b10 <
b10 L
#467000
b11 +
b11 0
b11 <
b11 L
#468000
b100 +
b100 0
b100 <
b100 L
#469000
b101 +
b101 0
b101 <
b101 L
#470000
b110 +
b110 0
b110 <
b110 L
#471000
b111 +
b111 0
b111 <
b111 L
#472000
b1000 +
b1000 0
b1000 <
b1000 L
#473000
b1001 +
b1001 0
b1001 <
b1001 L
#474000
b1010 +
b1010 0
b1010 <
b1010 L
#475000
b1011 +
b1011 0
b1011 <
b1011 L
#476000
b1100 +
b1100 0
b1100 <
b1100 L
#477000
b1101 +
b1101 0
b1101 <
b1101 L
#478000
b1110 +
b1110 0
b1110 <
b1110 L
#479000
b1111 +
b1111 0
b1111 <
b1111 L
#480000
1"
0#
b1111 $
b1111 4
b1111 8
0T
0V
b1111 3
b1111 :
b1111 S
0U
0_
0`
1a
1h
1i
0j
0]
1f
b1110 5
b1110 D
b1110 F
b1110 R
b1110 X
b1110 B
b1110 G
b1110 M
b1110 *
b1110 /
b1110 ;
b1110 K
b1110 O
b0 +
b0 0
b0 <
b0 L
#480001
b1111 !"
#481000
b1 +
b1 0
b1 <
b1 L
#482000
b10 +
b10 0
b10 <
b10 L
#483000
b11 +
b11 0
b11 <
b11 L
#484000
b100 +
b100 0
b100 <
b100 L
#485000
b101 +
b101 0
b101 <
b101 L
#486000
b110 +
b110 0
b110 <
b110 L
#487000
b111 +
b111 0
b111 <
b111 L
#488000
b1000 +
b1000 0
b1000 <
b1000 L
#489000
b1001 +
b1001 0
b1001 <
b1001 L
#490000
b1010 +
b1010 0
b1010 <
b1010 L
#491000
b1011 +
b1011 0
b1011 <
b1011 L
#492000
b1100 +
b1100 0
b1100 <
b1100 L
#493000
b1101 +
b1101 0
b1101 <
b1101 L
#494000
b1110 +
b1110 0
b1110 <
b1110 L
#495000
b1111 +
b1111 0
b1111 <
b1111 L
#496000
0"
1!
1#
1T
b0 $
b0 4
b0 8
1U
b0 3
b0 :
b0 S
1V
1_
1`
0a
1]
b1111 5
b1111 D
b1111 F
b1111 R
b1111 X
b1111 B
b1111 G
b1111 M
b1111 *
b1111 /
b1111 ;
b1111 K
b1111 O
b0 +
b0 0
b0 <
b0 L
#496001
1$"
0#"
1""
b10000 !"
#497000
b1 +
b1 0
b1 <
b1 L
#498000
b10 +
b10 0
b10 <
b10 L
#499000
b11 +
b11 0
b11 <
b11 L
#500000
b100 +
b100 0
b100 <
b100 L
#501000
b101 +
b101 0
b101 <
b101 L
#502000
b110 +
b110 0
b110 <
b110 L
#503000
b111 +
b111 0
b111 <
b111 L
#504000
b1000 +
b1000 0
b1000 <
b1000 L
#505000
b1001 +
b1001 0
b1001 <
b1001 L
#506000
b1010 +
b1010 0
b1010 <
b1010 L
#507000
b1011 +
b1011 0
b1011 <
b1011 L
#508000
b1100 +
b1100 0
b1100 <
b1100 L
#509000
b1101 +
b1101 0
b1101 <
b1101 L
#510000
b1110 +
b1110 0
b1110 <
b1110 L
#511000
b1111 +
b1111 0
b1111 <
b1111 L
#512000
0"
1^
1\
b1 6
b1 E
b1 P
b1 Q
b1 W
1#
1_
0`
0a
1h
1i
0j
1q
1r
0s
1z
1{
0|
b1 C
b1 J
b1 N
1T
1]
1f
1o
1x
1b
1k
1t
b1111 2
b1111 9
b1111 Z
1}
1>
1?
1!
b0 $
b0 4
b0 8
1U
b1111 5
b1111 D
b1111 F
b1111 R
b1111 X
b1 Y
b1 [
b1 c
b1 d
b1 l
b1 m
b1 u
b1 v
b1 ~
b0 3
b0 :
b0 S
1V
b0 B
b0 G
b0 M
b1 ,
b1 1
b1 =
0-
b0 *
b0 /
b0 ;
b0 K
b0 O
b0 +
b0 0
b0 <
b0 L
#513000
b1 +
b1 0
b1 <
b1 L
#514000
b10 +
b10 0
b10 <
b10 L
#515000
b11 +
b11 0
b11 <
b11 L
#516000
b100 +
b100 0
b100 <
b100 L
#517000
b101 +
b101 0
b101 <
b101 L
#518000
b110 +
b110 0
b110 <
b110 L
#519000
b111 +
b111 0
b111 <
b111 L
#520000
b1000 +
b1000 0
b1000 <
b1000 L
#521000
b1001 +
b1001 0
b1001 <
b1001 L
#522000
b1010 +
b1010 0
b1010 <
b1010 L
#523000
b1011 +
b1011 0
b1011 <
b1011 L
#524000
b1100 +
b1100 0
b1100 <
b1100 L
#525000
b1101 +
b1101 0
b1101 <
b1101 L
#526000
b1110 +
b1110 0
b1110 <
b1110 L
#527000
b1111 +
b1111 0
b1111 <
b1111 L
#528000
1"
0#
0T
0!
b1111 $
b1111 4
b1111 8
0U
b1111 3
b1111 :
b1111 S
0V
0^
1`
1a
0]
b1110 5
b1110 D
b1110 F
b1110 R
b1110 X
b1 B
b1 G
b1 M
b1 *
b1 /
b1 ;
b1 K
b1 O
b0 +
b0 0
b0 <
b0 L
#528001
0$"
1#"
0""
b1111 !"
#529000
b1 +
b1 0
b1 <
b1 L
#530000
b10 +
b10 0
b10 <
b10 L
#531000
b11 +
b11 0
b11 <
b11 L
#532000
b100 +
b100 0
b100 <
b100 L
#533000
b101 +
b101 0
b101 <
b101 L
#534000
b110 +
b110 0
b110 <
b110 L
#535000
b111 +
b111 0
b111 <
b111 L
#536000
b1000 +
b1000 0
b1000 <
b1000 L
#537000
b1001 +
b1001 0
b1001 <
b1001 L
#538000
b1010 +
b1010 0
b1010 <
b1010 L
#539000
b1011 +
b1011 0
b1011 <
b1011 L
#540000
b1100 +
b1100 0
b1100 <
b1100 L
#541000
b1101 +
b1101 0
b1101 <
b1101 L
#542000
b1110 +
b1110 0
b1110 <
b1110 L
#543000
b1111 +
b1111 0
b1111 <
b1111 L
#544000
b1110 $
b1110 4
b1110 8
b1101 2
b1101 9
b1101 Z
0k
1V
b1110 3
b1110 :
b1110 S
1^
0`
0a
0h
0i
1j
1]
0f
b1101 5
b1101 D
b1101 F
b1101 R
b1101 X
b10 B
b10 G
b10 M
b10 *
b10 /
b10 ;
b10 K
b10 O
b0 +
b0 0
b0 <
b0 L
#544001
b1110 !"
#545000
b1 +
b1 0
b1 <
b1 L
#546000
b10 +
b10 0
b10 <
b10 L
#547000
b11 +
b11 0
b11 <
b11 L
#548000
b100 +
b100 0
b100 <
b100 L
#549000
b101 +
b101 0
b101 <
b101 L
#550000
b110 +
b110 0
b110 <
b110 L
#551000
b111 +
b111 0
b111 <
b111 L
#552000
b1000 +
b1000 0
b1000 <
b1000 L
#553000
b1001 +
b1001 0
b1001 <
b1001 L
#554000
b1010 +
b1010 0
b1010 <
b1010 L
#555000
b1011 +
b1011 0
b1011 <
b1011 L
#556000
b1100 +
b1100 0
b1100 <
b1100 L
#557000
b1101 +
b1101 0
b1101 <
b1101 L
#558000
b1110 +
b1110 0
b1110 <
b1110 L
#559000
b1111 +
b1111 0
b1111 <
b1111 L
#560000
b1101 $
b1101 4
b1101 8
b1101 3
b1101 :
b1101 S
0V
0^
1`
1a
0]
b1100 5
b1100 D
b1100 F
b1100 R
b1100 X
b11 B
b11 G
b11 M
b11 *
b11 /
b11 ;
b11 K
b11 O
b0 +
b0 0
b0 <
b0 L
#560001
b1101 !"
#561000
b1 +
b1 0
b1 <
b1 L
#562000
b10 +
b10 0
b10 <
b10 L
#563000
b11 +
b11 0
b11 <
b11 L
#564000
b100 +
b100 0
b100 <
b100 L
#565000
b101 +
b101 0
b101 <
b101 L
#566000
b110 +
b110 0
b110 <
b110 L
#567000
b111 +
b111 0
b111 <
b111 L
#568000
b1000 +
b1000 0
b1000 <
b1000 L
#569000
b1001 +
b1001 0
b1001 <
b1001 L
#570000
b1010 +
b1010 0
b1010 <
b1010 L
#571000
b1011 +
b1011 0
b1011 <
b1011 L
#572000
b1100 +
b1100 0
b1100 <
b1100 L
#573000
b1101 +
b1101 0
b1101 <
b1101 L
#574000
b1110 +
b1110 0
b1110 <
b1110 L
#575000
b1111 +
b1111 0
b1111 <
b1111 L
#576000
1U
b1100 $
b1100 4
b1100 8
1k
b1011 2
b1011 9
b1011 Z
0t
1V
b1100 3
b1100 :
b1100 S
1^
0`
0a
1h
1i
0j
0q
0r
1s
1]
1f
0o
b1011 5
b1011 D
b1011 F
b1011 R
b1011 X
b100 B
b100 G
b100 M
b100 *
b100 /
b100 ;
b100 K
b100 O
b0 +
b0 0
b0 <
b0 L
#576001
b1100 !"
#577000
b1 +
b1 0
b1 <
b1 L
#578000
b10 +
b10 0
b10 <
b10 L
#579000
b11 +
b11 0
b11 <
b11 L
#580000
b100 +
b100 0
b100 <
b100 L
#581000
b101 +
b101 0
b101 <
b101 L
#582000
b110 +
b110 0
b110 <
b110 L
#583000
b111 +
b111 0
b111 <
b111 L
#584000
b1000 +
b1000 0
b1000 <
b1000 L
#585000
b1001 +
b1001 0
b1001 <
b1001 L
#586000
b1010 +
b1010 0
b1010 <
b1010 L
#587000
b1011 +
b1011 0
b1011 <
b1011 L
#588000
b1100 +
b1100 0
b1100 <
b1100 L
#589000
b1101 +
b1101 0
b1101 <
b1101 L
#590000
b1110 +
b1110 0
b1110 <
b1110 L
#591000
b1111 +
b1111 0
b1111 <
b1111 L
#592000
b1011 $
b1011 4
b1011 8
0U
b1011 3
b1011 :
b1011 S
0V
0^
1`
1a
0]
b1010 5
b1010 D
b1010 F
b1010 R
b1010 X
b101 B
b101 G
b101 M
b101 *
b101 /
b101 ;
b101 K
b101 O
b0 +
b0 0
b0 <
b0 L
#592001
b1011 !"
#593000
b1 +
b1 0
b1 <
b1 L
#594000
b10 +
b10 0
b10 <
b10 L
#595000
b11 +
b11 0
b11 <
b11 L
#596000
b100 +
b100 0
b100 <
b100 L
#597000
b101 +
b101 0
b101 <
b101 L
#598000
b110 +
b110 0
b110 <
b110 L
#599000
b111 +
b111 0
b111 <
b111 L
#600000
b1000 +
b1000 0
b1000 <
b1000 L
#601000
b1001 +
b1001 0
b1001 <
b1001 L
#602000
b1010 +
b1010 0
b1010 <
b1010 L
#603000
b1011 +
b1011 0
b1011 <
b1011 L
#604000
b1100 +
b1100 0
b1100 <
b1100 L
#605000
b1101 +
b1101 0
b1101 <
b1101 L
#606000
b1110 +
b1110 0
b1110 <
b1110 L
#607000
b1111 +
b1111 0
b1111 <
b1111 L
#608000
b1010 $
b1010 4
b1010 8
b1001 2
b1001 9
b1001 Z
0k
1V
b1010 3
b1010 :
b1010 S
1^
0`
0a
0h
0i
1j
1]
0f
b1001 5
b1001 D
b1001 F
b1001 R
b1001 X
b110 B
b110 G
b110 M
b110 *
b110 /
b110 ;
b110 K
b110 O
b0 +
b0 0
b0 <
b0 L
#608001
b1010 !"
#609000
b1 +
b1 0
b1 <
b1 L
#610000
b10 +
b10 0
b10 <
b10 L
#611000
b11 +
b11 0
b11 <
b11 L
#612000
b100 +
b100 0
b100 <
b100 L
#613000
b101 +
b101 0
b101 <
b101 L
#614000
b110 +
b110 0
b110 <
b110 L
#615000
b111 +
b111 0
b111 <
b111 L
#616000
b1000 +
b1000 0
b1000 <
b1000 L
#617000
b1001 +
b1001 0
b1001 <
b1001 L
#618000
b1010 +
b1010 0
b1010 <
b1010 L
#619000
b1011 +
b1011 0
b1011 <
b1011 L
#620000
b1100 +
b1100 0
b1100 <
b1100 L
#621000
b1101 +
b1101 0
b1101 <
b1101 L
#622000
b1110 +
b1110 0
b1110 <
b1110 L
#623000
b1111 +
b1111 0
b1111 <
b1111 L
#624000
b1001 $
b1001 4
b1001 8
b1001 3
b1001 :
b1001 S
0V
0^
1`
1a
0]
b1000 5
b1000 D
b1000 F
b1000 R
b1000 X
b111 B
b111 G
b111 M
b111 *
b111 /
b111 ;
b111 K
b111 O
b0 +
b0 0
b0 <
b0 L
#624001
b1001 !"
#625000
b1 +
b1 0
b1 <
b1 L
#626000
b10 +
b10 0
b10 <
b10 L
#627000
b11 +
b11 0
b11 <
b11 L
#628000
b100 +
b100 0
b100 <
b100 L
#629000
b101 +
b101 0
b101 <
b101 L
#630000
b110 +
b110 0
b110 <
b110 L
#631000
b111 +
b111 0
b111 <
b111 L
#632000
b1000 +
b1000 0
b1000 <
b1000 L
#633000
b1001 +
b1001 0
b1001 <
b1001 L
#634000
b1010 +
b1010 0
b1010 <
b1010 L
#635000
b1011 +
b1011 0
b1011 <
b1011 L
#636000
b1100 +
b1100 0
b1100 <
b1100 L
#637000
b1101 +
b1101 0
b1101 <
b1101 L
#638000
b1110 +
b1110 0
b1110 <
b1110 L
#639000
b1111 +
b1111 0
b1111 <
b1111 L
#640000
0!
1T
1"
1U
b1000 $
b1000 4
b1000 8
1k
1t
b111 2
b111 9
b111 Z
0}
1V
b1000 3
b1000 :
b1000 S
1^
0`
0a
1h
1i
0j
1q
1r
0s
0z
0{
1|
1]
1f
1o
0x
b111 5
b111 D
b111 F
b111 R
b111 X
b1000 B
b1000 G
b1000 M
b1000 *
b1000 /
b1000 ;
b1000 K
b1000 O
b0 +
b0 0
b0 <
b0 L
#640001
b1000 !"
#641000
b1 +
b1 0
b1 <
b1 L
#642000
b10 +
b10 0
b10 <
b10 L
#643000
b11 +
b11 0
b11 <
b11 L
#644000
b100 +
b100 0
b100 <
b100 L
#645000
b101 +
b101 0
b101 <
b101 L
#646000
b110 +
b110 0
b110 <
b110 L
#647000
b111 +
b111 0
b111 <
b111 L
#648000
b1000 +
b1000 0
b1000 <
b1000 L
#649000
b1001 +
b1001 0
b1001 <
b1001 L
#650000
b1010 +
b1010 0
b1010 <
b1010 L
#651000
b1011 +
b1011 0
b1011 <
b1011 L
#652000
b1100 +
b1100 0
b1100 <
b1100 L
#653000
b1101 +
b1101 0
b1101 <
b1101 L
#654000
b1110 +
b1110 0
b1110 <
b1110 L
#655000
b1111 +
b1111 0
b1111 <
b1111 L
#656000
0"
0T
b111 $
b111 4
b111 8
0U
b111 3
b111 :
b111 S
0V
0^
1`
1a
0]
b110 5
b110 D
b110 F
b110 R
b110 X
b1001 B
b1001 G
b1001 M
b1001 *
b1001 /
b1001 ;
b1001 K
b1001 O
b0 +
b0 0
b0 <
b0 L
#656001
0#"
b111 !"
#657000
b1 +
b1 0
b1 <
b1 L
#658000
b10 +
b10 0
b10 <
b10 L
#659000
b11 +
b11 0
b11 <
b11 L
#660000
b100 +
b100 0
b100 <
b100 L
#661000
b101 +
b101 0
b101 <
b101 L
#662000
b110 +
b110 0
b110 <
b110 L
#663000
b111 +
b111 0
b111 <
b111 L
#664000
b1000 +
b1000 0
b1000 <
b1000 L
#665000
b1001 +
b1001 0
b1001 <
b1001 L
#666000
b1010 +
b1010 0
b1010 <
b1010 L
#667000
b1011 +
b1011 0
b1011 <
b1011 L
#668000
b1100 +
b1100 0
b1100 <
b1100 L
#669000
b1101 +
b1101 0
b1101 <
b1101 L
#670000
b1110 +
b1110 0
b1110 <
b1110 L
#671000
b1111 +
b1111 0
b1111 <
b1111 L
#672000
b110 $
b110 4
b110 8
b101 2
b101 9
b101 Z
0k
1V
b110 3
b110 :
b110 S
1^
0`
0a
0h
0i
1j
1]
0f
b101 5
b101 D
b101 F
b101 R
b101 X
b1010 B
b1010 G
b1010 M
b1010 *
b1010 /
b1010 ;
b1010 K
b1010 O
b0 +
b0 0
b0 <
b0 L
#672001
b110 !"
#673000
b1 +
b1 0
b1 <
b1 L
#674000
b10 +
b10 0
b10 <
b10 L
#675000
b11 +
b11 0
b11 <
b11 L
#676000
b100 +
b100 0
b100 <
b100 L
#677000
b101 +
b101 0
b101 <
b101 L
#678000
b110 +
b110 0
b110 <
b110 L
#679000
b111 +
b111 0
b111 <
b111 L
#680000
b1000 +
b1000 0
b1000 <
b1000 L
#681000
b1001 +
b1001 0
b1001 <
b1001 L
#682000
b1010 +
b1010 0
b1010 <
b1010 L
#683000
b1011 +
b1011 0
b1011 <
b1011 L
#684000
b1100 +
b1100 0
b1100 <
b1100 L
#685000
b1101 +
b1101 0
b1101 <
b1101 L
#686000
b1110 +
b1110 0
b1110 <
b1110 L
#687000
b1111 +
b1111 0
b1111 <
b1111 L
#688000
b101 $
b101 4
b101 8
b101 3
b101 :
b101 S
0V
0^
1`
1a
0]
b100 5
b100 D
b100 F
b100 R
b100 X
b1011 B
b1011 G
b1011 M
b1011 *
b1011 /
b1011 ;
b1011 K
b1011 O
b0 +
b0 0
b0 <
b0 L
#688001
b101 !"
#689000
b1 +
b1 0
b1 <
b1 L
#690000
b10 +
b10 0
b10 <
b10 L
#691000
b11 +
b11 0
b11 <
b11 L
#692000
b100 +
b100 0
b100 <
b100 L
#693000
b101 +
b101 0
b101 <
b101 L
#694000
b110 +
b110 0
b110 <
b110 L
#695000
b111 +
b111 0
b111 <
b111 L
#696000
b1000 +
b1000 0
b1000 <
b1000 L
#697000
b1001 +
b1001 0
b1001 <
b1001 L
#698000
b1010 +
b1010 0
b1010 <
b1010 L
#699000
b1011 +
b1011 0
b1011 <
b1011 L
#700000
b1100 +
b1100 0
b1100 <
b1100 L
#701000
b1101 +
b1101 0
b1101 <
b1101 L
#702000
b1110 +
b1110 0
b1110 <
b1110 L
#703000
b1111 +
b1111 0
b1111 <
b1111 L
#704000
1U
b100 $
b100 4
b100 8
1k
b11 2
b11 9
b11 Z
0t
1V
b100 3
b100 :
b100 S
1^
0`
0a
1h
1i
0j
0q
0r
1s
1]
1f
0o
b11 5
b11 D
b11 F
b11 R
b11 X
b1100 B
b1100 G
b1100 M
b1100 *
b1100 /
b1100 ;
b1100 K
b1100 O
b0 +
b0 0
b0 <
b0 L
#704001
b100 !"
#705000
b1 +
b1 0
b1 <
b1 L
#706000
b10 +
b10 0
b10 <
b10 L
#707000
b11 +
b11 0
b11 <
b11 L
#708000
b100 +
b100 0
b100 <
b100 L
#709000
b101 +
b101 0
b101 <
b101 L
#710000
b110 +
b110 0
b110 <
b110 L
#711000
b111 +
b111 0
b111 <
b111 L
#712000
b1000 +
b1000 0
b1000 <
b1000 L
#713000
b1001 +
b1001 0
b1001 <
b1001 L
#714000
b1010 +
b1010 0
b1010 <
b1010 L
#715000
b1011 +
b1011 0
b1011 <
b1011 L
#716000
b1100 +
b1100 0
b1100 <
b1100 L
#717000
b1101 +
b1101 0
b1101 <
b1101 L
#718000
b1110 +
b1110 0
b1110 <
b1110 L
#719000
b1111 +
b1111 0
b1111 <
b1111 L
#720000
b11 $
b11 4
b11 8
0U
b11 3
b11 :
b11 S
0V
0^
1`
1a
0]
b10 5
b10 D
b10 F
b10 R
b10 X
b1101 B
b1101 G
b1101 M
b1101 *
b1101 /
b1101 ;
b1101 K
b1101 O
b0 +
b0 0
b0 <
b0 L
#720001
b11 !"
#721000
b1 +
b1 0
b1 <
b1 L
#722000
b10 +
b10 0
b10 <
b10 L
#723000
b11 +
b11 0
b11 <
b11 L
#724000
b100 +
b100 0
b100 <
b100 L
#725000
b101 +
b101 0
b101 <
b101 L
#726000
b110 +
b110 0
b110 <
b110 L
#727000
b111 +
b111 0
b111 <
b111 L
#728000
b1000 +
b1000 0
b1000 <
b1000 L
#729000
b1001 +
b1001 0
b1001 <
b1001 L
#730000
b1010 +
b1010 0
b1010 <
b1010 L
#731000
b1011 +
b1011 0
b1011 <
b1011 L
#732000
b1100 +
b1100 0
b1100 <
b1100 L
#733000
b1101 +
b1101 0
b1101 <
b1101 L
#734000
b1110 +
b1110 0
b1110 <
b1110 L
#735000
b1111 +
b1111 0
b1111 <
b1111 L
#736000
0!
b10 $
b10 4
b10 8
b1 2
b1 9
b1 Z
0k
1V
b10 3
b10 :
b10 S
1^
0`
0a
0h
0i
1j
1]
0f
b1 5
b1 D
b1 F
b1 R
b1 X
b1110 B
b1110 G
b1110 M
b1110 *
b1110 /
b1110 ;
b1110 K
b1110 O
b0 +
b0 0
b0 <
b0 L
#736001
b10 !"
#737000
b1 +
b1 0
b1 <
b1 L
#738000
b10 +
b10 0
b10 <
b10 L
#739000
b11 +
b11 0
b11 <
b11 L
#740000
b100 +
b100 0
b100 <
b100 L
#741000
b101 +
b101 0
b101 <
b101 L
#742000
b110 +
b110 0
b110 <
b110 L
#743000
b111 +
b111 0
b111 <
b111 L
#744000
b1000 +
b1000 0
b1000 <
b1000 L
#745000
b1001 +
b1001 0
b1001 <
b1001 L
#746000
b1010 +
b1010 0
b1010 <
b1010 L
#747000
b1011 +
b1011 0
b1011 <
b1011 L
#748000
b1100 +
b1100 0
b1100 <
b1100 L
#749000
b1101 +
b1101 0
b1101 <
b1101 L
#750000
b1110 +
b1110 0
b1110 <
b1110 L
#751000
b1111 +
b1111 0
b1111 <
b1111 L
#752000
b1 $
b1 4
b1 8
b1 3
b1 :
b1 S
0V
0^
1`
1a
0]
b0 5
b0 D
b0 F
b0 R
b0 X
b1111 B
b1111 G
b1111 M
b1111 *
b1111 /
b1111 ;
b1111 K
b1111 O
b0 +
b0 0
b0 <
b0 L
#752001
b1 !"
#753000
b1 +
b1 0
b1 <
b1 L
#754000
b10 +
b10 0
b10 <
b10 L
#755000
b11 +
b11 0
b11 <
b11 L
#756000
b100 +
b100 0
b100 <
b100 L
#757000
b101 +
b101 0
b101 <
b101 L
#758000
b110 +
b110 0
b110 <
b110 L
#759000
b111 +
b111 0
b111 <
b111 L
#760000
b1000 +
b1000 0
b1000 <
b1000 L
#761000
b1001 +
b1001 0
b1001 <
b1001 L
#762000
b1010 +
b1010 0
b1010 <
b1010 L
#763000
b1011 +
b1011 0
b1011 <
b1011 L
#764000
b1100 +
b1100 0
b1100 <
b1100 L
#765000
b1101 +
b1101 0
b1101 <
b1101 L
#766000
b1110 +
b1110 0
b1110 <
b1110 L
#767000
b1111 +
b1111 0
b1111 <
b1111 L
#768000
1#
0"
1T
1k
1t
b1111 2
b1111 9
b1111 Z
1}
1U
1^
0`
0a
1h
1i
0j
1q
1r
0s
1z
1{
0|
1]
1f
1o
1x
b1111 5
b1111 D
b1111 F
b1111 R
b1111 X
b1 $
b1 4
b1 8
b1 3
b1 :
b1 S
1V
b0 B
b0 G
b0 M
1-
b0 *
b0 /
b0 ;
b0 K
b0 O
b0 +
b0 0
b0 <
b0 L
#768001
1""
b10001 !"
#769000
b1 +
b1 0
b1 <
b1 L
#770000
b10 +
b10 0
b10 <
b10 L
#771000
b11 +
b11 0
b11 <
b11 L
#772000
b100 +
b100 0
b100 <
b100 L
#773000
b101 +
b101 0
b101 <
b101 L
#774000
b110 +
b110 0
b110 <
b110 L
#775000
b111 +
b111 0
b111 <
b111 L
#776000
b1000 +
b1000 0
b1000 <
b1000 L
#777000
b1001 +
b1001 0
b1001 <
b1001 L
#778000
b1010 +
b1010 0
b1010 <
b1010 L
#779000
b1011 +
b1011 0
b1011 <
b1011 L
#780000
b1100 +
b1100 0
b1100 <
b1100 L
#781000
b1101 +
b1101 0
b1101 <
b1101 L
#782000
b1110 +
b1110 0
b1110 <
b1110 L
#783000
b1111 +
b1111 0
b1111 <
b1111 L
#784000
1!
b0 $
b0 4
b0 8
b0 3
b0 :
b0 S
0^
1`
1a
0]
b1110 5
b1110 D
b1110 F
b1110 R
b1110 X
b1 B
b1 G
b1 M
b1 *
b1 /
b1 ;
b1 K
b1 O
b0 +
b0 0
b0 <
b0 L
#784001
1$"
b10000 !"
#785000
b1 +
b1 0
b1 <
b1 L
#786000
b10 +
b10 0
b10 <
b10 L
#787000
b11 +
b11 0
b11 <
b11 L
#788000
b100 +
b100 0
b100 <
b100 L
#789000
b101 +
b101 0
b101 <
b101 L
#790000
b110 +
b110 0
b110 <
b110 L
#791000
b111 +
b111 0
b111 <
b111 L
#792000
b1000 +
b1000 0
b1000 <
b1000 L
#793000
b1001 +
b1001 0
b1001 <
b1001 L
#794000
b1010 +
b1010 0
b1010 <
b1010 L
#795000
b1011 +
b1011 0
b1011 <
b1011 L
#796000
b1100 +
b1100 0
b1100 <
b1100 L
#797000
b1101 +
b1101 0
b1101 <
b1101 L
#798000
b1110 +
b1110 0
b1110 <
b1110 L
#799000
b1111 +
b1111 0
b1111 <
b1111 L
#800000
1"
0#
0!
b1111 $
b1111 4
b1111 8
0T
b1101 2
b1101 9
b1101 Z
0k
b1111 3
b1111 :
b1111 S
0U
1^
0`
0a
0h
0i
1j
1]
0f
b1101 5
b1101 D
b1101 F
b1101 R
b1101 X
b10 B
b10 G
b10 M
b10 *
b10 /
b10 ;
b10 K
b10 O
b0 +
b0 0
b0 <
b0 L
#800001
0$"
1#"
0""
b1111 !"
#801000
b1 +
b1 0
b1 <
b1 L
#802000
b10 +
b10 0
b10 <
b10 L
#803000
b11 +
b11 0
b11 <
b11 L
#804000
b100 +
b100 0
b100 <
b100 L
#805000
b101 +
b101 0
b101 <
b101 L
#806000
b110 +
b110 0
b110 <
b110 L
#807000
b111 +
b111 0
b111 <
b111 L
#808000
b1000 +
b1000 0
b1000 <
b1000 L
#809000
b1001 +
b1001 0
b1001 <
b1001 L
#810000
b1010 +
b1010 0
b1010 <
b1010 L
#811000
b1011 +
b1011 0
b1011 <
b1011 L
#812000
b1100 +
b1100 0
b1100 <
b1100 L
#813000
b1101 +
b1101 0
b1101 <
b1101 L
#814000
b1110 +
b1110 0
b1110 <
b1110 L
#815000
b1111 +
b1111 0
b1111 <
b1111 L
#816000
b1110 $
b1110 4
b1110 8
b1110 3
b1110 :
b1110 S
0^
1`
1a
0]
b1100 5
b1100 D
b1100 F
b1100 R
b1100 X
b11 B
b11 G
b11 M
b11 *
b11 /
b11 ;
b11 K
b11 O
b0 +
b0 0
b0 <
b0 L
#816001
b1110 !"
#817000
b1 +
b1 0
b1 <
b1 L
#818000
b10 +
b10 0
b10 <
b10 L
#819000
b11 +
b11 0
b11 <
b11 L
#820000
b100 +
b100 0
b100 <
b100 L
#821000
b101 +
b101 0
b101 <
b101 L
#822000
b110 +
b110 0
b110 <
b110 L
#823000
b111 +
b111 0
b111 <
b111 L
#824000
b1000 +
b1000 0
b1000 <
b1000 L
#825000
b1001 +
b1001 0
b1001 <
b1001 L
#826000
b1010 +
b1010 0
b1010 <
b1010 L
#827000
b1011 +
b1011 0
b1011 <
b1011 L
#828000
b1100 +
b1100 0
b1100 <
b1100 L
#829000
b1101 +
b1101 0
b1101 <
b1101 L
#830000
b1110 +
b1110 0
b1110 <
b1110 L
#831000
b1111 +
b1111 0
b1111 <
b1111 L
#832000
b1101 $
b1101 4
b1101 8
1k
b1011 2
b1011 9
b1011 Z
0t
1U
b1101 3
b1101 :
b1101 S
1^
0`
0a
1h
1i
0j
0q
0r
1s
1]
1f
0o
b1011 5
b1011 D
b1011 F
b1011 R
b1011 X
b100 B
b100 G
b100 M
b100 *
b100 /
b100 ;
b100 K
b100 O
b0 +
b0 0
b0 <
b0 L
#832001
b1101 !"
#833000
b1 +
b1 0
b1 <
b1 L
#834000
b10 +
b10 0
b10 <
b10 L
#835000
b11 +
b11 0
b11 <
b11 L
#836000
b100 +
b100 0
b100 <
b100 L
#837000
b101 +
b101 0
b101 <
b101 L
#838000
b110 +
b110 0
b110 <
b110 L
#839000
b111 +
b111 0
b111 <
b111 L
#840000
b1000 +
b1000 0
b1000 <
b1000 L
#841000
b1001 +
b1001 0
b1001 <
b1001 L
#842000
b1010 +
b1010 0
b1010 <
b1010 L
#843000
b1011 +
b1011 0
b1011 <
b1011 L
#844000
b1100 +
b1100 0
b1100 <
b1100 L
#845000
b1101 +
b1101 0
b1101 <
b1101 L
#846000
b1110 +
b1110 0
b1110 <
b1110 L
#847000
b1111 +
b1111 0
b1111 <
b1111 L
#848000
b1100 $
b1100 4
b1100 8
b1100 3
b1100 :
b1100 S
0^
1`
1a
0]
b1010 5
b1010 D
b1010 F
b1010 R
b1010 X
b101 B
b101 G
b101 M
b101 *
b101 /
b101 ;
b101 K
b101 O
b0 +
b0 0
b0 <
b0 L
#848001
b1100 !"
#849000
b1 +
b1 0
b1 <
b1 L
#850000
b10 +
b10 0
b10 <
b10 L
#851000
b11 +
b11 0
b11 <
b11 L
#852000
b100 +
b100 0
b100 <
b100 L
#853000
b101 +
b101 0
b101 <
b101 L
#854000
b110 +
b110 0
b110 <
b110 L
#855000
b111 +
b111 0
b111 <
b111 L
#856000
b1000 +
b1000 0
b1000 <
b1000 L
#857000
b1001 +
b1001 0
b1001 <
b1001 L
#858000
b1010 +
b1010 0
b1010 <
b1010 L
#859000
b1011 +
b1011 0
b1011 <
b1011 L
#860000
b1100 +
b1100 0
b1100 <
b1100 L
#861000
b1101 +
b1101 0
b1101 <
b1101 L
#862000
b1110 +
b1110 0
b1110 <
b1110 L
#863000
b1111 +
b1111 0
b1111 <
b1111 L
#864000
b1011 $
b1011 4
b1011 8
b1001 2
b1001 9
b1001 Z
0k
b1011 3
b1011 :
b1011 S
0U
1^
0`
0a
0h
0i
1j
1]
0f
b1001 5
b1001 D
b1001 F
b1001 R
b1001 X
b110 B
b110 G
b110 M
b110 *
b110 /
b110 ;
b110 K
b110 O
b0 +
b0 0
b0 <
b0 L
#864001
b1011 !"
#865000
b1 +
b1 0
b1 <
b1 L
#866000
b10 +
b10 0
b10 <
b10 L
#867000
b11 +
b11 0
b11 <
b11 L
#868000
b100 +
b100 0
b100 <
b100 L
#869000
b101 +
b101 0
b101 <
b101 L
#870000
b110 +
b110 0
b110 <
b110 L
#871000
b111 +
b111 0
b111 <
b111 L
#872000
b1000 +
b1000 0
b1000 <
b1000 L
#873000
b1001 +
b1001 0
b1001 <
b1001 L
#874000
b1010 +
b1010 0
b1010 <
b1010 L
#875000
b1011 +
b1011 0
b1011 <
b1011 L
#876000
b1100 +
b1100 0
b1100 <
b1100 L
#877000
b1101 +
b1101 0
b1101 <
b1101 L
#878000
b1110 +
b1110 0
b1110 <
b1110 L
#879000
b1111 +
b1111 0
b1111 <
b1111 L
#880000
b1010 $
b1010 4
b1010 8
b1010 3
b1010 :
b1010 S
0^
1`
1a
0]
b1000 5
b1000 D
b1000 F
b1000 R
b1000 X
b111 B
b111 G
b111 M
b111 *
b111 /
b111 ;
b111 K
b111 O
b0 +
b0 0
b0 <
b0 L
#880001
b1010 !"
#881000
b1 +
b1 0
b1 <
b1 L
#882000
b10 +
b10 0
b10 <
b10 L
#883000
b11 +
b11 0
b11 <
b11 L
#884000
b100 +
b100 0
b100 <
b100 L
#885000
b101 +
b101 0
b101 <
b101 L
#886000
b110 +
b110 0
b110 <
b110 L
#887000
b111 +
b111 0
b111 <
b111 L
#888000
b1000 +
b1000 0
b1000 <
b1000 L
#889000
b1001 +
b1001 0
b1001 <
b1001 L
#890000
b1010 +
b1010 0
b1010 <
b1010 L
#891000
b1011 +
b1011 0
b1011 <
b1011 L
#892000
b1100 +
b1100 0
b1100 <
b1100 L
#893000
b1101 +
b1101 0
b1101 <
b1101 L
#894000
b1110 +
b1110 0
b1110 <
b1110 L
#895000
b1111 +
b1111 0
b1111 <
b1111 L
#896000
1"
1T
b1001 $
b1001 4
b1001 8
1k
1t
b111 2
b111 9
b111 Z
0}
1U
b1001 3
b1001 :
b1001 S
1^
0`
0a
1h
1i
0j
1q
1r
0s
0z
0{
1|
1]
1f
1o
0x
b111 5
b111 D
b111 F
b111 R
b111 X
b1000 B
b1000 G
b1000 M
b1000 *
b1000 /
b1000 ;
b1000 K
b1000 O
b0 +
b0 0
b0 <
b0 L
#896001
b1001 !"
#897000
b1 +
b1 0
b1 <
b1 L
#898000
b10 +
b10 0
b10 <
b10 L
#899000
b11 +
b11 0
b11 <
b11 L
#900000
b100 +
b100 0
b100 <
b100 L
#901000
b101 +
b101 0
b101 <
b101 L
#902000
b110 +
b110 0
b110 <
b110 L
#903000
b111 +
b111 0
b111 <
b111 L
#904000
b1000 +
b1000 0
b1000 <
b1000 L
#905000
b1001 +
b1001 0
b1001 <
b1001 L
#906000
b1010 +
b1010 0
b1010 <
b1010 L
#907000
b1011 +
b1011 0
b1011 <
b1011 L
#908000
b1100 +
b1100 0
b1100 <
b1100 L
#909000
b1101 +
b1101 0
b1101 <
b1101 L
#910000
b1110 +
b1110 0
b1110 <
b1110 L
#911000
b1111 +
b1111 0
b1111 <
b1111 L
#912000
b1000 $
b1000 4
b1000 8
b1000 3
b1000 :
b1000 S
0^
1`
1a
0]
b110 5
b110 D
b110 F
b110 R
b110 X
b1001 B
b1001 G
b1001 M
b1001 *
b1001 /
b1001 ;
b1001 K
b1001 O
b0 +
b0 0
b0 <
b0 L
#912001
b1000 !"
#913000
b1 +
b1 0
b1 <
b1 L
#914000
b10 +
b10 0
b10 <
b10 L
#915000
b11 +
b11 0
b11 <
b11 L
#916000
b100 +
b100 0
b100 <
b100 L
#917000
b101 +
b101 0
b101 <
b101 L
#918000
b110 +
b110 0
b110 <
b110 L
#919000
b111 +
b111 0
b111 <
b111 L
#920000
b1000 +
b1000 0
b1000 <
b1000 L
#921000
b1001 +
b1001 0
b1001 <
b1001 L
#922000
b1010 +
b1010 0
b1010 <
b1010 L
#923000
b1011 +
b1011 0
b1011 <
b1011 L
#924000
b1100 +
b1100 0
b1100 <
b1100 L
#925000
b1101 +
b1101 0
b1101 <
b1101 L
#926000
b1110 +
b1110 0
b1110 <
b1110 L
#927000
b1111 +
b1111 0
b1111 <
b1111 L
#928000
0"
b111 $
b111 4
b111 8
0T
b101 2
b101 9
b101 Z
0k
b111 3
b111 :
b111 S
0U
1^
0`
0a
0h
0i
1j
1]
0f
b101 5
b101 D
b101 F
b101 R
b101 X
b1010 B
b1010 G
b1010 M
b1010 *
b1010 /
b1010 ;
b1010 K
b1010 O
b0 +
b0 0
b0 <
b0 L
#928001
0#"
b111 !"
#929000
b1 +
b1 0
b1 <
b1 L
#930000
b10 +
b10 0
b10 <
b10 L
#931000
b11 +
b11 0
b11 <
b11 L
#932000
b100 +
b100 0
b100 <
b100 L
#933000
b101 +
b101 0
b101 <
b101 L
#934000
b110 +
b110 0
b110 <
b110 L
#935000
b111 +
b111 0
b111 <
b111 L
#936000
b1000 +
b1000 0
b1000 <
b1000 L
#937000
b1001 +
b1001 0
b1001 <
b1001 L
#938000
b1010 +
b1010 0
b1010 <
b1010 L
#939000
b1011 +
b1011 0
b1011 <
b1011 L
#940000
b1100 +
b1100 0
b1100 <
b1100 L
#941000
b1101 +
b1101 0
b1101 <
b1101 L
#942000
b1110 +
b1110 0
b1110 <
b1110 L
#943000
b1111 +
b1111 0
b1111 <
b1111 L
#944000
b110 $
b110 4
b110 8
b110 3
b110 :
b110 S
0^
1`
1a
0]
b100 5
b100 D
b100 F
b100 R
b100 X
b1011 B
b1011 G
b1011 M
b1011 *
b1011 /
b1011 ;
b1011 K
b1011 O
b0 +
b0 0
b0 <
b0 L
#944001
b110 !"
#945000
b1 +
b1 0
b1 <
b1 L
#946000
b10 +
b10 0
b10 <
b10 L
#947000
b11 +
b11 0
b11 <
b11 L
#948000
b100 +
b100 0
b100 <
b100 L
#949000
b101 +
b101 0
b101 <
b101 L
#950000
b110 +
b110 0
b110 <
b110 L
#951000
b111 +
b111 0
b111 <
b111 L
#952000
b1000 +
b1000 0
b1000 <
b1000 L
#953000
b1001 +
b1001 0
b1001 <
b1001 L
#954000
b1010 +
b1010 0
b1010 <
b1010 L
#955000
b1011 +
b1011 0
b1011 <
b1011 L
#956000
b1100 +
b1100 0
b1100 <
b1100 L
#957000
b1101 +
b1101 0
b1101 <
b1101 L
#958000
b1110 +
b1110 0
b1110 <
b1110 L
#959000
b1111 +
b1111 0
b1111 <
b1111 L
#960000
b101 $
b101 4
b101 8
1k
b11 2
b11 9
b11 Z
0t
1U
b101 3
b101 :
b101 S
1^
0`
0a
1h
1i
0j
0q
0r
1s
1]
1f
0o
b11 5
b11 D
b11 F
b11 R
b11 X
b1100 B
b1100 G
b1100 M
b1100 *
b1100 /
b1100 ;
b1100 K
b1100 O
b0 +
b0 0
b0 <
b0 L
#960001
b101 !"
#961000
b1 +
b1 0
b1 <
b1 L
#962000
b10 +
b10 0
b10 <
b10 L
#963000
b11 +
b11 0
b11 <
b11 L
#964000
b100 +
b100 0
b100 <
b100 L
#965000
b101 +
b101 0
b101 <
b101 L
#966000
b110 +
b110 0
b110 <
b110 L
#967000
b111 +
b111 0
b111 <
b111 L
#968000
b1000 +
b1000 0
b1000 <
b1000 L
#969000
b1001 +
b1001 0
b1001 <
b1001 L
#970000
b1010 +
b1010 0
b1010 <
b1010 L
#971000
b1011 +
b1011 0
b1011 <
b1011 L
#972000
b1100 +
b1100 0
b1100 <
b1100 L
#973000
b1101 +
b1101 0
b1101 <
b1101 L
#974000
b1110 +
b1110 0
b1110 <
b1110 L
#975000
b1111 +
b1111 0
b1111 <
b1111 L
#976000
b100 $
b100 4
b100 8
b100 3
b100 :
b100 S
0^
1`
1a
0]
b10 5
b10 D
b10 F
b10 R
b10 X
b1101 B
b1101 G
b1101 M
b1101 *
b1101 /
b1101 ;
b1101 K
b1101 O
b0 +
b0 0
b0 <
b0 L
#976001
b100 !"
#977000
b1 +
b1 0
b1 <
b1 L
#978000
b10 +
b10 0
b10 <
b10 L
#979000
b11 +
b11 0
b11 <
b11 L
#980000
b100 +
b100 0
b100 <
b100 L
#981000
b101 +
b101 0
b101 <
b101 L
#982000
b110 +
b110 0
b110 <
b110 L
#983000
b111 +
b111 0
b111 <
b111 L
#984000
b1000 +
b1000 0
b1000 <
b1000 L
#985000
b1001 +
b1001 0
b1001 <
b1001 L
#986000
b1010 +
b1010 0
b1010 <
b1010 L
#987000
b1011 +
b1011 0
b1011 <
b1011 L
#988000
b1100 +
b1100 0
b1100 <
b1100 L
#989000
b1101 +
b1101 0
b1101 <
b1101 L
#990000
b1110 +
b1110 0
b1110 <
b1110 L
#991000
b1111 +
b1111 0
b1111 <
b1111 L
#992000
b11 $
b11 4
b11 8
b1 2
b1 9
b1 Z
0k
b11 3
b11 :
b11 S
0U
1^
0`
0a
0h
0i
1j
1]
0f
b1 5
b1 D
b1 F
b1 R
b1 X
b1110 B
b1110 G
b1110 M
b1110 *
b1110 /
b1110 ;
b1110 K
b1110 O
b0 +
b0 0
b0 <
b0 L
#992001
b11 !"
#993000
b1 +
b1 0
b1 <
b1 L
#994000
b10 +
b10 0
b10 <
b10 L
#995000
b11 +
b11 0
b11 <
b11 L
#996000
b100 +
b100 0
b100 <
b100 L
#997000
b101 +
b101 0
b101 <
b101 L
#998000
b110 +
b110 0
b110 <
b110 L
#999000
b111 +
b111 0
b111 <
b111 L
#1000000
b1000 +
b1000 0
b1000 <
b1000 L
#1001000
b1001 +
b1001 0
b1001 <
b1001 L
#1002000
b1010 +
b1010 0
b1010 <
b1010 L
#1003000
b1011 +
b1011 0
b1011 <
b1011 L
#1004000
b1100 +
b1100 0
b1100 <
b1100 L
#1005000
b1101 +
b1101 0
b1101 <
b1101 L
#1006000
b1110 +
b1110 0
b1110 <
b1110 L
#1007000
b1111 +
b1111 0
b1111 <
b1111 L
#1008000
b10 $
b10 4
b10 8
b10 3
b10 :
b10 S
0^
1`
1a
0]
b0 5
b0 D
b0 F
b0 R
b0 X
b1111 B
b1111 G
b1111 M
b1111 *
b1111 /
b1111 ;
b1111 K
b1111 O
b0 +
b0 0
b0 <
b0 L
#1008001
b10 !"
#1009000
b1 +
b1 0
b1 <
b1 L
#1010000
b10 +
b10 0
b10 <
b10 L
#1011000
b11 +
b11 0
b11 <
b11 L
#1012000
b100 +
b100 0
b100 <
b100 L
#1013000
b101 +
b101 0
b101 <
b101 L
#1014000
b110 +
b110 0
b110 <
b110 L
#1015000
b111 +
b111 0
b111 <
b111 L
#1016000
b1000 +
b1000 0
b1000 <
b1000 L
#1017000
b1001 +
b1001 0
b1001 <
b1001 L
#1018000
b1010 +
b1010 0
b1010 <
b1010 L
#1019000
b1011 +
b1011 0
b1011 <
b1011 L
#1020000
b1100 +
b1100 0
b1100 <
b1100 L
#1021000
b1101 +
b1101 0
b1101 <
b1101 L
#1022000
b1110 +
b1110 0
b1110 <
b1110 L
#1023000
b1111 +
b1111 0
b1111 <
b1111 L
#1024000
1!
b0 2
b0 9
b0 Z
0b
0_
0`
0\
b0 6
b0 E
b0 P
b0 Q
b0 W
b0 C
b0 J
b0 N
1@
1A
0>
0?
b0 $
b0 4
b0 8
b10 Y
b10 [
b10 c
b10 d
b10 l
b10 m
b10 u
b10 v
b10 ~
b0 3
b0 :
b0 S
0V
b0 B
b0 G
b0 M
b10 ,
b10 1
b10 =
0-
b0 *
b0 /
b0 ;
b0 K
b0 O
b0 +
b0 0
b0 <
b0 L
#1024001
1$"
b0 !"
#1025000
0!
b1 $
b1 4
b1 8
b1 2
b1 9
b1 Z
1b
b1 3
b1 :
b1 S
1_
1`
0a
1]
b1 5
b1 D
b1 F
b1 R
b1 X
b1 B
b1 G
b1 M
b1 +
b1 0
b1 <
b1 L
#1025001
0$"
b1 !"
#1026000
b10 $
b10 4
b10 8
0b
b10 2
b10 9
b10 Z
1k
b10 3
b10 :
b10 S
0_
0`
1a
1h
1i
0j
0]
1f
b10 5
b10 D
b10 F
b10 R
b10 X
b10 B
b10 G
b10 M
b10 +
b10 0
b10 <
b10 L
#1026001
b10 !"
#1027000
b11 $
b11 4
b11 8
b11 2
b11 9
b11 Z
1b
b11 3
b11 :
b11 S
1_
1`
0a
1]
b11 5
b11 D
b11 F
b11 R
b11 X
b11 B
b11 G
b11 M
b11 +
b11 0
b11 <
b11 L
#1027001
b11 !"
#1028000
b100 $
b100 4
b100 8
0b
0k
b100 2
b100 9
b100 Z
1t
b100 3
b100 :
b100 S
0_
0`
1a
0h
0i
1j
1q
1r
0s
0]
0f
1o
b100 5
b100 D
b100 F
b100 R
b100 X
b100 B
b100 G
b100 M
b100 +
b100 0
b100 <
b100 L
#1028001
b100 !"
#1029000
b101 $
b101 4
b101 8
b101 2
b101 9
b101 Z
1b
b101 3
b101 :
b101 S
1_
1`
0a
1]
b101 5
b101 D
b101 F
b101 R
b101 X
b101 B
b101 G
b101 M
b101 +
b101 0
b101 <
b101 L
#1029001
b101 !"
#1030000
b110 $
b110 4
b110 8
0b
b110 2
b110 9
b110 Z
1k
b110 3
b110 :
b110 S
0_
0`
1a
1h
1i
0j
0]
1f
b110 5
b110 D
b110 F
b110 R
b110 X
b110 B
b110 G
b110 M
b110 +
b110 0
b110 <
b110 L
#1030001
b110 !"
#1031000
b111 $
b111 4
b111 8
b111 2
b111 9
b111 Z
1b
b111 3
b111 :
b111 S
1_
1`
0a
1]
b111 5
b111 D
b111 F
b111 R
b111 X
b111 B
b111 G
b111 M
b111 +
b111 0
b111 <
b111 L
#1031001
b111 !"
#1032000
1"
b1000 $
b1000 4
b1000 8
0b
0k
0t
b1000 2
b1000 9
b1000 Z
1}
b1000 3
b1000 :
b1000 S
0_
0`
1a
0h
0i
1j
0q
0r
1s
1z
1{
0|
0]
0f
0o
1x
b1000 5
b1000 D
b1000 F
b1000 R
b1000 X
b1000 B
b1000 G
b1000 M
b1000 +
b1000 0
b1000 <
b1000 L
#1032001
1#"
b1000 !"
#1033000
b1001 $
b1001 4
b1001 8
b1001 2
b1001 9
b1001 Z
1b
b1001 3
b1001 :
b1001 S
1_
1`
0a
1]
b1001 5
b1001 D
b1001 F
b1001 R
b1001 X
b1001 B
b1001 G
b1001 M
b1001 +
b1001 0
b1001 <
b1001 L
#1033001
b1001 !"
#1034000
b1010 $
b1010 4
b1010 8
0b
b1010 2
b1010 9
b1010 Z
1k
b1010 3
b1010 :
b1010 S
0_
0`
1a
1h
1i
0j
0]
1f
b1010 5
b1010 D
b1010 F
b1010 R
b1010 X
b1010 B
b1010 G
b1010 M
b1010 +
b1010 0
b1010 <
b1010 L
#1034001
b1010 !"
#1035000
b1011 $
b1011 4
b1011 8
b1011 2
b1011 9
b1011 Z
1b
b1011 3
b1011 :
b1011 S
1_
1`
0a
1]
b1011 5
b1011 D
b1011 F
b1011 R
b1011 X
b1011 B
b1011 G
b1011 M
b1011 +
b1011 0
b1011 <
b1011 L
#1035001
b1011 !"
#1036000
b1100 $
b1100 4
b1100 8
0b
0k
b1100 2
b1100 9
b1100 Z
1t
b1100 3
b1100 :
b1100 S
0_
0`
1a
0h
0i
1j
1q
1r
0s
0]
0f
1o
b1100 5
b1100 D
b1100 F
b1100 R
b1100 X
b1100 B
b1100 G
b1100 M
b1100 +
b1100 0
b1100 <
b1100 L
#1036001
b1100 !"
#1037000
b1101 $
b1101 4
b1101 8
b1101 2
b1101 9
b1101 Z
1b
b1101 3
b1101 :
b1101 S
1_
1`
0a
1]
b1101 5
b1101 D
b1101 F
b1101 R
b1101 X
b1101 B
b1101 G
b1101 M
b1101 +
b1101 0
b1101 <
b1101 L
#1037001
b1101 !"
#1038000
b1110 $
b1110 4
b1110 8
0b
b1110 2
b1110 9
b1110 Z
1k
b1110 3
b1110 :
b1110 S
0_
0`
1a
1h
1i
0j
0]
1f
b1110 5
b1110 D
b1110 F
b1110 R
b1110 X
b1110 B
b1110 G
b1110 M
b1110 +
b1110 0
b1110 <
b1110 L
#1038001
b1110 !"
#1039000
b1111 $
b1111 4
b1111 8
b1111 2
b1111 9
b1111 Z
1b
b1111 3
b1111 :
b1111 S
1_
1`
0a
1]
b1111 5
b1111 D
b1111 F
b1111 R
b1111 X
b1111 B
b1111 G
b1111 M
b1111 +
b1111 0
b1111 <
b1111 L
#1039001
b1111 !"
#1040000
0"
b1 $
b1 4
b1 8
0k
0t
b1 2
b1 9
b1 Z
0}
b1 3
b1 :
b1 S
1a
0h
0i
1j
0q
0r
1s
0z
0{
1|
0]
0f
0o
0x
1\
b0 5
b0 D
b0 F
b0 R
b0 X
b1 6
b1 E
b1 P
b1 Q
b1 W
b0 B
b0 G
b0 M
b1 *
b1 /
b1 ;
b1 K
b1 O
b0 +
b0 0
b0 <
b0 L
#1040001
0#"
b1 !"
#1041000
b10 $
b10 4
b10 8
b0 2
b0 9
b0 Z
0b
b10 3
b10 :
b10 S
1V
1^
0`
0a
1]
b1 5
b1 D
b1 F
b1 R
b1 X
b1 B
b1 G
b1 M
b1 +
b1 0
b1 <
b1 L
#1041001
b10 !"
#1042000
b11 $
b11 4
b11 8
1b
b11 2
b11 9
b11 Z
1k
0V
b11 3
b11 :
b11 S
0U
0^
1`
1a
1h
1i
0j
0]
1f
b10 5
b10 D
b10 F
b10 R
b10 X
b10 B
b10 G
b10 M
b10 +
b10 0
b10 <
b10 L
#1042001
b11 !"
#1043000
0!
b100 $
b100 4
b100 8
1U
b10 2
b10 9
b10 Z
0b
b100 3
b100 :
b100 S
1V
1^
0`
0a
1]
b11 5
b11 D
b11 F
b11 R
b11 X
b11 B
b11 G
b11 M
b11 +
b11 0
b11 <
b11 L
#1043001
b100 !"
#1044000
0"
b101 $
b101 4
b101 8
1b
0k
b101 2
b101 9
b101 Z
1t
0V
0U
b101 3
b101 :
b101 S
0T
0^
1`
1a
0h
0i
1j
1q
1r
0s
0]
0f
1o
b100 5
b100 D
b100 F
b100 R
b100 X
b100 B
b100 G
b100 M
b100 +
b100 0
b100 <
b100 L
#1044001
b101 !"
#1045000
b110 $
b110 4
b110 8
b100 2
b100 9
b100 Z
0b
b110 3
b110 :
b110 S
1V
1^
0`
0a
1]
b101 5
b101 D
b101 F
b101 R
b101 X
b101 B
b101 G
b101 M
b101 +
b101 0
b101 <
b101 L
#1045001
b110 !"
#1046000
0"
b111 $
b111 4
b111 8
0T
1b
b111 2
b111 9
b111 Z
1k
0V
b111 3
b111 :
b111 S
0U
0^
1`
1a
1h
1i
0j
0]
1f
b110 5
b110 D
b110 F
b110 R
b110 X
b110 B
b110 G
b110 M
b110 +
b110 0
b110 <
b110 L
#1046001
b111 !"
#1047000
1"
1T
b1000 $
b1000 4
b1000 8
1U
b110 2
b110 9
b110 Z
0b
b1000 3
b1000 :
b1000 S
1V
1^
0`
0a
1]
b111 5
b111 D
b111 F
b111 R
b111 X
b111 B
b111 G
b111 M
b111 +
b111 0
b111 <
b111 L
#1047001
1#"
b1000 !"
#1048000
1"
b1001 $
b1001 4
b1001 8
1b
0k
0t
b1001 2
b1001 9
b1001 Z
1}
0V
0U
0T
b1001 3
b1001 :
b1001 S
0#
0^
1`
1a
0h
0i
1j
0q
0r
1s
1z
1{
0|
0]
0f
0o
1x
b1000 5
b1000 D
b1000 F
b1000 R
b1000 X
b1000 B
b1000 G
b1000 M
b1000 +
b1000 0
b1000 <
b1000 L
#1048001
b1001 !"
#1049000
b1010 $
b1010 4
b1010 8
b1000 2
b1000 9
b1000 Z
0b
b1010 3
b1010 :
b1010 S
1V
1^
0`
0a
1]
b1001 5
b1001 D
b1001 F
b1001 R
b1001 X
b1001 B
b1001 G
b1001 M
b1001 +
b1001 0
b1001 <
b1001 L
#1049001
b1010 !"
#1050000
b1011 $
b1011 4
b1011 8
1b
b1011 2
b1011 9
b1011 Z
1k
0V
b1011 3
b1011 :
b1011 S
0U
0^
1`
1a
1h
1i
0j
0]
1f
b1010 5
b1010 D
b1010 F
b1010 R
b1010 X
b1010 B
b1010 G
b1010 M
b1010 +
b1010 0
b1010 <
b1010 L
#1050001
b1011 !"
#1051000
b1100 $
b1100 4
b1100 8
1U
b1010 2
b1010 9
b1010 Z
0b
b1100 3
b1100 :
b1100 S
1V
1^
0`
0a
1]
b1011 5
b1011 D
b1011 F
b1011 R
b1011 X
b1011 B
b1011 G
b1011 M
b1011 +
b1011 0
b1011 <
b1011 L
#1051001
b1100 !"
#1052000
1"
b1101 $
b1101 4
b1101 8
0#
1b
0k
b1101 2
b1101 9
b1101 Z
1t
0V
0U
b1101 3
b1101 :
b1101 S
0T
0^
1`
1a
0h
0i
1j
1q
1r
0s
0]
0f
1o
b1100 5
b1100 D
b1100 F
b1100 R
b1100 X
b1100 B
b1100 G
b1100 M
b1100 +
b1100 0
b1100 <
b1100 L
#1052001
b1101 !"
#1053000
b1110 $
b1110 4
b1110 8
b1100 2
b1100 9
b1100 Z
0b
b1110 3
b1110 :
b1110 S
1V
1^
0`
0a
1]
b1101 5
b1101 D
b1101 F
b1101 R
b1101 X
b1101 B
b1101 G
b1101 M
b1101 +
b1101 0
b1101 <
b1101 L
#1053001
b1110 !"
#1054000
1"
0#
b1111 $
b1111 4
b1111 8
0T
1b
b1111 2
b1111 9
b1111 Z
1k
0V
b1111 3
b1111 :
b1111 S
0U
0^
1`
1a
1h
1i
0j
0]
1f
b1110 5
b1110 D
b1110 F
b1110 R
b1110 X
b1110 B
b1110 G
b1110 M
b1110 +
b1110 0
b1110 <
b1110 L
#1054001
b1111 !"
#1055000
0"
1!
1#
1T
b0 $
b0 4
b0 8
1U
b1110 2
b1110 9
b1110 Z
0b
b0 3
b0 :
b0 S
1V
1^
0`
0a
1]
b1111 5
b1111 D
b1111 F
b1111 R
b1111 X
b1111 B
b1111 G
b1111 M
b1111 +
b1111 0
b1111 <
b1111 L
#1055001
1$"
0#"
1""
b10000 !"
#1056000
0"
0!
b10 $
b10 4
b10 8
0t
b10 2
b10 9
b10 Z
0}
0U
0T
b10 3
b10 :
b10 S
0#
1a
1j
0q
0r
1s
0z
0{
1|
0V
0^
0_
0]
0f
0o
0x
0\
1e
b0 5
b0 D
b0 F
b0 R
b0 X
b10 6
b10 E
b10 P
b10 Q
b10 W
b0 B
b0 G
b0 M
b10 *
b10 /
b10 ;
b10 K
b10 O
b0 +
b0 0
b0 <
b0 L
#1056001
0$"
0""
b10 !"
#1057000
b11 $
b11 4
b11 8
b11 2
b11 9
b11 Z
1b
b11 3
b11 :
b11 S
1_
1`
0a
1]
b1 5
b1 D
b1 F
b1 R
b1 X
b1 B
b1 G
b1 M
b1 +
b1 0
b1 <
b1 L
#1057001
b11 !"
#1058000
b100 $
b100 4
b100 8
0b
b0 2
b0 9
b0 Z
0k
b100 3
b100 :
b100 S
1U
0_
0`
1a
1g
0i
0j
0]
1f
b10 5
b10 D
b10 F
b10 R
b10 X
b10 B
b10 G
b10 M
b10 +
b10 0
b10 <
b10 L
#1058001
b100 !"
#1059000
b101 $
b101 4
b101 8
b1 2
b1 9
b1 Z
1b
b101 3
b101 :
b101 S
1_
1`
0a
1]
b11 5
b11 D
b11 F
b11 R
b11 X
b11 B
b11 G
b11 M
b11 +
b11 0
b11 <
b11 L
#1059001
b101 !"
#1060000
0"
b110 $
b110 4
b110 8
0b
1k
b110 2
b110 9
b110 Z
1t
0U
b110 3
b110 :
b110 S
0T
0_
0`
1a
0g
1i
1j
1q
1r
0s
0]
0f
1o
b100 5
b100 D
b100 F
b100 R
b100 X
b100 B
b100 G
b100 M
b100 +
b100 0
b100 <
b100 L
#1060001
b110 !"
#1061000
b111 $
b111 4
b111 8
b111 2
b111 9
b111 Z
1b
b111 3
b111 :
b111 S
1_
1`
0a
1]
b101 5
b101 D
b101 F
b101 R
b101 X
b101 B
b101 G
b101 M
b101 +
b101 0
b101 <
b101 L
#1061001
b111 !"
#1062000
1"
0!
b1000 $
b1000 4
b1000 8
1T
0b
b100 2
b100 9
b100 Z
0k
b1000 3
b1000 :
b1000 S
1U
0_
0`
1a
1g
0i
0j
0]
1f
b110 5
b110 D
b110 F
b110 R
b110 X
b110 B
b110 G
b110 M
b110 +
b110 0
b110 <
b110 L
#1062001
1#"
b1000 !"
#1063000
b1001 $
b1001 4
b1001 8
b101 2
b101 9
b101 Z
1b
b1001 3
b1001 :
b1001 S
1_
1`
0a
1]
b111 5
b111 D
b111 F
b111 R
b111 X
b111 B
b111 G
b111 M
b111 +
b111 0
b111 <
b111 L
#1063001
b1001 !"
#1064000
1"
b1010 $
b1010 4
b1010 8
0b
1k
0t
b1010 2
b1010 9
b1010 Z
1}
0U
0T
b1010 3
b1010 :
b1010 S
0#
0_
0`
1a
0g
1i
1j
0q
0r
1s
1z
1{
0|
0]
0f
0o
1x
b1000 5
b1000 D
b1000 F
b1000 R
b1000 X
b1000 B
b1000 G
b1000 M
b1000 +
b1000 0
b1000 <
b1000 L
#1064001
b1010 !"
#1065000
b1011 $
b1011 4
b1011 8
b1011 2
b1011 9
b1011 Z
1b
b1011 3
b1011 :
b1011 S
1_
1`
0a
1]
b1001 5
b1001 D
b1001 F
b1001 R
b1001 X
b1001 B
b1001 G
b1001 M
b1001 +
b1001 0
b1001 <
b1001 L
#1065001
b1011 !"
#1066000
b1100 $
b1100 4
b1100 8
0b
b1000 2
b1000 9
b1000 Z
0k
b1100 3
b1100 :
b1100 S
1U
0_
0`
1a
1g
0i
0j
0]
1f
b1010 5
b1010 D
b1010 F
b1010 R
b1010 X
b1010 B
b1010 G
b1010 M
b1010 +
b1010 0
b1010 <
b1010 L
#1066001
b1100 !"
#1067000
b1101 $
b1101 4
b1101 8
b1001 2
b1001 9
b1001 Z
1b
b1101 3
b1101 :
b1101 S
1_
1`
0a
1]
b1011 5
b1011 D
b1011 F
b1011 R
b1011 X
b1011 B
b1011 G
b1011 M
b1011 +
b1011 0
b1011 <
b1011 L
#1067001
b1101 !"
#1068000
1"
b1110 $
b1110 4
b1110 8
0#
0b
1k
b1110 2
b1110 9
b1110 Z
1t
0U
b1110 3
b1110 :
b1110 S
0T
0_
0`
1a
0g
1i
1j
1q
1r
0s
0]
0f
1o
b1100 5
b1100 D
b1100 F
b1100 R
b1100 X
b1100 B
b1100 G
b1100 M
b1100 +
b1100 0
b1100 <
b1100 L
#1068001
b1110 !"
#1069000
b1111 $
b1111 4
b1111 8
b1111 2
b1111 9
b1111 Z
1b
b1111 3
b1111 :
b1111 S
1_
1`
0a
1]
b1101 5
b1101 D
b1101 F
b1101 R
b1101 X
b1101 B
b1101 G
b1101 M
b1101 +
b1101 0
b1101 <
b1101 L
#1069001
b1111 !"
#1070000
0"
1!
1#
b0 $
b0 4
b0 8
1T
0b
b1100 2
b1100 9
b1100 Z
0k
b0 3
b0 :
b0 S
1U
0_
0`
1a
1g
0i
0j
0]
1f
b1110 5
b1110 D
b1110 F
b1110 R
b1110 X
b1110 B
b1110 G
b1110 M
b1110 +
b1110 0
b1110 <
b1110 L
#1070001
1$"
0#"
1""
b10000 !"
#1071000
0!
b1 $
b1 4
b1 8
b1101 2
b1101 9
b1101 Z
1b
b1 3
b1 :
b1 S
1_
1`
0a
1]
b1111 5
b1111 D
b1111 F
b1111 R
b1111 X
b1111 B
b1111 G
b1111 M
b1111 +
b1111 0
b1111 <
b1111 L
#1071001
0$"
b10001 !"
#1072000
0"
b11 $
b11 4
b11 8
1k
0t
b11 2
b11 9
b11 Z
0}
0U
0T
b11 3
b11 :
b11 S
0#
1a
0g
1i
1j
0q
0r
1s
0z
0{
1|
0]
0f
0o
0x
1\
b0 5
b0 D
b0 F
b0 R
b0 X
b11 6
b11 E
b11 P
b11 Q
b11 W
b0 B
b0 G
b0 M
b11 *
b11 /
b11 ;
b11 K
b11 O
b0 +
b0 0
b0 <
b0 L
#1072001
0""
b11 !"
#1073000
0!
b100 $
b100 4
b100 8
1U
b10 2
b10 9
b10 Z
0b
b100 3
b100 :
b100 S
1V
1^
0`
0a
1]
b1 5
b1 D
b1 F
b1 R
b1 X
b1 B
b1 G
b1 M
b1 +
b1 0
b1 <
b1 L
#1073001
b100 !"
#1074000
b101 $
b101 4
b101 8
1b
b1 2
b1 9
b1 Z
0k
0V
b101 3
b101 :
b101 S
0^
1`
1a
1g
0i
0j
0]
1f
b10 5
b10 D
b10 F
b10 R
b10 X
b10 B
b10 G
b10 M
b10 +
b10 0
b10 <
b10 L
#1074001
b101 !"
#1075000
b110 $
b110 4
b110 8
b0 2
b0 9
b0 Z
0b
b110 3
b110 :
b110 S
1V
1^
0`
0a
1]
b11 5
b11 D
b11 F
b11 R
b11 X
b11 B
b11 G
b11 M
b11 +
b11 0
b11 <
b11 L
#1075001
b110 !"
#1076000
0"
0U
b111 $
b111 4
b111 8
1b
1k
b111 2
b111 9
b111 Z
1t
0V
b111 3
b111 :
b111 S
0T
0^
1`
1a
0g
1i
1j
1q
1r
0s
0]
0f
1o
b100 5
b100 D
b100 F
b100 R
b100 X
b100 B
b100 G
b100 M
b100 +
b100 0
b100 <
b100 L
#1076001
b111 !"
#1077000
1"
1T
b1000 $
b1000 4
b1000 8
1U
b110 2
b110 9
b110 Z
0b
b1000 3
b1000 :
b1000 S
1V
1^
0`
0a
1]
b101 5
b101 D
b101 F
b101 R
b101 X
b101 B
b101 G
b101 M
b101 +
b101 0
b101 <
b101 L
#1077001
1#"
b1000 !"
#1078000
b1001 $
b1001 4
b1001 8
1b
b101 2
b101 9
b101 Z
0k
0V
b1001 3
b1001 :
b1001 S
0^
1`
1a
1g
0i
0j
0]
1f
b110 5
b110 D
b110 F
b110 R
b110 X
b110 B
b110 G
b110 M
b110 +
b110 0
b110 <
b110 L
#1078001
b1001 !"
#1079000
b1010 $
b1010 4
b1010 8
b100 2
b100 9
b100 Z
0b
b1010 3
b1010 :
b1010 S
1V
1^
0`
0a
1]
b111 5
b111 D
b111 F
b111 R
b111 X
b111 B
b111 G
b111 M
b111 +
b111 0
b111 <
b111 L
#1079001
b1010 !"
#1080000
1"
0U
b1011 $
b1011 4
b1011 8
1b
1k
0t
b1011 2
b1011 9
b1011 Z
1}
0V
0T
b1011 3
b1011 :
b1011 S
0#
0^
1`
1a
0g
1i
1j
0q
0r
1s
1z
1{
0|
0]
0f
0o
1x
b1000 5
b1000 D
b1000 F
b1000 R
b1000 X
b1000 B
b1000 G
b1000 M
b1000 +
b1000 0
b1000 <
b1000 L
#1080001
b1011 !"
#1081000
b1100 $
b1100 4
b1100 8
1U
b1010 2
b1010 9
b1010 Z
0b
b1100 3
b1100 :
b1100 S
1V
1^
0`
0a
1]
b1001 5
b1001 D
b1001 F
b1001 R
b1001 X
b1001 B
b1001 G
b1001 M
b1001 +
b1001 0
b1001 <
b1001 L
#1081001
b1100 !"
#1082000
b1101 $
b1101 4
b1101 8
1b
b1001 2
b1001 9
b1001 Z
0k
0V
b1101 3
b1101 :
b1101 S
0^
1`
1a
1g
0i
0j
0]
1f
b1010 5
b1010 D
b1010 F
b1010 R
b1010 X
b1010 B
b1010 G
b1010 M
b1010 +
b1010 0
b1010 <
b1010 L
#1082001
b1101 !"
#1083000
b1110 $
b1110 4
b1110 8
b1000 2
b1000 9
b1000 Z
0b
b1110 3
b1110 :
b1110 S
1V
1^
0`
0a
1]
b1011 5
b1011 D
b1011 F
b1011 R
b1011 X
b1011 B
b1011 G
b1011 M
b1011 +
b1011 0
b1011 <
b1011 L
#1083001
b1110 !"
#1084000
1"
0U
b1111 $
b1111 4
b1111 8
0#
1b
1k
b1111 2
b1111 9
b1111 Z
1t
0V
b1111 3
b1111 :
b1111 S
0T
0^
1`
1a
0g
1i
1j
1q
1r
0s
0]
0f
1o
b1100 5
b1100 D
b1100 F
b1100 R
b1100 X
b1100 B
b1100 G
b1100 M
b1100 +
b1100 0
b1100 <
b1100 L
#1084001
b1111 !"
#1085000
0"
1!
1#
1T
b0 $
b0 4
b0 8
1U
b1110 2
b1110 9
b1110 Z
0b
b0 3
b0 :
b0 S
1V
1^
0`
0a
1]
b1101 5
b1101 D
b1101 F
b1101 R
b1101 X
b1101 B
b1101 G
b1101 M
b1101 +
b1101 0
b1101 <
b1101 L
#1085001
1$"
0#"
1""
b10000 !"
#1086000
0!
b1 $
b1 4
b1 8
1b
b1101 2
b1101 9
b1101 Z
0k
0V
b1 3
b1 :
b1 S
0^
1`
1a
1g
0i
0j
0]
1f
b1110 5
b1110 D
b1110 F
b1110 R
b1110 X
b1110 B
b1110 G
b1110 M
b1110 +
b1110 0
b1110 <
b1110 L
#1086001
0$"
b10001 !"
#1087000
b10 $
b10 4
b10 8
b1100 2
b1100 9
b1100 Z
0b
b10 3
b10 :
b10 S
1V
1^
0`
0a
1]
b1111 5
b1111 D
b1111 F
b1111 R
b1111 X
b1111 B
b1111 G
b1111 M
b1111 +
b1111 0
b1111 <
b1111 L
#1087001
b10010 !"
#1088000
0"
0T
b100 $
b100 4
b100 8
b100 2
b100 9
b100 Z
0}
0U
b100 3
b100 :
b100 S
0#
1a
1j
1s
0z
0{
1|
0V
0^
0_
0g
0h
0]
0f
0o
0x
0\
0e
1n
b0 5
b0 D
b0 F
b0 R
b0 X
b100 6
b100 E
b100 P
b100 Q
b100 W
b0 B
b0 G
b0 M
b100 *
b100 /
b100 ;
b100 K
b100 O
b0 +
b0 0
b0 <
b0 L
#1088001
0""
b100 !"
#1089000
b101 $
b101 4
b101 8
b101 2
b101 9
b101 Z
1b
b101 3
b101 :
b101 S
1_
1`
0a
1]
b1 5
b1 D
b1 F
b1 R
b1 X
b1 B
b1 G
b1 M
b1 +
b1 0
b1 <
b1 L
#1089001
b101 !"
#1090000
b110 $
b110 4
b110 8
0b
b110 2
b110 9
b110 Z
1k
b110 3
b110 :
b110 S
0_
0`
1a
1h
1i
0j
0]
1f
b10 5
b10 D
b10 F
b10 R
b10 X
b10 B
b10 G
b10 M
b10 +
b10 0
b10 <
b10 L
#1090001
b110 !"
#1091000
b111 $
b111 4
b111 8
b111 2
b111 9
b111 Z
1b
b111 3
b111 :
b111 S
1_
1`
0a
1]
b11 5
b11 D
b11 F
b11 R
b11 X
b11 B
b11 G
b11 M
b11 +
b11 0
b11 <
b11 L
#1091001
b111 !"
#1092000
1"
b1000 $
b1000 4
b1000 8
0b
0k
b0 2
b0 9
b0 Z
0t
b1000 3
b1000 :
b1000 S
1T
0_
0`
1a
0h
0i
1j
1p
0r
0s
0]
0f
1o
b100 5
b100 D
b100 F
b100 R
b100 X
b100 B
b100 G
b100 M
b100 +
b100 0
b100 <
b100 L
#1092001
1#"
b1000 !"
#1093000
b1001 $
b1001 4
b1001 8
b1 2
b1 9
b1 Z
1b
b1001 3
b1001 :
b1001 S
1_
1`
0a
1]
b101 5
b101 D
b101 F
b101 R
b101 X
b101 B
b101 G
b101 M
b101 +
b101 0
b101 <
b101 L
#1093001
b1001 !"
#1094000
b1010 $
b1010 4
b1010 8
0b
b10 2
b10 9
b10 Z
1k
b1010 3
b1010 :
b1010 S
0_
0`
1a
1h
1i
0j
0]
1f
b110 5
b110 D
b110 F
b110 R
b110 X
b110 B
b110 G
b110 M
b110 +
b110 0
b110 <
b110 L
#1094001
b1010 !"
#1095000
b1011 $
b1011 4
b1011 8
b11 2
b11 9
b11 Z
1b
b1011 3
b1011 :
b1011 S
1_
1`
0a
1]
b111 5
b111 D
b111 F
b111 R
b111 X
b111 B
b111 G
b111 M
b111 +
b111 0
b111 <
b111 L
#1095001
b1011 !"
#1096000
1"
b1100 $
b1100 4
b1100 8
0b
0k
1t
b1100 2
b1100 9
b1100 Z
1}
0T
b1100 3
b1100 :
b1100 S
0#
0_
0`
1a
0h
0i
1j
0p
1r
1s
1z
1{
0|
0]
0f
0o
1x
b1000 5
b1000 D
b1000 F
b1000 R
b1000 X
b1000 B
b1000 G
b1000 M
b1000 +
b1000 0
b1000 <
b1000 L
#1096001
b1100 !"
#1097000
b1101 $
b1101 4
b1101 8
b1101 2
b1101 9
b1101 Z
1b
b1101 3
b1101 :
b1101 S
1_
1`
0a
1]
b1001 5
b1001 D
b1001 F
b1001 R
b1001 X
b1001 B
b1001 G
b1001 M
b1001 +
b1001 0
b1001 <
b1001 L
#1097001
b1101 !"
#1098000
b1110 $
b1110 4
b1110 8
0b
b1110 2
b1110 9
b1110 Z
1k
b1110 3
b1110 :
b1110 S
0_
0`
1a
1h
1i
0j
0]
1f
b1010 5
b1010 D
b1010 F
b1010 R
b1010 X
b1010 B
b1010 G
b1010 M
b1010 +
b1010 0
b1010 <
b1010 L
#1098001
b1110 !"
#1099000
b1111 $
b1111 4
b1111 8
b1111 2
b1111 9
b1111 Z
1b
b1111 3
b1111 :
b1111 S
1_
1`
0a
1]
b1011 5
b1011 D
b1011 F
b1011 R
b1011 X
b1011 B
b1011 G
b1011 M
b1011 +
b1011 0
b1011 <
b1011 L
#1099001
b1111 !"
#1100000
0"
1!
b0 $
b0 4
b0 8
1#
0b
0k
b1000 2
b1000 9
b1000 Z
0t
b0 3
b0 :
b0 S
1T
0_
0`
1a
0h
0i
1j
1p
0r
0s
0]
0f
1o
b1100 5
b1100 D
b1100 F
b1100 R
b1100 X
b1100 B
b1100 G
b1100 M
b1100 +
b1100 0
b1100 <
b1100 L
#1100001
1$"
0#"
1""
b10000 !"
#1101000
0!
b1 $
b1 4
b1 8
b1001 2
b1001 9
b1001 Z
1b
b1 3
b1 :
b1 S
1_
1`
0a
1]
b1101 5
b1101 D
b1101 F
b1101 R
b1101 X
b1101 B
b1101 G
b1101 M
b1101 +
b1101 0
b1101 <
b1101 L
#1101001
0$"
b10001 !"
#1102000
b10 $
b10 4
b10 8
0b
b1010 2
b1010 9
b1010 Z
1k
b10 3
b10 :
b10 S
0_
0`
1a
1h
1i
0j
0]
1f
b1110 5
b1110 D
b1110 F
b1110 R
b1110 X
b1110 B
b1110 G
b1110 M
b1110 +
b1110 0
b1110 <
b1110 L
#1102001
b10010 !"
#1103000
b11 $
b11 4
b11 8
b1011 2
b1011 9
b1011 Z
1b
b11 3
b11 :
b11 S
1_
1`
0a
1]
b1111 5
b1111 D
b1111 F
b1111 R
b1111 X
b1111 B
b1111 G
b1111 M
b1111 +
b1111 0
b1111 <
b1111 L
#1103001
b10011 !"
#1104000
0"
b101 $
b101 4
b101 8
0k
1t
b101 2
b101 9
b101 Z
0}
0T
b101 3
b101 :
b101 S
0#
1a
0h
0i
1j
0p
1r
1s
0z
0{
1|
0]
0f
0o
0x
1\
b0 5
b0 D
b0 F
b0 R
b0 X
b101 6
b101 E
b101 P
b101 Q
b101 W
b0 B
b0 G
b0 M
b101 *
b101 /
b101 ;
b101 K
b101 O
b0 +
b0 0
b0 <
b0 L
#1104001
0""
b101 !"
#1105000
b110 $
b110 4
b110 8
b100 2
b100 9
b100 Z
0b
b110 3
b110 :
b110 S
1V
1^
0`
0a
1]
b1 5
b1 D
b1 F
b1 R
b1 X
b1 B
b1 G
b1 M
b1 +
b1 0
b1 <
b1 L
#1105001
b110 !"
#1106000
0"
b111 $
b111 4
b111 8
0T
1b
b111 2
b111 9
b111 Z
1k
0V
b111 3
b111 :
b111 S
0U
0^
1`
1a
1h
1i
0j
0]
1f
b10 5
b10 D
b10 F
b10 R
b10 X
b10 B
b10 G
b10 M
b10 +
b10 0
b10 <
b10 L
#1106001
b111 !"
#1107000
1"
1T
b1000 $
b1000 4
b1000 8
1U
b110 2
b110 9
b110 Z
0b
b1000 3
b1000 :
b1000 S
1V
1^
0`
0a
1]
b11 5
b11 D
b11 F
b11 R
b11 X
b11 B
b11 G
b11 M
b11 +
b11 0
b11 <
b11 L
#1107001
1#"
b1000 !"
#1108000
b1001 $
b1001 4
b1001 8
1b
0k
b1 2
b1 9
b1 Z
0t
0V
0U
b1001 3
b1001 :
b1001 S
0^
1`
1a
0h
0i
1j
1p
0r
0s
0]
0f
1o
b100 5
b100 D
b100 F
b100 R
b100 X
b100 B
b100 G
b100 M
b100 +
b100 0
b100 <
b100 L
#1108001
b1001 !"
#1109000
b1010 $
b1010 4
b1010 8
b0 2
b0 9
b0 Z
0b
b1010 3
b1010 :
b1010 S
1V
1^
0`
0a
1]
b101 5
b101 D
b101 F
b101 R
b101 X
b101 B
b101 G
b101 M
b101 +
b101 0
b101 <
b101 L
#1109001
b1010 !"
#1110000
b1011 $
b1011 4
b1011 8
1b
b11 2
b11 9
b11 Z
1k
0V
b1011 3
b1011 :
b1011 S
0U
0^
1`
1a
1h
1i
0j
0]
1f
b110 5
b110 D
b110 F
b110 R
b110 X
b110 B
b110 G
b110 M
b110 +
b110 0
b110 <
b110 L
#1110001
b1011 !"
#1111000
b1100 $
b1100 4
b1100 8
1U
b10 2
b10 9
b10 Z
0b
b1100 3
b1100 :
b1100 S
1V
1^
0`
0a
1]
b111 5
b111 D
b111 F
b111 R
b111 X
b111 B
b111 G
b111 M
b111 +
b111 0
b111 <
b111 L
#1111001
b1100 !"
#1112000
1"
0T
b1101 $
b1101 4
b1101 8
1b
0k
1t
b1101 2
b1101 9
b1101 Z
1}
0V
0U
b1101 3
b1101 :
b1101 S
0#
0^
1`
1a
0h
0i
1j
0p
1r
1s
1z
1{
0|
0]
0f
0o
1x
b1000 5
b1000 D
b1000 F
b1000 R
b1000 X
b1000 B
b1000 G
b1000 M
b1000 +
b1000 0
b1000 <
b1000 L
#1112001
b1101 !"
#1113000
b1110 $
b1110 4
b1110 8
b1100 2
b1100 9
b1100 Z
0b
b1110 3
b1110 :
b1110 S
1V
1^
0`
0a
1]
b1001 5
b1001 D
b1001 F
b1001 R
b1001 X
b1001 B
b1001 G
b1001 M
b1001 +
b1001 0
b1001 <
b1001 L
#1113001
b1110 !"
#1114000
1"
0#
b1111 $
b1111 4
b1111 8
0T
1b
b1111 2
b1111 9
b1111 Z
1k
0V
b1111 3
b1111 :
b1111 S
0U
0^
1`
1a
1h
1i
0j
0]
1f
b1010 5
b1010 D
b1010 F
b1010 R
b1010 X
b1010 B
b1010 G
b1010 M
b1010 +
b1010 0
b1010 <
b1010 L
#1114001
b1111 !"
#1115000
0"
1!
1#
1T
b0 $
b0 4
b0 8
1U
b1110 2
b1110 9
b1110 Z
0b
b0 3
b0 :
b0 S
1V
1^
0`
0a
1]
b1011 5
b1011 D
b1011 F
b1011 R
b1011 X
b1011 B
b1011 G
b1011 M
b1011 +
b1011 0
b1011 <
b1011 L
#1115001
1$"
0#"
1""
b10000 !"
#1116000
0!
b1 $
b1 4
b1 8
1b
0k
b1001 2
b1001 9
b1001 Z
0t
0V
0U
b1 3
b1 :
b1 S
0^
1`
1a
0h
0i
1j
1p
0r
0s
0]
0f
1o
b1100 5
b1100 D
b1100 F
b1100 R
b1100 X
b1100 B
b1100 G
b1100 M
b1100 +
b1100 0
b1100 <
b1100 L
#1116001
0$"
b10001 !"
#1117000
b10 $
b10 4
b10 8
b1000 2
b1000 9
b1000 Z
0b
b10 3
b10 :
b10 S
1V
1^
0`
0a
1]
b1101 5
b1101 D
b1101 F
b1101 R
b1101 X
b1101 B
b1101 G
b1101 M
b1101 +
b1101 0
b1101 <
b1101 L
#1117001
b10010 !"
#1118000
b11 $
b11 4
b11 8
1b
b1011 2
b1011 9
b1011 Z
1k
0V
b11 3
b11 :
b11 S
0U
0^
1`
1a
1h
1i
0j
0]
1f
b1110 5
b1110 D
b1110 F
b1110 R
b1110 X
b1110 B
b1110 G
b1110 M
b1110 +
b1110 0
b1110 <
b1110 L
#1118001
b10011 !"
#1119000
0!
b100 $
b100 4
b100 8
1U
b1010 2
b1010 9
b1010 Z
0b
b100 3
b100 :
b100 S
1V
1^
0`
0a
1]
b1111 5
b1111 D
b1111 F
b1111 R
b1111 X
b1111 B
b1111 G
b1111 M
b1111 +
b1111 0
b1111 <
b1111 L
#1119001
b10100 !"
#1120000
0"
0T
b110 $
b110 4
b110 8
1t
b110 2
b110 9
b110 Z
0}
0U
b110 3
b110 :
b110 S
0#
1a
1j
0p
1r
1s
0z
0{
1|
0V
0^
0_
0]
0f
0o
0x
0\
1e
b0 5
b0 D
b0 F
b0 R
b0 X
b110 6
b110 E
b110 P
b110 Q
b110 W
b0 B
b0 G
b0 M
b110 *
b110 /
b110 ;
b110 K
b110 O
b0 +
b0 0
b0 <
b0 L
#1120001
0""
b110 !"
#1121000
b111 $
b111 4
b111 8
b111 2
b111 9
b111 Z
1b
b111 3
b111 :
b111 S
1_
1`
0a
1]
b1 5
b1 D
b1 F
b1 R
b1 X
b1 B
b1 G
b1 M
b1 +
b1 0
b1 <
b1 L
#1121001
b111 !"
#1122000
1"
0!
b1000 $
b1000 4
b1000 8
1T
0b
b100 2
b100 9
b100 Z
0k
b1000 3
b1000 :
b1000 S
1U
0_
0`
1a
1g
0i
0j
0]
1f
b10 5
b10 D
b10 F
b10 R
b10 X
b10 B
b10 G
b10 M
b10 +
b10 0
b10 <
b10 L
#1122001
1#"
b1000 !"
#1123000
b1001 $
b1001 4
b1001 8
b101 2
b101 9
b101 Z
1b
b1001 3
b1001 :
b1001 S
1_
1`
0a
1]
b11 5
b11 D
b11 F
b11 R
b11 X
b11 B
b11 G
b11 M
b11 +
b11 0
b11 <
b11 L
#1123001
b1001 !"
#1124000
b1010 $
b1010 4
b1010 8
0b
1k
b10 2
b10 9
b10 Z
0t
0U
b1010 3
b1010 :
b1010 S
0_
0`
1a
0g
1i
1j
1p
0r
0s
0]
0f
1o
b100 5
b100 D
b100 F
b100 R
b100 X
b100 B
b100 G
b100 M
b100 +
b100 0
b100 <
b100 L
#1124001
b1010 !"
#1125000
b1011 $
b1011 4
b1011 8
b11 2
b11 9
b11 Z
1b
b1011 3
b1011 :
b1011 S
1_
1`
0a
1]
b101 5
b101 D
b101 F
b101 R
b101 X
b101 B
b101 G
b101 M
b101 +
b101 0
b101 <
b101 L
#1125001
b1011 !"
#1126000
b1100 $
b1100 4
b1100 8
0b
b0 2
b0 9
b0 Z
0k
b1100 3
b1100 :
b1100 S
1U
0_
0`
1a
1g
0i
0j
0]
1f
b110 5
b110 D
b110 F
b110 R
b110 X
b110 B
b110 G
b110 M
b110 +
b110 0
b110 <
b110 L
#1126001
b1100 !"
#1127000
b1101 $
b1101 4
b1101 8
b1 2
b1 9
b1 Z
1b
b1101 3
b1101 :
b1101 S
1_
1`
0a
1]
b111 5
b111 D
b111 F
b111 R
b111 X
b111 B
b111 G
b111 M
b111 +
b111 0
b111 <
b111 L
#1127001
b1101 !"
#1128000
1"
0T
b1110 $
b1110 4
b1110 8
0b
1k
1t
b1110 2
b1110 9
b1110 Z
1}
0U
b1110 3
b1110 :
b1110 S
0#
0_
0`
1a
0g
1i
1j
0p
1r
1s
1z
1{
0|
0]
0f
0o
1x
b1000 5
b1000 D
b1000 F
b1000 R
b1000 X
b1000 B
b1000 G
b1000 M
b1000 +
b1000 0
b1000 <
b1000 L
#1128001
b1110 !"
#1129000
b1111 $
b1111 4
b1111 8
b1111 2
b1111 9
b1111 Z
1b
b1111 3
b1111 :
b1111 S
1_
1`
0a
1]
b1001 5
b1001 D
b1001 F
b1001 R
b1001 X
b1001 B
b1001 G
b1001 M
b1001 +
b1001 0
b1001 <
b1001 L
#1129001
b1111 !"
#1130000
0"
1!
1#
b0 $
b0 4
b0 8
1T
0b
b1100 2
b1100 9
b1100 Z
0k
b0 3
b0 :
b0 S
1U
0_
0`
1a
1g
0i
0j
0]
1f
b1010 5
b1010 D
b1010 F
b1010 R
b1010 X
b1010 B
b1010 G
b1010 M
b1010 +
b1010 0
b1010 <
b1010 L
#1130001
1$"
0#"
1""
b10000 !"
#1131000
0!
b1 $
b1 4
b1 8
b1101 2
b1101 9
b1101 Z
1b
b1 3
b1 :
b1 S
1_
1`
0a
1]
b1011 5
b1011 D
b1011 F
b1011 R
b1011 X
b1011 B
b1011 G
b1011 M
b1011 +
b1011 0
b1011 <
b1011 L
#1131001
0$"
b10001 !"
#1132000
b10 $
b10 4
b10 8
0b
1k
b1010 2
b1010 9
b1010 Z
0t
0U
b10 3
b10 :
b10 S
0_
0`
1a
0g
1i
1j
1p
0r
0s
0]
0f
1o
b1100 5
b1100 D
b1100 F
b1100 R
b1100 X
b1100 B
b1100 G
b1100 M
b1100 +
b1100 0
b1100 <
b1100 L
#1132001
b10010 !"
#1133000
b11 $
b11 4
b11 8
b1011 2
b1011 9
b1011 Z
1b
b11 3
b11 :
b11 S
1_
1`
0a
1]
b1101 5
b1101 D
b1101 F
b1101 R
b1101 X
b1101 B
b1101 G
b1101 M
b1101 +
b1101 0
b1101 <
b1101 L
#1133001
b10011 !"
#1134000
b100 $
b100 4
b100 8
0b
b1000 2
b1000 9
b1000 Z
0k
b100 3
b100 :
b100 S
1U
0_
0`
1a
1g
0i
0j
0]
1f
b1110 5
b1110 D
b1110 F
b1110 R
b1110 X
b1110 B
b1110 G
b1110 M
b1110 +
b1110 0
b1110 <
b1110 L
#1134001
b10100 !"
#1135000
b101 $
b101 4
b101 8
b1001 2
b1001 9
b1001 Z
1b
b101 3
b101 :
b101 S
1_
1`
0a
1]
b1111 5
b1111 D
b1111 F
b1111 R
b1111 X
b1111 B
b1111 G
b1111 M
b1111 +
b1111 0
b1111 <
b1111 L
#1135001
b10101 !"
#1136000
0"
0T
b111 $
b111 4
b111 8
1k
1t
b111 2
b111 9
b111 Z
0}
0U
b111 3
b111 :
b111 S
0#
1a
0g
1i
1j
0p
1r
1s
0z
0{
1|
0]
0f
0o
0x
1\
b0 5
b0 D
b0 F
b0 R
b0 X
b111 6
b111 E
b111 P
b111 Q
b111 W
b0 B
b0 G
b0 M
b111 *
b111 /
b111 ;
b111 K
b111 O
b0 +
b0 0
b0 <
b0 L
#1136001
0""
b111 !"
#1137000
1"
1T
b1000 $
b1000 4
b1000 8
1U
b110 2
b110 9
b110 Z
0b
b1000 3
b1000 :
b1000 S
1V
1^
0`
0a
1]
b1 5
b1 D
b1 F
b1 R
b1 X
b1 B
b1 G
b1 M
b1 +
b1 0
b1 <
b1 L
#1137001
1#"
b1000 !"
#1138000
b1001 $
b1001 4
b1001 8
1b
b101 2
b101 9
b101 Z
0k
0V
b1001 3
b1001 :
b1001 S
0^
1`
1a
1g
0i
0j
0]
1f
b10 5
b10 D
b10 F
b10 R
b10 X
b10 B
b10 G
b10 M
b10 +
b10 0
b10 <
b10 L
#1138001
b1001 !"
#1139000
b1010 $
b1010 4
b1010 8
b100 2
b100 9
b100 Z
0b
b1010 3
b1010 :
b1010 S
1V
1^
0`
0a
1]
b11 5
b11 D
b11 F
b11 R
b11 X
b11 B
b11 G
b11 M
b11 +
b11 0
b11 <
b11 L
#1139001
b1010 !"
#1140000
0U
b1011 $
b1011 4
b1011 8
1b
1k
b11 2
b11 9
b11 Z
0t
0V
b1011 3
b1011 :
b1011 S
0^
1`
1a
0g
1i
1j
1p
0r
0s
0]
0f
1o
b100 5
b100 D
b100 F
b100 R
b100 X
b100 B
b100 G
b100 M
b100 +
b100 0
b100 <
b100 L
#1140001
b1011 !"
#1141000
b1100 $
b1100 4
b1100 8
1U
b10 2
b10 9
b10 Z
0b
b1100 3
b1100 :
b1100 S
1V
1^
0`
0a
1]
b101 5
b101 D
b101 F
b101 R
b101 X
b101 B
b101 G
b101 M
b101 +
b101 0
b101 <
b101 L
#1141001
b1100 !"
#1142000
b1101 $
b1101 4
b1101 8
1b
b1 2
b1 9
b1 Z
0k
0V
b1101 3
b1101 :
b1101 S
0^
1`
1a
1g
0i
0j
0]
1f
b110 5
b110 D
b110 F
b110 R
b110 X
b110 B
b110 G
b110 M
b110 +
b110 0
b110 <
b110 L
#1142001
b1101 !"
#1143000
b1110 $
b1110 4
b1110 8
b0 2
b0 9
b0 Z
0b
b1110 3
b1110 :
b1110 S
1V
1^
0`
0a
1]
b111 5
b111 D
b111 F
b111 R
b111 X
b111 B
b111 G
b111 M
b111 +
b111 0
b111 <
b111 L
#1143001
b1110 !"
#1144000
0T
1"
0U
b1111 $
b1111 4
b1111 8
1b
1k
1t
b1111 2
b1111 9
b1111 Z
1}
0V
b1111 3
b1111 :
b1111 S
0#
0^
1`
1a
0g
1i
1j
0p
1r
1s
1z
1{
0|
0]
0f
0o
1x
b1000 5
b1000 D
b1000 F
b1000 R
b1000 X
b1000 B
b1000 G
b1000 M
b1000 +
b1000 0
b1000 <
b1000 L
#1144001
b1111 !"
#1145000
0"
1!
1#
1T
b0 $
b0 4
b0 8
1U
b1110 2
b1110 9
b1110 Z
0b
b0 3
b0 :
b0 S
1V
1^
0`
0a
1]
b1001 5
b1001 D
b1001 F
b1001 R
b1001 X
b1001 B
b1001 G
b1001 M
b1001 +
b1001 0
b1001 <
b1001 L
#1145001
1$"
0#"
1""
b10000 !"
#1146000
0!
b1 $
b1 4
b1 8
1b
b1101 2
b1101 9
b1101 Z
0k
0V
b1 3
b1 :
b1 S
0^
1`
1a
1g
0i
0j
0]
1f
b1010 5
b1010 D
b1010 F
b1010 R
b1010 X
b1010 B
b1010 G
b1010 M
b1010 +
b1010 0
b1010 <
b1010 L
#1146001
0$"
b10001 !"
#1147000
b10 $
b10 4
b10 8
b1100 2
b1100 9
b1100 Z
0b
b10 3
b10 :
b10 S
1V
1^
0`
0a
1]
b1011 5
b1011 D
b1011 F
b1011 R
b1011 X
b1011 B
b1011 G
b1011 M
b1011 +
b1011 0
b1011 <
b1011 L
#1147001
b10010 !"
#1148000
0U
b11 $
b11 4
b11 8
1b
1k
b1011 2
b1011 9
b1011 Z
0t
0V
b11 3
b11 :
b11 S
0^
1`
1a
0g
1i
1j
1p
0r
0s
0]
0f
1o
b1100 5
b1100 D
b1100 F
b1100 R
b1100 X
b1100 B
b1100 G
b1100 M
b1100 +
b1100 0
b1100 <
b1100 L
#1148001
b10011 !"
#1149000
0!
b100 $
b100 4
b100 8
1U
b1010 2
b1010 9
b1010 Z
0b
b100 3
b100 :
b100 S
1V
1^
0`
0a
1]
b1101 5
b1101 D
b1101 F
b1101 R
b1101 X
b1101 B
b1101 G
b1101 M
b1101 +
b1101 0
b1101 <
b1101 L
#1149001
b10100 !"
#1150000
b101 $
b101 4
b101 8
1b
b1001 2
b1001 9
b1001 Z
0k
0V
b101 3
b101 :
b101 S
0^
1`
1a
1g
0i
0j
0]
1f
b1110 5
b1110 D
b1110 F
b1110 R
b1110 X
b1110 B
b1110 G
b1110 M
b1110 +
b1110 0
b1110 <
b1110 L
#1150001
b10101 !"
#1151000
b110 $
b110 4
b110 8
b1000 2
b1000 9
b1000 Z
0b
b110 3
b110 :
b110 S
1V
1^
0`
0a
1]
b1111 5
b1111 D
b1111 F
b1111 R
b1111 X
b1111 B
b1111 G
b1111 M
b1111 +
b1111 0
b1111 <
b1111 L
#1151001
b10110 !"
#1152000
1"
b1000 $
b1000 4
b1000 8
0#
b1000 3
b1000 :
b1000 S
0U
0T
1a
1j
1s
1|
0V
0^
0_
0g
0h
0p
0q
0]
0f
0o
0x
0\
0e
0n
1w
b0 5
b0 D
b0 F
b0 R
b0 X
b1000 6
b1000 E
b1000 P
b1000 Q
b1000 W
b0 B
b0 G
b0 M
b1000 *
b1000 /
b1000 ;
b1000 K
b1000 O
b0 +
b0 0
b0 <
b0 L
#1152001
1#"
0""
b1000 !"
#1153000
b1001 $
b1001 4
b1001 8
b1001 2
b1001 9
b1001 Z
1b
b1001 3
b1001 :
b1001 S
1_
1`
0a
1]
b1 5
b1 D
b1 F
b1 R
b1 X
b1 B
b1 G
b1 M
b1 +
b1 0
b1 <
b1 L
#1153001
b1001 !"
#1154000
b1010 $
b1010 4
b1010 8
0b
b1010 2
b1010 9
b1010 Z
1k
b1010 3
b1010 :
b1010 S
0_
0`
1a
1h
1i
0j
0]
1f
b10 5
b10 D
b10 F
b10 R
b10 X
b10 B
b10 G
b10 M
b10 +
b10 0
b10 <
b10 L
#1154001
b1010 !"
#1155000
b1011 $
b1011 4
b1011 8
b1011 2
b1011 9
b1011 Z
1b
b1011 3
b1011 :
b1011 S
1_
1`
0a
1]
b11 5
b11 D
b11 F
b11 R
b11 X
b11 B
b11 G
b11 M
b11 +
b11 0
b11 <
b11 L
#1155001
b1011 !"
#1156000
b1100 $
b1100 4
b1100 8
0b
0k
b1100 2
b1100 9
b1100 Z
1t
b1100 3
b1100 :
b1100 S
0_
0`
1a
0h
0i
1j
1q
1r
0s
0]
0f
1o
b100 5
b100 D
b100 F
b100 R
b100 X
b100 B
b100 G
b100 M
b100 +
b100 0
b100 <
b100 L
#1156001
b1100 !"
#1157000
b1101 $
b1101 4
b1101 8
b1101 2
b1101 9
b1101 Z
1b
b1101 3
b1101 :
b1101 S
1_
1`
0a
1]
b101 5
b101 D
b101 F
b101 R
b101 X
b101 B
b101 G
b101 M
b101 +
b101 0
b101 <
b101 L
#1157001
b1101 !"
#1158000
b1110 $
b1110 4
b1110 8
0b
b1110 2
b1110 9
b1110 Z
1k
b1110 3
b1110 :
b1110 S
0_
0`
1a
1h
1i
0j
0]
1f
b110 5
b110 D
b110 F
b110 R
b110 X
b110 B
b110 G
b110 M
b110 +
b110 0
b110 <
b110 L
#1158001
b1110 !"
#1159000
b1111 $
b1111 4
b1111 8
b1111 2
b1111 9
b1111 Z
1b
b1111 3
b1111 :
b1111 S
1_
1`
0a
1]
b111 5
b111 D
b111 F
b111 R
b111 X
b111 B
b111 G
b111 M
b111 +
b111 0
b111 <
b111 L
#1159001
b1111 !"
#1160000
0"
1!
b0 $
b0 4
b0 8
0b
0k
0t
b0 2
b0 9
b0 Z
0}
b0 3
b0 :
b0 S
1#
0_
0`
1a
0h
0i
1j
0q
0r
1s
1y
0{
0|
0]
0f
0o
1x
b1000 5
b1000 D
b1000 F
b1000 R
b1000 X
b1000 B
b1000 G
b1000 M
b1000 +
b1000 0
b1000 <
b1000 L
#1160001
1$"
0#"
1""
b10000 !"
#1161000
0!
b1 $
b1 4
b1 8
b1 2
b1 9
b1 Z
1b
b1 3
b1 :
b1 S
1_
1`
0a
1]
b1001 5
b1001 D
b1001 F
b1001 R
b1001 X
b1001 B
b1001 G
b1001 M
b1001 +
b1001 0
b1001 <
b1001 L
#1161001
0$"
b10001 !"
#1162000
b10 $
b10 4
b10 8
0b
b10 2
b10 9
b10 Z
1k
b10 3
b10 :
b10 S
0_
0`
1a
1h
1i
0j
0]
1f
b1010 5
b1010 D
b1010 F
b1010 R
b1010 X
b1010 B
b1010 G
b1010 M
b1010 +
b1010 0
b1010 <
b1010 L
#1162001
b10010 !"
#1163000
b11 $
b11 4
b11 8
b11 2
b11 9
b11 Z
1b
b11 3
b11 :
b11 S
1_
1`
0a
1]
b1011 5
b1011 D
b1011 F
b1011 R
b1011 X
b1011 B
b1011 G
b1011 M
b1011 +
b1011 0
b1011 <
b1011 L
#1163001
b10011 !"
#1164000
b100 $
b100 4
b100 8
0b
0k
b100 2
b100 9
b100 Z
1t
b100 3
b100 :
b100 S
0_
0`
1a
0h
0i
1j
1q
1r
0s
0]
0f
1o
b1100 5
b1100 D
b1100 F
b1100 R
b1100 X
b1100 B
b1100 G
b1100 M
b1100 +
b1100 0
b1100 <
b1100 L
#1164001
b10100 !"
#1165000
b101 $
b101 4
b101 8
b101 2
b101 9
b101 Z
1b
b101 3
b101 :
b101 S
1_
1`
0a
1]
b1101 5
b1101 D
b1101 F
b1101 R
b1101 X
b1101 B
b1101 G
b1101 M
b1101 +
b1101 0
b1101 <
b1101 L
#1165001
b10101 !"
#1166000
b110 $
b110 4
b110 8
0b
b110 2
b110 9
b110 Z
1k
b110 3
b110 :
b110 S
0_
0`
1a
1h
1i
0j
0]
1f
b1110 5
b1110 D
b1110 F
b1110 R
b1110 X
b1110 B
b1110 G
b1110 M
b1110 +
b1110 0
b1110 <
b1110 L
#1166001
b10110 !"
#1167000
b111 $
b111 4
b111 8
b111 2
b111 9
b111 Z
1b
b111 3
b111 :
b111 S
1_
1`
0a
1]
b1111 5
b1111 D
b1111 F
b1111 R
b1111 X
b1111 B
b1111 G
b1111 M
b1111 +
b1111 0
b1111 <
b1111 L
#1167001
b10111 !"
#1168000
1"
b1001 $
b1001 4
b1001 8
0k
0t
b1001 2
b1001 9
b1001 Z
1}
b1001 3
b1001 :
b1001 S
0#
1a
0h
0i
1j
0q
0r
1s
0y
1{
1|
0]
0f
0o
0x
1\
b0 5
b0 D
b0 F
b0 R
b0 X
b1001 6
b1001 E
b1001 P
b1001 Q
b1001 W
b0 B
b0 G
b0 M
b1001 *
b1001 /
b1001 ;
b1001 K
b1001 O
b0 +
b0 0
b0 <
b0 L
#1168001
1#"
0""
b1001 !"
#1169000
b1010 $
b1010 4
b1010 8
b1000 2
b1000 9
b1000 Z
0b
b1010 3
b1010 :
b1010 S
1V
1^
0`
0a
1]
b1 5
b1 D
b1 F
b1 R
b1 X
b1 B
b1 G
b1 M
b1 +
b1 0
b1 <
b1 L
#1169001
b1010 !"
#1170000
b1011 $
b1011 4
b1011 8
1b
b1011 2
b1011 9
b1011 Z
1k
0V
b1011 3
b1011 :
b1011 S
0U
0^
1`
1a
1h
1i
0j
0]
1f
b10 5
b10 D
b10 F
b10 R
b10 X
b10 B
b10 G
b10 M
b10 +
b10 0
b10 <
b10 L
#1170001
b1011 !"
#1171000
b1100 $
b1100 4
b1100 8
1U
b1010 2
b1010 9
b1010 Z
0b
b1100 3
b1100 :
b1100 S
1V
1^
0`
0a
1]
b11 5
b11 D
b11 F
b11 R
b11 X
b11 B
b11 G
b11 M
b11 +
b11 0
b11 <
b11 L
#1171001
b1100 !"
#1172000
1"
b1101 $
b1101 4
b1101 8
0#
1b
0k
b1101 2
b1101 9
b1101 Z
1t
0V
0U
b1101 3
b1101 :
b1101 S
0T
0^
1`
1a
0h
0i
1j
1q
1r
0s
0]
0f
1o
b100 5
b100 D
b100 F
b100 R
b100 X
b100 B
b100 G
b100 M
b100 +
b100 0
b100 <
b100 L
#1172001
b1101 !"
#1173000
b1110 $
b1110 4
b1110 8
b1100 2
b1100 9
b1100 Z
0b
b1110 3
b1110 :
b1110 S
1V
1^
0`
0a
1]
b101 5
b101 D
b101 F
b101 R
b101 X
b101 B
b101 G
b101 M
b101 +
b101 0
b101 <
b101 L
#1173001
b1110 !"
#1174000
1"
0#
b1111 $
b1111 4
b1111 8
0T
1b
b1111 2
b1111 9
b1111 Z
1k
0V
b1111 3
b1111 :
b1111 S
0U
0^
1`
1a
1h
1i
0j
0]
1f
b110 5
b110 D
b110 F
b110 R
b110 X
b110 B
b110 G
b110 M
b110 +
b110 0
b110 <
b110 L
#1174001
b1111 !"
#1175000
0"
1!
1#
1T
b0 $
b0 4
b0 8
1U
b1110 2
b1110 9
b1110 Z
0b
b0 3
b0 :
b0 S
1V
1^
0`
0a
1]
b111 5
b111 D
b111 F
b111 R
b111 X
b111 B
b111 G
b111 M
b111 +
b111 0
b111 <
b111 L
#1175001
1$"
0#"
1""
b10000 !"
#1176000
0"
0!
b1 $
b1 4
b1 8
1b
0k
0t
b1 2
b1 9
b1 Z
0}
0V
0U
0T
b1 3
b1 :
b1 S
0^
1`
1a
0h
0i
1j
0q
0r
1s
1y
0{
0|
0]
0f
0o
1x
b1000 5
b1000 D
b1000 F
b1000 R
b1000 X
b1000 B
b1000 G
b1000 M
b1000 +
b1000 0
b1000 <
b1000 L
#1176001
0$"
b10001 !"
#1177000
b10 $
b10 4
b10 8
b0 2
b0 9
b0 Z
0b
b10 3
b10 :
b10 S
1V
1^
0`
0a
1]
b1001 5
b1001 D
b1001 F
b1001 R
b1001 X
b1001 B
b1001 G
b1001 M
b1001 +
b1001 0
b1001 <
b1001 L
#1177001
b10010 !"
#1178000
b11 $
b11 4
b11 8
1b
b11 2
b11 9
b11 Z
1k
0V
b11 3
b11 :
b11 S
0U
0^
1`
1a
1h
1i
0j
0]
1f
b1010 5
b1010 D
b1010 F
b1010 R
b1010 X
b1010 B
b1010 G
b1010 M
b1010 +
b1010 0
b1010 <
b1010 L
#1178001
b10011 !"
#1179000
0!
b100 $
b100 4
b100 8
1U
b10 2
b10 9
b10 Z
0b
b100 3
b100 :
b100 S
1V
1^
0`
0a
1]
b1011 5
b1011 D
b1011 F
b1011 R
b1011 X
b1011 B
b1011 G
b1011 M
b1011 +
b1011 0
b1011 <
b1011 L
#1179001
b10100 !"
#1180000
0"
b101 $
b101 4
b101 8
1b
0k
b101 2
b101 9
b101 Z
1t
0V
0U
b101 3
b101 :
b101 S
0T
0^
1`
1a
0h
0i
1j
1q
1r
0s
0]
0f
1o
b1100 5
b1100 D
b1100 F
b1100 R
b1100 X
b1100 B
b1100 G
b1100 M
b1100 +
b1100 0
b1100 <
b1100 L
#1180001
b10101 !"
#1181000
b110 $
b110 4
b110 8
b100 2
b100 9
b100 Z
0b
b110 3
b110 :
b110 S
1V
1^
0`
0a
1]
b1101 5
b1101 D
b1101 F
b1101 R
b1101 X
b1101 B
b1101 G
b1101 M
b1101 +
b1101 0
b1101 <
b1101 L
#1181001
b10110 !"
#1182000
0"
b111 $
b111 4
b111 8
0T
1b
b111 2
b111 9
b111 Z
1k
0V
b111 3
b111 :
b111 S
0U
0^
1`
1a
1h
1i
0j
0]
1f
b1110 5
b1110 D
b1110 F
b1110 R
b1110 X
b1110 B
b1110 G
b1110 M
b1110 +
b1110 0
b1110 <
b1110 L
#1182001
b10111 !"
#1183000
1"
1T
b1000 $
b1000 4
b1000 8
1U
b110 2
b110 9
b110 Z
0b
b1000 3
b1000 :
b1000 S
1V
1^
0`
0a
1]
b1111 5
b1111 D
b1111 F
b1111 R
b1111 X
b1111 B
b1111 G
b1111 M
b1111 +
b1111 0
b1111 <
b1111 L
#1183001
1#"
b11000 !"
#1184000
1"
0#
b1010 $
b1010 4
b1010 8
0t
b1010 2
b1010 9
b1010 Z
1}
0U
0T
b1010 3
b1010 :
b1010 S
1a
1j
0q
0r
1s
0y
1{
1|
0V
0^
0_
0]
0f
0o
0x
0\
1e
b0 5
b0 D
b0 F
b0 R
b0 X
b1010 6
b1010 E
b1010 P
b1010 Q
b1010 W
b0 B
b0 G
b0 M
b1010 *
b1010 /
b1010 ;
b1010 K
b1010 O
b0 +
b0 0
b0 <
b0 L
#1184001
0""
b1010 !"
#1185000
b1011 $
b1011 4
b1011 8
b1011 2
b1011 9
b1011 Z
1b
b1011 3
b1011 :
b1011 S
1_
1`
0a
1]
b1 5
b1 D
b1 F
b1 R
b1 X
b1 B
b1 G
b1 M
b1 +
b1 0
b1 <
b1 L
#1185001
b1011 !"
#1186000
b1100 $
b1100 4
b1100 8
0b
b1000 2
b1000 9
b1000 Z
0k
b1100 3
b1100 :
b1100 S
1U
0_
0`
1a
1g
0i
0j
0]
1f
b10 5
b10 D
b10 F
b10 R
b10 X
b10 B
b10 G
b10 M
b10 +
b10 0
b10 <
b10 L
#1186001
b1100 !"
#1187000
b1101 $
b1101 4
b1101 8
b1001 2
b1001 9
b1001 Z
1b
b1101 3
b1101 :
b1101 S
1_
1`
0a
1]
b11 5
b11 D
b11 F
b11 R
b11 X
b11 B
b11 G
b11 M
b11 +
b11 0
b11 <
b11 L
#1187001
b1101 !"
#1188000
1"
b1110 $
b1110 4
b1110 8
0#
0b
1k
b1110 2
b1110 9
b1110 Z
1t
0U
b1110 3
b1110 :
b1110 S
0T
0_
0`
1a
0g
1i
1j
1q
1r
0s
0]
0f
1o
b100 5
b100 D
b100 F
b100 R
b100 X
b100 B
b100 G
b100 M
b100 +
b100 0
b100 <
b100 L
#1188001
b1110 !"
#1189000
b1111 $
b1111 4
b1111 8
b1111 2
b1111 9
b1111 Z
1b
b1111 3
b1111 :
b1111 S
1_
1`
0a
1]
b101 5
b101 D
b101 F
b101 R
b101 X
b101 B
b101 G
b101 M
b101 +
b101 0
b101 <
b101 L
#1189001
b1111 !"
#1190000
0"
1!
1#
b0 $
b0 4
b0 8
1T
0b
b1100 2
b1100 9
b1100 Z
0k
b0 3
b0 :
b0 S
1U
0_
0`
1a
1g
0i
0j
0]
1f
b110 5
b110 D
b110 F
b110 R
b110 X
b110 B
b110 G
b110 M
b110 +
b110 0
b110 <
b110 L
#1190001
1$"
0#"
1""
b10000 !"
#1191000
0!
b1 $
b1 4
b1 8
b1101 2
b1101 9
b1101 Z
1b
b1 3
b1 :
b1 S
1_
1`
0a
1]
b111 5
b111 D
b111 F
b111 R
b111 X
b111 B
b111 G
b111 M
b111 +
b111 0
b111 <
b111 L
#1191001
0$"
b10001 !"
#1192000
0"
b10 $
b10 4
b10 8
0b
1k
0t
b10 2
b10 9
b10 Z
0}
0U
0T
b10 3
b10 :
b10 S
0_
0`
1a
0g
1i
1j
0q
0r
1s
1y
0{
0|
0]
0f
0o
1x
b1000 5
b1000 D
b1000 F
b1000 R
b1000 X
b1000 B
b1000 G
b1000 M
b1000 +
b1000 0
b1000 <
b1000 L
#1192001
b10010 !"
#1193000
b11 $
b11 4
b11 8
b11 2
b11 9
b11 Z
1b
b11 3
b11 :
b11 S
1_
1`
0a
1]
b1001 5
b1001 D
b1001 F
b1001 R
b1001 X
b1001 B
b1001 G
b1001 M
b1001 +
b1001 0
b1001 <
b1001 L
#1193001
b10011 !"
#1194000
b100 $
b100 4
b100 8
0b
b0 2
b0 9
b0 Z
0k
b100 3
b100 :
b100 S
1U
0_
0`
1a
1g
0i
0j
0]
1f
b1010 5
b1010 D
b1010 F
b1010 R
b1010 X
b1010 B
b1010 G
b1010 M
b1010 +
b1010 0
b1010 <
b1010 L
#1194001
b10100 !"
#1195000
b101 $
b101 4
b101 8
b1 2
b1 9
b1 Z
1b
b101 3
b101 :
b101 S
1_
1`
0a
1]
b1011 5
b1011 D
b1011 F
b1011 R
b1011 X
b1011 B
b1011 G
b1011 M
b1011 +
b1011 0
b1011 <
b1011 L
#1195001
b10101 !"
#1196000
0"
b110 $
b110 4
b110 8
0b
1k
b110 2
b110 9
b110 Z
1t
0U
b110 3
b110 :
b110 S
0T
0_
0`
1a
0g
1i
1j
1q
1r
0s
0]
0f
1o
b1100 5
b1100 D
b1100 F
b1100 R
b1100 X
b1100 B
b1100 G
b1100 M
b1100 +
b1100 0
b1100 <
b1100 L
#1196001
b10110 !"
#1197000
b111 $
b111 4
b111 8
b111 2
b111 9
b111 Z
1b
b111 3
b111 :
b111 S
1_
1`
0a
1]
b1101 5
b1101 D
b1101 F
b1101 R
b1101 X
b1101 B
b1101 G
b1101 M
b1101 +
b1101 0
b1101 <
b1101 L
#1197001
b10111 !"
#1198000
1"
0!
b1000 $
b1000 4
b1000 8
1T
0b
b100 2
b100 9
b100 Z
0k
b1000 3
b1000 :
b1000 S
1U
0_
0`
1a
1g
0i
0j
0]
1f
b1110 5
b1110 D
b1110 F
b1110 R
b1110 X
b1110 B
b1110 G
b1110 M
b1110 +
b1110 0
b1110 <
b1110 L
#1198001
1#"
b11000 !"
#1199000
b1001 $
b1001 4
b1001 8
b101 2
b101 9
b101 Z
1b
b1001 3
b1001 :
b1001 S
1_
1`
0a
1]
b1111 5
b1111 D
b1111 F
b1111 R
b1111 X
b1111 B
b1111 G
b1111 M
b1111 +
b1111 0
b1111 <
b1111 L
#1199001
b11001 !"
#1200000
1"
0#
b1011 $
b1011 4
b1011 8
1k
0t
b1011 2
b1011 9
b1011 Z
1}
0U
0T
b1011 3
b1011 :
b1011 S
1a
0g
1i
1j
0q
0r
1s
0y
1{
1|
0]
0f
0o
0x
1\
b0 5
b0 D
b0 F
b0 R
b0 X
b1011 6
b1011 E
b1011 P
b1011 Q
b1011 W
b0 B
b0 G
b0 M
b1011 *
b1011 /
b1011 ;
b1011 K
b1011 O
b0 +
b0 0
b0 <
b0 L
#1200001
0""
b1011 !"
#1201000
b1100 $
b1100 4
b1100 8
1U
b1010 2
b1010 9
b1010 Z
0b
b1100 3
b1100 :
b1100 S
1V
1^
0`
0a
1]
b1 5
b1 D
b1 F
b1 R
b1 X
b1 B
b1 G
b1 M
b1 +
b1 0
b1 <
b1 L
#1201001
b1100 !"
#1202000
b1101 $
b1101 4
b1101 8
1b
b1001 2
b1001 9
b1001 Z
0k
0V
b1101 3
b1101 :
b1101 S
0^
1`
1a
1g
0i
0j
0]
1f
b10 5
b10 D
b10 F
b10 R
b10 X
b10 B
b10 G
b10 M
b10 +
b10 0
b10 <
b10 L
#1202001
b1101 !"
#1203000
b1110 $
b1110 4
b1110 8
b1000 2
b1000 9
b1000 Z
0b
b1110 3
b1110 :
b1110 S
1V
1^
0`
0a
1]
b11 5
b11 D
b11 F
b11 R
b11 X
b11 B
b11 G
b11 M
b11 +
b11 0
b11 <
b11 L
#1203001
b1110 !"
#1204000
1"
0U
b1111 $
b1111 4
b1111 8
0#
1b
1k
b1111 2
b1111 9
b1111 Z
1t
0V
b1111 3
b1111 :
b1111 S
0T
0^
1`
1a
0g
1i
1j
1q
1r
0s
0]
0f
1o
b100 5
b100 D
b100 F
b100 R
b100 X
b100 B
b100 G
b100 M
b100 +
b100 0
b100 <
b100 L
#1204001
b1111 !"
#1205000
0"
1!
1#
1T
b0 $
b0 4
b0 8
1U
b1110 2
b1110 9
b1110 Z
0b
b0 3
b0 :
b0 S
1V
1^
0`
0a
1]
b101 5
b101 D
b101 F
b101 R
b101 X
b101 B
b101 G
b101 M
b101 +
b101 0
b101 <
b101 L
#1205001
1$"
0#"
1""
b10000 !"
#1206000
0!
b1 $
b1 4
b1 8
1b
b1101 2
b1101 9
b1101 Z
0k
0V
b1 3
b1 :
b1 S
0^
1`
1a
1g
0i
0j
0]
1f
b110 5
b110 D
b110 F
b110 R
b110 X
b110 B
b110 G
b110 M
b110 +
b110 0
b110 <
b110 L
#1206001
0$"
b10001 !"
#1207000
b10 $
b10 4
b10 8
b1100 2
b1100 9
b1100 Z
0b
b10 3
b10 :
b10 S
1V
1^
0`
0a
1]
b111 5
b111 D
b111 F
b111 R
b111 X
b111 B
b111 G
b111 M
b111 +
b111 0
b111 <
b111 L
#1207001
b10010 !"
#1208000
0"
0U
b11 $
b11 4
b11 8
1b
1k
0t
b11 2
b11 9
b11 Z
0}
0V
0T
b11 3
b11 :
b11 S
0^
1`
1a
0g
1i
1j
0q
0r
1s
1y
0{
0|
0]
0f
0o
1x
b1000 5
b1000 D
b1000 F
b1000 R
b1000 X
b1000 B
b1000 G
b1000 M
b1000 +
b1000 0
b1000 <
b1000 L
#1208001
b10011 !"
#1209000
0!
b100 $
b100 4
b100 8
1U
b10 2
b10 9
b10 Z
0b
b100 3
b100 :
b100 S
1V
1^
0`
0a
1]
b1001 5
b1001 D
b1001 F
b1001 R
b1001 X
b1001 B
b1001 G
b1001 M
b1001 +
b1001 0
b1001 <
b1001 L
#1209001
b10100 !"
#1210000
b101 $
b101 4
b101 8
1b
b1 2
b1 9
b1 Z
0k
0V
b101 3
b101 :
b101 S
0^
1`
1a
1g
0i
0j
0]
1f
b1010 5
b1010 D
b1010 F
b1010 R
b1010 X
b1010 B
b1010 G
b1010 M
b1010 +
b1010 0
b1010 <
b1010 L
#1210001
b10101 !"
#1211000
b110 $
b110 4
b110 8
b0 2
b0 9
b0 Z
0b
b110 3
b110 :
b110 S
1V
1^
0`
0a
1]
b1011 5
b1011 D
b1011 F
b1011 R
b1011 X
b1011 B
b1011 G
b1011 M
b1011 +
b1011 0
b1011 <
b1011 L
#1211001
b10110 !"
#1212000
0"
0U
b111 $
b111 4
b111 8
1b
1k
b111 2
b111 9
b111 Z
1t
0V
b111 3
b111 :
b111 S
0T
0^
1`
1a
0g
1i
1j
1q
1r
0s
0]
0f
1o
b1100 5
b1100 D
b1100 F
b1100 R
b1100 X
b1100 B
b1100 G
b1100 M
b1100 +
b1100 0
b1100 <
b1100 L
#1212001
b10111 !"
#1213000
1"
1T
b1000 $
b1000 4
b1000 8
1U
b110 2
b110 9
b110 Z
0b
b1000 3
b1000 :
b1000 S
1V
1^
0`
0a
1]
b1101 5
b1101 D
b1101 F
b1101 R
b1101 X
b1101 B
b1101 G
b1101 M
b1101 +
b1101 0
b1101 <
b1101 L
#1213001
1#"
b11000 !"
#1214000
b1001 $
b1001 4
b1001 8
1b
b101 2
b101 9
b101 Z
0k
0V
b1001 3
b1001 :
b1001 S
0^
1`
1a
1g
0i
0j
0]
1f
b1110 5
b1110 D
b1110 F
b1110 R
b1110 X
b1110 B
b1110 G
b1110 M
b1110 +
b1110 0
b1110 <
b1110 L
#1214001
b11001 !"
#1215000
b1010 $
b1010 4
b1010 8
b100 2
b100 9
b100 Z
0b
b1010 3
b1010 :
b1010 S
1V
1^
0`
0a
1]
b1111 5
b1111 D
b1111 F
b1111 R
b1111 X
b1111 B
b1111 G
b1111 M
b1111 +
b1111 0
b1111 <
b1111 L
#1215001
b11010 !"
#1216000
0#
1"
0T
0!
b1100 $
b1100 4
b1100 8
b1100 2
b1100 9
b1100 Z
1}
0U
b1100 3
b1100 :
b1100 S
1a
1j
1s
0y
1{
1|
0V
0^
0_
0g
0h
0]
0f
0o
0x
0\
0e
1n
b0 5
b0 D
b0 F
b0 R
b0 X
b1100 6
b1100 E
b1100 P
b1100 Q
b1100 W
b0 B
b0 G
b0 M
b1100 *
b1100 /
b1100 ;
b1100 K
b1100 O
b0 +
b0 0
b0 <
b0 L
#1216001
0""
b1100 !"
#1217000
b1101 $
b1101 4
b1101 8
b1101 2
b1101 9
b1101 Z
1b
b1101 3
b1101 :
b1101 S
1_
1`
0a
1]
b1 5
b1 D
b1 F
b1 R
b1 X
b1 B
b1 G
b1 M
b1 +
b1 0
b1 <
b1 L
#1217001
b1101 !"
#1218000
b1110 $
b1110 4
b1110 8
0b
b1110 2
b1110 9
b1110 Z
1k
b1110 3
b1110 :
b1110 S
0_
0`
1a
1h
1i
0j
0]
1f
b10 5
b10 D
b10 F
b10 R
b10 X
b10 B
b10 G
b10 M
b10 +
b10 0
b10 <
b10 L
#1218001
b1110 !"
#1219000
b1111 $
b1111 4
b1111 8
b1111 2
b1111 9
b1111 Z
1b
b1111 3
b1111 :
b1111 S
1_
1`
0a
1]
b11 5
b11 D
b11 F
b11 R
b11 X
b11 B
b11 G
b11 M
b11 +
b11 0
b11 <
b11 L
#1219001
b1111 !"
#1220000
0"
1!
b0 $
b0 4
b0 8
1#
0b
0k
b1000 2
b1000 9
b1000 Z
0t
b0 3
b0 :
b0 S
1T
0_
0`
1a
0h
0i
1j
1p
0r
0s
0]
0f
1o
b100 5
b100 D
b100 F
b100 R
b100 X
b100 B
b100 G
b100 M
b100 +
b100 0
b100 <
b100 L
#1220001
1$"
0#"
1""
b10000 !"
#1221000
0!
b1 $
b1 4
b1 8
b1001 2
b1001 9
b1001 Z
1b
b1 3
b1 :
b1 S
1_
1`
0a
1]
b101 5
b101 D
b101 F
b101 R
b101 X
b101 B
b101 G
b101 M
b101 +
b101 0
b101 <
b101 L
#1221001
0$"
b10001 !"
#1222000
b10 $
b10 4
b10 8
0b
b1010 2
b1010 9
b1010 Z
1k
b10 3
b10 :
b10 S
0_
0`
1a
1h
1i
0j
0]
1f
b110 5
b110 D
b110 F
b110 R
b110 X
b110 B
b110 G
b110 M
b110 +
b110 0
b110 <
b110 L
#1222001
b10010 !"
#1223000
b11 $
b11 4
b11 8
b1011 2
b1011 9
b1011 Z
1b
b11 3
b11 :
b11 S
1_
1`
0a
1]
b111 5
b111 D
b111 F
b111 R
b111 X
b111 B
b111 G
b111 M
b111 +
b111 0
b111 <
b111 L
#1223001
b10011 !"
#1224000
0"
b100 $
b100 4
b100 8
0b
0k
1t
b100 2
b100 9
b100 Z
0}
0T
b100 3
b100 :
b100 S
0_
0`
1a
0h
0i
1j
0p
1r
1s
1y
0{
0|
0]
0f
0o
1x
b1000 5
b1000 D
b1000 F
b1000 R
b1000 X
b1000 B
b1000 G
b1000 M
b1000 +
b1000 0
b1000 <
b1000 L
#1224001
b10100 !"
#1225000
b101 $
b101 4
b101 8
b101 2
b101 9
b101 Z
1b
b101 3
b101 :
b101 S
1_
1`
0a
1]
b1001 5
b1001 D
b1001 F
b1001 R
b1001 X
b1001 B
b1001 G
b1001 M
b1001 +
b1001 0
b1001 <
b1001 L
#1225001
b10101 !"
#1226000
b110 $
b110 4
b110 8
0b
b110 2
b110 9
b110 Z
1k
b110 3
b110 :
b110 S
0_
0`
1a
1h
1i
0j
0]
1f
b1010 5
b1010 D
b1010 F
b1010 R
b1010 X
b1010 B
b1010 G
b1010 M
b1010 +
b1010 0
b1010 <
b1010 L
#1226001
b10110 !"
#1227000
b111 $
b111 4
b111 8
b111 2
b111 9
b111 Z
1b
b111 3
b111 :
b111 S
1_
1`
0a
1]
b1011 5
b1011 D
b1011 F
b1011 R
b1011 X
b1011 B
b1011 G
b1011 M
b1011 +
b1011 0
b1011 <
b1011 L
#1227001
b10111 !"
#1228000
1"
b1000 $
b1000 4
b1000 8
0b
0k
b0 2
b0 9
b0 Z
0t
b1000 3
b1000 :
b1000 S
1T
0_
0`
1a
0h
0i
1j
1p
0r
0s
0]
0f
1o
b1100 5
b1100 D
b1100 F
b1100 R
b1100 X
b1100 B
b1100 G
b1100 M
b1100 +
b1100 0
b1100 <
b1100 L
#1228001
1#"
b11000 !"
#1229000
b1001 $
b1001 4
b1001 8
b1 2
b1 9
b1 Z
1b
b1001 3
b1001 :
b1001 S
1_
1`
0a
1]
b1101 5
b1101 D
b1101 F
b1101 R
b1101 X
b1101 B
b1101 G
b1101 M
b1101 +
b1101 0
b1101 <
b1101 L
#1229001
b11001 !"
#1230000
b1010 $
b1010 4
b1010 8
0b
b10 2
b10 9
b10 Z
1k
b1010 3
b1010 :
b1010 S
0_
0`
1a
1h
1i
0j
0]
1f
b1110 5
b1110 D
b1110 F
b1110 R
b1110 X
b1110 B
b1110 G
b1110 M
b1110 +
b1110 0
b1110 <
b1110 L
#1230001
b11010 !"
#1231000
b1011 $
b1011 4
b1011 8
b11 2
b11 9
b11 Z
1b
b1011 3
b1011 :
b1011 S
1_
1`
0a
1]
b1111 5
b1111 D
b1111 F
b1111 R
b1111 X
b1111 B
b1111 G
b1111 M
b1111 +
b1111 0
b1111 <
b1111 L
#1231001
b11011 !"
#1232000
1"
0#
b1101 $
b1101 4
b1101 8
0k
1t
b1101 2
b1101 9
b1101 Z
1}
0T
b1101 3
b1101 :
b1101 S
1a
0h
0i
1j
0p
1r
1s
0y
1{
1|
0]
0f
0o
0x
1\
b0 5
b0 D
b0 F
b0 R
b0 X
b1101 6
b1101 E
b1101 P
b1101 Q
b1101 W
b0 B
b0 G
b0 M
b1101 *
b1101 /
b1101 ;
b1101 K
b1101 O
b0 +
b0 0
b0 <
b0 L
#1232001
0""
b1101 !"
#1233000
b1110 $
b1110 4
b1110 8
b1100 2
b1100 9
b1100 Z
0b
b1110 3
b1110 :
b1110 S
1V
1^
0`
0a
1]
b1 5
b1 D
b1 F
b1 R
b1 X
b1 B
b1 G
b1 M
b1 +
b1 0
b1 <
b1 L
#1233001
b1110 !"
#1234000
1"
0#
b1111 $
b1111 4
b1111 8
0T
1b
b1111 2
b1111 9
b1111 Z
1k
0V
b1111 3
b1111 :
b1111 S
0U
0^
1`
1a
1h
1i
0j
0]
1f
b10 5
b10 D
b10 F
b10 R
b10 X
b10 B
b10 G
b10 M
b10 +
b10 0
b10 <
b10 L
#1234001
b1111 !"
#1235000
0"
1!
1#
1T
b0 $
b0 4
b0 8
1U
b1110 2
b1110 9
b1110 Z
0b
b0 3
b0 :
b0 S
1V
1^
0`
0a
1]
b11 5
b11 D
b11 F
b11 R
b11 X
b11 B
b11 G
b11 M
b11 +
b11 0
b11 <
b11 L
#1235001
1$"
0#"
1""
b10000 !"
#1236000
0!
b1 $
b1 4
b1 8
1b
0k
b1001 2
b1001 9
b1001 Z
0t
0V
0U
b1 3
b1 :
b1 S
0^
1`
1a
0h
0i
1j
1p
0r
0s
0]
0f
1o
b100 5
b100 D
b100 F
b100 R
b100 X
b100 B
b100 G
b100 M
b100 +
b100 0
b100 <
b100 L
#1236001
0$"
b10001 !"
#1237000
b10 $
b10 4
b10 8
b1000 2
b1000 9
b1000 Z
0b
b10 3
b10 :
b10 S
1V
1^
0`
0a
1]
b101 5
b101 D
b101 F
b101 R
b101 X
b101 B
b101 G
b101 M
b101 +
b101 0
b101 <
b101 L
#1237001
b10010 !"
#1238000
b11 $
b11 4
b11 8
1b
b1011 2
b1011 9
b1011 Z
1k
0V
b11 3
b11 :
b11 S
0U
0^
1`
1a
1h
1i
0j
0]
1f
b110 5
b110 D
b110 F
b110 R
b110 X
b110 B
b110 G
b110 M
b110 +
b110 0
b110 <
b110 L
#1238001
b10011 !"
#1239000
0!
b100 $
b100 4
b100 8
1U
b1010 2
b1010 9
b1010 Z
0b
b100 3
b100 :
b100 S
1V
1^
0`
0a
1]
b111 5
b111 D
b111 F
b111 R
b111 X
b111 B
b111 G
b111 M
b111 +
b111 0
b111 <
b111 L
#1239001
b10100 !"
#1240000
0"
0T
b101 $
b101 4
b101 8
1b
0k
1t
b101 2
b101 9
b101 Z
0}
0V
0U
b101 3
b101 :
b101 S
0^
1`
1a
0h
0i
1j
0p
1r
1s
1y
0{
0|
0]
0f
0o
1x
b1000 5
b1000 D
b1000 F
b1000 R
b1000 X
b1000 B
b1000 G
b1000 M
b1000 +
b1000 0
b1000 <
b1000 L
#1240001
b10101 !"
#1241000
b110 $
b110 4
b110 8
b100 2
b100 9
b100 Z
0b
b110 3
b110 :
b110 S
1V
1^
0`
0a
1]
b1001 5
b1001 D
b1001 F
b1001 R
b1001 X
b1001 B
b1001 G
b1001 M
b1001 +
b1001 0
b1001 <
b1001 L
#1241001
b10110 !"
#1242000
0"
b111 $
b111 4
b111 8
0T
1b
b111 2
b111 9
b111 Z
1k
0V
b111 3
b111 :
b111 S
0U
0^
1`
1a
1h
1i
0j
0]
1f
b1010 5
b1010 D
b1010 F
b1010 R
b1010 X
b1010 B
b1010 G
b1010 M
b1010 +
b1010 0
b1010 <
b1010 L
#1242001
b10111 !"
#1243000
1"
1T
b1000 $
b1000 4
b1000 8
1U
b110 2
b110 9
b110 Z
0b
b1000 3
b1000 :
b1000 S
1V
1^
0`
0a
1]
b1011 5
b1011 D
b1011 F
b1011 R
b1011 X
b1011 B
b1011 G
b1011 M
b1011 +
b1011 0
b1011 <
b1011 L
#1243001
1#"
b11000 !"
#1244000
b1001 $
b1001 4
b1001 8
1b
0k
b1 2
b1 9
b1 Z
0t
0V
0U
b1001 3
b1001 :
b1001 S
0^
1`
1a
0h
0i
1j
1p
0r
0s
0]
0f
1o
b1100 5
b1100 D
b1100 F
b1100 R
b1100 X
b1100 B
b1100 G
b1100 M
b1100 +
b1100 0
b1100 <
b1100 L
#1244001
b11001 !"
#1245000
b1010 $
b1010 4
b1010 8
b0 2
b0 9
b0 Z
0b
b1010 3
b1010 :
b1010 S
1V
1^
0`
0a
1]
b1101 5
b1101 D
b1101 F
b1101 R
b1101 X
b1101 B
b1101 G
b1101 M
b1101 +
b1101 0
b1101 <
b1101 L
#1245001
b11010 !"
#1246000
b1011 $
b1011 4
b1011 8
1b
b11 2
b11 9
b11 Z
1k
0V
b1011 3
b1011 :
b1011 S
0U
0^
1`
1a
1h
1i
0j
0]
1f
b1110 5
b1110 D
b1110 F
b1110 R
b1110 X
b1110 B
b1110 G
b1110 M
b1110 +
b1110 0
b1110 <
b1110 L
#1246001
b11011 !"
#1247000
b1100 $
b1100 4
b1100 8
1U
b10 2
b10 9
b10 Z
0b
b1100 3
b1100 :
b1100 S
1V
1^
0`
0a
1]
b1111 5
b1111 D
b1111 F
b1111 R
b1111 X
b1111 B
b1111 G
b1111 M
b1111 +
b1111 0
b1111 <
b1111 L
#1247001
b11100 !"
#1248000
0#
1"
0T
b1110 $
b1110 4
b1110 8
1t
b1110 2
b1110 9
b1110 Z
1}
0U
b1110 3
b1110 :
b1110 S
1a
1j
0p
1r
1s
0y
1{
1|
0V
0^
0_
0]
0f
0o
0x
0\
1e
b0 5
b0 D
b0 F
b0 R
b0 X
b1110 6
b1110 E
b1110 P
b1110 Q
b1110 W
b0 B
b0 G
b0 M
b1110 *
b1110 /
b1110 ;
b1110 K
b1110 O
b0 +
b0 0
b0 <
b0 L
#1248001
0""
b1110 !"
#1249000
b1111 $
b1111 4
b1111 8
b1111 2
b1111 9
b1111 Z
1b
b1111 3
b1111 :
b1111 S
1_
1`
0a
1]
b1 5
b1 D
b1 F
b1 R
b1 X
b1 B
b1 G
b1 M
b1 +
b1 0
b1 <
b1 L
#1249001
b1111 !"
#1250000
0"
1!
1#
b0 $
b0 4
b0 8
1T
0b
b1100 2
b1100 9
b1100 Z
0k
b0 3
b0 :
b0 S
1U
0_
0`
1a
1g
0i
0j
0]
1f
b10 5
b10 D
b10 F
b10 R
b10 X
b10 B
b10 G
b10 M
b10 +
b10 0
b10 <
b10 L
#1250001
1$"
0#"
1""
b10000 !"
#1251000
0!
b1 $
b1 4
b1 8
b1101 2
b1101 9
b1101 Z
1b
b1 3
b1 :
b1 S
1_
1`
0a
1]
b11 5
b11 D
b11 F
b11 R
b11 X
b11 B
b11 G
b11 M
b11 +
b11 0
b11 <
b11 L
#1251001
0$"
b10001 !"
#1252000
b10 $
b10 4
b10 8
0b
1k
b1010 2
b1010 9
b1010 Z
0t
0U
b10 3
b10 :
b10 S
0_
0`
1a
0g
1i
1j
1p
0r
0s
0]
0f
1o
b100 5
b100 D
b100 F
b100 R
b100 X
b100 B
b100 G
b100 M
b100 +
b100 0
b100 <
b100 L
#1252001
b10010 !"
#1253000
b11 $
b11 4
b11 8
b1011 2
b1011 9
b1011 Z
1b
b11 3
b11 :
b11 S
1_
1`
0a
1]
b101 5
b101 D
b101 F
b101 R
b101 X
b101 B
b101 G
b101 M
b101 +
b101 0
b101 <
b101 L
#1253001
b10011 !"
#1254000
b100 $
b100 4
b100 8
0b
b1000 2
b1000 9
b1000 Z
0k
b100 3
b100 :
b100 S
1U
0_
0`
1a
1g
0i
0j
0]
1f
b110 5
b110 D
b110 F
b110 R
b110 X
b110 B
b110 G
b110 M
b110 +
b110 0
b110 <
b110 L
#1254001
b10100 !"
#1255000
b101 $
b101 4
b101 8
b1001 2
b1001 9
b1001 Z
1b
b101 3
b101 :
b101 S
1_
1`
0a
1]
b111 5
b111 D
b111 F
b111 R
b111 X
b111 B
b111 G
b111 M
b111 +
b111 0
b111 <
b111 L
#1255001
b10101 !"
#1256000
0"
0T
b110 $
b110 4
b110 8
0b
1k
1t
b110 2
b110 9
b110 Z
0}
0U
b110 3
b110 :
b110 S
0_
0`
1a
0g
1i
1j
0p
1r
1s
1y
0{
0|
0]
0f
0o
1x
b1000 5
b1000 D
b1000 F
b1000 R
b1000 X
b1000 B
b1000 G
b1000 M
b1000 +
b1000 0
b1000 <
b1000 L
#1256001
b10110 !"
#1257000
b111 $
b111 4
b111 8
b111 2
b111 9
b111 Z
1b
b111 3
b111 :
b111 S
1_
1`
0a
1]
b1001 5
b1001 D
b1001 F
b1001 R
b1001 X
b1001 B
b1001 G
b1001 M
b1001 +
b1001 0
b1001 <
b1001 L
#1257001
b10111 !"
#1258000
1"
0!
b1000 $
b1000 4
b1000 8
1T
0b
b100 2
b100 9
b100 Z
0k
b1000 3
b1000 :
b1000 S
1U
0_
0`
1a
1g
0i
0j
0]
1f
b1010 5
b1010 D
b1010 F
b1010 R
b1010 X
b1010 B
b1010 G
b1010 M
b1010 +
b1010 0
b1010 <
b1010 L
#1258001
1#"
b11000 !"
#1259000
b1001 $
b1001 4
b1001 8
b101 2
b101 9
b101 Z
1b
b1001 3
b1001 :
b1001 S
1_
1`
0a
1]
b1011 5
b1011 D
b1011 F
b1011 R
b1011 X
b1011 B
b1011 G
b1011 M
b1011 +
b1011 0
b1011 <
b1011 L
#1259001
b11001 !"
#1260000
b1010 $
b1010 4
b1010 8
0b
1k
b10 2
b10 9
b10 Z
0t
0U
b1010 3
b1010 :
b1010 S
0_
0`
1a
0g
1i
1j
1p
0r
0s
0]
0f
1o
b1100 5
b1100 D
b1100 F
b1100 R
b1100 X
b1100 B
b1100 G
b1100 M
b1100 +
b1100 0
b1100 <
b1100 L
#1260001
b11010 !"
#1261000
b1011 $
b1011 4
b1011 8
b11 2
b11 9
b11 Z
1b
b1011 3
b1011 :
b1011 S
1_
1`
0a
1]
b1101 5
b1101 D
b1101 F
b1101 R
b1101 X
b1101 B
b1101 G
b1101 M
b1101 +
b1101 0
b1101 <
b1101 L
#1261001
b11011 !"
#1262000
b1100 $
b1100 4
b1100 8
0b
b0 2
b0 9
b0 Z
0k
b1100 3
b1100 :
b1100 S
1U
0_
0`
1a
1g
0i
0j
0]
1f
b1110 5
b1110 D
b1110 F
b1110 R
b1110 X
b1110 B
b1110 G
b1110 M
b1110 +
b1110 0
b1110 <
b1110 L
#1262001
b11100 !"
#1263000
b1101 $
b1101 4
b1101 8
b1 2
b1 9
b1 Z
1b
b1101 3
b1101 :
b1101 S
1_
1`
0a
1]
b1111 5
b1111 D
b1111 F
b1111 R
b1111 X
b1111 B
b1111 G
b1111 M
b1111 +
b1111 0
b1111 <
b1111 L
#1263001
b11101 !"
#1264000
0#
1"
0T
b1111 $
b1111 4
b1111 8
1k
1t
b1111 2
b1111 9
b1111 Z
1}
0U
b1111 3
b1111 :
b1111 S
1a
0g
1i
1j
0p
1r
1s
0y
1{
1|
0]
0f
0o
0x
1\
b0 5
b0 D
b0 F
b0 R
b0 X
b1111 6
b1111 E
b1111 P
b1111 Q
b1111 W
b0 B
b0 G
b0 M
b1111 *
b1111 /
b1111 ;
b1111 K
b1111 O
b0 +
b0 0
b0 <
b0 L
#1264001
0""
b1111 !"
#1265000
0"
1!
1#
1T
b0 $
b0 4
b0 8
1U
b1110 2
b1110 9
b1110 Z
0b
b0 3
b0 :
b0 S
1V
1^
0`
0a
1]
b1 5
b1 D
b1 F
b1 R
b1 X
b1 B
b1 G
b1 M
b1 +
b1 0
b1 <
b1 L
#1265001
1$"
0#"
1""
b10000 !"
#1266000
0!
b1 $
b1 4
b1 8
1b
b1101 2
b1101 9
b1101 Z
0k
0V
b1 3
b1 :
b1 S
0^
1`
1a
1g
0i
0j
0]
1f
b10 5
b10 D
b10 F
b10 R
b10 X
b10 B
b10 G
b10 M
b10 +
b10 0
b10 <
b10 L
#1266001
0$"
b10001 !"
#1267000
b10 $
b10 4
b10 8
b1100 2
b1100 9
b1100 Z
0b
b10 3
b10 :
b10 S
1V
1^
0`
0a
1]
b11 5
b11 D
b11 F
b11 R
b11 X
b11 B
b11 G
b11 M
b11 +
b11 0
b11 <
b11 L
#1267001
b10010 !"
#1268000
0U
b11 $
b11 4
b11 8
1b
1k
b1011 2
b1011 9
b1011 Z
0t
0V
b11 3
b11 :
b11 S
0^
1`
1a
0g
1i
1j
1p
0r
0s
0]
0f
1o
b100 5
b100 D
b100 F
b100 R
b100 X
b100 B
b100 G
b100 M
b100 +
b100 0
b100 <
b100 L
#1268001
b10011 !"
#1269000
0!
b100 $
b100 4
b100 8
1U
b1010 2
b1010 9
b1010 Z
0b
b100 3
b100 :
b100 S
1V
1^
0`
0a
1]
b101 5
b101 D
b101 F
b101 R
b101 X
b101 B
b101 G
b101 M
b101 +
b101 0
b101 <
b101 L
#1269001
b10100 !"
#1270000
b101 $
b101 4
b101 8
1b
b1001 2
b1001 9
b1001 Z
0k
0V
b101 3
b101 :
b101 S
0^
1`
1a
1g
0i
0j
0]
1f
b110 5
b110 D
b110 F
b110 R
b110 X
b110 B
b110 G
b110 M
b110 +
b110 0
b110 <
b110 L
#1270001
b10101 !"
#1271000
b110 $
b110 4
b110 8
b1000 2
b1000 9
b1000 Z
0b
b110 3
b110 :
b110 S
1V
1^
0`
0a
1]
b111 5
b111 D
b111 F
b111 R
b111 X
b111 B
b111 G
b111 M
b111 +
b111 0
b111 <
b111 L
#1271001
b10110 !"
#1272000
0T
0"
0U
b111 $
b111 4
b111 8
1b
1k
1t
b111 2
b111 9
b111 Z
0}
0V
b111 3
b111 :
b111 S
0^
1`
1a
0g
1i
1j
0p
1r
1s
1y
0{
0|
0]
0f
0o
1x
b1000 5
b1000 D
b1000 F
b1000 R
b1000 X
b1000 B
b1000 G
b1000 M
b1000 +
b1000 0
b1000 <
b1000 L
#1272001
b10111 !"
#1273000
1"
1T
b1000 $
b1000 4
b1000 8
1U
b110 2
b110 9
b110 Z
0b
b1000 3
b1000 :
b1000 S
1V
1^
0`
0a
1]
b1001 5
b1001 D
b1001 F
b1001 R
b1001 X
b1001 B
b1001 G
b1001 M
b1001 +
b1001 0
b1001 <
b1001 L
#1273001
1#"
b11000 !"
#1274000
b1001 $
b1001 4
b1001 8
1b
b101 2
b101 9
b101 Z
0k
0V
b1001 3
b1001 :
b1001 S
0^
1`
1a
1g
0i
0j
0]
1f
b1010 5
b1010 D
b1010 F
b1010 R
b1010 X
b1010 B
b1010 G
b1010 M
b1010 +
b1010 0
b1010 <
b1010 L
#1274001
b11001 !"
#1275000
b1010 $
b1010 4
b1010 8
b100 2
b100 9
b100 Z
0b
b1010 3
b1010 :
b1010 S
1V
1^
0`
0a
1]
b1011 5
b1011 D
b1011 F
b1011 R
b1011 X
b1011 B
b1011 G
b1011 M
b1011 +
b1011 0
b1011 <
b1011 L
#1275001
b11010 !"
#1276000
0U
b1011 $
b1011 4
b1011 8
1b
1k
b11 2
b11 9
b11 Z
0t
0V
b1011 3
b1011 :
b1011 S
0^
1`
1a
0g
1i
1j
1p
0r
0s
0]
0f
1o
b1100 5
b1100 D
b1100 F
b1100 R
b1100 X
b1100 B
b1100 G
b1100 M
b1100 +
b1100 0
b1100 <
b1100 L
#1276001
b11011 !"
#1277000
b1100 $
b1100 4
b1100 8
1U
b10 2
b10 9
b10 Z
0b
b1100 3
b1100 :
b1100 S
1V
1^
0`
0a
1]
b1101 5
b1101 D
b1101 F
b1101 R
b1101 X
b1101 B
b1101 G
b1101 M
b1101 +
b1101 0
b1101 <
b1101 L
#1277001
b11100 !"
#1278000
b1101 $
b1101 4
b1101 8
1b
b1 2
b1 9
b1 Z
0k
0V
b1101 3
b1101 :
b1101 S
0^
1`
1a
1g
0i
0j
0]
1f
b1110 5
b1110 D
b1110 F
b1110 R
b1110 X
b1110 B
b1110 G
b1110 M
b1110 +
b1110 0
b1110 <
b1110 L
#1278001
b11101 !"
#1279000
b1110 $
b1110 4
b1110 8
b0 2
b0 9
b0 Z
0b
b1110 3
b1110 :
b1110 S
1V
1^
0`
0a
1]
b1111 5
b1111 D
b1111 F
b1111 R
b1111 X
b1111 B
b1111 G
b1111 M
b1111 +
b1111 0
b1111 <
b1111 L
#1279001
b11110 !"
#1280000
0"
0V
0U
0T
0#
1a
1j
1s
1|
0^
0_
0g
0h
0p
0q
0y
0z
0]
0f
0o
0x
b1 $
b1 4
b1 8
0\
0e
0n
0w
b0 5
b0 D
b0 F
b0 R
b0 X
b1 3
b1 :
b1 S
b0 6
b0 E
b0 P
b0 Q
b0 W
b0 B
b0 G
b0 M
1-
b0 *
b0 /
b0 ;
b0 K
b0 O
b0 +
b0 0
b0 <
b0 L
#1280001
0#"
0""
b1 !"
#1281000
b10 $
b10 4
b10 8
b1 2
b1 9
b1 Z
1b
b10 3
b10 :
b10 S
1V
1_
1`
0a
1]
b1 5
b1 D
b1 F
b1 R
b1 X
b1 B
b1 G
b1 M
b1 +
b1 0
b1 <
b1 L
#1281001
b10 !"
#1282000
b11 $
b11 4
b11 8
0b
b10 2
b10 9
b10 Z
1k
0V
b11 3
b11 :
b11 S
0U
0_
0`
1a
1h
1i
0j
0]
1f
b10 5
b10 D
b10 F
b10 R
b10 X
b10 B
b10 G
b10 M
b10 +
b10 0
b10 <
b10 L
#1282001
b11 !"
#1283000
0!
b100 $
b100 4
b100 8
1U
b11 2
b11 9
b11 Z
1b
b100 3
b100 :
b100 S
1V
1_
1`
0a
1]
b11 5
b11 D
b11 F
b11 R
b11 X
b11 B
b11 G
b11 M
b11 +
b11 0
b11 <
b11 L
#1283001
b100 !"
#1284000
0"
b101 $
b101 4
b101 8
0b
0k
b100 2
b100 9
b100 Z
1t
0V
0U
b101 3
b101 :
b101 S
0T
0_
0`
1a
0h
0i
1j
1q
1r
0s
0]
0f
1o
b100 5
b100 D
b100 F
b100 R
b100 X
b100 B
b100 G
b100 M
b100 +
b100 0
b100 <
b100 L
#1284001
b101 !"
#1285000
b110 $
b110 4
b110 8
b101 2
b101 9
b101 Z
1b
b110 3
b110 :
b110 S
1V
1_
1`
0a
1]
b101 5
b101 D
b101 F
b101 R
b101 X
b101 B
b101 G
b101 M
b101 +
b101 0
b101 <
b101 L
#1285001
b110 !"
#1286000
0"
b111 $
b111 4
b111 8
0T
0b
b110 2
b110 9
b110 Z
1k
0V
b111 3
b111 :
b111 S
0U
0_
0`
1a
1h
1i
0j
0]
1f
b110 5
b110 D
b110 F
b110 R
b110 X
b110 B
b110 G
b110 M
b110 +
b110 0
b110 <
b110 L
#1286001
b111 !"
#1287000
1"
1T
b1000 $
b1000 4
b1000 8
1U
b111 2
b111 9
b111 Z
1b
b1000 3
b1000 :
b1000 S
1V
1_
1`
0a
1]
b111 5
b111 D
b111 F
b111 R
b111 X
b111 B
b111 G
b111 M
b111 +
b111 0
b111 <
b111 L
#1287001
1#"
b1000 !"
#1288000
1"
b1001 $
b1001 4
b1001 8
0b
0k
0t
b1000 2
b1000 9
b1000 Z
1}
0V
0U
0T
b1001 3
b1001 :
b1001 S
0#
0_
0`
1a
0h
0i
1j
0q
0r
1s
1z
1{
0|
0]
0f
0o
1x
b1000 5
b1000 D
b1000 F
b1000 R
b1000 X
b1000 B
b1000 G
b1000 M
b1000 +
b1000 0
b1000 <
b1000 L
#1288001
b1001 !"
#1289000
b1010 $
b1010 4
b1010 8
b1001 2
b1001 9
b1001 Z
1b
b1010 3
b1010 :
b1010 S
1V
1_
1`
0a
1]
b1001 5
b1001 D
b1001 F
b1001 R
b1001 X
b1001 B
b1001 G
b1001 M
b1001 +
b1001 0
b1001 <
b1001 L
#1289001
b1010 !"
#1290000
b1011 $
b1011 4
b1011 8
0b
b1010 2
b1010 9
b1010 Z
1k
0V
b1011 3
b1011 :
b1011 S
0U
0_
0`
1a
1h
1i
0j
0]
1f
b1010 5
b1010 D
b1010 F
b1010 R
b1010 X
b1010 B
b1010 G
b1010 M
b1010 +
b1010 0
b1010 <
b1010 L
#1290001
b1011 !"
#1291000
b1100 $
b1100 4
b1100 8
1U
b1011 2
b1011 9
b1011 Z
1b
b1100 3
b1100 :
b1100 S
1V
1_
1`
0a
1]
b1011 5
b1011 D
b1011 F
b1011 R
b1011 X
b1011 B
b1011 G
b1011 M
b1011 +
b1011 0
b1011 <
b1011 L
#1291001
b1100 !"
#1292000
1"
b1101 $
b1101 4
b1101 8
0#
0b
0k
b1100 2
b1100 9
b1100 Z
1t
0V
0U
b1101 3
b1101 :
b1101 S
0T
0_
0`
1a
0h
0i
1j
1q
1r
0s
0]
0f
1o
b1100 5
b1100 D
b1100 F
b1100 R
b1100 X
b1100 B
b1100 G
b1100 M
b1100 +
b1100 0
b1100 <
b1100 L
#1292001
b1101 !"
#1293000
b1110 $
b1110 4
b1110 8
b1101 2
b1101 9
b1101 Z
1b
b1110 3
b1110 :
b1110 S
1V
1_
1`
0a
1]
b1101 5
b1101 D
b1101 F
b1101 R
b1101 X
b1101 B
b1101 G
b1101 M
b1101 +
b1101 0
b1101 <
b1101 L
#1293001
b1110 !"
#1294000
1"
0#
b1111 $
b1111 4
b1111 8
0T
0b
b1110 2
b1110 9
b1110 Z
1k
0V
b1111 3
b1111 :
b1111 S
0U
0_
0`
1a
1h
1i
0j
0]
1f
b1110 5
b1110 D
b1110 F
b1110 R
b1110 X
b1110 B
b1110 G
b1110 M
b1110 +
b1110 0
b1110 <
b1110 L
#1294001
b1111 !"
#1295000
0"
1!
1#
1T
b0 $
b0 4
b0 8
1U
b1111 2
b1111 9
b1111 Z
1b
b0 3
b0 :
b0 S
1V
1_
1`
0a
1]
b1111 5
b1111 D
b1111 F
b1111 R
b1111 X
b1111 B
b1111 G
b1111 M
b1111 +
b1111 0
b1111 <
b1111 L
#1295001
1$"
0#"
1""
b10000 !"
#1296000
0"
0!
b10 $
b10 4
b10 8
0k
0t
b1 2
b1 9
b1 Z
0}
0U
0T
b10 3
b10 :
b10 S
0#
1a
0h
0i
1j
0q
0r
1s
0z
0{
1|
0]
0f
0o
0x
1\
b0 5
b0 D
b0 F
b0 R
b0 X
b1 6
b1 E
b1 P
b1 Q
b1 W
b0 B
b0 G
b0 M
b1 *
b1 /
b1 ;
b1 K
b1 O
b0 +
b0 0
b0 <
b0 L
#1296001
0$"
0""
b10 !"
#1297000
b11 $
b11 4
b11 8
b0 2
b0 9
b0 Z
0b
b11 3
b11 :
b11 S
1^
0`
0a
1]
b1 5
b1 D
b1 F
b1 R
b1 X
b1 B
b1 G
b1 M
b1 +
b1 0
b1 <
b1 L
#1297001
b11 !"
#1298000
b100 $
b100 4
b100 8
1b
b11 2
b11 9
b11 Z
1k
b100 3
b100 :
b100 S
1U
0^
1`
1a
1h
1i
0j
0]
1f
b10 5
b10 D
b10 F
b10 R
b10 X
b10 B
b10 G
b10 M
b10 +
b10 0
b10 <
b10 L
#1298001
b100 !"
#1299000
b101 $
b101 4
b101 8
b10 2
b10 9
b10 Z
0b
b101 3
b101 :
b101 S
1^
0`
0a
1]
b11 5
b11 D
b11 F
b11 R
b11 X
b11 B
b11 G
b11 M
b11 +
b11 0
b11 <
b11 L
#1299001
b101 !"
#1300000
0"
b110 $
b110 4
b110 8
1b
0k
b101 2
b101 9
b101 Z
1t
0U
b110 3
b110 :
b110 S
0T
0^
1`
1a
0h
0i
1j
1q
1r
0s
0]
0f
1o
b100 5
b100 D
b100 F
b100 R
b100 X
b100 B
b100 G
b100 M
b100 +
b100 0
b100 <
b100 L
#1300001
b110 !"
#1301000
b111 $
b111 4
b111 8
b100 2
b100 9
b100 Z
0b
b111 3
b111 :
b111 S
1^
0`
0a
1]
b101 5
b101 D
b101 F
b101 R
b101 X
b101 B
b101 G
b101 M
b101 +
b101 0
b101 <
b101 L
#1301001
b111 !"
#1302000
1"
0!
b1000 $
b1000 4
b1000 8
1T
1b
b111 2
b111 9
b111 Z
1k
b1000 3
b1000 :
b1000 S
1U
0^
1`
1a
1h
1i
0j
0]
1f
b110 5
b110 D
b110 F
b110 R
b110 X
b110 B
b110 G
b110 M
b110 +
b110 0
b110 <
b110 L
#1302001
1#"
b1000 !"
#1303000
b1001 $
b1001 4
b1001 8
b110 2
b110 9
b110 Z
0b
b1001 3
b1001 :
b1001 S
1^
0`
0a
1]
b111 5
b111 D
b111 F
b111 R
b111 X
b111 B
b111 G
b111 M
b111 +
b111 0
b111 <
b111 L
#1303001
b1001 !"
#1304000
1"
b1010 $
b1010 4
b1010 8
1b
0k
0t
b1001 2
b1001 9
b1001 Z
1}
0U
0T
b1010 3
b1010 :
b1010 S
0#
0^
1`
1a
0h
0i
1j
0q
0r
1s
1z
1{
0|
0]
0f
0o
1x
b1000 5
b1000 D
b1000 F
b1000 R
b1000 X
b1000 B
b1000 G
b1000 M
b1000 +
b1000 0
b1000 <
b1000 L
#1304001
b1010 !"
#1305000
b1011 $
b1011 4
b1011 8
b1000 2
b1000 9
b1000 Z
0b
b1011 3
b1011 :
b1011 S
1^
0`
0a
1]
b1001 5
b1001 D
b1001 F
b1001 R
b1001 X
b1001 B
b1001 G
b1001 M
b1001 +
b1001 0
b1001 <
b1001 L
#1305001
b1011 !"
#1306000
b1100 $
b1100 4
b1100 8
1b
b1011 2
b1011 9
b1011 Z
1k
b1100 3
b1100 :
b1100 S
1U
0^
1`
1a
1h
1i
0j
0]
1f
b1010 5
b1010 D
b1010 F
b1010 R
b1010 X
b1010 B
b1010 G
b1010 M
b1010 +
b1010 0
b1010 <
b1010 L
#1306001
b1100 !"
#1307000
b1101 $
b1101 4
b1101 8
b1010 2
b1010 9
b1010 Z
0b
b1101 3
b1101 :
b1101 S
1^
0`
0a
1]
b1011 5
b1011 D
b1011 F
b1011 R
b1011 X
b1011 B
b1011 G
b1011 M
b1011 +
b1011 0
b1011 <
b1011 L
#1307001
b1101 !"
#1308000
1"
b1110 $
b1110 4
b1110 8
0#
1b
0k
b1101 2
b1101 9
b1101 Z
1t
0U
b1110 3
b1110 :
b1110 S
0T
0^
1`
1a
0h
0i
1j
1q
1r
0s
0]
0f
1o
b1100 5
b1100 D
b1100 F
b1100 R
b1100 X
b1100 B
b1100 G
b1100 M
b1100 +
b1100 0
b1100 <
b1100 L
#1308001
b1110 !"
#1309000
b1111 $
b1111 4
b1111 8
b1100 2
b1100 9
b1100 Z
0b
b1111 3
b1111 :
b1111 S
1^
0`
0a
1]
b1101 5
b1101 D
b1101 F
b1101 R
b1101 X
b1101 B
b1101 G
b1101 M
b1101 +
b1101 0
b1101 <
b1101 L
#1309001
b1111 !"
#1310000
0"
1!
1#
b0 $
b0 4
b0 8
1T
1b
b1111 2
b1111 9
b1111 Z
1k
b0 3
b0 :
b0 S
1U
0^
1`
1a
1h
1i
0j
0]
1f
b1110 5
b1110 D
b1110 F
b1110 R
b1110 X
b1110 B
b1110 G
b1110 M
b1110 +
b1110 0
b1110 <
b1110 L
#1310001
1$"
0#"
1""
b10000 !"
#1311000
0!
b1 $
b1 4
b1 8
b1110 2
b1110 9
b1110 Z
0b
b1 3
b1 :
b1 S
1^
0`
0a
1]
b1111 5
b1111 D
b1111 F
b1111 R
b1111 X
b1111 B
b1111 G
b1111 M
b1111 +
b1111 0
b1111 <
b1111 L
#1311001
0$"
b10001 !"
#1312000
0"
0U
b11 $
b11 4
b11 8
0t
b10 2
b10 9
b10 Z
0}
0V
0T
b11 3
b11 :
b11 S
0#
1a
1j
0q
0r
1s
0z
0{
1|
0^
0_
0]
0f
0o
0x
0\
1e
b0 5
b0 D
b0 F
b0 R
b0 X
b10 6
b10 E
b10 P
b10 Q
b10 W
b0 B
b0 G
b0 M
b10 *
b10 /
b10 ;
b10 K
b10 O
b0 +
b0 0
b0 <
b0 L
#1312001
0""
b11 !"
#1313000
0!
b100 $
b100 4
b100 8
1U
b11 2
b11 9
b11 Z
1b
b100 3
b100 :
b100 S
1V
1_
1`
0a
1]
b1 5
b1 D
b1 F
b1 R
b1 X
b1 B
b1 G
b1 M
b1 +
b1 0
b1 <
b1 L
#1313001
b100 !"
#1314000
b101 $
b101 4
b101 8
0b
b0 2
b0 9
b0 Z
0k
0V
b101 3
b101 :
b101 S
0_
0`
1a
1g
0i
0j
0]
1f
b10 5
b10 D
b10 F
b10 R
b10 X
b10 B
b10 G
b10 M
b10 +
b10 0
b10 <
b10 L
#1314001
b101 !"
#1315000
b110 $
b110 4
b110 8
b1 2
b1 9
b1 Z
1b
b110 3
b110 :
b110 S
1V
1_
1`
0a
1]
b11 5
b11 D
b11 F
b11 R
b11 X
b11 B
b11 G
b11 M
b11 +
b11 0
b11 <
b11 L
#1315001
b110 !"
#1316000
0"
0U
b111 $
b111 4
b111 8
0b
1k
b110 2
b110 9
b110 Z
1t
0V
b111 3
b111 :
b111 S
0T
0_
0`
1a
0g
1i
1j
1q
1r
0s
0]
0f
1o
b100 5
b100 D
b100 F
b100 R
b100 X
b100 B
b100 G
b100 M
b100 +
b100 0
b100 <
b100 L
#1316001
b111 !"
#1317000
1"
1T
b1000 $
b1000 4
b1000 8
1U
b111 2
b111 9
b111 Z
1b
b1000 3
b1000 :
b1000 S
1V
1_
1`
0a
1]
b101 5
b101 D
b101 F
b101 R
b101 X
b101 B
b101 G
b101 M
b101 +
b101 0
b101 <
b101 L
#1317001
1#"
b1000 !"
#1318000
b1001 $
b1001 4
b1001 8
0b
b100 2
b100 9
b100 Z
0k
0V
b1001 3
b1001 :
b1001 S
0_
0`
1a
1g
0i
0j
0]
1f
b110 5
b110 D
b110 F
b110 R
b110 X
b110 B
b110 G
b110 M
b110 +
b110 0
b110 <
b110 L
#1318001
b1001 !"
#1319000
b1010 $
b1010 4
b1010 8
b101 2
b101 9
b101 Z
1b
b1010 3
b1010 :
b1010 S
1V
1_
1`
0a
1]
b111 5
b111 D
b111 F
b111 R
b111 X
b111 B
b111 G
b111 M
b111 +
b111 0
b111 <
b111 L
#1319001
b1010 !"
#1320000
1"
0U
b1011 $
b1011 4
b1011 8
0b
1k
0t
b1010 2
b1010 9
b1010 Z
1}
0V
0T
b1011 3
b1011 :
b1011 S
0#
0_
0`
1a
0g
1i
1j
0q
0r
1s
1z
1{
0|
0]
0f
0o
1x
b1000 5
b1000 D
b1000 F
b1000 R
b1000 X
b1000 B
b1000 G
b1000 M
b1000 +
b1000 0
b1000 <
b1000 L
#1320001
b1011 !"
#1321000
b1100 $
b1100 4
b1100 8
1U
b1011 2
b1011 9
b1011 Z
1b
b1100 3
b1100 :
b1100 S
1V
1_
1`
0a
1]
b1001 5
b1001 D
b1001 F
b1001 R
b1001 X
b1001 B
b1001 G
b1001 M
b1001 +
b1001 0
b1001 <
b1001 L
#1321001
b1100 !"
#1322000
b1101 $
b1101 4
b1101 8
0b
b1000 2
b1000 9
b1000 Z
0k
0V
b1101 3
b1101 :
b1101 S
0_
0`
1a
1g
0i
0j
0]
1f
b1010 5
b1010 D
b1010 F
b1010 R
b1010 X
b1010 B
b1010 G
b1010 M
b1010 +
b1010 0
b1010 <
b1010 L
#1322001
b1101 !"
#1323000
b1110 $
b1110 4
b1110 8
b1001 2
b1001 9
b1001 Z
1b
b1110 3
b1110 :
b1110 S
1V
1_
1`
0a
1]
b1011 5
b1011 D
b1011 F
b1011 R
b1011 X
b1011 B
b1011 G
b1011 M
b1011 +
b1011 0
b1011 <
b1011 L
#1323001
b1110 !"
#1324000
1"
0U
b1111 $
b1111 4
b1111 8
0#
0b
1k
b1110 2
b1110 9
b1110 Z
1t
0V
b1111 3
b1111 :
b1111 S
0T
0_
0`
1a
0g
1i
1j
1q
1r
0s
0]
0f
1o
b1100 5
b1100 D
b1100 F
b1100 R
b1100 X
b1100 B
b1100 G
b1100 M
b1100 +
b1100 0
b1100 <
b1100 L
#1324001
b1111 !"
#1325000
0"
1!
1#
1T
b0 $
b0 4
b0 8
1U
b1111 2
b1111 9
b1111 Z
1b
b0 3
b0 :
b0 S
1V
1_
1`
0a
1]
b1101 5
b1101 D
b1101 F
b1101 R
b1101 X
b1101 B
b1101 G
b1101 M
b1101 +
b1101 0
b1101 <
b1101 L
#1325001
1$"
0#"
1""
b10000 !"
#1326000
0!
b1 $
b1 4
b1 8
0b
b1100 2
b1100 9
b1100 Z
0k
0V
b1 3
b1 :
b1 S
0_
0`
1a
1g
0i
0j
0]
1f
b1110 5
b1110 D
b1110 F
b1110 R
b1110 X
b1110 B
b1110 G
b1110 M
b1110 +
b1110 0
b1110 <
b1110 L
#1326001
0$"
b10001 !"
#1327000
b10 $
b10 4
b10 8
b1101 2
b1101 9
b1101 Z
1b
b10 3
b10 :
b10 S
1V
1_
1`
0a
1]
b1111 5
b1111 D
b1111 F
b1111 R
b1111 X
b1111 B
b1111 G
b1111 M
b1111 +
b1111 0
b1111 <
b1111 L
#1327001
b10010 !"
#1328000
0"
b100 $
b100 4
b100 8
1k
0t
b11 2
b11 9
b11 Z
0}
0T
b100 3
b100 :
b100 S
0#
1a
0g
1i
1j
0q
0r
1s
0z
0{
1|
0]
0f
0o
0x
1\
b0 5
b0 D
b0 F
b0 R
b0 X
b11 6
b11 E
b11 P
b11 Q
b11 W
b0 B
b0 G
b0 M
b11 *
b11 /
b11 ;
b11 K
b11 O
b0 +
b0 0
b0 <
b0 L
#1328001
0""
b100 !"
#1329000
b101 $
b101 4
b101 8
b10 2
b10 9
b10 Z
0b
b101 3
b101 :
b101 S
1^
0`
0a
1]
b1 5
b1 D
b1 F
b1 R
b1 X
b1 B
b1 G
b1 M
b1 +
b1 0
b1 <
b1 L
#1329001
b101 !"
#1330000
b110 $
b110 4
b110 8
1b
b1 2
b1 9
b1 Z
0k
b110 3
b110 :
b110 S
0^
1`
1a
1g
0i
0j
0]
1f
b10 5
b10 D
b10 F
b10 R
b10 X
b10 B
b10 G
b10 M
b10 +
b10 0
b10 <
b10 L
#1330001
b110 !"
#1331000
b111 $
b111 4
b111 8
b0 2
b0 9
b0 Z
0b
b111 3
b111 :
b111 S
1^
0`
0a
1]
b11 5
b11 D
b11 F
b11 R
b11 X
b11 B
b11 G
b11 M
b11 +
b11 0
b11 <
b11 L
#1331001
b111 !"
#1332000
1"
b1000 $
b1000 4
b1000 8
1b
1k
b111 2
b111 9
b111 Z
1t
b1000 3
b1000 :
b1000 S
1T
0^
1`
1a
0g
1i
1j
1q
1r
0s
0]
0f
1o
b100 5
b100 D
b100 F
b100 R
b100 X
b100 B
b100 G
b100 M
b100 +
b100 0
b100 <
b100 L
#1332001
1#"
b1000 !"
#1333000
b1001 $
b1001 4
b1001 8
b110 2
b110 9
b110 Z
0b
b1001 3
b1001 :
b1001 S
1^
0`
0a
1]
b101 5
b101 D
b101 F
b101 R
b101 X
b101 B
b101 G
b101 M
b101 +
b101 0
b101 <
b101 L
#1333001
b1001 !"
#1334000
b1010 $
b1010 4
b1010 8
1b
b101 2
b101 9
b101 Z
0k
b1010 3
b1010 :
b1010 S
0^
1`
1a
1g
0i
0j
0]
1f
b110 5
b110 D
b110 F
b110 R
b110 X
b110 B
b110 G
b110 M
b110 +
b110 0
b110 <
b110 L
#1334001
b1010 !"
#1335000
b1011 $
b1011 4
b1011 8
b100 2
b100 9
b100 Z
0b
b1011 3
b1011 :
b1011 S
1^
0`
0a
1]
b111 5
b111 D
b111 F
b111 R
b111 X
b111 B
b111 G
b111 M
b111 +
b111 0
b111 <
b111 L
#1335001
b1011 !"
#1336000
1"
b1100 $
b1100 4
b1100 8
1b
1k
0t
b1011 2
b1011 9
b1011 Z
1}
0T
b1100 3
b1100 :
b1100 S
0#
0^
1`
1a
0g
1i
1j
0q
0r
1s
1z
1{
0|
0]
0f
0o
1x
b1000 5
b1000 D
b1000 F
b1000 R
b1000 X
b1000 B
b1000 G
b1000 M
b1000 +
b1000 0
b1000 <
b1000 L
#1336001
b1100 !"
#1337000
b1101 $
b1101 4
b1101 8
b1010 2
b1010 9
b1010 Z
0b
b1101 3
b1101 :
b1101 S
1^
0`
0a
1]
b1001 5
b1001 D
b1001 F
b1001 R
b1001 X
b1001 B
b1001 G
b1001 M
b1001 +
b1001 0
b1001 <
b1001 L
#1337001
b1101 !"
#1338000
b1110 $
b1110 4
b1110 8
1b
b1001 2
b1001 9
b1001 Z
0k
b1110 3
b1110 :
b1110 S
0^
1`
1a
1g
0i
0j
0]
1f
b1010 5
b1010 D
b1010 F
b1010 R
b1010 X
b1010 B
b1010 G
b1010 M
b1010 +
b1010 0
b1010 <
b1010 L
#1338001
b1110 !"
#1339000
b1111 $
b1111 4
b1111 8
b1000 2
b1000 9
b1000 Z
0b
b1111 3
b1111 :
b1111 S
1^
0`
0a
1]
b1011 5
b1011 D
b1011 F
b1011 R
b1011 X
b1011 B
b1011 G
b1011 M
b1011 +
b1011 0
b1011 <
b1011 L
#1339001
b1111 !"
#1340000
0"
1!
b0 $
b0 4
b0 8
1#
1b
1k
b1111 2
b1111 9
b1111 Z
1t
b0 3
b0 :
b0 S
1T
0^
1`
1a
0g
1i
1j
1q
1r
0s
0]
0f
1o
b1100 5
b1100 D
b1100 F
b1100 R
b1100 X
b1100 B
b1100 G
b1100 M
b1100 +
b1100 0
b1100 <
b1100 L
#1340001
1$"
0#"
1""
b10000 !"
#1341000
0!
b1 $
b1 4
b1 8
b1110 2
b1110 9
b1110 Z
0b
b1 3
b1 :
b1 S
1^
0`
0a
1]
b1101 5
b1101 D
b1101 F
b1101 R
b1101 X
b1101 B
b1101 G
b1101 M
b1101 +
b1101 0
b1101 <
b1101 L
#1341001
0$"
b10001 !"
#1342000
b10 $
b10 4
b10 8
1b
b1101 2
b1101 9
b1101 Z
0k
b10 3
b10 :
b10 S
0^
1`
1a
1g
0i
0j
0]
1f
b1110 5
b1110 D
b1110 F
b1110 R
b1110 X
b1110 B
b1110 G
b1110 M
b1110 +
b1110 0
b1110 <
b1110 L
#1342001
b10010 !"
#1343000
b11 $
b11 4
b11 8
b1100 2
b1100 9
b1100 Z
0b
b11 3
b11 :
b11 S
1^
0`
0a
1]
b1111 5
b1111 D
b1111 F
b1111 R
b1111 X
b1111 B
b1111 G
b1111 M
b1111 +
b1111 0
b1111 <
b1111 L
#1343001
b10011 !"
#1344000
0"
0T
b101 $
b101 4
b101 8
b100 2
b100 9
b100 Z
0}
0V
0U
b101 3
b101 :
b101 S
0#
1a
1j
1s
0z
0{
1|
0^
0_
0g
0h
0]
0f
0o
0x
0\
0e
1n
b0 5
b0 D
b0 F
b0 R
b0 X
b100 6
b100 E
b100 P
b100 Q
b100 W
b0 B
b0 G
b0 M
b100 *
b100 /
b100 ;
b100 K
b100 O
b0 +
b0 0
b0 <
b0 L
#1344001
0""
b101 !"
#1345000
b110 $
b110 4
b110 8
b101 2
b101 9
b101 Z
1b
b110 3
b110 :
b110 S
1V
1_
1`
0a
1]
b1 5
b1 D
b1 F
b1 R
b1 X
b1 B
b1 G
b1 M
b1 +
b1 0
b1 <
b1 L
#1345001
b110 !"
#1346000
0"
b111 $
b111 4
b111 8
0T
0b
b110 2
b110 9
b110 Z
1k
0V
b111 3
b111 :
b111 S
0U
0_
0`
1a
1h
1i
0j
0]
1f
b10 5
b10 D
b10 F
b10 R
b10 X
b10 B
b10 G
b10 M
b10 +
b10 0
b10 <
b10 L
#1346001
b111 !"
#1347000
1"
1T
b1000 $
b1000 4
b1000 8
1U
b111 2
b111 9
b111 Z
1b
b1000 3
b1000 :
b1000 S
1V
1_
1`
0a
1]
b11 5
b11 D
b11 F
b11 R
b11 X
b11 B
b11 G
b11 M
b11 +
b11 0
b11 <
b11 L
#1347001
1#"
b1000 !"
#1348000
b1001 $
b1001 4
b1001 8
0b
0k
b0 2
b0 9
b0 Z
0t
0V
0U
b1001 3
b1001 :
b1001 S
0_
0`
1a
0h
0i
1j
1p
0r
0s
0]
0f
1o
b100 5
b100 D
b100 F
b100 R
b100 X
b100 B
b100 G
b100 M
b100 +
b100 0
b100 <
b100 L
#1348001
b1001 !"
#1349000
b1010 $
b1010 4
b1010 8
b1 2
b1 9
b1 Z
1b
b1010 3
b1010 :
b1010 S
1V
1_
1`
0a
1]
b101 5
b101 D
b101 F
b101 R
b101 X
b101 B
b101 G
b101 M
b101 +
b101 0
b101 <
b101 L
#1349001
b1010 !"
#1350000
b1011 $
b1011 4
b1011 8
0b
b10 2
b10 9
b10 Z
1k
0V
b1011 3
b1011 :
b1011 S
0U
0_
0`
1a
1h
1i
0j
0]
1f
b110 5
b110 D
b110 F
b110 R
b110 X
b110 B
b110 G
b110 M
b110 +
b110 0
b110 <
b110 L
#1350001
b1011 !"
#1351000
b1100 $
b1100 4
b1100 8
1U
b11 2
b11 9
b11 Z
1b
b1100 3
b1100 :
b1100 S
1V
1_
1`
0a
1]
b111 5
b111 D
b111 F
b111 R
b111 X
b111 B
b111 G
b111 M
b111 +
b111 0
b111 <
b111 L
#1351001
b1100 !"
#1352000
1"
0T
b1101 $
b1101 4
b1101 8
0b
0k
1t
b1100 2
b1100 9
b1100 Z
1}
0V
0U
b1101 3
b1101 :
b1101 S
0#
0_
0`
1a
0h
0i
1j
0p
1r
1s
1z
1{
0|
0]
0f
0o
1x
b1000 5
b1000 D
b1000 F
b1000 R
b1000 X
b1000 B
b1000 G
b1000 M
b1000 +
b1000 0
b1000 <
b1000 L
#1352001
b1101 !"
#1353000
b1110 $
b1110 4
b1110 8
b1101 2
b1101 9
b1101 Z
1b
b1110 3
b1110 :
b1110 S
1V
1_
1`
0a
1]
b1001 5
b1001 D
b1001 F
b1001 R
b1001 X
b1001 B
b1001 G
b1001 M
b1001 +
b1001 0
b1001 <
b1001 L
#1353001
b1110 !"
#1354000
1"
0#
b1111 $
b1111 4
b1111 8
0T
0b
b1110 2
b1110 9
b1110 Z
1k
0V
b1111 3
b1111 :
b1111 S
0U
0_
0`
1a
1h
1i
0j
0]
1f
b1010 5
b1010 D
b1010 F
b1010 R
b1010 X
b1010 B
b1010 G
b1010 M
b1010 +
b1010 0
b1010 <
b1010 L
#1354001
b1111 !"
#1355000
0"
1!
1#
1T
b0 $
b0 4
b0 8
1U
b1111 2
b1111 9
b1111 Z
1b
b0 3
b0 :
b0 S
1V
1_
1`
0a
1]
b1011 5
b1011 D
b1011 F
b1011 R
b1011 X
b1011 B
b1011 G
b1011 M
b1011 +
b1011 0
b1011 <
b1011 L
#1355001
1$"
0#"
1""
b10000 !"
#1356000
0!
b1 $
b1 4
b1 8
0b
0k
b1000 2
b1000 9
b1000 Z
0t
0V
0U
b1 3
b1 :
b1 S
0_
0`
1a
0h
0i
1j
1p
0r
0s
0]
0f
1o
b1100 5
b1100 D
b1100 F
b1100 R
b1100 X
b1100 B
b1100 G
b1100 M
b1100 +
b1100 0
b1100 <
b1100 L
#1356001
0$"
b10001 !"
#1357000
b10 $
b10 4
b10 8
b1001 2
b1001 9
b1001 Z
1b
b10 3
b10 :
b10 S
1V
1_
1`
0a
1]
b1101 5
b1101 D
b1101 F
b1101 R
b1101 X
b1101 B
b1101 G
b1101 M
b1101 +
b1101 0
b1101 <
b1101 L
#1357001
b10010 !"
#1358000
b11 $
b11 4
b11 8
0b
b1010 2
b1010 9
b1010 Z
1k
0V
b11 3
b11 :
b11 S
0U
0_
0`
1a
1h
1i
0j
0]
1f
b1110 5
b1110 D
b1110 F
b1110 R
b1110 X
b1110 B
b1110 G
b1110 M
b1110 +
b1110 0
b1110 <
b1110 L
#1358001
b10011 !"
#1359000
0!
b100 $
b100 4
b100 8
1U
b1011 2
b1011 9
b1011 Z
1b
b100 3
b100 :
b100 S
1V
1_
1`
0a
1]
b1111 5
b1111 D
b1111 F
b1111 R
b1111 X
b1111 B
b1111 G
b1111 M
b1111 +
b1111 0
b1111 <
b1111 L
#1359001
b10100 !"
#1360000
0"
0T
b110 $
b110 4
b110 8
0k
1t
b101 2
b101 9
b101 Z
0}
0U
b110 3
b110 :
b110 S
0#
1a
0h
0i
1j
0p
1r
1s
0z
0{
1|
0]
0f
0o
0x
1\
b0 5
b0 D
b0 F
b0 R
b0 X
b101 6
b101 E
b101 P
b101 Q
b101 W
b0 B
b0 G
b0 M
b101 *
b101 /
b101 ;
b101 K
b101 O
b0 +
b0 0
b0 <
b0 L
#1360001
0""
b110 !"
#1361000
b111 $
b111 4
b111 8
b100 2
b100 9
b100 Z
0b
b111 3
b111 :
b111 S
1^
0`
0a
1]
b1 5
b1 D
b1 F
b1 R
b1 X
b1 B
b1 G
b1 M
b1 +
b1 0
b1 <
b1 L
#1361001
b111 !"
#1362000
1"
0!
b1000 $
b1000 4
b1000 8
1T
1b
b111 2
b111 9
b111 Z
1k
b1000 3
b1000 :
b1000 S
1U
0^
1`
1a
1h
1i
0j
0]
1f
b10 5
b10 D
b10 F
b10 R
b10 X
b10 B
b10 G
b10 M
b10 +
b10 0
b10 <
b10 L
#1362001
1#"
b1000 !"
#1363000
b1001 $
b1001 4
b1001 8
b110 2
b110 9
b110 Z
0b
b1001 3
b1001 :
b1001 S
1^
0`
0a
1]
b11 5
b11 D
b11 F
b11 R
b11 X
b11 B
b11 G
b11 M
b11 +
b11 0
b11 <
b11 L
#1363001
b1001 !"
#1364000
b1010 $
b1010 4
b1010 8
1b
0k
b1 2
b1 9
b1 Z
0t
0U
b1010 3
b1010 :
b1010 S
0^
1`
1a
0h
0i
1j
1p
0r
0s
0]
0f
1o
b100 5
b100 D
b100 F
b100 R
b100 X
b100 B
b100 G
b100 M
b100 +
b100 0
b100 <
b100 L
#1364001
b1010 !"
#1365000
b1011 $
b1011 4
b1011 8
b0 2
b0 9
b0 Z
0b
b1011 3
b1011 :
b1011 S
1^
0`
0a
1]
b101 5
b101 D
b101 F
b101 R
b101 X
b101 B
b101 G
b101 M
b101 +
b101 0
b101 <
b101 L
#1365001
b1011 !"
#1366000
b1100 $
b1100 4
b1100 8
1b
b11 2
b11 9
b11 Z
1k
b1100 3
b1100 :
b1100 S
1U
0^
1`
1a
1h
1i
0j
0]
1f
b110 5
b110 D
b110 F
b110 R
b110 X
b110 B
b110 G
b110 M
b110 +
b110 0
b110 <
b110 L
#1366001
b1100 !"
#1367000
b1101 $
b1101 4
b1101 8
b10 2
b10 9
b10 Z
0b
b1101 3
b1101 :
b1101 S
1^
0`
0a
1]
b111 5
b111 D
b111 F
b111 R
b111 X
b111 B
b111 G
b111 M
b111 +
b111 0
b111 <
b111 L
#1367001
b1101 !"
#1368000
1"
0T
b1110 $
b1110 4
b1110 8
1b
0k
1t
b1101 2
b1101 9
b1101 Z
1}
0U
b1110 3
b1110 :
b1110 S
0#
0^
1`
1a
0h
0i
1j
0p
1r
1s
1z
1{
0|
0]
0f
0o
1x
b1000 5
b1000 D
b1000 F
b1000 R
b1000 X
b1000 B
b1000 G
b1000 M
b1000 +
b1000 0
b1000 <
b1000 L
#1368001
b1110 !"
#1369000
b1111 $
b1111 4
b1111 8
b1100 2
b1100 9
b1100 Z
0b
b1111 3
b1111 :
b1111 S
1^
0`
0a
1]
b1001 5
b1001 D
b1001 F
b1001 R
b1001 X
b1001 B
b1001 G
b1001 M
b1001 +
b1001 0
b1001 <
b1001 L
#1369001
b1111 !"
#1370000
0"
1!
1#
b0 $
b0 4
b0 8
1T
1b
b1111 2
b1111 9
b1111 Z
1k
b0 3
b0 :
b0 S
1U
0^
1`
1a
1h
1i
0j
0]
1f
b1010 5
b1010 D
b1010 F
b1010 R
b1010 X
b1010 B
b1010 G
b1010 M
b1010 +
b1010 0
b1010 <
b1010 L
#1370001
1$"
0#"
1""
b10000 !"
#1371000
0!
b1 $
b1 4
b1 8
b1110 2
b1110 9
b1110 Z
0b
b1 3
b1 :
b1 S
1^
0`
0a
1]
b1011 5
b1011 D
b1011 F
b1011 R
b1011 X
b1011 B
b1011 G
b1011 M
b1011 +
b1011 0
b1011 <
b1011 L
#1371001
0$"
b10001 !"
#1372000
b10 $
b10 4
b10 8
1b
0k
b1001 2
b1001 9
b1001 Z
0t
0U
b10 3
b10 :
b10 S
0^
1`
1a
0h
0i
1j
1p
0r
0s
0]
0f
1o
b1100 5
b1100 D
b1100 F
b1100 R
b1100 X
b1100 B
b1100 G
b1100 M
b1100 +
b1100 0
b1100 <
b1100 L
#1372001
b10010 !"
#1373000
b11 $
b11 4
b11 8
b1000 2
b1000 9
b1000 Z
0b
b11 3
b11 :
b11 S
1^
0`
0a
1]
b1101 5
b1101 D
b1101 F
b1101 R
b1101 X
b1101 B
b1101 G
b1101 M
b1101 +
b1101 0
b1101 <
b1101 L
#1373001
b10011 !"
#1374000
b100 $
b100 4
b100 8
1b
b1011 2
b1011 9
b1011 Z
1k
b100 3
b100 :
b100 S
1U
0^
1`
1a
1h
1i
0j
0]
1f
b1110 5
b1110 D
b1110 F
b1110 R
b1110 X
b1110 B
b1110 G
b1110 M
b1110 +
b1110 0
b1110 <
b1110 L
#1374001
b10100 !"
#1375000
b101 $
b101 4
b101 8
b1010 2
b1010 9
b1010 Z
0b
b101 3
b101 :
b101 S
1^
0`
0a
1]
b1111 5
b1111 D
b1111 F
b1111 R
b1111 X
b1111 B
b1111 G
b1111 M
b1111 +
b1111 0
b1111 <
b1111 L
#1375001
b10101 !"
#1376000
0T
0"
0U
b111 $
b111 4
b111 8
1t
b110 2
b110 9
b110 Z
0}
0V
b111 3
b111 :
b111 S
0#
1a
1j
0p
1r
1s
0z
0{
1|
0^
0_
0]
0f
0o
0x
0\
1e
b0 5
b0 D
b0 F
b0 R
b0 X
b110 6
b110 E
b110 P
b110 Q
b110 W
b0 B
b0 G
b0 M
b110 *
b110 /
b110 ;
b110 K
b110 O
b0 +
b0 0
b0 <
b0 L
#1376001
0""
b111 !"
#1377000
1"
1T
b1000 $
b1000 4
b1000 8
1U
b111 2
b111 9
b111 Z
1b
b1000 3
b1000 :
b1000 S
1V
1_
1`
0a
1]
b1 5
b1 D
b1 F
b1 R
b1 X
b1 B
b1 G
b1 M
b1 +
b1 0
b1 <
b1 L
#1377001
1#"
b1000 !"
#1378000
b1001 $
b1001 4
b1001 8
0b
b100 2
b100 9
b100 Z
0k
0V
b1001 3
b1001 :
b1001 S
0_
0`
1a
1g
0i
0j
0]
1f
b10 5
b10 D
b10 F
b10 R
b10 X
b10 B
b10 G
b10 M
b10 +
b10 0
b10 <
b10 L
#1378001
b1001 !"
#1379000
b1010 $
b1010 4
b1010 8
b101 2
b101 9
b101 Z
1b
b1010 3
b1010 :
b1010 S
1V
1_
1`
0a
1]
b11 5
b11 D
b11 F
b11 R
b11 X
b11 B
b11 G
b11 M
b11 +
b11 0
b11 <
b11 L
#1379001
b1010 !"
#1380000
0U
b1011 $
b1011 4
b1011 8
0b
1k
b10 2
b10 9
b10 Z
0t
0V
b1011 3
b1011 :
b1011 S
0_
0`
1a
0g
1i
1j
1p
0r
0s
0]
0f
1o
b100 5
b100 D
b100 F
b100 R
b100 X
b100 B
b100 G
b100 M
b100 +
b100 0
b100 <
b100 L
#1380001
b1011 !"
#1381000
b1100 $
b1100 4
b1100 8
1U
b11 2
b11 9
b11 Z
1b
b1100 3
b1100 :
b1100 S
1V
1_
1`
0a
1]
b101 5
b101 D
b101 F
b101 R
b101 X
b101 B
b101 G
b101 M
b101 +
b101 0
b101 <
b101 L
#1381001
b1100 !"
#1382000
b1101 $
b1101 4
b1101 8
0b
b0 2
b0 9
b0 Z
0k
0V
b1101 3
b1101 :
b1101 S
0_
0`
1a
1g
0i
0j
0]
1f
b110 5
b110 D
b110 F
b110 R
b110 X
b110 B
b110 G
b110 M
b110 +
b110 0
b110 <
b110 L
#1382001
b1101 !"
#1383000
b1110 $
b1110 4
b1110 8
b1 2
b1 9
b1 Z
1b
b1110 3
b1110 :
b1110 S
1V
1_
1`
0a
1]
b111 5
b111 D
b111 F
b111 R
b111 X
b111 B
b111 G
b111 M
b111 +
b111 0
b111 <
b111 L
#1383001
b1110 !"
#1384000
0T
1"
0U
b1111 $
b1111 4
b1111 8
0b
1k
1t
b1110 2
b1110 9
b1110 Z
1}
0V
b1111 3
b1111 :
b1111 S
0#
0_
0`
1a
0g
1i
1j
0p
1r
1s
1z
1{
0|
0]
0f
0o
1x
b1000 5
b1000 D
b1000 F
b1000 R
b1000 X
b1000 B
b1000 G
b1000 M
b1000 +
b1000 0
b1000 <
b1000 L
#1384001
b1111 !"
#1385000
0"
1!
1#
1T
b0 $
b0 4
b0 8
1U
b1111 2
b1111 9
b1111 Z
1b
b0 3
b0 :
b0 S
1V
1_
1`
0a
1]
b1001 5
b1001 D
b1001 F
b1001 R
b1001 X
b1001 B
b1001 G
b1001 M
b1001 +
b1001 0
b1001 <
b1001 L
#1385001
1$"
0#"
1""
b10000 !"
#1386000
0!
b1 $
b1 4
b1 8
0b
b1100 2
b1100 9
b1100 Z
0k
0V
b1 3
b1 :
b1 S
0_
0`
1a
1g
0i
0j
0]
1f
b1010 5
b1010 D
b1010 F
b1010 R
b1010 X
b1010 B
b1010 G
b1010 M
b1010 +
b1010 0
b1010 <
b1010 L
#1386001
0$"
b10001 !"
#1387000
b10 $
b10 4
b10 8
b1101 2
b1101 9
b1101 Z
1b
b10 3
b10 :
b10 S
1V
1_
1`
0a
1]
b1011 5
b1011 D
b1011 F
b1011 R
b1011 X
b1011 B
b1011 G
b1011 M
b1011 +
b1011 0
b1011 <
b1011 L
#1387001
b10010 !"
#1388000
0U
b11 $
b11 4
b11 8
0b
1k
b1010 2
b1010 9
b1010 Z
0t
0V
b11 3
b11 :
b11 S
0_
0`
1a
0g
1i
1j
1p
0r
0s
0]
0f
1o
b1100 5
b1100 D
b1100 F
b1100 R
b1100 X
b1100 B
b1100 G
b1100 M
b1100 +
b1100 0
b1100 <
b1100 L
#1388001
b10011 !"
#1389000
0!
b100 $
b100 4
b100 8
1U
b1011 2
b1011 9
b1011 Z
1b
b100 3
b100 :
b100 S
1V
1_
1`
0a
1]
b1101 5
b1101 D
b1101 F
b1101 R
b1101 X
b1101 B
b1101 G
b1101 M
b1101 +
b1101 0
b1101 <
b1101 L
#1389001
b10100 !"
#1390000
b101 $
b101 4
b101 8
0b
b1000 2
b1000 9
b1000 Z
0k
0V
b101 3
b101 :
b101 S
0_
0`
1a
1g
0i
0j
0]
1f
b1110 5
b1110 D
b1110 F
b1110 R
b1110 X
b1110 B
b1110 G
b1110 M
b1110 +
b1110 0
b1110 <
b1110 L
#1390001
b10101 !"
#1391000
b110 $
b110 4
b110 8
b1001 2
b1001 9
b1001 Z
1b
b110 3
b110 :
b110 S
1V
1_
1`
0a
1]
b1111 5
b1111 D
b1111 F
b1111 R
b1111 X
b1111 B
b1111 G
b1111 M
b1111 +
b1111 0
b1111 <
b1111 L
#1391001
b10110 !"
#1392000
1"
b1000 $
b1000 4
b1000 8
1k
1t
b111 2
b111 9
b111 Z
0}
b1000 3
b1000 :
b1000 S
0#
1a
0g
1i
1j
0p
1r
1s
0z
0{
1|
0]
0f
0o
0x
1\
b0 5
b0 D
b0 F
b0 R
b0 X
b111 6
b111 E
b111 P
b111 Q
b111 W
b0 B
b0 G
b0 M
b111 *
b111 /
b111 ;
b111 K
b111 O
b0 +
b0 0
b0 <
b0 L
#1392001
1#"
0""
b1000 !"
#1393000
b1001 $
b1001 4
b1001 8
b110 2
b110 9
b110 Z
0b
b1001 3
b1001 :
b1001 S
1^
0`
0a
1]
b1 5
b1 D
b1 F
b1 R
b1 X
b1 B
b1 G
b1 M
b1 +
b1 0
b1 <
b1 L
#1393001
b1001 !"
#1394000
b1010 $
b1010 4
b1010 8
1b
b101 2
b101 9
b101 Z
0k
b1010 3
b1010 :
b1010 S
0^
1`
1a
1g
0i
0j
0]
1f
b10 5
b10 D
b10 F
b10 R
b10 X
b10 B
b10 G
b10 M
b10 +
b10 0
b10 <
b10 L
#1394001
b1010 !"
#1395000
b1011 $
b1011 4
b1011 8
b100 2
b100 9
b100 Z
0b
b1011 3
b1011 :
b1011 S
1^
0`
0a
1]
b11 5
b11 D
b11 F
b11 R
b11 X
b11 B
b11 G
b11 M
b11 +
b11 0
b11 <
b11 L
#1395001
b1011 !"
#1396000
b1100 $
b1100 4
b1100 8
1b
1k
b11 2
b11 9
b11 Z
0t
b1100 3
b1100 :
b1100 S
0^
1`
1a
0g
1i
1j
1p
0r
0s
0]
0f
1o
b100 5
b100 D
b100 F
b100 R
b100 X
b100 B
b100 G
b100 M
b100 +
b100 0
b100 <
b100 L
#1396001
b1100 !"
#1397000
b1101 $
b1101 4
b1101 8
b10 2
b10 9
b10 Z
0b
b1101 3
b1101 :
b1101 S
1^
0`
0a
1]
b101 5
b101 D
b101 F
b101 R
b101 X
b101 B
b101 G
b101 M
b101 +
b101 0
b101 <
b101 L
#1397001
b1101 !"
#1398000
b1110 $
b1110 4
b1110 8
1b
b1 2
b1 9
b1 Z
0k
b1110 3
b1110 :
b1110 S
0^
1`
1a
1g
0i
0j
0]
1f
b110 5
b110 D
b110 F
b110 R
b110 X
b110 B
b110 G
b110 M
b110 +
b110 0
b110 <
b110 L
#1398001
b1110 !"
#1399000
b1111 $
b1111 4
b1111 8
b0 2
b0 9
b0 Z
0b
b1111 3
b1111 :
b1111 S
1^
0`
0a
1]
b111 5
b111 D
b111 F
b111 R
b111 X
b111 B
b111 G
b111 M
b111 +
b111 0
b111 <
b111 L
#1399001
b1111 !"
#1400000
0"
1!
b0 $
b0 4
b0 8
1b
1k
1t
b1111 2
b1111 9
b1111 Z
1}
b0 3
b0 :
b0 S
1#
0^
1`
1a
0g
1i
1j
0p
1r
1s
1z
1{
0|
0]
0f
0o
1x
b1000 5
b1000 D
b1000 F
b1000 R
b1000 X
b1000 B
b1000 G
b1000 M
b1000 +
b1000 0
b1000 <
b1000 L
#1400001
1$"
0#"
1""
b10000 !"
#1401000
0!
b1 $
b1 4
b1 8
b1110 2
b1110 9
b1110 Z
0b
b1 3
b1 :
b1 S
1^
0`
0a
1]
b1001 5
b1001 D
b1001 F
b1001 R
b1001 X
b1001 B
b1001 G
b1001 M
b1001 +
b1001 0
b1001 <
b1001 L
#1401001
0$"
b10001 !"
#1402000
b10 $
b10 4
b10 8
1b
b1101 2
b1101 9
b1101 Z
0k
b10 3
b10 :
b10 S
0^
1`
1a
1g
0i
0j
0]
1f
b1010 5
b1010 D
b1010 F
b1010 R
b1010 X
b1010 B
b1010 G
b1010 M
b1010 +
b1010 0
b1010 <
b1010 L
#1402001
b10010 !"
#1403000
b11 $
b11 4
b11 8
b1100 2
b1100 9
b1100 Z
0b
b11 3
b11 :
b11 S
1^
0`
0a
1]
b1011 5
b1011 D
b1011 F
b1011 R
b1011 X
b1011 B
b1011 G
b1011 M
b1011 +
b1011 0
b1011 <
b1011 L
#1403001
b10011 !"
#1404000
b100 $
b100 4
b100 8
1b
1k
b1011 2
b1011 9
b1011 Z
0t
b100 3
b100 :
b100 S
0^
1`
1a
0g
1i
1j
1p
0r
0s
0]
0f
1o
b1100 5
b1100 D
b1100 F
b1100 R
b1100 X
b1100 B
b1100 G
b1100 M
b1100 +
b1100 0
b1100 <
b1100 L
#1404001
b10100 !"
#1405000
b101 $
b101 4
b101 8
b1010 2
b1010 9
b1010 Z
0b
b101 3
b101 :
b101 S
1^
0`
0a
1]
b1101 5
b1101 D
b1101 F
b1101 R
b1101 X
b1101 B
b1101 G
b1101 M
b1101 +
b1101 0
b1101 <
b1101 L
#1405001
b10101 !"
#1406000
b110 $
b110 4
b110 8
1b
b1001 2
b1001 9
b1001 Z
0k
b110 3
b110 :
b110 S
0^
1`
1a
1g
0i
0j
0]
1f
b1110 5
b1110 D
b1110 F
b1110 R
b1110 X
b1110 B
b1110 G
b1110 M
b1110 +
b1110 0
b1110 <
b1110 L
#1406001
b10110 !"
#1407000
b111 $
b111 4
b111 8
b1000 2
b1000 9
b1000 Z
0b
b111 3
b111 :
b111 S
1^
0`
0a
1]
b1111 5
b1111 D
b1111 F
b1111 R
b1111 X
b1111 B
b1111 G
b1111 M
b1111 +
b1111 0
b1111 <
b1111 L
#1407001
b10111 !"
#1408000
1"
b1001 $
b1001 4
b1001 8
b1001 3
b1001 :
b1001 S
0#
0V
0U
0T
1a
1j
1s
1|
0^
0_
0g
0h
0p
0q
0]
0f
0o
0x
0\
0e
0n
1w
b0 5
b0 D
b0 F
b0 R
b0 X
b1000 6
b1000 E
b1000 P
b1000 Q
b1000 W
b0 B
b0 G
b0 M
b1000 *
b1000 /
b1000 ;
b1000 K
b1000 O
b0 +
b0 0
b0 <
b0 L
#1408001
1#"
0""
b1001 !"
#1409000
b1010 $
b1010 4
b1010 8
b1001 2
b1001 9
b1001 Z
1b
b1010 3
b1010 :
b1010 S
1V
1_
1`
0a
1]
b1 5
b1 D
b1 F
b1 R
b1 X
b1 B
b1 G
b1 M
b1 +
b1 0
b1 <
b1 L
#1409001
b1010 !"
#1410000
b1011 $
b1011 4
b1011 8
0b
b1010 2
b1010 9
b1010 Z
1k
0V
b1011 3
b1011 :
b1011 S
0U
0_
0`
1a
1h
1i
0j
0]
1f
b10 5
b10 D
b10 F
b10 R
b10 X
b10 B
b10 G
b10 M
b10 +
b10 0
b10 <
b10 L
#1410001
b1011 !"
#1411000
b1100 $
b1100 4
b1100 8
1U
b1011 2
b1011 9
b1011 Z
1b
b1100 3
b1100 :
b1100 S
1V
1_
1`
0a
1]
b11 5
b11 D
b11 F
b11 R
b11 X
b11 B
b11 G
b11 M
b11 +
b11 0
b11 <
b11 L
#1411001
b1100 !"
#1412000
1"
b1101 $
b1101 4
b1101 8
0#
0b
0k
b1100 2
b1100 9
b1100 Z
1t
0V
0U
b1101 3
b1101 :
b1101 S
0T
0_
0`
1a
0h
0i
1j
1q
1r
0s
0]
0f
1o
b100 5
b100 D
b100 F
b100 R
b100 X
b100 B
b100 G
b100 M
b100 +
b100 0
b100 <
b100 L
#1412001
b1101 !"
#1413000
b1110 $
b1110 4
b1110 8
b1101 2
b1101 9
b1101 Z
1b
b1110 3
b1110 :
b1110 S
1V
1_
1`
0a
1]
b101 5
b101 D
b101 F
b101 R
b101 X
b101 B
b101 G
b101 M
b101 +
b101 0
b101 <
b101 L
#1413001
b1110 !"
#1414000
1"
0#
b1111 $
b1111 4
b1111 8
0T
0b
b1110 2
b1110 9
b1110 Z
1k
0V
b1111 3
b1111 :
b1111 S
0U
0_
0`
1a
1h
1i
0j
0]
1f
b110 5
b110 D
b110 F
b110 R
b110 X
b110 B
b110 G
b110 M
b110 +
b110 0
b110 <
b110 L
#1414001
b1111 !"
#1415000
0"
1!
1#
1T
b0 $
b0 4
b0 8
1U
b1111 2
b1111 9
b1111 Z
1b
b0 3
b0 :
b0 S
1V
1_
1`
0a
1]
b111 5
b111 D
b111 F
b111 R
b111 X
b111 B
b111 G
b111 M
b111 +
b111 0
b111 <
b111 L
#1415001
1$"
0#"
1""
b10000 !"
#1416000
0"
0!
b1 $
b1 4
b1 8
0b
0k
0t
b0 2
b0 9
b0 Z
0}
0V
0U
0T
b1 3
b1 :
b1 S
0_
0`
1a
0h
0i
1j
0q
0r
1s
1y
0{
0|
0]
0f
0o
1x
b1000 5
b1000 D
b1000 F
b1000 R
b1000 X
b1000 B
b1000 G
b1000 M
b1000 +
b1000 0
b1000 <
b1000 L
#1416001
0$"
b10001 !"
#1417000
b10 $
b10 4
b10 8
b1 2
b1 9
b1 Z
1b
b10 3
b10 :
b10 S
1V
1_
1`
0a
1]
b1001 5
b1001 D
b1001 F
b1001 R
b1001 X
b1001 B
b1001 G
b1001 M
b1001 +
b1001 0
b1001 <
b1001 L
#1417001
b10010 !"
#1418000
b11 $
b11 4
b11 8
0b
b10 2
b10 9
b10 Z
1k
0V
b11 3
b11 :
b11 S
0U
0_
0`
1a
1h
1i
0j
0]
1f
b1010 5
b1010 D
b1010 F
b1010 R
b1010 X
b1010 B
b1010 G
b1010 M
b1010 +
b1010 0
b1010 <
b1010 L
#1418001
b10011 !"
#1419000
0!
b100 $
b100 4
b100 8
1U
b11 2
b11 9
b11 Z
1b
b100 3
b100 :
b100 S
1V
1_
1`
0a
1]
b1011 5
b1011 D
b1011 F
b1011 R
b1011 X
b1011 B
b1011 G
b1011 M
b1011 +
b1011 0
b1011 <
b1011 L
#1419001
b10100 !"
#1420000
0"
b101 $
b101 4
b101 8
0b
0k
b100 2
b100 9
b100 Z
1t
0V
0U
b101 3
b101 :
b101 S
0T
0_
0`
1a
0h
0i
1j
1q
1r
0s
0]
0f
1o
b1100 5
b1100 D
b1100 F
b1100 R
b1100 X
b1100 B
b1100 G
b1100 M
b1100 +
b1100 0
b1100 <
b1100 L
#1420001
b10101 !"
#1421000
b110 $
b110 4
b110 8
b101 2
b101 9
b101 Z
1b
b110 3
b110 :
b110 S
1V
1_
1`
0a
1]
b1101 5
b1101 D
b1101 F
b1101 R
b1101 X
b1101 B
b1101 G
b1101 M
b1101 +
b1101 0
b1101 <
b1101 L
#1421001
b10110 !"
#1422000
0"
b111 $
b111 4
b111 8
0T
0b
b110 2
b110 9
b110 Z
1k
0V
b111 3
b111 :
b111 S
0U
0_
0`
1a
1h
1i
0j
0]
1f
b1110 5
b1110 D
b1110 F
b1110 R
b1110 X
b1110 B
b1110 G
b1110 M
b1110 +
b1110 0
b1110 <
b1110 L
#1422001
b10111 !"
#1423000
1"
1T
b1000 $
b1000 4
b1000 8
1U
b111 2
b111 9
b111 Z
1b
b1000 3
b1000 :
b1000 S
1V
1_
1`
0a
1]
b1111 5
b1111 D
b1111 F
b1111 R
b1111 X
b1111 B
b1111 G
b1111 M
b1111 +
b1111 0
b1111 <
b1111 L
#1423001
1#"
b11000 !"
#1424000
1"
0#
b1010 $
b1010 4
b1010 8
0k
0t
b1001 2
b1001 9
b1001 Z
1}
0U
0T
b1010 3
b1010 :
b1010 S
1a
0h
0i
1j
0q
0r
1s
0y
1{
1|
0]
0f
0o
0x
1\
b0 5
b0 D
b0 F
b0 R
b0 X
b1001 6
b1001 E
b1001 P
b1001 Q
b1001 W
b0 B
b0 G
b0 M
b1001 *
b1001 /
b1001 ;
b1001 K
b1001 O
b0 +
b0 0
b0 <
b0 L
#1424001
0""
b1010 !"
#1425000
b1011 $
b1011 4
b1011 8
b1000 2
b1000 9
b1000 Z
0b
b1011 3
b1011 :
b1011 S
1^
0`
0a
1]
b1 5
b1 D
b1 F
b1 R
b1 X
b1 B
b1 G
b1 M
b1 +
b1 0
b1 <
b1 L
#1425001
b1011 !"
#1426000
b1100 $
b1100 4
b1100 8
1b
b1011 2
b1011 9
b1011 Z
1k
b1100 3
b1100 :
b1100 S
1U
0^
1`
1a
1h
1i
0j
0]
1f
b10 5
b10 D
b10 F
b10 R
b10 X
b10 B
b10 G
b10 M
b10 +
b10 0
b10 <
b10 L
#1426001
b1100 !"
#1427000
b1101 $
b1101 4
b1101 8
b1010 2
b1010 9
b1010 Z
0b
b1101 3
b1101 :
b1101 S
1^
0`
0a
1]
b11 5
b11 D
b11 F
b11 R
b11 X
b11 B
b11 G
b11 M
b11 +
b11 0
b11 <
b11 L
#1427001
b1101 !"
#1428000
1"
b1110 $
b1110 4
b1110 8
0#
1b
0k
b1101 2
b1101 9
b1101 Z
1t
0U
b1110 3
b1110 :
b1110 S
0T
0^
1`
1a
0h
0i
1j
1q
1r
0s
0]
0f
1o
b100 5
b100 D
b100 F
b100 R
b100 X
b100 B
b100 G
b100 M
b100 +
b100 0
b100 <
b100 L
#1428001
b1110 !"
#1429000
b1111 $
b1111 4
b1111 8
b1100 2
b1100 9
b1100 Z
0b
b1111 3
b1111 :
b1111 S
1^
0`
0a
1]
b101 5
b101 D
b101 F
b101 R
b101 X
b101 B
b101 G
b101 M
b101 +
b101 0
b101 <
b101 L
#1429001
b1111 !"
#1430000
0"
1!
1#
b0 $
b0 4
b0 8
1T
1b
b1111 2
b1111 9
b1111 Z
1k
b0 3
b0 :
b0 S
1U
0^
1`
1a
1h
1i
0j
0]
1f
b110 5
b110 D
b110 F
b110 R
b110 X
b110 B
b110 G
b110 M
b110 +
b110 0
b110 <
b110 L
#1430001
1$"
0#"
1""
b10000 !"
#1431000
0!
b1 $
b1 4
b1 8
b1110 2
b1110 9
b1110 Z
0b
b1 3
b1 :
b1 S
1^
0`
0a
1]
b111 5
b111 D
b111 F
b111 R
b111 X
b111 B
b111 G
b111 M
b111 +
b111 0
b111 <
b111 L
#1431001
0$"
b10001 !"
#1432000
0"
b10 $
b10 4
b10 8
1b
0k
0t
b1 2
b1 9
b1 Z
0}
0U
0T
b10 3
b10 :
b10 S
0^
1`
1a
0h
0i
1j
0q
0r
1s
1y
0{
0|
0]
0f
0o
1x
b1000 5
b1000 D
b1000 F
b1000 R
b1000 X
b1000 B
b1000 G
b1000 M
b1000 +
b1000 0
b1000 <
b1000 L
#1432001
b10010 !"
#1433000
b11 $
b11 4
b11 8
b0 2
b0 9
b0 Z
0b
b11 3
b11 :
b11 S
1^
0`
0a
1]
b1001 5
b1001 D
b1001 F
b1001 R
b1001 X
b1001 B
b1001 G
b1001 M
b1001 +
b1001 0
b1001 <
b1001 L
#1433001
b10011 !"
#1434000
b100 $
b100 4
b100 8
1b
b11 2
b11 9
b11 Z
1k
b100 3
b100 :
b100 S
1U
0^
1`
1a
1h
1i
0j
0]
1f
b1010 5
b1010 D
b1010 F
b1010 R
b1010 X
b1010 B
b1010 G
b1010 M
b1010 +
b1010 0
b1010 <
b1010 L
#1434001
b10100 !"
#1435000
b101 $
b101 4
b101 8
b10 2
b10 9
b10 Z
0b
b101 3
b101 :
b101 S
1^
0`
0a
1]
b1011 5
b1011 D
b1011 F
b1011 R
b1011 X
b1011 B
b1011 G
b1011 M
b1011 +
b1011 0
b1011 <
b1011 L
#1435001
b10101 !"
#1436000
0"
b110 $
b110 4
b110 8
1b
0k
b101 2
b101 9
b101 Z
1t
0U
b110 3
b110 :
b110 S
0T
0^
1`
1a
0h
0i
1j
1q
1r
0s
0]
0f
1o
b1100 5
b1100 D
b1100 F
b1100 R
b1100 X
b1100 B
b1100 G
b1100 M
b1100 +
b1100 0
b1100 <
b1100 L
#1436001
b10110 !"
#1437000
b111 $
b111 4
b111 8
b100 2
b100 9
b100 Z
0b
b111 3
b111 :
b111 S
1^
0`
0a
1]
b1101 5
b1101 D
b1101 F
b1101 R
b1101 X
b1101 B
b1101 G
b1101 M
b1101 +
b1101 0
b1101 <
b1101 L
#1437001
b10111 !"
#1438000
1"
0!
b1000 $
b1000 4
b1000 8
1T
1b
b111 2
b111 9
b111 Z
1k
b1000 3
b1000 :
b1000 S
1U
0^
1`
1a
1h
1i
0j
0]
1f
b1110 5
b1110 D
b1110 F
b1110 R
b1110 X
b1110 B
b1110 G
b1110 M
b1110 +
b1110 0
b1110 <
b1110 L
#1438001
1#"
b11000 !"
#1439000
b1001 $
b1001 4
b1001 8
b110 2
b110 9
b110 Z
0b
b1001 3
b1001 :
b1001 S
1^
0`
0a
1]
b1111 5
b1111 D
b1111 F
b1111 R
b1111 X
b1111 B
b1111 G
b1111 M
b1111 +
b1111 0
b1111 <
b1111 L
#1439001
b11001 !"
#1440000
1"
0U
0#
b1011 $
b1011 4
b1011 8
0t
b1010 2
b1010 9
b1010 Z
1}
0V
0T
b1011 3
b1011 :
b1011 S
1a
1j
0q
0r
1s
0y
1{
1|
0^
0_
0]
0f
0o
0x
0\
1e
b0 5
b0 D
b0 F
b0 R
b0 X
b1010 6
b1010 E
b1010 P
b1010 Q
b1010 W
b0 B
b0 G
b0 M
b1010 *
b1010 /
b1010 ;
b1010 K
b1010 O
b0 +
b0 0
b0 <
b0 L
#1440001
0""
b1011 !"
#1441000
b1100 $
b1100 4
b1100 8
1U
b1011 2
b1011 9
b1011 Z
1b
b1100 3
b1100 :
b1100 S
1V
1_
1`
0a
1]
b1 5
b1 D
b1 F
b1 R
b1 X
b1 B
b1 G
b1 M
b1 +
b1 0
b1 <
b1 L
#1441001
b1100 !"
#1442000
b1101 $
b1101 4
b1101 8
0b
b1000 2
b1000 9
b1000 Z
0k
0V
b1101 3
b1101 :
b1101 S
0_
0`
1a
1g
0i
0j
0]
1f
b10 5
b10 D
b10 F
b10 R
b10 X
b10 B
b10 G
b10 M
b10 +
b10 0
b10 <
b10 L
#1442001
b1101 !"
#1443000
b1110 $
b1110 4
b1110 8
b1001 2
b1001 9
b1001 Z
1b
b1110 3
b1110 :
b1110 S
1V
1_
1`
0a
1]
b11 5
b11 D
b11 F
b11 R
b11 X
b11 B
b11 G
b11 M
b11 +
b11 0
b11 <
b11 L
#1443001
b1110 !"
#1444000
1"
0U
b1111 $
b1111 4
b1111 8
0#
0b
1k
b1110 2
b1110 9
b1110 Z
1t
0V
b1111 3
b1111 :
b1111 S
0T
0_
0`
1a
0g
1i
1j
1q
1r
0s
0]
0f
1o
b100 5
b100 D
b100 F
b100 R
b100 X
b100 B
b100 G
b100 M
b100 +
b100 0
b100 <
b100 L
#1444001
b1111 !"
#1445000
0"
1!
1#
1T
b0 $
b0 4
b0 8
1U
b1111 2
b1111 9
b1111 Z
1b
b0 3
b0 :
b0 S
1V
1_
1`
0a
1]
b101 5
b101 D
b101 F
b101 R
b101 X
b101 B
b101 G
b101 M
b101 +
b101 0
b101 <
b101 L
#1445001
1$"
0#"
1""
b10000 !"
#1446000
0!
b1 $
b1 4
b1 8
0b
b1100 2
b1100 9
b1100 Z
0k
0V
b1 3
b1 :
b1 S
0_
0`
1a
1g
0i
0j
0]
1f
b110 5
b110 D
b110 F
b110 R
b110 X
b110 B
b110 G
b110 M
b110 +
b110 0
b110 <
b110 L
#1446001
0$"
b10001 !"
#1447000
b10 $
b10 4
b10 8
b1101 2
b1101 9
b1101 Z
1b
b10 3
b10 :
b10 S
1V
1_
1`
0a
1]
b111 5
b111 D
b111 F
b111 R
b111 X
b111 B
b111 G
b111 M
b111 +
b111 0
b111 <
b111 L
#1447001
b10010 !"
#1448000
0"
0U
b11 $
b11 4
b11 8
0b
1k
0t
b10 2
b10 9
b10 Z
0}
0V
0T
b11 3
b11 :
b11 S
0_
0`
1a
0g
1i
1j
0q
0r
1s
1y
0{
0|
0]
0f
0o
1x
b1000 5
b1000 D
b1000 F
b1000 R
b1000 X
b1000 B
b1000 G
b1000 M
b1000 +
b1000 0
b1000 <
b1000 L
#1448001
b10011 !"
#1449000
0!
b100 $
b100 4
b100 8
1U
b11 2
b11 9
b11 Z
1b
b100 3
b100 :
b100 S
1V
1_
1`
0a
1]
b1001 5
b1001 D
b1001 F
b1001 R
b1001 X
b1001 B
b1001 G
b1001 M
b1001 +
b1001 0
b1001 <
b1001 L
#1449001
b10100 !"
#1450000
b101 $
b101 4
b101 8
0b
b0 2
b0 9
b0 Z
0k
0V
b101 3
b101 :
b101 S
0_
0`
1a
1g
0i
0j
0]
1f
b1010 5
b1010 D
b1010 F
b1010 R
b1010 X
b1010 B
b1010 G
b1010 M
b1010 +
b1010 0
b1010 <
b1010 L
#1450001
b10101 !"
#1451000
b110 $
b110 4
b110 8
b1 2
b1 9
b1 Z
1b
b110 3
b110 :
b110 S
1V
1_
1`
0a
1]
b1011 5
b1011 D
b1011 F
b1011 R
b1011 X
b1011 B
b1011 G
b1011 M
b1011 +
b1011 0
b1011 <
b1011 L
#1451001
b10110 !"
#1452000
0"
0U
b111 $
b111 4
b111 8
0b
1k
b110 2
b110 9
b110 Z
1t
0V
b111 3
b111 :
b111 S
0T
0_
0`
1a
0g
1i
1j
1q
1r
0s
0]
0f
1o
b1100 5
b1100 D
b1100 F
b1100 R
b1100 X
b1100 B
b1100 G
b1100 M
b1100 +
b1100 0
b1100 <
b1100 L
#1452001
b10111 !"
#1453000
1"
1T
b1000 $
b1000 4
b1000 8
1U
b111 2
b111 9
b111 Z
1b
b1000 3
b1000 :
b1000 S
1V
1_
1`
0a
1]
b1101 5
b1101 D
b1101 F
b1101 R
b1101 X
b1101 B
b1101 G
b1101 M
b1101 +
b1101 0
b1101 <
b1101 L
#1453001
1#"
b11000 !"
#1454000
b1001 $
b1001 4
b1001 8
0b
b100 2
b100 9
b100 Z
0k
0V
b1001 3
b1001 :
b1001 S
0_
0`
1a
1g
0i
0j
0]
1f
b1110 5
b1110 D
b1110 F
b1110 R
b1110 X
b1110 B
b1110 G
b1110 M
b1110 +
b1110 0
b1110 <
b1110 L
#1454001
b11001 !"
#1455000
b1010 $
b1010 4
b1010 8
b101 2
b101 9
b101 Z
1b
b1010 3
b1010 :
b1010 S
1V
1_
1`
0a
1]
b1111 5
b1111 D
b1111 F
b1111 R
b1111 X
b1111 B
b1111 G
b1111 M
b1111 +
b1111 0
b1111 <
b1111 L
#1455001
b11010 !"
#1456000
1"
0#
b1100 $
b1100 4
b1100 8
1k
0t
b1011 2
b1011 9
b1011 Z
1}
0T
b1100 3
b1100 :
b1100 S
1a
0g
1i
1j
0q
0r
1s
0y
1{
1|
0]
0f
0o
0x
1\
b0 5
b0 D
b0 F
b0 R
b0 X
b1011 6
b1011 E
b1011 P
b1011 Q
b1011 W
b0 B
b0 G
b0 M
b1011 *
b1011 /
b1011 ;
b1011 K
b1011 O
b0 +
b0 0
b0 <
b0 L
#1456001
0""
b1100 !"
#1457000
b1101 $
b1101 4
b1101 8
b1010 2
b1010 9
b1010 Z
0b
b1101 3
b1101 :
b1101 S
1^
0`
0a
1]
b1 5
b1 D
b1 F
b1 R
b1 X
b1 B
b1 G
b1 M
b1 +
b1 0
b1 <
b1 L
#1457001
b1101 !"
#1458000
b1110 $
b1110 4
b1110 8
1b
b1001 2
b1001 9
b1001 Z
0k
b1110 3
b1110 :
b1110 S
0^
1`
1a
1g
0i
0j
0]
1f
b10 5
b10 D
b10 F
b10 R
b10 X
b10 B
b10 G
b10 M
b10 +
b10 0
b10 <
b10 L
#1458001
b1110 !"
#1459000
b1111 $
b1111 4
b1111 8
b1000 2
b1000 9
b1000 Z
0b
b1111 3
b1111 :
b1111 S
1^
0`
0a
1]
b11 5
b11 D
b11 F
b11 R
b11 X
b11 B
b11 G
b11 M
b11 +
b11 0
b11 <
b11 L
#1459001
b1111 !"
#1460000
0"
1!
b0 $
b0 4
b0 8
1#
1b
1k
b1111 2
b1111 9
b1111 Z
1t
b0 3
b0 :
b0 S
1T
0^
1`
1a
0g
1i
1j
1q
1r
0s
0]
0f
1o
b100 5
b100 D
b100 F
b100 R
b100 X
b100 B
b100 G
b100 M
b100 +
b100 0
b100 <
b100 L
#1460001
1$"
0#"
1""
b10000 !"
#1461000
0!
b1 $
b1 4
b1 8
b1110 2
b1110 9
b1110 Z
0b
b1 3
b1 :
b1 S
1^
0`
0a
1]
b101 5
b101 D
b101 F
b101 R
b101 X
b101 B
b101 G
b101 M
b101 +
b101 0
b101 <
b101 L
#1461001
0$"
b10001 !"
#1462000
b10 $
b10 4
b10 8
1b
b1101 2
b1101 9
b1101 Z
0k
b10 3
b10 :
b10 S
0^
1`
1a
1g
0i
0j
0]
1f
b110 5
b110 D
b110 F
b110 R
b110 X
b110 B
b110 G
b110 M
b110 +
b110 0
b110 <
b110 L
#1462001
b10010 !"
#1463000
b11 $
b11 4
b11 8
b1100 2
b1100 9
b1100 Z
0b
b11 3
b11 :
b11 S
1^
0`
0a
1]
b111 5
b111 D
b111 F
b111 R
b111 X
b111 B
b111 G
b111 M
b111 +
b111 0
b111 <
b111 L
#1463001
b10011 !"
#1464000
0"
b100 $
b100 4
b100 8
1b
1k
0t
b11 2
b11 9
b11 Z
0}
0T
b100 3
b100 :
b100 S
0^
1`
1a
0g
1i
1j
0q
0r
1s
1y
0{
0|
0]
0f
0o
1x
b1000 5
b1000 D
b1000 F
b1000 R
b1000 X
b1000 B
b1000 G
b1000 M
b1000 +
b1000 0
b1000 <
b1000 L
#1464001
b10100 !"
#1465000
b101 $
b101 4
b101 8
b10 2
b10 9
b10 Z
0b
b101 3
b101 :
b101 S
1^
0`
0a
1]
b1001 5
b1001 D
b1001 F
b1001 R
b1001 X
b1001 B
b1001 G
b1001 M
b1001 +
b1001 0
b1001 <
b1001 L
#1465001
b10101 !"
#1466000
b110 $
b110 4
b110 8
1b
b1 2
b1 9
b1 Z
0k
b110 3
b110 :
b110 S
0^
1`
1a
1g
0i
0j
0]
1f
b1010 5
b1010 D
b1010 F
b1010 R
b1010 X
b1010 B
b1010 G
b1010 M
b1010 +
b1010 0
b1010 <
b1010 L
#1466001
b10110 !"
#1467000
b111 $
b111 4
b111 8
b0 2
b0 9
b0 Z
0b
b111 3
b111 :
b111 S
1^
0`
0a
1]
b1011 5
b1011 D
b1011 F
b1011 R
b1011 X
b1011 B
b1011 G
b1011 M
b1011 +
b1011 0
b1011 <
b1011 L
#1467001
b10111 !"
#1468000
1"
b1000 $
b1000 4
b1000 8
1b
1k
b111 2
b111 9
b111 Z
1t
b1000 3
b1000 :
b1000 S
1T
0^
1`
1a
0g
1i
1j
1q
1r
0s
0]
0f
1o
b1100 5
b1100 D
b1100 F
b1100 R
b1100 X
b1100 B
b1100 G
b1100 M
b1100 +
b1100 0
b1100 <
b1100 L
#1468001
1#"
b11000 !"
#1469000
b1001 $
b1001 4
b1001 8
b110 2
b110 9
b110 Z
0b
b1001 3
b1001 :
b1001 S
1^
0`
0a
1]
b1101 5
b1101 D
b1101 F
b1101 R
b1101 X
b1101 B
b1101 G
b1101 M
b1101 +
b1101 0
b1101 <
b1101 L
#1469001
b11001 !"
#1470000
b1010 $
b1010 4
b1010 8
1b
b101 2
b101 9
b101 Z
0k
b1010 3
b1010 :
b1010 S
0^
1`
1a
1g
0i
0j
0]
1f
b1110 5
b1110 D
b1110 F
b1110 R
b1110 X
b1110 B
b1110 G
b1110 M
b1110 +
b1110 0
b1110 <
b1110 L
#1470001
b11010 !"
#1471000
b1011 $
b1011 4
b1011 8
b100 2
b100 9
b100 Z
0b
b1011 3
b1011 :
b1011 S
1^
0`
0a
1]
b1111 5
b1111 D
b1111 F
b1111 R
b1111 X
b1111 B
b1111 G
b1111 M
b1111 +
b1111 0
b1111 <
b1111 L
#1471001
b11011 !"
#1472000
0#
1"
0T
b1101 $
b1101 4
b1101 8
b1100 2
b1100 9
b1100 Z
1}
0V
0U
b1101 3
b1101 :
b1101 S
1a
1j
1s
0y
1{
1|
0^
0_
0g
0h
0]
0f
0o
0x
0\
0e
1n
b0 5
b0 D
b0 F
b0 R
b0 X
b1100 6
b1100 E
b1100 P
b1100 Q
b1100 W
b0 B
b0 G
b0 M
b1100 *
b1100 /
b1100 ;
b1100 K
b1100 O
b0 +
b0 0
b0 <
b0 L
#1472001
0""
b1101 !"
#1473000
b1110 $
b1110 4
b1110 8
b1101 2
b1101 9
b1101 Z
1b
b1110 3
b1110 :
b1110 S
1V
1_
1`
0a
1]
b1 5
b1 D
b1 F
b1 R
b1 X
b1 B
b1 G
b1 M
b1 +
b1 0
b1 <
b1 L
#1473001
b1110 !"
#1474000
1"
0#
b1111 $
b1111 4
b1111 8
0T
0b
b1110 2
b1110 9
b1110 Z
1k
0V
b1111 3
b1111 :
b1111 S
0U
0_
0`
1a
1h
1i
0j
0]
1f
b10 5
b10 D
b10 F
b10 R
b10 X
b10 B
b10 G
b10 M
b10 +
b10 0
b10 <
b10 L
#1474001
b1111 !"
#1475000
0"
1!
1#
1T
b0 $
b0 4
b0 8
1U
b1111 2
b1111 9
b1111 Z
1b
b0 3
b0 :
b0 S
1V
1_
1`
0a
1]
b11 5
b11 D
b11 F
b11 R
b11 X
b11 B
b11 G
b11 M
b11 +
b11 0
b11 <
b11 L
#1475001
1$"
0#"
1""
b10000 !"
#1476000
0!
b1 $
b1 4
b1 8
0b
0k
b1000 2
b1000 9
b1000 Z
0t
0V
0U
b1 3
b1 :
b1 S
0_
0`
1a
0h
0i
1j
1p
0r
0s
0]
0f
1o
b100 5
b100 D
b100 F
b100 R
b100 X
b100 B
b100 G
b100 M
b100 +
b100 0
b100 <
b100 L
#1476001
0$"
b10001 !"
#1477000
b10 $
b10 4
b10 8
b1001 2
b1001 9
b1001 Z
1b
b10 3
b10 :
b10 S
1V
1_
1`
0a
1]
b101 5
b101 D
b101 F
b101 R
b101 X
b101 B
b101 G
b101 M
b101 +
b101 0
b101 <
b101 L
#1477001
b10010 !"
#1478000
b11 $
b11 4
b11 8
0b
b1010 2
b1010 9
b1010 Z
1k
0V
b11 3
b11 :
b11 S
0U
0_
0`
1a
1h
1i
0j
0]
1f
b110 5
b110 D
b110 F
b110 R
b110 X
b110 B
b110 G
b110 M
b110 +
b110 0
b110 <
b110 L
#1478001
b10011 !"
#1479000
0!
b100 $
b100 4
b100 8
1U
b1011 2
b1011 9
b1011 Z
1b
b100 3
b100 :
b100 S
1V
1_
1`
0a
1]
b111 5
b111 D
b111 F
b111 R
b111 X
b111 B
b111 G
b111 M
b111 +
b111 0
b111 <
b111 L
#1479001
b10100 !"
#1480000
0"
0T
b101 $
b101 4
b101 8
0b
0k
1t
b100 2
b100 9
b100 Z
0}
0V
0U
b101 3
b101 :
b101 S
0_
0`
1a
0h
0i
1j
0p
1r
1s
1y
0{
0|
0]
0f
0o
1x
b1000 5
b1000 D
b1000 F
b1000 R
b1000 X
b1000 B
b1000 G
b1000 M
b1000 +
b1000 0
b1000 <
b1000 L
#1480001
b10101 !"
#1481000
b110 $
b110 4
b110 8
b101 2
b101 9
b101 Z
1b
b110 3
b110 :
b110 S
1V
1_
1`
0a
1]
b1001 5
b1001 D
b1001 F
b1001 R
b1001 X
b1001 B
b1001 G
b1001 M
b1001 +
b1001 0
b1001 <
b1001 L
#1481001
b10110 !"
#1482000
0"
b111 $
b111 4
b111 8
0T
0b
b110 2
b110 9
b110 Z
1k
0V
b111 3
b111 :
b111 S
0U
0_
0`
1a
1h
1i
0j
0]
1f
b1010 5
b1010 D
b1010 F
b1010 R
b1010 X
b1010 B
b1010 G
b1010 M
b1010 +
b1010 0
b1010 <
b1010 L
#1482001
b10111 !"
#1483000
1"
1T
b1000 $
b1000 4
b1000 8
1U
b111 2
b111 9
b111 Z
1b
b1000 3
b1000 :
b1000 S
1V
1_
1`
0a
1]
b1011 5
b1011 D
b1011 F
b1011 R
b1011 X
b1011 B
b1011 G
b1011 M
b1011 +
b1011 0
b1011 <
b1011 L
#1483001
1#"
b11000 !"
#1484000
b1001 $
b1001 4
b1001 8
0b
0k
b0 2
b0 9
b0 Z
0t
0V
0U
b1001 3
b1001 :
b1001 S
0_
0`
1a
0h
0i
1j
1p
0r
0s
0]
0f
1o
b1100 5
b1100 D
b1100 F
b1100 R
b1100 X
b1100 B
b1100 G
b1100 M
b1100 +
b1100 0
b1100 <
b1100 L
#1484001
b11001 !"
#1485000
b1010 $
b1010 4
b1010 8
b1 2
b1 9
b1 Z
1b
b1010 3
b1010 :
b1010 S
1V
1_
1`
0a
1]
b1101 5
b1101 D
b1101 F
b1101 R
b1101 X
b1101 B
b1101 G
b1101 M
b1101 +
b1101 0
b1101 <
b1101 L
#1485001
b11010 !"
#1486000
b1011 $
b1011 4
b1011 8
0b
b10 2
b10 9
b10 Z
1k
0V
b1011 3
b1011 :
b1011 S
0U
0_
0`
1a
1h
1i
0j
0]
1f
b1110 5
b1110 D
b1110 F
b1110 R
b1110 X
b1110 B
b1110 G
b1110 M
b1110 +
b1110 0
b1110 <
b1110 L
#1486001
b11011 !"
#1487000
b1100 $
b1100 4
b1100 8
1U
b11 2
b11 9
b11 Z
1b
b1100 3
b1100 :
b1100 S
1V
1_
1`
0a
1]
b1111 5
b1111 D
b1111 F
b1111 R
b1111 X
b1111 B
b1111 G
b1111 M
b1111 +
b1111 0
b1111 <
b1111 L
#1487001
b11100 !"
#1488000
0#
1"
0T
b1110 $
b1110 4
b1110 8
0k
1t
b1101 2
b1101 9
b1101 Z
1}
0U
b1110 3
b1110 :
b1110 S
1a
0h
0i
1j
0p
1r
1s
0y
1{
1|
0]
0f
0o
0x
1\
b0 5
b0 D
b0 F
b0 R
b0 X
b1101 6
b1101 E
b1101 P
b1101 Q
b1101 W
b0 B
b0 G
b0 M
b1101 *
b1101 /
b1101 ;
b1101 K
b1101 O
b0 +
b0 0
b0 <
b0 L
#1488001
0""
b1110 !"
#1489000
b1111 $
b1111 4
b1111 8
b1100 2
b1100 9
b1100 Z
0b
b1111 3
b1111 :
b1111 S
1^
0`
0a
1]
b1 5
b1 D
b1 F
b1 R
b1 X
b1 B
b1 G
b1 M
b1 +
b1 0
b1 <
b1 L
#1489001
b1111 !"
#1490000
0"
1!
1#
b0 $
b0 4
b0 8
1T
1b
b1111 2
b1111 9
b1111 Z
1k
b0 3
b0 :
b0 S
1U
0^
1`
1a
1h
1i
0j
0]
1f
b10 5
b10 D
b10 F
b10 R
b10 X
b10 B
b10 G
b10 M
b10 +
b10 0
b10 <
b10 L
#1490001
1$"
0#"
1""
b10000 !"
#1491000
0!
b1 $
b1 4
b1 8
b1110 2
b1110 9
b1110 Z
0b
b1 3
b1 :
b1 S
1^
0`
0a
1]
b11 5
b11 D
b11 F
b11 R
b11 X
b11 B
b11 G
b11 M
b11 +
b11 0
b11 <
b11 L
#1491001
0$"
b10001 !"
#1492000
b10 $
b10 4
b10 8
1b
0k
b1001 2
b1001 9
b1001 Z
0t
0U
b10 3
b10 :
b10 S
0^
1`
1a
0h
0i
1j
1p
0r
0s
0]
0f
1o
b100 5
b100 D
b100 F
b100 R
b100 X
b100 B
b100 G
b100 M
b100 +
b100 0
b100 <
b100 L
#1492001
b10010 !"
#1493000
b11 $
b11 4
b11 8
b1000 2
b1000 9
b1000 Z
0b
b11 3
b11 :
b11 S
1^
0`
0a
1]
b101 5
b101 D
b101 F
b101 R
b101 X
b101 B
b101 G
b101 M
b101 +
b101 0
b101 <
b101 L
#1493001
b10011 !"
#1494000
b100 $
b100 4
b100 8
1b
b1011 2
b1011 9
b1011 Z
1k
b100 3
b100 :
b100 S
1U
0^
1`
1a
1h
1i
0j
0]
1f
b110 5
b110 D
b110 F
b110 R
b110 X
b110 B
b110 G
b110 M
b110 +
b110 0
b110 <
b110 L
#1494001
b10100 !"
#1495000
b101 $
b101 4
b101 8
b1010 2
b1010 9
b1010 Z
0b
b101 3
b101 :
b101 S
1^
0`
0a
1]
b111 5
b111 D
b111 F
b111 R
b111 X
b111 B
b111 G
b111 M
b111 +
b111 0
b111 <
b111 L
#1495001
b10101 !"
#1496000
0"
0T
b110 $
b110 4
b110 8
1b
0k
1t
b101 2
b101 9
b101 Z
0}
0U
b110 3
b110 :
b110 S
0^
1`
1a
0h
0i
1j
0p
1r
1s
1y
0{
0|
0]
0f
0o
1x
b1000 5
b1000 D
b1000 F
b1000 R
b1000 X
b1000 B
b1000 G
b1000 M
b1000 +
b1000 0
b1000 <
b1000 L
#1496001
b10110 !"
#1497000
b111 $
b111 4
b111 8
b100 2
b100 9
b100 Z
0b
b111 3
b111 :
b111 S
1^
0`
0a
1]
b1001 5
b1001 D
b1001 F
b1001 R
b1001 X
b1001 B
b1001 G
b1001 M
b1001 +
b1001 0
b1001 <
b1001 L
#1497001
b10111 !"
#1498000
1"
0!
b1000 $
b1000 4
b1000 8
1T
1b
b111 2
b111 9
b111 Z
1k
b1000 3
b1000 :
b1000 S
1U
0^
1`
1a
1h
1i
0j
0]
1f
b1010 5
b1010 D
b1010 F
b1010 R
b1010 X
b1010 B
b1010 G
b1010 M
b1010 +
b1010 0
b1010 <
b1010 L
#1498001
1#"
b11000 !"
#1499000
b1001 $
b1001 4
b1001 8
b110 2
b110 9
b110 Z
0b
b1001 3
b1001 :
b1001 S
1^
0`
0a
1]
b1011 5
b1011 D
b1011 F
b1011 R
b1011 X
b1011 B
b1011 G
b1011 M
b1011 +
b1011 0
b1011 <
b1011 L
#1499001
b11001 !"
#1500000
b1010 $
b1010 4
b1010 8
1b
0k
b1 2
b1 9
b1 Z
0t
0U
b1010 3
b1010 :
b1010 S
0^
1`
1a
0h
0i
1j
1p
0r
0s
0]
0f
1o
b1100 5
b1100 D
b1100 F
b1100 R
b1100 X
b1100 B
b1100 G
b1100 M
b1100 +
b1100 0
b1100 <
b1100 L
#1500001
b11010 !"
#1501000
b1011 $
b1011 4
b1011 8
b0 2
b0 9
b0 Z
0b
b1011 3
b1011 :
b1011 S
1^
0`
0a
1]
b1101 5
b1101 D
b1101 F
b1101 R
b1101 X
b1101 B
b1101 G
b1101 M
b1101 +
b1101 0
b1101 <
b1101 L
#1501001
b11011 !"
#1502000
b1100 $
b1100 4
b1100 8
1b
b11 2
b11 9
b11 Z
1k
b1100 3
b1100 :
b1100 S
1U
0^
1`
1a
1h
1i
0j
0]
1f
b1110 5
b1110 D
b1110 F
b1110 R
b1110 X
b1110 B
b1110 G
b1110 M
b1110 +
b1110 0
b1110 <
b1110 L
#1502001
b11100 !"
#1503000
b1101 $
b1101 4
b1101 8
b10 2
b10 9
b10 Z
0b
b1101 3
b1101 :
b1101 S
1^
0`
0a
1]
b1111 5
b1111 D
b1111 F
b1111 R
b1111 X
b1111 B
b1111 G
b1111 M
b1111 +
b1111 0
b1111 <
b1111 L
#1503001
b11101 !"
#1504000
0#
0T
1"
0U
b1111 $
b1111 4
b1111 8
1t
b1110 2
b1110 9
b1110 Z
1}
0V
b1111 3
b1111 :
b1111 S
1a
1j
0p
1r
1s
0y
1{
1|
0^
0_
0]
0f
0o
0x
0\
1e
b0 5
b0 D
b0 F
b0 R
b0 X
b1110 6
b1110 E
b1110 P
b1110 Q
b1110 W
b0 B
b0 G
b0 M
b1110 *
b1110 /
b1110 ;
b1110 K
b1110 O
b0 +
b0 0
b0 <
b0 L
#1504001
0""
b1111 !"
#1505000
0"
1!
1#
1T
b0 $
b0 4
b0 8
1U
b1111 2
b1111 9
b1111 Z
1b
b0 3
b0 :
b0 S
1V
1_
1`
0a
1]
b1 5
b1 D
b1 F
b1 R
b1 X
b1 B
b1 G
b1 M
b1 +
b1 0
b1 <
b1 L
#1505001
1$"
0#"
1""
b10000 !"
#1506000
0!
b1 $
b1 4
b1 8
0b
b1100 2
b1100 9
b1100 Z
0k
0V
b1 3
b1 :
b1 S
0_
0`
1a
1g
0i
0j
0]
1f
b10 5
b10 D
b10 F
b10 R
b10 X
b10 B
b10 G
b10 M
b10 +
b10 0
b10 <
b10 L
#1506001
0$"
b10001 !"
#1507000
b10 $
b10 4
b10 8
b1101 2
b1101 9
b1101 Z
1b
b10 3
b10 :
b10 S
1V
1_
1`
0a
1]
b11 5
b11 D
b11 F
b11 R
b11 X
b11 B
b11 G
b11 M
b11 +
b11 0
b11 <
b11 L
#1507001
b10010 !"
#1508000
0U
b11 $
b11 4
b11 8
0b
1k
b1010 2
b1010 9
b1010 Z
0t
0V
b11 3
b11 :
b11 S
0_
0`
1a
0g
1i
1j
1p
0r
0s
0]
0f
1o
b100 5
b100 D
b100 F
b100 R
b100 X
b100 B
b100 G
b100 M
b100 +
b100 0
b100 <
b100 L
#1508001
b10011 !"
#1509000
0!
b100 $
b100 4
b100 8
1U
b1011 2
b1011 9
b1011 Z
1b
b100 3
b100 :
b100 S
1V
1_
1`
0a
1]
b101 5
b101 D
b101 F
b101 R
b101 X
b101 B
b101 G
b101 M
b101 +
b101 0
b101 <
b101 L
#1509001
b10100 !"
#1510000
b101 $
b101 4
b101 8
0b
b1000 2
b1000 9
b1000 Z
0k
0V
b101 3
b101 :
b101 S
0_
0`
1a
1g
0i
0j
0]
1f
b110 5
b110 D
b110 F
b110 R
b110 X
b110 B
b110 G
b110 M
b110 +
b110 0
b110 <
b110 L
#1510001
b10101 !"
#1511000
b110 $
b110 4
b110 8
b1001 2
b1001 9
b1001 Z
1b
b110 3
b110 :
b110 S
1V
1_
1`
0a
1]
b111 5
b111 D
b111 F
b111 R
b111 X
b111 B
b111 G
b111 M
b111 +
b111 0
b111 <
b111 L
#1511001
b10110 !"
#1512000
0T
0"
0U
b111 $
b111 4
b111 8
0b
1k
1t
b110 2
b110 9
b110 Z
0}
0V
b111 3
b111 :
b111 S
0_
0`
1a
0g
1i
1j
0p
1r
1s
1y
0{
0|
0]
0f
0o
1x
b1000 5
b1000 D
b1000 F
b1000 R
b1000 X
b1000 B
b1000 G
b1000 M
b1000 +
b1000 0
b1000 <
b1000 L
#1512001
b10111 !"
#1513000
1"
1T
b1000 $
b1000 4
b1000 8
1U
b111 2
b111 9
b111 Z
1b
b1000 3
b1000 :
b1000 S
1V
1_
1`
0a
1]
b1001 5
b1001 D
b1001 F
b1001 R
b1001 X
b1001 B
b1001 G
b1001 M
b1001 +
b1001 0
b1001 <
b1001 L
#1513001
1#"
b11000 !"
#1514000
b1001 $
b1001 4
b1001 8
0b
b100 2
b100 9
b100 Z
0k
0V
b1001 3
b1001 :
b1001 S
0_
0`
1a
1g
0i
0j
0]
1f
b1010 5
b1010 D
b1010 F
b1010 R
b1010 X
b1010 B
b1010 G
b1010 M
b1010 +
b1010 0
b1010 <
b1010 L
#1514001
b11001 !"
#1515000
b1010 $
b1010 4
b1010 8
b101 2
b101 9
b101 Z
1b
b1010 3
b1010 :
b1010 S
1V
1_
1`
0a
1]
b1011 5
b1011 D
b1011 F
b1011 R
b1011 X
b1011 B
b1011 G
b1011 M
b1011 +
b1011 0
b1011 <
b1011 L
#1515001
b11010 !"
#1516000
0U
b1011 $
b1011 4
b1011 8
0b
1k
b10 2
b10 9
b10 Z
0t
0V
b1011 3
b1011 :
b1011 S
0_
0`
1a
0g
1i
1j
1p
0r
0s
0]
0f
1o
b1100 5
b1100 D
b1100 F
b1100 R
b1100 X
b1100 B
b1100 G
b1100 M
b1100 +
b1100 0
b1100 <
b1100 L
#1516001
b11011 !"
#1517000
b1100 $
b1100 4
b1100 8
1U
b11 2
b11 9
b11 Z
1b
b1100 3
b1100 :
b1100 S
1V
1_
1`
0a
1]
b1101 5
b1101 D
b1101 F
b1101 R
b1101 X
b1101 B
b1101 G
b1101 M
b1101 +
b1101 0
b1101 <
b1101 L
#1517001
b11100 !"
#1518000
b1101 $
b1101 4
b1101 8
0b
b0 2
b0 9
b0 Z
0k
0V
b1101 3
b1101 :
b1101 S
0_
0`
1a
1g
0i
0j
0]
1f
b1110 5
b1110 D
b1110 F
b1110 R
b1110 X
b1110 B
b1110 G
b1110 M
b1110 +
b1110 0
b1110 <
b1110 L
#1518001
b11101 !"
#1519000
b1110 $
b1110 4
b1110 8
b1 2
b1 9
b1 Z
1b
b1110 3
b1110 :
b1110 S
1V
1_
1`
0a
1]
b1111 5
b1111 D
b1111 F
b1111 R
b1111 X
b1111 B
b1111 G
b1111 M
b1111 +
b1111 0
b1111 <
b1111 L
#1519001
b11110 !"
#1520000
0"
1!
b0 $
b0 4
b0 8
1k
1t
b1111 2
b1111 9
b1111 Z
1}
b0 3
b0 :
b0 S
1a
0g
1i
1j
0p
1r
1s
0y
1{
1|
0]
0f
0o
0x
1\
b0 5
b0 D
b0 F
b0 R
b0 X
b1111 6
b1111 E
b1111 P
b1111 Q
b1111 W
b0 B
b0 G
b0 M
b1111 *
b1111 /
b1111 ;
b1111 K
b1111 O
b0 +
b0 0
b0 <
b0 L
#1520001
1$"
0#"
b10000 !"
#1521000
0!
b1 $
b1 4
b1 8
b1110 2
b1110 9
b1110 Z
0b
b1 3
b1 :
b1 S
1^
0`
0a
1]
b1 5
b1 D
b1 F
b1 R
b1 X
b1 B
b1 G
b1 M
b1 +
b1 0
b1 <
b1 L
#1521001
0$"
b10001 !"
#1522000
b10 $
b10 4
b10 8
1b
b1101 2
b1101 9
b1101 Z
0k
b10 3
b10 :
b10 S
0^
1`
1a
1g
0i
0j
0]
1f
b10 5
b10 D
b10 F
b10 R
b10 X
b10 B
b10 G
b10 M
b10 +
b10 0
b10 <
b10 L
#1522001
b10010 !"
#1523000
b11 $
b11 4
b11 8
b1100 2
b1100 9
b1100 Z
0b
b11 3
b11 :
b11 S
1^
0`
0a
1]
b11 5
b11 D
b11 F
b11 R
b11 X
b11 B
b11 G
b11 M
b11 +
b11 0
b11 <
b11 L
#1523001
b10011 !"
#1524000
b100 $
b100 4
b100 8
1b
1k
b1011 2
b1011 9
b1011 Z
0t
b100 3
b100 :
b100 S
0^
1`
1a
0g
1i
1j
1p
0r
0s
0]
0f
1o
b100 5
b100 D
b100 F
b100 R
b100 X
b100 B
b100 G
b100 M
b100 +
b100 0
b100 <
b100 L
#1524001
b10100 !"
#1525000
b101 $
b101 4
b101 8
b1010 2
b1010 9
b1010 Z
0b
b101 3
b101 :
b101 S
1^
0`
0a
1]
b101 5
b101 D
b101 F
b101 R
b101 X
b101 B
b101 G
b101 M
b101 +
b101 0
b101 <
b101 L
#1525001
b10101 !"
#1526000
b110 $
b110 4
b110 8
1b
b1001 2
b1001 9
b1001 Z
0k
b110 3
b110 :
b110 S
0^
1`
1a
1g
0i
0j
0]
1f
b110 5
b110 D
b110 F
b110 R
b110 X
b110 B
b110 G
b110 M
b110 +
b110 0
b110 <
b110 L
#1526001
b10110 !"
#1527000
b111 $
b111 4
b111 8
b1000 2
b1000 9
b1000 Z
0b
b111 3
b111 :
b111 S
1^
0`
0a
1]
b111 5
b111 D
b111 F
b111 R
b111 X
b111 B
b111 G
b111 M
b111 +
b111 0
b111 <
b111 L
#1527001
b10111 !"
#1528000
1"
b1000 $
b1000 4
b1000 8
1b
1k
1t
b111 2
b111 9
b111 Z
0}
b1000 3
b1000 :
b1000 S
0^
1`
1a
0g
1i
1j
0p
1r
1s
1y
0{
0|
0]
0f
0o
1x
b1000 5
b1000 D
b1000 F
b1000 R
b1000 X
b1000 B
b1000 G
b1000 M
b1000 +
b1000 0
b1000 <
b1000 L
#1528001
1#"
b11000 !"
#1529000
b1001 $
b1001 4
b1001 8
b110 2
b110 9
b110 Z
0b
b1001 3
b1001 :
b1001 S
1^
0`
0a
1]
b1001 5
b1001 D
b1001 F
b1001 R
b1001 X
b1001 B
b1001 G
b1001 M
b1001 +
b1001 0
b1001 <
b1001 L
#1529001
b11001 !"
#1530000
b1010 $
b1010 4
b1010 8
1b
b101 2
b101 9
b101 Z
0k
b1010 3
b1010 :
b1010 S
0^
1`
1a
1g
0i
0j
0]
1f
b1010 5
b1010 D
b1010 F
b1010 R
b1010 X
b1010 B
b1010 G
b1010 M
b1010 +
b1010 0
b1010 <
b1010 L
#1530001
b11010 !"
#1531000
b1011 $
b1011 4
b1011 8
b100 2
b100 9
b100 Z
0b
b1011 3
b1011 :
b1011 S
1^
0`
0a
1]
b1011 5
b1011 D
b1011 F
b1011 R
b1011 X
b1011 B
b1011 G
b1011 M
b1011 +
b1011 0
b1011 <
b1011 L
#1531001
b11011 !"
#1532000
b1100 $
b1100 4
b1100 8
1b
1k
b11 2
b11 9
b11 Z
0t
b1100 3
b1100 :
b1100 S
0^
1`
1a
0g
1i
1j
1p
0r
0s
0]
0f
1o
b1100 5
b1100 D
b1100 F
b1100 R
b1100 X
b1100 B
b1100 G
b1100 M
b1100 +
b1100 0
b1100 <
b1100 L
#1532001
b11100 !"
#1533000
b1101 $
b1101 4
b1101 8
b10 2
b10 9
b10 Z
0b
b1101 3
b1101 :
b1101 S
1^
0`
0a
1]
b1101 5
b1101 D
b1101 F
b1101 R
b1101 X
b1101 B
b1101 G
b1101 M
b1101 +
b1101 0
b1101 <
b1101 L
#1533001
b11101 !"
#1534000
b1110 $
b1110 4
b1110 8
1b
b1 2
b1 9
b1 Z
0k
b1110 3
b1110 :
b1110 S
0^
1`
1a
1g
0i
0j
0]
1f
b1110 5
b1110 D
b1110 F
b1110 R
b1110 X
b1110 B
b1110 G
b1110 M
b1110 +
b1110 0
b1110 <
b1110 L
#1534001
b11110 !"
#1535000
b1111 $
b1111 4
b1111 8
b0 2
b0 9
b0 Z
0b
b1111 3
b1111 :
b1111 S
1^
0`
0a
1]
b1111 5
b1111 D
b1111 F
b1111 R
b1111 X
b1111 B
b1111 G
b1111 M
b1111 +
b1111 0
b1111 <
b1111 L
#1535001
b11111 !"
#1536000
1`
0"
0!
0@
0A
1b
1k
1t
b1111 2
b1111 9
b1111 Z
1}
0U
0T
0#
1a
1j
1s
1|
b1 C
b1 J
b1 N
0V
0^
1_
0g
0h
0p
0q
0y
0z
0]
0f
0o
0x
1>
b1 $
b1 4
b1 8
1\
0e
0n
0w
b0 5
b0 D
b0 F
b0 R
b0 X
b11 Y
b11 [
b11 c
b11 d
b11 l
b11 m
b11 u
b11 v
b11 ~
b1 3
b1 :
b1 S
b1 6
b1 E
b1 P
b1 Q
b1 W
b0 B
b0 G
b0 M
b11 ,
b11 1
b11 =
0-
b0 *
b0 /
b0 ;
b0 K
b0 O
b0 +
b0 0
b0 <
b0 L
#1536001
0#"
0""
b1 !"
#1537000
b1 +
b1 0
b1 <
b1 L
#1538000
b10 +
b10 0
b10 <
b10 L
#1539000
b11 +
b11 0
b11 <
b11 L
#1540000
b100 +
b100 0
b100 <
b100 L
#1541000
b101 +
b101 0
b101 <
b101 L
#1542000
b110 +
b110 0
b110 <
b110 L
#1543000
b111 +
b111 0
b111 <
b111 L
#1544000
b1000 +
b1000 0
b1000 <
b1000 L
#1545000
b1001 +
b1001 0
b1001 <
b1001 L
#1546000
b1010 +
b1010 0
b1010 <
b1010 L
#1547000
b1011 +
b1011 0
b1011 <
b1011 L
#1548000
b1100 +
b1100 0
b1100 <
b1100 L
#1549000
b1101 +
b1101 0
b1101 <
b1101 L
#1550000
b1110 +
b1110 0
b1110 <
b1110 L
#1551000
b1111 +
b1111 0
b1111 <
b1111 L
#1552000
b10 $
b10 4
b10 8
b1110 2
b1110 9
b1110 Z
0b
b10 3
b10 :
b10 S
1V
1^
0`
0a
1]
b1 5
b1 D
b1 F
b1 R
b1 X
b1 B
b1 G
b1 M
b1 *
b1 /
b1 ;
b1 K
b1 O
b0 +
b0 0
b0 <
b0 L
#1552001
b10 !"
#1553000
b1 +
b1 0
b1 <
b1 L
#1554000
b10 +
b10 0
b10 <
b10 L
#1555000
b11 +
b11 0
b11 <
b11 L
#1556000
b100 +
b100 0
b100 <
b100 L
#1557000
b101 +
b101 0
b101 <
b101 L
#1558000
b110 +
b110 0
b110 <
b110 L
#1559000
b111 +
b111 0
b111 <
b111 L
#1560000
b1000 +
b1000 0
b1000 <
b1000 L
#1561000
b1001 +
b1001 0
b1001 <
b1001 L
#1562000
b1010 +
b1010 0
b1010 <
b1010 L
#1563000
b1011 +
b1011 0
b1011 <
b1011 L
#1564000
b1100 +
b1100 0
b1100 <
b1100 L
#1565000
b1101 +
b1101 0
b1101 <
b1101 L
#1566000
b1110 +
b1110 0
b1110 <
b1110 L
#1567000
b1111 +
b1111 0
b1111 <
b1111 L
#1568000
b11 $
b11 4
b11 8
1b
b1101 2
b1101 9
b1101 Z
0k
0V
b11 3
b11 :
b11 S
0U
0^
1`
1a
1h
1i
0j
0]
1f
b10 5
b10 D
b10 F
b10 R
b10 X
b10 B
b10 G
b10 M
b10 *
b10 /
b10 ;
b10 K
b10 O
b0 +
b0 0
b0 <
b0 L
#1568001
b11 !"
#1569000
b1 +
b1 0
b1 <
b1 L
#1570000
b10 +
b10 0
b10 <
b10 L
#1571000
b11 +
b11 0
b11 <
b11 L
#1572000
b100 +
b100 0
b100 <
b100 L
#1573000
b101 +
b101 0
b101 <
b101 L
#1574000
b110 +
b110 0
b110 <
b110 L
#1575000
b111 +
b111 0
b111 <
b111 L
#1576000
b1000 +
b1000 0
b1000 <
b1000 L
#1577000
b1001 +
b1001 0
b1001 <
b1001 L
#1578000
b1010 +
b1010 0
b1010 <
b1010 L
#1579000
b1011 +
b1011 0
b1011 <
b1011 L
#1580000
b1100 +
b1100 0
b1100 <
b1100 L
#1581000
b1101 +
b1101 0
b1101 <
b1101 L
#1582000
b1110 +
b1110 0
b1110 <
b1110 L
#1583000
b1111 +
b1111 0
b1111 <
b1111 L
#1584000
0!
b100 $
b100 4
b100 8
1U
b1100 2
b1100 9
b1100 Z
0b
b100 3
b100 :
b100 S
1V
1^
0`
0a
1]
b11 5
b11 D
b11 F
b11 R
b11 X
b11 B
b11 G
b11 M
b11 *
b11 /
b11 ;
b11 K
b11 O
b0 +
b0 0
b0 <
b0 L
#1584001
b100 !"
#1585000
b1 +
b1 0
b1 <
b1 L
#1586000
b10 +
b10 0
b10 <
b10 L
#1587000
b11 +
b11 0
b11 <
b11 L
#1588000
b100 +
b100 0
b100 <
b100 L
#1589000
b101 +
b101 0
b101 <
b101 L
#1590000
b110 +
b110 0
b110 <
b110 L
#1591000
b111 +
b111 0
b111 <
b111 L
#1592000
b1000 +
b1000 0
b1000 <
b1000 L
#1593000
b1001 +
b1001 0
b1001 <
b1001 L
#1594000
b1010 +
b1010 0
b1010 <
b1010 L
#1595000
b1011 +
b1011 0
b1011 <
b1011 L
#1596000
b1100 +
b1100 0
b1100 <
b1100 L
#1597000
b1101 +
b1101 0
b1101 <
b1101 L
#1598000
b1110 +
b1110 0
b1110 <
b1110 L
#1599000
b1111 +
b1111 0
b1111 <
b1111 L
#1600000
0"
b101 $
b101 4
b101 8
1b
1k
b1011 2
b1011 9
b1011 Z
0t
0V
0U
b101 3
b101 :
b101 S
0T
0^
1`
1a
0h
0i
1j
1q
1r
0s
0]
0f
1o
b100 5
b100 D
b100 F
b100 R
b100 X
b100 B
b100 G
b100 M
b100 *
b100 /
b100 ;
b100 K
b100 O
b0 +
b0 0
b0 <
b0 L
#1600001
b101 !"
#1601000
b1 +
b1 0
b1 <
b1 L
#1602000
b10 +
b10 0
b10 <
b10 L
#1603000
b11 +
b11 0
b11 <
b11 L
#1604000
b100 +
b100 0
b100 <
b100 L
#1605000
b101 +
b101 0
b101 <
b101 L
#1606000
b110 +
b110 0
b110 <
b110 L
#1607000
b111 +
b111 0
b111 <
b111 L
#1608000
b1000 +
b1000 0
b1000 <
b1000 L
#1609000
b1001 +
b1001 0
b1001 <
b1001 L
#1610000
b1010 +
b1010 0
b1010 <
b1010 L
#1611000
b1011 +
b1011 0
b1011 <
b1011 L
#1612000
b1100 +
b1100 0
b1100 <
b1100 L
#1613000
b1101 +
b1101 0
b1101 <
b1101 L
#1614000
b1110 +
b1110 0
b1110 <
b1110 L
#1615000
b1111 +
b1111 0
b1111 <
b1111 L
#1616000
b110 $
b110 4
b110 8
b1010 2
b1010 9
b1010 Z
0b
b110 3
b110 :
b110 S
1V
1^
0`
0a
1]
b101 5
b101 D
b101 F
b101 R
b101 X
b101 B
b101 G
b101 M
b101 *
b101 /
b101 ;
b101 K
b101 O
b0 +
b0 0
b0 <
b0 L
#1616001
b110 !"
#1617000
b1 +
b1 0
b1 <
b1 L
#1618000
b10 +
b10 0
b10 <
b10 L
#1619000
b11 +
b11 0
b11 <
b11 L
#1620000
b100 +
b100 0
b100 <
b100 L
#1621000
b101 +
b101 0
b101 <
b101 L
#1622000
b110 +
b110 0
b110 <
b110 L
#1623000
b111 +
b111 0
b111 <
b111 L
#1624000
b1000 +
b1000 0
b1000 <
b1000 L
#1625000
b1001 +
b1001 0
b1001 <
b1001 L
#1626000
b1010 +
b1010 0
b1010 <
b1010 L
#1627000
b1011 +
b1011 0
b1011 <
b1011 L
#1628000
b1100 +
b1100 0
b1100 <
b1100 L
#1629000
b1101 +
b1101 0
b1101 <
b1101 L
#1630000
b1110 +
b1110 0
b1110 <
b1110 L
#1631000
b1111 +
b1111 0
b1111 <
b1111 L
#1632000
0"
b111 $
b111 4
b111 8
0T
1b
b1001 2
b1001 9
b1001 Z
0k
0V
b111 3
b111 :
b111 S
0U
0^
1`
1a
1h
1i
0j
0]
1f
b110 5
b110 D
b110 F
b110 R
b110 X
b110 B
b110 G
b110 M
b110 *
b110 /
b110 ;
b110 K
b110 O
b0 +
b0 0
b0 <
b0 L
#1632001
b111 !"
#1633000
b1 +
b1 0
b1 <
b1 L
#1634000
b10 +
b10 0
b10 <
b10 L
#1635000
b11 +
b11 0
b11 <
b11 L
#1636000
b100 +
b100 0
b100 <
b100 L
#1637000
b101 +
b101 0
b101 <
b101 L
#1638000
b110 +
b110 0
b110 <
b110 L
#1639000
b111 +
b111 0
b111 <
b111 L
#1640000
b1000 +
b1000 0
b1000 <
b1000 L
#1641000
b1001 +
b1001 0
b1001 <
b1001 L
#1642000
b1010 +
b1010 0
b1010 <
b1010 L
#1643000
b1011 +
b1011 0
b1011 <
b1011 L
#1644000
b1100 +
b1100 0
b1100 <
b1100 L
#1645000
b1101 +
b1101 0
b1101 <
b1101 L
#1646000
b1110 +
b1110 0
b1110 <
b1110 L
#1647000
b1111 +
b1111 0
b1111 <
b1111 L
#1648000
1"
1T
b1000 $
b1000 4
b1000 8
1U
b1000 2
b1000 9
b1000 Z
0b
b1000 3
b1000 :
b1000 S
1V
1^
0`
0a
1]
b111 5
b111 D
b111 F
b111 R
b111 X
b111 B
b111 G
b111 M
b111 *
b111 /
b111 ;
b111 K
b111 O
b0 +
b0 0
b0 <
b0 L
#1648001
1#"
b1000 !"
#1649000
b1 +
b1 0
b1 <
b1 L
#1650000
b10 +
b10 0
b10 <
b10 L
#1651000
b11 +
b11 0
b11 <
b11 L
#1652000
b100 +
b100 0
b100 <
b100 L
#1653000
b101 +
b101 0
b101 <
b101 L
#1654000
b110 +
b110 0
b110 <
b110 L
#1655000
b111 +
b111 0
b111 <
b111 L
#1656000
b1000 +
b1000 0
b1000 <
b1000 L
#1657000
b1001 +
b1001 0
b1001 <
b1001 L
#1658000
b1010 +
b1010 0
b1010 <
b1010 L
#1659000
b1011 +
b1011 0
b1011 <
b1011 L
#1660000
b1100 +
b1100 0
b1100 <
b1100 L
#1661000
b1101 +
b1101 0
b1101 <
b1101 L
#1662000
b1110 +
b1110 0
b1110 <
b1110 L
#1663000
b1111 +
b1111 0
b1111 <
b1111 L
#1664000
1"
b1001 $
b1001 4
b1001 8
1b
1k
1t
b111 2
b111 9
b111 Z
0}
0V
0U
0T
b1001 3
b1001 :
b1001 S
0#
0^
1`
1a
0h
0i
1j
0q
0r
1s
1z
1{
0|
0]
0f
0o
1x
b1000 5
b1000 D
b1000 F
b1000 R
b1000 X
b1000 B
b1000 G
b1000 M
b1000 *
b1000 /
b1000 ;
b1000 K
b1000 O
b0 +
b0 0
b0 <
b0 L
#1664001
b1001 !"
#1665000
b1 +
b1 0
b1 <
b1 L
#1666000
b10 +
b10 0
b10 <
b10 L
#1667000
b11 +
b11 0
b11 <
b11 L
#1668000
b100 +
b100 0
b100 <
b100 L
#1669000
b101 +
b101 0
b101 <
b101 L
#1670000
b110 +
b110 0
b110 <
b110 L
#1671000
b111 +
b111 0
b111 <
b111 L
#1672000
b1000 +
b1000 0
b1000 <
b1000 L
#1673000
b1001 +
b1001 0
b1001 <
b1001 L
#1674000
b1010 +
b1010 0
b1010 <
b1010 L
#1675000
b1011 +
b1011 0
b1011 <
b1011 L
#1676000
b1100 +
b1100 0
b1100 <
b1100 L
#1677000
b1101 +
b1101 0
b1101 <
b1101 L
#1678000
b1110 +
b1110 0
b1110 <
b1110 L
#1679000
b1111 +
b1111 0
b1111 <
b1111 L
#1680000
b1010 $
b1010 4
b1010 8
b110 2
b110 9
b110 Z
0b
b1010 3
b1010 :
b1010 S
1V
1^
0`
0a
1]
b1001 5
b1001 D
b1001 F
b1001 R
b1001 X
b1001 B
b1001 G
b1001 M
b1001 *
b1001 /
b1001 ;
b1001 K
b1001 O
b0 +
b0 0
b0 <
b0 L
#1680001
b1010 !"
#1681000
b1 +
b1 0
b1 <
b1 L
#1682000
b10 +
b10 0
b10 <
b10 L
#1683000
b11 +
b11 0
b11 <
b11 L
#1684000
b100 +
b100 0
b100 <
b100 L
#1685000
b101 +
b101 0
b101 <
b101 L
#1686000
b110 +
b110 0
b110 <
b110 L
#1687000
b111 +
b111 0
b111 <
b111 L
#1688000
b1000 +
b1000 0
b1000 <
b1000 L
#1689000
b1001 +
b1001 0
b1001 <
b1001 L
#1690000
b1010 +
b1010 0
b1010 <
b1010 L
#1691000
b1011 +
b1011 0
b1011 <
b1011 L
#1692000
b1100 +
b1100 0
b1100 <
b1100 L
#1693000
b1101 +
b1101 0
b1101 <
b1101 L
#1694000
b1110 +
b1110 0
b1110 <
b1110 L
#1695000
b1111 +
b1111 0
b1111 <
b1111 L
#1696000
b1011 $
b1011 4
b1011 8
1b
b101 2
b101 9
b101 Z
0k
0V
b1011 3
b1011 :
b1011 S
0U
0^
1`
1a
1h
1i
0j
0]
1f
b1010 5
b1010 D
b1010 F
b1010 R
b1010 X
b1010 B
b1010 G
b1010 M
b1010 *
b1010 /
b1010 ;
b1010 K
b1010 O
b0 +
b0 0
b0 <
b0 L
#1696001
b1011 !"
#1697000
b1 +
b1 0
b1 <
b1 L
#1698000
b10 +
b10 0
b10 <
b10 L
#1699000
b11 +
b11 0
b11 <
b11 L
#1700000
b100 +
b100 0
b100 <
b100 L
#1701000
b101 +
b101 0
b101 <
b101 L
#1702000
b110 +
b110 0
b110 <
b110 L
#1703000
b111 +
b111 0
b111 <
b111 L
#1704000
b1000 +
b1000 0
b1000 <
b1000 L
#1705000
b1001 +
b1001 0
b1001 <
b1001 L
#1706000
b1010 +
b1010 0
b1010 <
b1010 L
#1707000
b1011 +
b1011 0
b1011 <
b1011 L
#1708000
b1100 +
b1100 0
b1100 <
b1100 L
#1709000
b1101 +
b1101 0
b1101 <
b1101 L
#1710000
b1110 +
b1110 0
b1110 <
b1110 L
#1711000
b1111 +
b1111 0
b1111 <
b1111 L
#1712000
b1100 $
b1100 4
b1100 8
1U
b100 2
b100 9
b100 Z
0b
b1100 3
b1100 :
b1100 S
1V
1^
0`
0a
1]
b1011 5
b1011 D
b1011 F
b1011 R
b1011 X
b1011 B
b1011 G
b1011 M
b1011 *
b1011 /
b1011 ;
b1011 K
b1011 O
b0 +
b0 0
b0 <
b0 L
#1712001
b1100 !"
#1713000
b1 +
b1 0
b1 <
b1 L
#1714000
b10 +
b10 0
b10 <
b10 L
#1715000
b11 +
b11 0
b11 <
b11 L
#1716000
b100 +
b100 0
b100 <
b100 L
#1717000
b101 +
b101 0
b101 <
b101 L
#1718000
b110 +
b110 0
b110 <
b110 L
#1719000
b111 +
b111 0
b111 <
b111 L
#1720000
b1000 +
b1000 0
b1000 <
b1000 L
#1721000
b1001 +
b1001 0
b1001 <
b1001 L
#1722000
b1010 +
b1010 0
b1010 <
b1010 L
#1723000
b1011 +
b1011 0
b1011 <
b1011 L
#1724000
b1100 +
b1100 0
b1100 <
b1100 L
#1725000
b1101 +
b1101 0
b1101 <
b1101 L
#1726000
b1110 +
b1110 0
b1110 <
b1110 L
#1727000
b1111 +
b1111 0
b1111 <
b1111 L
#1728000
1"
b1101 $
b1101 4
b1101 8
0#
1b
1k
b11 2
b11 9
b11 Z
0t
0V
0U
b1101 3
b1101 :
b1101 S
0T
0^
1`
1a
0h
0i
1j
1q
1r
0s
0]
0f
1o
b1100 5
b1100 D
b1100 F
b1100 R
b1100 X
b1100 B
b1100 G
b1100 M
b1100 *
b1100 /
b1100 ;
b1100 K
b1100 O
b0 +
b0 0
b0 <
b0 L
#1728001
b1101 !"
#1729000
b1 +
b1 0
b1 <
b1 L
#1730000
b10 +
b10 0
b10 <
b10 L
#1731000
b11 +
b11 0
b11 <
b11 L
#1732000
b100 +
b100 0
b100 <
b100 L
#1733000
b101 +
b101 0
b101 <
b101 L
#1734000
b110 +
b110 0
b110 <
b110 L
#1735000
b111 +
b111 0
b111 <
b111 L
#1736000
b1000 +
b1000 0
b1000 <
b1000 L
#1737000
b1001 +
b1001 0
b1001 <
b1001 L
#1738000
b1010 +
b1010 0
b1010 <
b1010 L
#1739000
b1011 +
b1011 0
b1011 <
b1011 L
#1740000
b1100 +
b1100 0
b1100 <
b1100 L
#1741000
b1101 +
b1101 0
b1101 <
b1101 L
#1742000
b1110 +
b1110 0
b1110 <
b1110 L
#1743000
b1111 +
b1111 0
b1111 <
b1111 L
#1744000
b1110 $
b1110 4
b1110 8
b10 2
b10 9
b10 Z
0b
b1110 3
b1110 :
b1110 S
1V
1^
0`
0a
1]
b1101 5
b1101 D
b1101 F
b1101 R
b1101 X
b1101 B
b1101 G
b1101 M
b1101 *
b1101 /
b1101 ;
b1101 K
b1101 O
b0 +
b0 0
b0 <
b0 L
#1744001
b1110 !"
#1745000
b1 +
b1 0
b1 <
b1 L
#1746000
b10 +
b10 0
b10 <
b10 L
#1747000
b11 +
b11 0
b11 <
b11 L
#1748000
b100 +
b100 0
b100 <
b100 L
#1749000
b101 +
b101 0
b101 <
b101 L
#1750000
b110 +
b110 0
b110 <
b110 L
#1751000
b111 +
b111 0
b111 <
b111 L
#1752000
b1000 +
b1000 0
b1000 <
b1000 L
#1753000
b1001 +
b1001 0
b1001 <
b1001 L
#1754000
b1010 +
b1010 0
b1010 <
b1010 L
#1755000
b1011 +
b1011 0
b1011 <
b1011 L
#1756000
b1100 +
b1100 0
b1100 <
b1100 L
#1757000
b1101 +
b1101 0
b1101 <
b1101 L
#1758000
b1110 +
b1110 0
b1110 <
b1110 L
#1759000
b1111 +
b1111 0
b1111 <
b1111 L
#1760000
1"
0#
b1111 $
b1111 4
b1111 8
0T
1b
b1 2
b1 9
b1 Z
0k
0V
b1111 3
b1111 :
b1111 S
0U
0^
1`
1a
1h
1i
0j
0]
1f
b1110 5
b1110 D
b1110 F
b1110 R
b1110 X
b1110 B
b1110 G
b1110 M
b1110 *
b1110 /
b1110 ;
b1110 K
b1110 O
b0 +
b0 0
b0 <
b0 L
#1760001
b1111 !"
#1761000
b1 +
b1 0
b1 <
b1 L
#1762000
b10 +
b10 0
b10 <
b10 L
#1763000
b11 +
b11 0
b11 <
b11 L
#1764000
b100 +
b100 0
b100 <
b100 L
#1765000
b101 +
b101 0
b101 <
b101 L
#1766000
b110 +
b110 0
b110 <
b110 L
#1767000
b111 +
b111 0
b111 <
b111 L
#1768000
b1000 +
b1000 0
b1000 <
b1000 L
#1769000
b1001 +
b1001 0
b1001 <
b1001 L
#1770000
b1010 +
b1010 0
b1010 <
b1010 L
#1771000
b1011 +
b1011 0
b1011 <
b1011 L
#1772000
b1100 +
b1100 0
b1100 <
b1100 L
#1773000
b1101 +
b1101 0
b1101 <
b1101 L
#1774000
b1110 +
b1110 0
b1110 <
b1110 L
#1775000
b1111 +
b1111 0
b1111 <
b1111 L
#1776000
0"
1!
1#
1T
b0 $
b0 4
b0 8
1U
b0 2
b0 9
b0 Z
0b
b0 3
b0 :
b0 S
1V
1^
0`
0a
1]
b1111 5
b1111 D
b1111 F
b1111 R
b1111 X
b1111 B
b1111 G
b1111 M
b1111 *
b1111 /
b1111 ;
b1111 K
b1111 O
b0 +
b0 0
b0 <
b0 L
#1776001
1$"
0#"
1""
b10000 !"
#1777000
b1 +
b1 0
b1 <
b1 L
#1778000
b10 +
b10 0
b10 <
b10 L
#1779000
b11 +
b11 0
b11 <
b11 L
#1780000
b100 +
b100 0
b100 <
b100 L
#1781000
b101 +
b101 0
b101 <
b101 L
#1782000
b110 +
b110 0
b110 <
b110 L
#1783000
b111 +
b111 0
b111 <
b111 L
#1784000
b1000 +
b1000 0
b1000 <
b1000 L
#1785000
b1001 +
b1001 0
b1001 <
b1001 L
#1786000
b1010 +
b1010 0
b1010 <
b1010 L
#1787000
b1011 +
b1011 0
b1011 <
b1011 L
#1788000
b1100 +
b1100 0
b1100 <
b1100 L
#1789000
b1101 +
b1101 0
b1101 <
b1101 L
#1790000
b1110 +
b1110 0
b1110 <
b1110 L
#1791000
b1111 +
b1111 0
b1111 <
b1111 L
#1792000
0"
1b
1k
1t
b1111 2
b1111 9
b1111 Z
1}
0U
0T
0#
0^
1`
1a
0h
0i
1j
0q
0r
1s
0z
0{
1|
0]
0f
0o
0x
0!
b10 $
b10 4
b10 8
b0 5
b0 D
b0 F
b0 R
b0 X
b10 3
b10 :
b10 S
b0 B
b0 G
b0 M
1-
b0 *
b0 /
b0 ;
b0 K
b0 O
b0 +
b0 0
b0 <
b0 L
#1792001
0$"
0""
b10 !"
#1793000
b1 +
b1 0
b1 <
b1 L
#1794000
b10 +
b10 0
b10 <
b10 L
#1795000
b11 +
b11 0
b11 <
b11 L
#1796000
b100 +
b100 0
b100 <
b100 L
#1797000
b101 +
b101 0
b101 <
b101 L
#1798000
b110 +
b110 0
b110 <
b110 L
#1799000
b111 +
b111 0
b111 <
b111 L
#1800000
b1000 +
b1000 0
b1000 <
b1000 L
#1801000
b1001 +
b1001 0
b1001 <
b1001 L
#1802000
b1010 +
b1010 0
b1010 <
b1010 L
#1803000
b1011 +
b1011 0
b1011 <
b1011 L
#1804000
b1100 +
b1100 0
b1100 <
b1100 L
#1805000
b1101 +
b1101 0
b1101 <
b1101 L
#1806000
b1110 +
b1110 0
b1110 <
b1110 L
#1807000
b1111 +
b1111 0
b1111 <
b1111 L
#1808000
b11 $
b11 4
b11 8
b1110 2
b1110 9
b1110 Z
0b
b11 3
b11 :
b11 S
1^
0`
0a
1]
b1 5
b1 D
b1 F
b1 R
b1 X
b1 B
b1 G
b1 M
b1 *
b1 /
b1 ;
b1 K
b1 O
b0 +
b0 0
b0 <
b0 L
#1808001
b11 !"
#1809000
b1 +
b1 0
b1 <
b1 L
#1810000
b10 +
b10 0
b10 <
b10 L
#1811000
b11 +
b11 0
b11 <
b11 L
#1812000
b100 +
b100 0
b100 <
b100 L
#1813000
b101 +
b101 0
b101 <
b101 L
#1814000
b110 +
b110 0
b110 <
b110 L
#1815000
b111 +
b111 0
b111 <
b111 L
#1816000
b1000 +
b1000 0
b1000 <
b1000 L
#1817000
b1001 +
b1001 0
b1001 <
b1001 L
#1818000
b1010 +
b1010 0
b1010 <
b1010 L
#1819000
b1011 +
b1011 0
b1011 <
b1011 L
#1820000
b1100 +
b1100 0
b1100 <
b1100 L
#1821000
b1101 +
b1101 0
b1101 <
b1101 L
#1822000
b1110 +
b1110 0
b1110 <
b1110 L
#1823000
b1111 +
b1111 0
b1111 <
b1111 L
#1824000
b100 $
b100 4
b100 8
1b
b1101 2
b1101 9
b1101 Z
0k
b100 3
b100 :
b100 S
1U
0^
1`
1a
1h
1i
0j
0]
1f
b10 5
b10 D
b10 F
b10 R
b10 X
b10 B
b10 G
b10 M
b10 *
b10 /
b10 ;
b10 K
b10 O
b0 +
b0 0
b0 <
b0 L
#1824001
b100 !"
#1825000
b1 +
b1 0
b1 <
b1 L
#1826000
b10 +
b10 0
b10 <
b10 L
#1827000
b11 +
b11 0
b11 <
b11 L
#1828000
b100 +
b100 0
b100 <
b100 L
#1829000
b101 +
b101 0
b101 <
b101 L
#1830000
b110 +
b110 0
b110 <
b110 L
#1831000
b111 +
b111 0
b111 <
b111 L
#1832000
b1000 +
b1000 0
b1000 <
b1000 L
#1833000
b1001 +
b1001 0
b1001 <
b1001 L
#1834000
b1010 +
b1010 0
b1010 <
b1010 L
#1835000
b1011 +
b1011 0
b1011 <
b1011 L
#1836000
b1100 +
b1100 0
b1100 <
b1100 L
#1837000
b1101 +
b1101 0
b1101 <
b1101 L
#1838000
b1110 +
b1110 0
b1110 <
b1110 L
#1839000
b1111 +
b1111 0
b1111 <
b1111 L
#1840000
b101 $
b101 4
b101 8
b1100 2
b1100 9
b1100 Z
0b
b101 3
b101 :
b101 S
1^
0`
0a
1]
b11 5
b11 D
b11 F
b11 R
b11 X
b11 B
b11 G
b11 M
b11 *
b11 /
b11 ;
b11 K
b11 O
b0 +
b0 0
b0 <
b0 L
#1840001
b101 !"
#1841000
b1 +
b1 0
b1 <
b1 L
#1842000
b10 +
b10 0
b10 <
b10 L
#1843000
b11 +
b11 0
b11 <
b11 L
#1844000
b100 +
b100 0
b100 <
b100 L
#1845000
b101 +
b101 0
b101 <
b101 L
#1846000
b110 +
b110 0
b110 <
b110 L
#1847000
b111 +
b111 0
b111 <
b111 L
#1848000
b1000 +
b1000 0
b1000 <
b1000 L
#1849000
b1001 +
b1001 0
b1001 <
b1001 L
#1850000
b1010 +
b1010 0
b1010 <
b1010 L
#1851000
b1011 +
b1011 0
b1011 <
b1011 L
#1852000
b1100 +
b1100 0
b1100 <
b1100 L
#1853000
b1101 +
b1101 0
b1101 <
b1101 L
#1854000
b1110 +
b1110 0
b1110 <
b1110 L
#1855000
b1111 +
b1111 0
b1111 <
b1111 L
#1856000
0"
b110 $
b110 4
b110 8
1b
1k
b1011 2
b1011 9
b1011 Z
0t
0U
b110 3
b110 :
b110 S
0T
0^
1`
1a
0h
0i
1j
1q
1r
0s
0]
0f
1o
b100 5
b100 D
b100 F
b100 R
b100 X
b100 B
b100 G
b100 M
b100 *
b100 /
b100 ;
b100 K
b100 O
b0 +
b0 0
b0 <
b0 L
#1856001
b110 !"
#1857000
b1 +
b1 0
b1 <
b1 L
#1858000
b10 +
b10 0
b10 <
b10 L
#1859000
b11 +
b11 0
b11 <
b11 L
#1860000
b100 +
b100 0
b100 <
b100 L
#1861000
b101 +
b101 0
b101 <
b101 L
#1862000
b110 +
b110 0
b110 <
b110 L
#1863000
b111 +
b111 0
b111 <
b111 L
#1864000
b1000 +
b1000 0
b1000 <
b1000 L
#1865000
b1001 +
b1001 0
b1001 <
b1001 L
#1866000
b1010 +
b1010 0
b1010 <
b1010 L
#1867000
b1011 +
b1011 0
b1011 <
b1011 L
#1868000
b1100 +
b1100 0
b1100 <
b1100 L
#1869000
b1101 +
b1101 0
b1101 <
b1101 L
#1870000
b1110 +
b1110 0
b1110 <
b1110 L
#1871000
b1111 +
b1111 0
b1111 <
b1111 L
#1872000
b111 $
b111 4
b111 8
b1010 2
b1010 9
b1010 Z
0b
b111 3
b111 :
b111 S
1^
0`
0a
1]
b101 5
b101 D
b101 F
b101 R
b101 X
b101 B
b101 G
b101 M
b101 *
b101 /
b101 ;
b101 K
b101 O
b0 +
b0 0
b0 <
b0 L
#1872001
b111 !"
#1873000
b1 +
b1 0
b1 <
b1 L
#1874000
b10 +
b10 0
b10 <
b10 L
#1875000
b11 +
b11 0
b11 <
b11 L
#1876000
b100 +
b100 0
b100 <
b100 L
#1877000
b101 +
b101 0
b101 <
b101 L
#1878000
b110 +
b110 0
b110 <
b110 L
#1879000
b111 +
b111 0
b111 <
b111 L
#1880000
b1000 +
b1000 0
b1000 <
b1000 L
#1881000
b1001 +
b1001 0
b1001 <
b1001 L
#1882000
b1010 +
b1010 0
b1010 <
b1010 L
#1883000
b1011 +
b1011 0
b1011 <
b1011 L
#1884000
b1100 +
b1100 0
b1100 <
b1100 L
#1885000
b1101 +
b1101 0
b1101 <
b1101 L
#1886000
b1110 +
b1110 0
b1110 <
b1110 L
#1887000
b1111 +
b1111 0
b1111 <
b1111 L
#1888000
1"
0!
b1000 $
b1000 4
b1000 8
1T
1b
b1001 2
b1001 9
b1001 Z
0k
b1000 3
b1000 :
b1000 S
1U
0^
1`
1a
1h
1i
0j
0]
1f
b110 5
b110 D
b110 F
b110 R
b110 X
b110 B
b110 G
b110 M
b110 *
b110 /
b110 ;
b110 K
b110 O
b0 +
b0 0
b0 <
b0 L
#1888001
1#"
b1000 !"
#1889000
b1 +
b1 0
b1 <
b1 L
#1890000
b10 +
b10 0
b10 <
b10 L
#1891000
b11 +
b11 0
b11 <
b11 L
#1892000
b100 +
b100 0
b100 <
b100 L
#1893000
b101 +
b101 0
b101 <
b101 L
#1894000
b110 +
b110 0
b110 <
b110 L
#1895000
b111 +
b111 0
b111 <
b111 L
#1896000
b1000 +
b1000 0
b1000 <
b1000 L
#1897000
b1001 +
b1001 0
b1001 <
b1001 L
#1898000
b1010 +
b1010 0
b1010 <
b1010 L
#1899000
b1011 +
b1011 0
b1011 <
b1011 L
#1900000
b1100 +
b1100 0
b1100 <
b1100 L
#1901000
b1101 +
b1101 0
b1101 <
b1101 L
#1902000
b1110 +
b1110 0
b1110 <
b1110 L
#1903000
b1111 +
b1111 0
b1111 <
b1111 L
#1904000
b1001 $
b1001 4
b1001 8
b1000 2
b1000 9
b1000 Z
0b
b1001 3
b1001 :
b1001 S
1^
0`
0a
1]
b111 5
b111 D
b111 F
b111 R
b111 X
b111 B
b111 G
b111 M
b111 *
b111 /
b111 ;
b111 K
b111 O
b0 +
b0 0
b0 <
b0 L
#1904001
b1001 !"
#1905000
b1 +
b1 0
b1 <
b1 L
#1906000
b10 +
b10 0
b10 <
b10 L
#1907000
b11 +
b11 0
b11 <
b11 L
#1908000
b100 +
b100 0
b100 <
b100 L
#1909000
b101 +
b101 0
b101 <
b101 L
#1910000
b110 +
b110 0
b110 <
b110 L
#1911000
b111 +
b111 0
b111 <
b111 L
#1912000
b1000 +
b1000 0
b1000 <
b1000 L
#1913000
b1001 +
b1001 0
b1001 <
b1001 L
#1914000
b1010 +
b1010 0
b1010 <
b1010 L
#1915000
b1011 +
b1011 0
b1011 <
b1011 L
#1916000
b1100 +
b1100 0
b1100 <
b1100 L
#1917000
b1101 +
b1101 0
b1101 <
b1101 L
#1918000
b1110 +
b1110 0
b1110 <
b1110 L
#1919000
b1111 +
b1111 0
b1111 <
b1111 L
#1920000
1"
b1010 $
b1010 4
b1010 8
1b
1k
1t
b111 2
b111 9
b111 Z
0}
0U
0T
b1010 3
b1010 :
b1010 S
0#
0^
1`
1a
0h
0i
1j
0q
0r
1s
1z
1{
0|
0]
0f
0o
1x
b1000 5
b1000 D
b1000 F
b1000 R
b1000 X
b1000 B
b1000 G
b1000 M
b1000 *
b1000 /
b1000 ;
b1000 K
b1000 O
b0 +
b0 0
b0 <
b0 L
#1920001
b1010 !"
#1921000
b1 +
b1 0
b1 <
b1 L
#1922000
b10 +
b10 0
b10 <
b10 L
#1923000
b11 +
b11 0
b11 <
b11 L
#1924000
b100 +
b100 0
b100 <
b100 L
#1925000
b101 +
b101 0
b101 <
b101 L
#1926000
b110 +
b110 0
b110 <
b110 L
#1927000
b111 +
b111 0
b111 <
b111 L
#1928000
b1000 +
b1000 0
b1000 <
b1000 L
#1929000
b1001 +
b1001 0
b1001 <
b1001 L
#1930000
b1010 +
b1010 0
b1010 <
b1010 L
#1931000
b1011 +
b1011 0
b1011 <
b1011 L
#1932000
b1100 +
b1100 0
b1100 <
b1100 L
#1933000
b1101 +
b1101 0
b1101 <
b1101 L
#1934000
b1110 +
b1110 0
b1110 <
b1110 L
#1935000
b1111 +
b1111 0
b1111 <
b1111 L
#1936000
b1011 $
b1011 4
b1011 8
b110 2
b110 9
b110 Z
0b
b1011 3
b1011 :
b1011 S
1^
0`
0a
1]
b1001 5
b1001 D
b1001 F
b1001 R
b1001 X
b1001 B
b1001 G
b1001 M
b1001 *
b1001 /
b1001 ;
b1001 K
b1001 O
b0 +
b0 0
b0 <
b0 L
#1936001
b1011 !"
#1937000
b1 +
b1 0
b1 <
b1 L
#1938000
b10 +
b10 0
b10 <
b10 L
#1939000
b11 +
b11 0
b11 <
b11 L
#1940000
b100 +
b100 0
b100 <
b100 L
#1941000
b101 +
b101 0
b101 <
b101 L
#1942000
b110 +
b110 0
b110 <
b110 L
#1943000
b111 +
b111 0
b111 <
b111 L
#1944000
b1000 +
b1000 0
b1000 <
b1000 L
#1945000
b1001 +
b1001 0
b1001 <
b1001 L
#1946000
b1010 +
b1010 0
b1010 <
b1010 L
#1947000
b1011 +
b1011 0
b1011 <
b1011 L
#1948000
b1100 +
b1100 0
b1100 <
b1100 L
#1949000
b1101 +
b1101 0
b1101 <
b1101 L
#1950000
b1110 +
b1110 0
b1110 <
b1110 L
#1951000
b1111 +
b1111 0
b1111 <
b1111 L
#1952000
b1100 $
b1100 4
b1100 8
1b
b101 2
b101 9
b101 Z
0k
b1100 3
b1100 :
b1100 S
1U
0^
1`
1a
1h
1i
0j
0]
1f
b1010 5
b1010 D
b1010 F
b1010 R
b1010 X
b1010 B
b1010 G
b1010 M
b1010 *
b1010 /
b1010 ;
b1010 K
b1010 O
b0 +
b0 0
b0 <
b0 L
#1952001
b1100 !"
#1953000
b1 +
b1 0
b1 <
b1 L
#1954000
b10 +
b10 0
b10 <
b10 L
#1955000
b11 +
b11 0
b11 <
b11 L
#1956000
b100 +
b100 0
b100 <
b100 L
#1957000
b101 +
b101 0
b101 <
b101 L
#1958000
b110 +
b110 0
b110 <
b110 L
#1959000
b111 +
b111 0
b111 <
b111 L
#1960000
b1000 +
b1000 0
b1000 <
b1000 L
#1961000
b1001 +
b1001 0
b1001 <
b1001 L
#1962000
b1010 +
b1010 0
b1010 <
b1010 L
#1963000
b1011 +
b1011 0
b1011 <
b1011 L
#1964000
b1100 +
b1100 0
b1100 <
b1100 L
#1965000
b1101 +
b1101 0
b1101 <
b1101 L
#1966000
b1110 +
b1110 0
b1110 <
b1110 L
#1967000
b1111 +
b1111 0
b1111 <
b1111 L
#1968000
b1101 $
b1101 4
b1101 8
b100 2
b100 9
b100 Z
0b
b1101 3
b1101 :
b1101 S
1^
0`
0a
1]
b1011 5
b1011 D
b1011 F
b1011 R
b1011 X
b1011 B
b1011 G
b1011 M
b1011 *
b1011 /
b1011 ;
b1011 K
b1011 O
b0 +
b0 0
b0 <
b0 L
#1968001
b1101 !"
#1969000
b1 +
b1 0
b1 <
b1 L
#1970000
b10 +
b10 0
b10 <
b10 L
#1971000
b11 +
b11 0
b11 <
b11 L
#1972000
b100 +
b100 0
b100 <
b100 L
#1973000
b101 +
b101 0
b101 <
b101 L
#1974000
b110 +
b110 0
b110 <
b110 L
#1975000
b111 +
b111 0
b111 <
b111 L
#1976000
b1000 +
b1000 0
b1000 <
b1000 L
#1977000
b1001 +
b1001 0
b1001 <
b1001 L
#1978000
b1010 +
b1010 0
b1010 <
b1010 L
#1979000
b1011 +
b1011 0
b1011 <
b1011 L
#1980000
b1100 +
b1100 0
b1100 <
b1100 L
#1981000
b1101 +
b1101 0
b1101 <
b1101 L
#1982000
b1110 +
b1110 0
b1110 <
b1110 L
#1983000
b1111 +
b1111 0
b1111 <
b1111 L
#1984000
1"
b1110 $
b1110 4
b1110 8
0#
1b
1k
b11 2
b11 9
b11 Z
0t
0U
b1110 3
b1110 :
b1110 S
0T
0^
1`
1a
0h
0i
1j
1q
1r
0s
0]
0f
1o
b1100 5
b1100 D
b1100 F
b1100 R
b1100 X
b1100 B
b1100 G
b1100 M
b1100 *
b1100 /
b1100 ;
b1100 K
b1100 O
b0 +
b0 0
b0 <
b0 L
#1984001
b1110 !"
#1985000
b1 +
b1 0
b1 <
b1 L
#1986000
b10 +
b10 0
b10 <
b10 L
#1987000
b11 +
b11 0
b11 <
b11 L
#1988000
b100 +
b100 0
b100 <
b100 L
#1989000
b101 +
b101 0
b101 <
b101 L
#1990000
b110 +
b110 0
b110 <
b110 L
#1991000
b111 +
b111 0
b111 <
b111 L
#1992000
b1000 +
b1000 0
b1000 <
b1000 L
#1993000
b1001 +
b1001 0
b1001 <
b1001 L
#1994000
b1010 +
b1010 0
b1010 <
b1010 L
#1995000
b1011 +
b1011 0
b1011 <
b1011 L
#1996000
b1100 +
b1100 0
b1100 <
b1100 L
#1997000
b1101 +
b1101 0
b1101 <
b1101 L
#1998000
b1110 +
b1110 0
b1110 <
b1110 L
#1999000
b1111 +
b1111 0
b1111 <
b1111 L
#2000000
b1111 $
b1111 4
b1111 8
b10 2
b10 9
b10 Z
0b
b1111 3
b1111 :
b1111 S
1^
0`
0a
1]
b1101 5
b1101 D
b1101 F
b1101 R
b1101 X
b1101 B
b1101 G
b1101 M
b1101 *
b1101 /
b1101 ;
b1101 K
b1101 O
b0 +
b0 0
b0 <
b0 L
#2000001
b1111 !"
#2001000
b1 +
b1 0
b1 <
b1 L
#2002000
b10 +
b10 0
b10 <
b10 L
#2003000
b11 +
b11 0
b11 <
b11 L
#2004000
b100 +
b100 0
b100 <
b100 L
#2005000
b101 +
b101 0
b101 <
b101 L
#2006000
b110 +
b110 0
b110 <
b110 L
#2007000
b111 +
b111 0
b111 <
b111 L
#2008000
b1000 +
b1000 0
b1000 <
b1000 L
#2009000
b1001 +
b1001 0
b1001 <
b1001 L
#2010000
b1010 +
b1010 0
b1010 <
b1010 L
#2011000
b1011 +
b1011 0
b1011 <
b1011 L
#2012000
b1100 +
b1100 0
b1100 <
b1100 L
#2013000
b1101 +
b1101 0
b1101 <
b1101 L
#2014000
b1110 +
b1110 0
b1110 <
b1110 L
#2015000
b1111 +
b1111 0
b1111 <
b1111 L
#2016000
0"
1!
1#
b0 $
b0 4
b0 8
1T
1b
b1 2
b1 9
b1 Z
0k
b0 3
b0 :
b0 S
1U
0^
1`
1a
1h
1i
0j
0]
1f
b1110 5
b1110 D
b1110 F
b1110 R
b1110 X
b1110 B
b1110 G
b1110 M
b1110 *
b1110 /
b1110 ;
b1110 K
b1110 O
b0 +
b0 0
b0 <
b0 L
#2016001
1$"
0#"
1""
b10000 !"
#2017000
b1 +
b1 0
b1 <
b1 L
#2018000
b10 +
b10 0
b10 <
b10 L
#2019000
b11 +
b11 0
b11 <
b11 L
#2020000
b100 +
b100 0
b100 <
b100 L
#2021000
b101 +
b101 0
b101 <
b101 L
#2022000
b110 +
b110 0
b110 <
b110 L
#2023000
b111 +
b111 0
b111 <
b111 L
#2024000
b1000 +
b1000 0
b1000 <
b1000 L
#2025000
b1001 +
b1001 0
b1001 <
b1001 L
#2026000
b1010 +
b1010 0
b1010 <
b1010 L
#2027000
b1011 +
b1011 0
b1011 <
b1011 L
#2028000
b1100 +
b1100 0
b1100 <
b1100 L
#2029000
b1101 +
b1101 0
b1101 <
b1101 L
#2030000
b1110 +
b1110 0
b1110 <
b1110 L
#2031000
b1111 +
b1111 0
b1111 <
b1111 L
#2032000
0!
b1 $
b1 4
b1 8
b0 2
b0 9
b0 Z
0b
b1 3
b1 :
b1 S
1^
0`
0a
1]
b1111 5
b1111 D
b1111 F
b1111 R
b1111 X
b1111 B
b1111 G
b1111 M
b1111 *
b1111 /
b1111 ;
b1111 K
b1111 O
b0 +
b0 0
b0 <
b0 L
#2032001
0$"
b10001 !"
#2033000
b1 +
b1 0
b1 <
b1 L
#2034000
b10 +
b10 0
b10 <
b10 L
#2035000
b11 +
b11 0
b11 <
b11 L
#2036000
b100 +
b100 0
b100 <
b100 L
#2037000
b101 +
b101 0
b101 <
b101 L
#2038000
b110 +
b110 0
b110 <
b110 L
#2039000
b111 +
b111 0
b111 <
b111 L
#2040000
b1000 +
b1000 0
b1000 <
b1000 L
#2041000
b1001 +
b1001 0
b1001 <
b1001 L
#2042000
b1010 +
b1010 0
b1010 <
b1010 L
#2043000
b1011 +
b1011 0
b1011 <
b1011 L
#2044000
b1100 +
b1100 0
b1100 <
b1100 L
#2045000
b1101 +
b1101 0
b1101 <
b1101 L
#2046000
b1110 +
b1110 0
b1110 <
b1110 L
#2047000
b1111 +
b1111 0
b1111 <
b1111 L
#2048000
0_
0\
b0 6
b0 E
b0 P
b0 Q
b0 W
0V
0U
0T
0#
0^
0`
1a
0h
0i
1j
0q
0r
1s
0z
0{
1|
b0 C
b0 J
b0 N
1@
1A
0]
0f
0o
0x
b0 2
b0 9
b0 Z
0b
0>
1!
b0 $
b0 4
b0 8
b0 5
b0 D
b0 F
b0 R
b0 X
b0 Y
b0 [
b0 c
b0 d
b0 l
b0 m
b0 u
b0 v
b0 ~
17
b0 3
b0 :
b0 S
b0 B
b0 G
b0 M
b100 ,
b100 1
b100 =
0-
b0 *
b0 /
b0 ;
b0 K
b0 O
b0 +
b0 0
b0 <
b0 L
#2048001
1$"
0""
b0 !"
#2049000
b1 3
b1 :
b1 S
1_
1`
0a
1]
b1 5
b1 D
b1 F
b1 R
b1 X
b1 B
b1 G
b1 M
b1 +
b1 0
b1 <
b1 L
#2050000
b10 3
b10 :
b10 S
0_
0`
1a
1h
1i
0j
0]
1f
b10 5
b10 D
b10 F
b10 R
b10 X
b10 B
b10 G
b10 M
b10 +
b10 0
b10 <
b10 L
#2051000
b11 3
b11 :
b11 S
1_
1`
0a
1]
b11 5
b11 D
b11 F
b11 R
b11 X
b11 B
b11 G
b11 M
b11 +
b11 0
b11 <
b11 L
#2052000
b100 3
b100 :
b100 S
0_
0`
1a
0h
0i
1j
1q
1r
0s
0]
0f
1o
b100 5
b100 D
b100 F
b100 R
b100 X
b100 B
b100 G
b100 M
b100 +
b100 0
b100 <
b100 L
#2053000
b101 3
b101 :
b101 S
1_
1`
0a
1]
b101 5
b101 D
b101 F
b101 R
b101 X
b101 B
b101 G
b101 M
b101 +
b101 0
b101 <
b101 L
#2054000
b110 3
b110 :
b110 S
0_
0`
1a
1h
1i
0j
0]
1f
b110 5
b110 D
b110 F
b110 R
b110 X
b110 B
b110 G
b110 M
b110 +
b110 0
b110 <
b110 L
#2055000
b111 3
b111 :
b111 S
1_
1`
0a
1]
b111 5
b111 D
b111 F
b111 R
b111 X
b111 B
b111 G
b111 M
b111 +
b111 0
b111 <
b111 L
#2056000
b1000 3
b1000 :
b1000 S
0_
0`
1a
0h
0i
1j
0q
0r
1s
1z
1{
0|
0]
0f
0o
1x
b1000 5
b1000 D
b1000 F
b1000 R
b1000 X
b1000 B
b1000 G
b1000 M
b1000 +
b1000 0
b1000 <
b1000 L
#2057000
b1001 3
b1001 :
b1001 S
1_
1`
0a
1]
b1001 5
b1001 D
b1001 F
b1001 R
b1001 X
b1001 B
b1001 G
b1001 M
b1001 +
b1001 0
b1001 <
b1001 L
#2058000
b1010 3
b1010 :
b1010 S
0_
0`
1a
1h
1i
0j
0]
1f
b1010 5
b1010 D
b1010 F
b1010 R
b1010 X
b1010 B
b1010 G
b1010 M
b1010 +
b1010 0
b1010 <
b1010 L
#2059000
b1011 3
b1011 :
b1011 S
1_
1`
0a
1]
b1011 5
b1011 D
b1011 F
b1011 R
b1011 X
b1011 B
b1011 G
b1011 M
b1011 +
b1011 0
b1011 <
b1011 L
#2060000
b1100 3
b1100 :
b1100 S
0_
0`
1a
0h
0i
1j
1q
1r
0s
0]
0f
1o
b1100 5
b1100 D
b1100 F
b1100 R
b1100 X
b1100 B
b1100 G
b1100 M
b1100 +
b1100 0
b1100 <
b1100 L
#2061000
b1101 3
b1101 :
b1101 S
1_
1`
0a
1]
b1101 5
b1101 D
b1101 F
b1101 R
b1101 X
b1101 B
b1101 G
b1101 M
b1101 +
b1101 0
b1101 <
b1101 L
#2062000
b1110 3
b1110 :
b1110 S
0_
0`
1a
1h
1i
0j
0]
1f
b1110 5
b1110 D
b1110 F
b1110 R
b1110 X
b1110 B
b1110 G
b1110 M
b1110 +
b1110 0
b1110 <
b1110 L
#2063000
b1111 3
b1111 :
b1111 S
1_
1`
0a
1]
b1111 5
b1111 D
b1111 F
b1111 R
b1111 X
b1111 B
b1111 G
b1111 M
b1111 +
b1111 0
b1111 <
b1111 L
#2064000
b1 3
b1 :
b1 S
1a
0h
0i
1j
0q
0r
1s
0z
0{
1|
0]
0f
0o
0x
1\
b0 5
b0 D
b0 F
b0 R
b0 X
b1 6
b1 E
b1 P
b1 Q
b1 W
b0 B
b0 G
b0 M
b1 *
b1 /
b1 ;
b1 K
b1 O
b0 +
b0 0
b0 <
b0 L
#2065000
0!
b1 $
b1 4
b1 8
b1 2
b1 9
b1 Z
1b
b10 3
b10 :
b10 S
1V
1^
0`
0a
1]
b1 5
b1 D
b1 F
b1 R
b1 X
b1 B
b1 G
b1 M
b1 +
b1 0
b1 <
b1 L
#2065001
0$"
b1 !"
#2066000
1!
b0 $
b0 4
b0 8
b0 2
b0 9
b0 Z
0b
0V
b11 3
b11 :
b11 S
0U
0^
1`
1a
1h
1i
0j
0]
1f
b10 5
b10 D
b10 F
b10 R
b10 X
b10 B
b10 G
b10 M
b10 +
b10 0
b10 <
b10 L
#2066001
1$"
b0 !"
#2067000
0!
b1 $
b1 4
b1 8
1U
b1 2
b1 9
b1 Z
1b
b100 3
b100 :
b100 S
1V
1^
0`
0a
1]
b11 5
b11 D
b11 F
b11 R
b11 X
b11 B
b11 G
b11 M
b11 +
b11 0
b11 <
b11 L
#2067001
0$"
b1 !"
#2068000
1!
b0 $
b0 4
b0 8
b0 2
b0 9
b0 Z
0b
0V
0U
b101 3
b101 :
b101 S
0T
0^
1`
1a
0h
0i
1j
1q
1r
0s
0]
0f
1o
b100 5
b100 D
b100 F
b100 R
b100 X
b100 B
b100 G
b100 M
b100 +
b100 0
b100 <
b100 L
#2068001
1$"
b0 !"
#2069000
0!
b1 $
b1 4
b1 8
b1 2
b1 9
b1 Z
1b
b110 3
b110 :
b110 S
1V
1^
0`
0a
1]
b101 5
b101 D
b101 F
b101 R
b101 X
b101 B
b101 G
b101 M
b101 +
b101 0
b101 <
b101 L
#2069001
0$"
b1 !"
#2070000
1!
b0 $
b0 4
b0 8
0T
b0 2
b0 9
b0 Z
0b
0V
b111 3
b111 :
b111 S
0U
0^
1`
1a
1h
1i
0j
0]
1f
b110 5
b110 D
b110 F
b110 R
b110 X
b110 B
b110 G
b110 M
b110 +
b110 0
b110 <
b110 L
#2070001
1$"
b0 !"
#2071000
1T
0!
b1 $
b1 4
b1 8
1U
b1 2
b1 9
b1 Z
1b
b1000 3
b1000 :
b1000 S
1V
1^
0`
0a
1]
b111 5
b111 D
b111 F
b111 R
b111 X
b111 B
b111 G
b111 M
b111 +
b111 0
b111 <
b111 L
#2071001
0$"
b1 !"
#2072000
1!
b0 $
b0 4
b0 8
b0 2
b0 9
b0 Z
0b
0V
0U
0T
b1001 3
b1001 :
b1001 S
0#
0^
1`
1a
0h
0i
1j
0q
0r
1s
1z
1{
0|
0]
0f
0o
1x
b1000 5
b1000 D
b1000 F
b1000 R
b1000 X
b1000 B
b1000 G
b1000 M
b1000 +
b1000 0
b1000 <
b1000 L
#2072001
1$"
b0 !"
#2073000
0!
b1 $
b1 4
b1 8
b1 2
b1 9
b1 Z
1b
b1010 3
b1010 :
b1010 S
1V
1^
0`
0a
1]
b1001 5
b1001 D
b1001 F
b1001 R
b1001 X
b1001 B
b1001 G
b1001 M
b1001 +
b1001 0
b1001 <
b1001 L
#2073001
0$"
b1 !"
#2074000
1!
b0 $
b0 4
b0 8
b0 2
b0 9
b0 Z
0b
0V
b1011 3
b1011 :
b1011 S
0U
0^
1`
1a
1h
1i
0j
0]
1f
b1010 5
b1010 D
b1010 F
b1010 R
b1010 X
b1010 B
b1010 G
b1010 M
b1010 +
b1010 0
b1010 <
b1010 L
#2074001
1$"
b0 !"
#2075000
0!
b1 $
b1 4
b1 8
1U
b1 2
b1 9
b1 Z
1b
b1100 3
b1100 :
b1100 S
1V
1^
0`
0a
1]
b1011 5
b1011 D
b1011 F
b1011 R
b1011 X
b1011 B
b1011 G
b1011 M
b1011 +
b1011 0
b1011 <
b1011 L
#2075001
0$"
b1 !"
#2076000
1!
b0 $
b0 4
b0 8
0#
b0 2
b0 9
b0 Z
0b
0V
0U
b1101 3
b1101 :
b1101 S
0T
0^
1`
1a
0h
0i
1j
1q
1r
0s
0]
0f
1o
b1100 5
b1100 D
b1100 F
b1100 R
b1100 X
b1100 B
b1100 G
b1100 M
b1100 +
b1100 0
b1100 <
b1100 L
#2076001
1$"
b0 !"
#2077000
0!
b1 $
b1 4
b1 8
b1 2
b1 9
b1 Z
1b
b1110 3
b1110 :
b1110 S
1V
1^
0`
0a
1]
b1101 5
b1101 D
b1101 F
b1101 R
b1101 X
b1101 B
b1101 G
b1101 M
b1101 +
b1101 0
b1101 <
b1101 L
#2077001
0$"
b1 !"
#2078000
0#
1!
b0 $
b0 4
b0 8
0T
b0 2
b0 9
b0 Z
0b
0V
b1111 3
b1111 :
b1111 S
0U
0^
1`
1a
1h
1i
0j
0]
1f
b1110 5
b1110 D
b1110 F
b1110 R
b1110 X
b1110 B
b1110 G
b1110 M
b1110 +
b1110 0
b1110 <
b1110 L
#2078001
1$"
b0 !"
#2079000
1#
1T
0!
b1 $
b1 4
b1 8
1U
b1 2
b1 9
b1 Z
1b
b0 3
b0 :
b0 S
1V
1^
0`
0a
1]
b1111 5
b1111 D
b1111 F
b1111 R
b1111 X
b1111 B
b1111 G
b1111 M
b1111 +
b1111 0
b1111 <
b1111 L
#2079001
0$"
b1 !"
#2080000
1!
b0 $
b0 4
b0 8
0U
b0 2
b0 9
b0 Z
0b
0T
b10 3
b10 :
b10 S
0#
1a
1j
0q
0r
1s
0z
0{
1|
0V
0^
0_
0]
0f
0o
0x
0\
1e
b0 5
b0 D
b0 F
b0 R
b0 X
b10 6
b10 E
b10 P
b10 Q
b10 W
b0 B
b0 G
b0 M
b10 *
b10 /
b10 ;
b10 K
b10 O
b0 +
b0 0
b0 <
b0 L
#2080001
1$"
b0 !"
#2081000
b11 3
b11 :
b11 S
1_
1`
0a
1]
b1 5
b1 D
b1 F
b1 R
b1 X
b1 B
b1 G
b1 M
b1 +
b1 0
b1 <
b1 L
#2082000
0!
b10 $
b10 4
b10 8
b10 2
b10 9
b10 Z
1k
b100 3
b100 :
b100 S
1U
0_
0`
1a
1g
0i
0j
0]
1f
b10 5
b10 D
b10 F
b10 R
b10 X
b10 B
b10 G
b10 M
b10 +
b10 0
b10 <
b10 L
#2082001
0$"
b10 !"
#2083000
b101 3
b101 :
b101 S
1_
1`
0a
1]
b11 5
b11 D
b11 F
b11 R
b11 X
b11 B
b11 G
b11 M
b11 +
b11 0
b11 <
b11 L
#2084000
1!
b0 $
b0 4
b0 8
b0 2
b0 9
b0 Z
0k
0U
b110 3
b110 :
b110 S
0T
0_
0`
1a
0g
1i
1j
1q
1r
0s
0]
0f
1o
b100 5
b100 D
b100 F
b100 R
b100 X
b100 B
b100 G
b100 M
b100 +
b100 0
b100 <
b100 L
#2084001
1$"
b0 !"
#2085000
b111 3
b111 :
b111 S
1_
1`
0a
1]
b101 5
b101 D
b101 F
b101 R
b101 X
b101 B
b101 G
b101 M
b101 +
b101 0
b101 <
b101 L
#2086000
0!
b10 $
b10 4
b10 8
1T
b10 2
b10 9
b10 Z
1k
b1000 3
b1000 :
b1000 S
1U
0_
0`
1a
1g
0i
0j
0]
1f
b110 5
b110 D
b110 F
b110 R
b110 X
b110 B
b110 G
b110 M
b110 +
b110 0
b110 <
b110 L
#2086001
0$"
b10 !"
#2087000
b1001 3
b1001 :
b1001 S
1_
1`
0a
1]
b111 5
b111 D
b111 F
b111 R
b111 X
b111 B
b111 G
b111 M
b111 +
b111 0
b111 <
b111 L
#2088000
1!
b0 $
b0 4
b0 8
b0 2
b0 9
b0 Z
0k
0U
0T
b1010 3
b1010 :
b1010 S
0#
0_
0`
1a
0g
1i
1j
0q
0r
1s
1z
1{
0|
0]
0f
0o
1x
b1000 5
b1000 D
b1000 F
b1000 R
b1000 X
b1000 B
b1000 G
b1000 M
b1000 +
b1000 0
b1000 <
b1000 L
#2088001
1$"
b0 !"
#2089000
b1011 3
b1011 :
b1011 S
1_
1`
0a
1]
b1001 5
b1001 D
b1001 F
b1001 R
b1001 X
b1001 B
b1001 G
b1001 M
b1001 +
b1001 0
b1001 <
b1001 L
#2090000
0!
b10 $
b10 4
b10 8
b10 2
b10 9
b10 Z
1k
b1100 3
b1100 :
b1100 S
1U
0_
0`
1a
1g
0i
0j
0]
1f
b1010 5
b1010 D
b1010 F
b1010 R
b1010 X
b1010 B
b1010 G
b1010 M
b1010 +
b1010 0
b1010 <
b1010 L
#2090001
0$"
b10 !"
#2091000
b1101 3
b1101 :
b1101 S
1_
1`
0a
1]
b1011 5
b1011 D
b1011 F
b1011 R
b1011 X
b1011 B
b1011 G
b1011 M
b1011 +
b1011 0
b1011 <
b1011 L
#2092000
1!
b0 $
b0 4
b0 8
0#
b0 2
b0 9
b0 Z
0k
0U
b1110 3
b1110 :
b1110 S
0T
0_
0`
1a
0g
1i
1j
1q
1r
0s
0]
0f
1o
b1100 5
b1100 D
b1100 F
b1100 R
b1100 X
b1100 B
b1100 G
b1100 M
b1100 +
b1100 0
b1100 <
b1100 L
#2092001
1$"
b0 !"
#2093000
b1111 3
b1111 :
b1111 S
1_
1`
0a
1]
b1101 5
b1101 D
b1101 F
b1101 R
b1101 X
b1101 B
b1101 G
b1101 M
b1101 +
b1101 0
b1101 <
b1101 L
#2094000
1#
0!
b10 $
b10 4
b10 8
1T
b10 2
b10 9
b10 Z
1k
b0 3
b0 :
b0 S
1U
0_
0`
1a
1g
0i
0j
0]
1f
b1110 5
b1110 D
b1110 F
b1110 R
b1110 X
b1110 B
b1110 G
b1110 M
b1110 +
b1110 0
b1110 <
b1110 L
#2094001
0$"
b10 !"
#2095000
b1 3
b1 :
b1 S
1_
1`
0a
1]
b1111 5
b1111 D
b1111 F
b1111 R
b1111 X
b1111 B
b1111 G
b1111 M
b1111 +
b1111 0
b1111 <
b1111 L
#2096000
1!
b0 $
b0 4
b0 8
b0 2
b0 9
b0 Z
0k
0U
0T
b11 3
b11 :
b11 S
0#
1a
0g
1i
1j
0q
0r
1s
0z
0{
1|
0]
0f
0o
0x
1\
b0 5
b0 D
b0 F
b0 R
b0 X
b11 6
b11 E
b11 P
b11 Q
b11 W
b0 B
b0 G
b0 M
b11 *
b11 /
b11 ;
b11 K
b11 O
b0 +
b0 0
b0 <
b0 L
#2096001
1$"
b0 !"
#2097000
0!
b1 $
b1 4
b1 8
1U
b1 2
b1 9
b1 Z
1b
b100 3
b100 :
b100 S
1V
1^
0`
0a
1]
b1 5
b1 D
b1 F
b1 R
b1 X
b1 B
b1 G
b1 M
b1 +
b1 0
b1 <
b1 L
#2097001
0$"
b1 !"
#2098000
b10 $
b10 4
b10 8
0b
b10 2
b10 9
b10 Z
1k
0V
b101 3
b101 :
b101 S
0^
1`
1a
1g
0i
0j
0]
1f
b10 5
b10 D
b10 F
b10 R
b10 X
b10 B
b10 G
b10 M
b10 +
b10 0
b10 <
b10 L
#2098001
b10 !"
#2099000
b11 $
b11 4
b11 8
b11 2
b11 9
b11 Z
1b
b110 3
b110 :
b110 S
1V
1^
0`
0a
1]
b11 5
b11 D
b11 F
b11 R
b11 X
b11 B
b11 G
b11 M
b11 +
b11 0
b11 <
b11 L
#2099001
b11 !"
#2100000
1!
b0 $
b0 4
b0 8
0U
0b
b0 2
b0 9
b0 Z
0k
0V
b111 3
b111 :
b111 S
0T
0^
1`
1a
0g
1i
1j
1q
1r
0s
0]
0f
1o
b100 5
b100 D
b100 F
b100 R
b100 X
b100 B
b100 G
b100 M
b100 +
b100 0
b100 <
b100 L
#2100001
1$"
b0 !"
#2101000
1T
0!
b1 $
b1 4
b1 8
1U
b1 2
b1 9
b1 Z
1b
b1000 3
b1000 :
b1000 S
1V
1^
0`
0a
1]
b101 5
b101 D
b101 F
b101 R
b101 X
b101 B
b101 G
b101 M
b101 +
b101 0
b101 <
b101 L
#2101001
0$"
b1 !"
#2102000
b10 $
b10 4
b10 8
0b
b10 2
b10 9
b10 Z
1k
0V
b1001 3
b1001 :
b1001 S
0^
1`
1a
1g
0i
0j
0]
1f
b110 5
b110 D
b110 F
b110 R
b110 X
b110 B
b110 G
b110 M
b110 +
b110 0
b110 <
b110 L
#2102001
b10 !"
#2103000
b11 $
b11 4
b11 8
b11 2
b11 9
b11 Z
1b
b1010 3
b1010 :
b1010 S
1V
1^
0`
0a
1]
b111 5
b111 D
b111 F
b111 R
b111 X
b111 B
b111 G
b111 M
b111 +
b111 0
b111 <
b111 L
#2103001
b11 !"
#2104000
1!
b0 $
b0 4
b0 8
0U
0b
b0 2
b0 9
b0 Z
0k
0V
0T
b1011 3
b1011 :
b1011 S
0#
0^
1`
1a
0g
1i
1j
0q
0r
1s
1z
1{
0|
0]
0f
0o
1x
b1000 5
b1000 D
b1000 F
b1000 R
b1000 X
b1000 B
b1000 G
b1000 M
b1000 +
b1000 0
b1000 <
b1000 L
#2104001
1$"
b0 !"
#2105000
0!
b1 $
b1 4
b1 8
1U
b1 2
b1 9
b1 Z
1b
b1100 3
b1100 :
b1100 S
1V
1^
0`
0a
1]
b1001 5
b1001 D
b1001 F
b1001 R
b1001 X
b1001 B
b1001 G
b1001 M
b1001 +
b1001 0
b1001 <
b1001 L
#2105001
0$"
b1 !"
#2106000
b10 $
b10 4
b10 8
0b
b10 2
b10 9
b10 Z
1k
0V
b1101 3
b1101 :
b1101 S
0^
1`
1a
1g
0i
0j
0]
1f
b1010 5
b1010 D
b1010 F
b1010 R
b1010 X
b1010 B
b1010 G
b1010 M
b1010 +
b1010 0
b1010 <
b1010 L
#2106001
b10 !"
#2107000
b11 $
b11 4
b11 8
b11 2
b11 9
b11 Z
1b
b1110 3
b1110 :
b1110 S
1V
1^
0`
0a
1]
b1011 5
b1011 D
b1011 F
b1011 R
b1011 X
b1011 B
b1011 G
b1011 M
b1011 +
b1011 0
b1011 <
b1011 L
#2107001
b11 !"
#2108000
1!
b0 $
b0 4
b0 8
0U
0#
0b
b0 2
b0 9
b0 Z
0k
0V
b1111 3
b1111 :
b1111 S
0T
0^
1`
1a
0g
1i
1j
1q
1r
0s
0]
0f
1o
b1100 5
b1100 D
b1100 F
b1100 R
b1100 X
b1100 B
b1100 G
b1100 M
b1100 +
b1100 0
b1100 <
b1100 L
#2108001
1$"
b0 !"
#2109000
1#
1T
0!
b1 $
b1 4
b1 8
1U
b1 2
b1 9
b1 Z
1b
b0 3
b0 :
b0 S
1V
1^
0`
0a
1]
b1101 5
b1101 D
b1101 F
b1101 R
b1101 X
b1101 B
b1101 G
b1101 M
b1101 +
b1101 0
b1101 <
b1101 L
#2109001
0$"
b1 !"
#2110000
b10 $
b10 4
b10 8
0b
b10 2
b10 9
b10 Z
1k
0V
b1 3
b1 :
b1 S
0^
1`
1a
1g
0i
0j
0]
1f
b1110 5
b1110 D
b1110 F
b1110 R
b1110 X
b1110 B
b1110 G
b1110 M
b1110 +
b1110 0
b1110 <
b1110 L
#2110001
b10 !"
#2111000
b11 $
b11 4
b11 8
b11 2
b11 9
b11 Z
1b
b10 3
b10 :
b10 S
1V
1^
0`
0a
1]
b1111 5
b1111 D
b1111 F
b1111 R
b1111 X
b1111 B
b1111 G
b1111 M
b1111 +
b1111 0
b1111 <
b1111 L
#2111001
b11 !"
#2112000
1!
b0 $
b0 4
b0 8
0T
0b
b0 2
b0 9
b0 Z
0k
0U
b100 3
b100 :
b100 S
0#
1a
1j
1s
0z
0{
1|
0V
0^
0_
0g
0h
0]
0f
0o
0x
0\
0e
1n
b0 5
b0 D
b0 F
b0 R
b0 X
b100 6
b100 E
b100 P
b100 Q
b100 W
b0 B
b0 G
b0 M
b100 *
b100 /
b100 ;
b100 K
b100 O
b0 +
b0 0
b0 <
b0 L
#2112001
1$"
b0 !"
#2113000
b101 3
b101 :
b101 S
1_
1`
0a
1]
b1 5
b1 D
b1 F
b1 R
b1 X
b1 B
b1 G
b1 M
b1 +
b1 0
b1 <
b1 L
#2114000
b110 3
b110 :
b110 S
0_
0`
1a
1h
1i
0j
0]
1f
b10 5
b10 D
b10 F
b10 R
b10 X
b10 B
b10 G
b10 M
b10 +
b10 0
b10 <
b10 L
#2115000
b111 3
b111 :
b111 S
1_
1`
0a
1]
b11 5
b11 D
b11 F
b11 R
b11 X
b11 B
b11 G
b11 M
b11 +
b11 0
b11 <
b11 L
#2116000
0!
b100 $
b100 4
b100 8
b100 2
b100 9
b100 Z
1t
b1000 3
b1000 :
b1000 S
1T
0_
0`
1a
0h
0i
1j
1p
0r
0s
0]
0f
1o
b100 5
b100 D
b100 F
b100 R
b100 X
b100 B
b100 G
b100 M
b100 +
b100 0
b100 <
b100 L
#2116001
0$"
b100 !"
#2117000
b1001 3
b1001 :
b1001 S
1_
1`
0a
1]
b101 5
b101 D
b101 F
b101 R
b101 X
b101 B
b101 G
b101 M
b101 +
b101 0
b101 <
b101 L
#2118000
b1010 3
b1010 :
b1010 S
0_
0`
1a
1h
1i
0j
0]
1f
b110 5
b110 D
b110 F
b110 R
b110 X
b110 B
b110 G
b110 M
b110 +
b110 0
b110 <
b110 L
#2119000
b1011 3
b1011 :
b1011 S
1_
1`
0a
1]
b111 5
b111 D
b111 F
b111 R
b111 X
b111 B
b111 G
b111 M
b111 +
b111 0
b111 <
b111 L
#2120000
1!
b0 $
b0 4
b0 8
b0 2
b0 9
b0 Z
0t
0T
b1100 3
b1100 :
b1100 S
0#
0_
0`
1a
0h
0i
1j
0p
1r
1s
1z
1{
0|
0]
0f
0o
1x
b1000 5
b1000 D
b1000 F
b1000 R
b1000 X
b1000 B
b1000 G
b1000 M
b1000 +
b1000 0
b1000 <
b1000 L
#2120001
1$"
b0 !"
#2121000
b1101 3
b1101 :
b1101 S
1_
1`
0a
1]
b1001 5
b1001 D
b1001 F
b1001 R
b1001 X
b1001 B
b1001 G
b1001 M
b1001 +
b1001 0
b1001 <
b1001 L
#2122000
b1110 3
b1110 :
b1110 S
0_
0`
1a
1h
1i
0j
0]
1f
b1010 5
b1010 D
b1010 F
b1010 R
b1010 X
b1010 B
b1010 G
b1010 M
b1010 +
b1010 0
b1010 <
b1010 L
#2123000
b1111 3
b1111 :
b1111 S
1_
1`
0a
1]
b1011 5
b1011 D
b1011 F
b1011 R
b1011 X
b1011 B
b1011 G
b1011 M
b1011 +
b1011 0
b1011 <
b1011 L
#2124000
0!
b100 $
b100 4
b100 8
1#
b100 2
b100 9
b100 Z
1t
b0 3
b0 :
b0 S
1T
0_
0`
1a
0h
0i
1j
1p
0r
0s
0]
0f
1o
b1100 5
b1100 D
b1100 F
b1100 R
b1100 X
b1100 B
b1100 G
b1100 M
b1100 +
b1100 0
b1100 <
b1100 L
#2124001
0$"
b100 !"
#2125000
b1 3
b1 :
b1 S
1_
1`
0a
1]
b1101 5
b1101 D
b1101 F
b1101 R
b1101 X
b1101 B
b1101 G
b1101 M
b1101 +
b1101 0
b1101 <
b1101 L
#2126000
b10 3
b10 :
b10 S
0_
0`
1a
1h
1i
0j
0]
1f
b1110 5
b1110 D
b1110 F
b1110 R
b1110 X
b1110 B
b1110 G
b1110 M
b1110 +
b1110 0
b1110 <
b1110 L
#2127000
b11 3
b11 :
b11 S
1_
1`
0a
1]
b1111 5
b1111 D
b1111 F
b1111 R
b1111 X
b1111 B
b1111 G
b1111 M
b1111 +
b1111 0
b1111 <
b1111 L
#2128000
1!
b0 $
b0 4
b0 8
b0 2
b0 9
b0 Z
0t
0T
b101 3
b101 :
b101 S
0#
1a
0h
0i
1j
0p
1r
1s
0z
0{
1|
0]
0f
0o
0x
1\
b0 5
b0 D
b0 F
b0 R
b0 X
b101 6
b101 E
b101 P
b101 Q
b101 W
b0 B
b0 G
b0 M
b101 *
b101 /
b101 ;
b101 K
b101 O
b0 +
b0 0
b0 <
b0 L
#2128001
1$"
b0 !"
#2129000
0!
b1 $
b1 4
b1 8
b1 2
b1 9
b1 Z
1b
b110 3
b110 :
b110 S
1V
1^
0`
0a
1]
b1 5
b1 D
b1 F
b1 R
b1 X
b1 B
b1 G
b1 M
b1 +
b1 0
b1 <
b1 L
#2129001
0$"
b1 !"
#2130000
1!
b0 $
b0 4
b0 8
0T
b0 2
b0 9
b0 Z
0b
0V
b111 3
b111 :
b111 S
0U
0^
1`
1a
1h
1i
0j
0]
1f
b10 5
b10 D
b10 F
b10 R
b10 X
b10 B
b10 G
b10 M
b10 +
b10 0
b10 <
b10 L
#2130001
1$"
b0 !"
#2131000
1T
0!
b1 $
b1 4
b1 8
1U
b1 2
b1 9
b1 Z
1b
b1000 3
b1000 :
b1000 S
1V
1^
0`
0a
1]
b11 5
b11 D
b11 F
b11 R
b11 X
b11 B
b11 G
b11 M
b11 +
b11 0
b11 <
b11 L
#2131001
0$"
b1 !"
#2132000
b100 $
b100 4
b100 8
0b
b100 2
b100 9
b100 Z
1t
0V
0U
b1001 3
b1001 :
b1001 S
0^
1`
1a
0h
0i
1j
1p
0r
0s
0]
0f
1o
b100 5
b100 D
b100 F
b100 R
b100 X
b100 B
b100 G
b100 M
b100 +
b100 0
b100 <
b100 L
#2132001
b100 !"
#2133000
b101 $
b101 4
b101 8
b101 2
b101 9
b101 Z
1b
b1010 3
b1010 :
b1010 S
1V
1^
0`
0a
1]
b101 5
b101 D
b101 F
b101 R
b101 X
b101 B
b101 G
b101 M
b101 +
b101 0
b101 <
b101 L
#2133001
b101 !"
#2134000
b100 $
b100 4
b100 8
b100 2
b100 9
b100 Z
0b
0V
b1011 3
b1011 :
b1011 S
0U
0^
1`
1a
1h
1i
0j
0]
1f
b110 5
b110 D
b110 F
b110 R
b110 X
b110 B
b110 G
b110 M
b110 +
b110 0
b110 <
b110 L
#2134001
b100 !"
#2135000
b101 $
b101 4
b101 8
1U
b101 2
b101 9
b101 Z
1b
b1100 3
b1100 :
b1100 S
1V
1^
0`
0a
1]
b111 5
b111 D
b111 F
b111 R
b111 X
b111 B
b111 G
b111 M
b111 +
b111 0
b111 <
b111 L
#2135001
b101 !"
#2136000
1!
b0 $
b0 4
b0 8
0T
0b
b0 2
b0 9
b0 Z
0t
0V
0U
b1101 3
b1101 :
b1101 S
0#
0^
1`
1a
0h
0i
1j
0p
1r
1s
1z
1{
0|
0]
0f
0o
1x
b1000 5
b1000 D
b1000 F
b1000 R
b1000 X
b1000 B
b1000 G
b1000 M
b1000 +
b1000 0
b1000 <
b1000 L
#2136001
1$"
b0 !"
#2137000
0!
b1 $
b1 4
b1 8
b1 2
b1 9
b1 Z
1b
b1110 3
b1110 :
b1110 S
1V
1^
0`
0a
1]
b1001 5
b1001 D
b1001 F
b1001 R
b1001 X
b1001 B
b1001 G
b1001 M
b1001 +
b1001 0
b1001 <
b1001 L
#2137001
0$"
b1 !"
#2138000
0#
1!
b0 $
b0 4
b0 8
0T
b0 2
b0 9
b0 Z
0b
0V
b1111 3
b1111 :
b1111 S
0U
0^
1`
1a
1h
1i
0j
0]
1f
b1010 5
b1010 D
b1010 F
b1010 R
b1010 X
b1010 B
b1010 G
b1010 M
b1010 +
b1010 0
b1010 <
b1010 L
#2138001
1$"
b0 !"
#2139000
1#
1T
0!
b1 $
b1 4
b1 8
1U
b1 2
b1 9
b1 Z
1b
b0 3
b0 :
b0 S
1V
1^
0`
0a
1]
b1011 5
b1011 D
b1011 F
b1011 R
b1011 X
b1011 B
b1011 G
b1011 M
b1011 +
b1011 0
b1011 <
b1011 L
#2139001
0$"
b1 !"
#2140000
b100 $
b100 4
b100 8
0b
b100 2
b100 9
b100 Z
1t
0V
0U
b1 3
b1 :
b1 S
0^
1`
1a
0h
0i
1j
1p
0r
0s
0]
0f
1o
b1100 5
b1100 D
b1100 F
b1100 R
b1100 X
b1100 B
b1100 G
b1100 M
b1100 +
b1100 0
b1100 <
b1100 L
#2140001
b100 !"
#2141000
b101 $
b101 4
b101 8
b101 2
b101 9
b101 Z
1b
b10 3
b10 :
b10 S
1V
1^
0`
0a
1]
b1101 5
b1101 D
b1101 F
b1101 R
b1101 X
b1101 B
b1101 G
b1101 M
b1101 +
b1101 0
b1101 <
b1101 L
#2141001
b101 !"
#2142000
b100 $
b100 4
b100 8
b100 2
b100 9
b100 Z
0b
0V
b11 3
b11 :
b11 S
0U
0^
1`
1a
1h
1i
0j
0]
1f
b1110 5
b1110 D
b1110 F
b1110 R
b1110 X
b1110 B
b1110 G
b1110 M
b1110 +
b1110 0
b1110 <
b1110 L
#2142001
b100 !"
#2143000
b101 $
b101 4
b101 8
1U
b101 2
b101 9
b101 Z
1b
b100 3
b100 :
b100 S
1V
1^
0`
0a
1]
b1111 5
b1111 D
b1111 F
b1111 R
b1111 X
b1111 B
b1111 G
b1111 M
b1111 +
b1111 0
b1111 <
b1111 L
#2143001
b101 !"
#2144000
0T
1!
b0 $
b0 4
b0 8
0t
0U
b0 2
b0 9
b0 Z
0b
b110 3
b110 :
b110 S
0#
1a
1j
0p
1r
1s
0z
0{
1|
0V
0^
0_
0]
0f
0o
0x
0\
1e
b0 5
b0 D
b0 F
b0 R
b0 X
b110 6
b110 E
b110 P
b110 Q
b110 W
b0 B
b0 G
b0 M
b110 *
b110 /
b110 ;
b110 K
b110 O
b0 +
b0 0
b0 <
b0 L
#2144001
1$"
b0 !"
#2145000
b111 3
b111 :
b111 S
1_
1`
0a
1]
b1 5
b1 D
b1 F
b1 R
b1 X
b1 B
b1 G
b1 M
b1 +
b1 0
b1 <
b1 L
#2146000
0!
b10 $
b10 4
b10 8
1T
b10 2
b10 9
b10 Z
1k
b1000 3
b1000 :
b1000 S
1U
0_
0`
1a
1g
0i
0j
0]
1f
b10 5
b10 D
b10 F
b10 R
b10 X
b10 B
b10 G
b10 M
b10 +
b10 0
b10 <
b10 L
#2146001
0$"
b10 !"
#2147000
b1001 3
b1001 :
b1001 S
1_
1`
0a
1]
b11 5
b11 D
b11 F
b11 R
b11 X
b11 B
b11 G
b11 M
b11 +
b11 0
b11 <
b11 L
#2148000
b100 $
b100 4
b100 8
0k
b100 2
b100 9
b100 Z
1t
0U
b1010 3
b1010 :
b1010 S
0_
0`
1a
0g
1i
1j
1p
0r
0s
0]
0f
1o
b100 5
b100 D
b100 F
b100 R
b100 X
b100 B
b100 G
b100 M
b100 +
b100 0
b100 <
b100 L
#2148001
b100 !"
#2149000
b1011 3
b1011 :
b1011 S
1_
1`
0a
1]
b101 5
b101 D
b101 F
b101 R
b101 X
b101 B
b101 G
b101 M
b101 +
b101 0
b101 <
b101 L
#2150000
b110 $
b110 4
b110 8
b110 2
b110 9
b110 Z
1k
b1100 3
b1100 :
b1100 S
1U
0_
0`
1a
1g
0i
0j
0]
1f
b110 5
b110 D
b110 F
b110 R
b110 X
b110 B
b110 G
b110 M
b110 +
b110 0
b110 <
b110 L
#2150001
b110 !"
#2151000
b1101 3
b1101 :
b1101 S
1_
1`
0a
1]
b111 5
b111 D
b111 F
b111 R
b111 X
b111 B
b111 G
b111 M
b111 +
b111 0
b111 <
b111 L
#2152000
1!
b0 $
b0 4
b0 8
0T
0k
b0 2
b0 9
b0 Z
0t
0U
b1110 3
b1110 :
b1110 S
0#
0_
0`
1a
0g
1i
1j
0p
1r
1s
1z
1{
0|
0]
0f
0o
1x
b1000 5
b1000 D
b1000 F
b1000 R
b1000 X
b1000 B
b1000 G
b1000 M
b1000 +
b1000 0
b1000 <
b1000 L
#2152001
1$"
b0 !"
#2153000
b1111 3
b1111 :
b1111 S
1_
1`
0a
1]
b1001 5
b1001 D
b1001 F
b1001 R
b1001 X
b1001 B
b1001 G
b1001 M
b1001 +
b1001 0
b1001 <
b1001 L
#2154000
1#
0!
b10 $
b10 4
b10 8
1T
b10 2
b10 9
b10 Z
1k
b0 3
b0 :
b0 S
1U
0_
0`
1a
1g
0i
0j
0]
1f
b1010 5
b1010 D
b1010 F
b1010 R
b1010 X
b1010 B
b1010 G
b1010 M
b1010 +
b1010 0
b1010 <
b1010 L
#2154001
0$"
b10 !"
#2155000
b1 3
b1 :
b1 S
1_
1`
0a
1]
b1011 5
b1011 D
b1011 F
b1011 R
b1011 X
b1011 B
b1011 G
b1011 M
b1011 +
b1011 0
b1011 <
b1011 L
#2156000
b100 $
b100 4
b100 8
0k
b100 2
b100 9
b100 Z
1t
0U
b10 3
b10 :
b10 S
0_
0`
1a
0g
1i
1j
1p
0r
0s
0]
0f
1o
b1100 5
b1100 D
b1100 F
b1100 R
b1100 X
b1100 B
b1100 G
b1100 M
b1100 +
b1100 0
b1100 <
b1100 L
#2156001
b100 !"
#2157000
b11 3
b11 :
b11 S
1_
1`
0a
1]
b1101 5
b1101 D
b1101 F
b1101 R
b1101 X
b1101 B
b1101 G
b1101 M
b1101 +
b1101 0
b1101 <
b1101 L
#2158000
b110 $
b110 4
b110 8
b110 2
b110 9
b110 Z
1k
b100 3
b100 :
b100 S
1U
0_
0`
1a
1g
0i
0j
0]
1f
b1110 5
b1110 D
b1110 F
b1110 R
b1110 X
b1110 B
b1110 G
b1110 M
b1110 +
b1110 0
b1110 <
b1110 L
#2158001
b110 !"
#2159000
b101 3
b101 :
b101 S
1_
1`
0a
1]
b1111 5
b1111 D
b1111 F
b1111 R
b1111 X
b1111 B
b1111 G
b1111 M
b1111 +
b1111 0
b1111 <
b1111 L
#2160000
1!
b0 $
b0 4
b0 8
0T
0k
b0 2
b0 9
b0 Z
0t
0U
b111 3
b111 :
b111 S
0#
1a
0g
1i
1j
0p
1r
1s
0z
0{
1|
0]
0f
0o
0x
1\
b0 5
b0 D
b0 F
b0 R
b0 X
b111 6
b111 E
b111 P
b111 Q
b111 W
b0 B
b0 G
b0 M
b111 *
b111 /
b111 ;
b111 K
b111 O
b0 +
b0 0
b0 <
b0 L
#2160001
1$"
b0 !"
#2161000
1T
0!
b1 $
b1 4
b1 8
1U
b1 2
b1 9
b1 Z
1b
b1000 3
b1000 :
b1000 S
1V
1^
0`
0a
1]
b1 5
b1 D
b1 F
b1 R
b1 X
b1 B
b1 G
b1 M
b1 +
b1 0
b1 <
b1 L
#2161001
0$"
b1 !"
#2162000
b10 $
b10 4
b10 8
0b
b10 2
b10 9
b10 Z
1k
0V
b1001 3
b1001 :
b1001 S
0^
1`
1a
1g
0i
0j
0]
1f
b10 5
b10 D
b10 F
b10 R
b10 X
b10 B
b10 G
b10 M
b10 +
b10 0
b10 <
b10 L
#2162001
b10 !"
#2163000
b11 $
b11 4
b11 8
b11 2
b11 9
b11 Z
1b
b1010 3
b1010 :
b1010 S
1V
1^
0`
0a
1]
b11 5
b11 D
b11 F
b11 R
b11 X
b11 B
b11 G
b11 M
b11 +
b11 0
b11 <
b11 L
#2163001
b11 !"
#2164000
b100 $
b100 4
b100 8
0U
0b
0k
b100 2
b100 9
b100 Z
1t
0V
b1011 3
b1011 :
b1011 S
0^
1`
1a
0g
1i
1j
1p
0r
0s
0]
0f
1o
b100 5
b100 D
b100 F
b100 R
b100 X
b100 B
b100 G
b100 M
b100 +
b100 0
b100 <
b100 L
#2164001
b100 !"
#2165000
b101 $
b101 4
b101 8
1U
b101 2
b101 9
b101 Z
1b
b1100 3
b1100 :
b1100 S
1V
1^
0`
0a
1]
b101 5
b101 D
b101 F
b101 R
b101 X
b101 B
b101 G
b101 M
b101 +
b101 0
b101 <
b101 L
#2165001
b101 !"
#2166000
b110 $
b110 4
b110 8
0b
b110 2
b110 9
b110 Z
1k
0V
b1101 3
b1101 :
b1101 S
0^
1`
1a
1g
0i
0j
0]
1f
b110 5
b110 D
b110 F
b110 R
b110 X
b110 B
b110 G
b110 M
b110 +
b110 0
b110 <
b110 L
#2166001
b110 !"
#2167000
b111 $
b111 4
b111 8
b111 2
b111 9
b111 Z
1b
b1110 3
b1110 :
b1110 S
1V
1^
0`
0a
1]
b111 5
b111 D
b111 F
b111 R
b111 X
b111 B
b111 G
b111 M
b111 +
b111 0
b111 <
b111 L
#2167001
b111 !"
#2168000
0T
1!
b0 $
b0 4
b0 8
0U
0b
0k
b0 2
b0 9
b0 Z
0t
0V
b1111 3
b1111 :
b1111 S
0#
0^
1`
1a
0g
1i
1j
0p
1r
1s
1z
1{
0|
0]
0f
0o
1x
b1000 5
b1000 D
b1000 F
b1000 R
b1000 X
b1000 B
b1000 G
b1000 M
b1000 +
b1000 0
b1000 <
b1000 L
#2168001
1$"
b0 !"
#2169000
1#
1T
0!
b1 $
b1 4
b1 8
1U
b1 2
b1 9
b1 Z
1b
b0 3
b0 :
b0 S
1V
1^
0`
0a
1]
b1001 5
b1001 D
b1001 F
b1001 R
b1001 X
b1001 B
b1001 G
b1001 M
b1001 +
b1001 0
b1001 <
b1001 L
#2169001
0$"
b1 !"
#2170000
b10 $
b10 4
b10 8
0b
b10 2
b10 9
b10 Z
1k
0V
b1 3
b1 :
b1 S
0^
1`
1a
1g
0i
0j
0]
1f
b1010 5
b1010 D
b1010 F
b1010 R
b1010 X
b1010 B
b1010 G
b1010 M
b1010 +
b1010 0
b1010 <
b1010 L
#2170001
b10 !"
#2171000
b11 $
b11 4
b11 8
b11 2
b11 9
b11 Z
1b
b10 3
b10 :
b10 S
1V
1^
0`
0a
1]
b1011 5
b1011 D
b1011 F
b1011 R
b1011 X
b1011 B
b1011 G
b1011 M
b1011 +
b1011 0
b1011 <
b1011 L
#2171001
b11 !"
#2172000
b100 $
b100 4
b100 8
0U
0b
0k
b100 2
b100 9
b100 Z
1t
0V
b11 3
b11 :
b11 S
0^
1`
1a
0g
1i
1j
1p
0r
0s
0]
0f
1o
b1100 5
b1100 D
b1100 F
b1100 R
b1100 X
b1100 B
b1100 G
b1100 M
b1100 +
b1100 0
b1100 <
b1100 L
#2172001
b100 !"
#2173000
b101 $
b101 4
b101 8
1U
b101 2
b101 9
b101 Z
1b
b100 3
b100 :
b100 S
1V
1^
0`
0a
1]
b1101 5
b1101 D
b1101 F
b1101 R
b1101 X
b1101 B
b1101 G
b1101 M
b1101 +
b1101 0
b1101 <
b1101 L
#2173001
b101 !"
#2174000
b110 $
b110 4
b110 8
0b
b110 2
b110 9
b110 Z
1k
0V
b101 3
b101 :
b101 S
0^
1`
1a
1g
0i
0j
0]
1f
b1110 5
b1110 D
b1110 F
b1110 R
b1110 X
b1110 B
b1110 G
b1110 M
b1110 +
b1110 0
b1110 <
b1110 L
#2174001
b110 !"
#2175000
b111 $
b111 4
b111 8
b111 2
b111 9
b111 Z
1b
b110 3
b110 :
b110 S
1V
1^
0`
0a
1]
b1111 5
b1111 D
b1111 F
b1111 R
b1111 X
b1111 B
b1111 G
b1111 M
b1111 +
b1111 0
b1111 <
b1111 L
#2175001
b111 !"
#2176000
1!
b0 $
b0 4
b0 8
0#
b1000 3
b1000 :
b1000 S
0b
0k
b0 2
b0 9
b0 Z
0t
0U
0T
1a
1j
1s
1|
0V
0^
0_
0g
0h
0p
0q
0]
0f
0o
0x
0\
0e
0n
1w
b0 5
b0 D
b0 F
b0 R
b0 X
b1000 6
b1000 E
b1000 P
b1000 Q
b1000 W
b0 B
b0 G
b0 M
b1000 *
b1000 /
b1000 ;
b1000 K
b1000 O
b0 +
b0 0
b0 <
b0 L
#2176001
1$"
b0 !"
#2177000
b1001 3
b1001 :
b1001 S
1_
1`
0a
1]
b1 5
b1 D
b1 F
b1 R
b1 X
b1 B
b1 G
b1 M
b1 +
b1 0
b1 <
b1 L
#2178000
b1010 3
b1010 :
b1010 S
0_
0`
1a
1h
1i
0j
0]
1f
b10 5
b10 D
b10 F
b10 R
b10 X
b10 B
b10 G
b10 M
b10 +
b10 0
b10 <
b10 L
#2179000
b1011 3
b1011 :
b1011 S
1_
1`
0a
1]
b11 5
b11 D
b11 F
b11 R
b11 X
b11 B
b11 G
b11 M
b11 +
b11 0
b11 <
b11 L
#2180000
b1100 3
b1100 :
b1100 S
0_
0`
1a
0h
0i
1j
1q
1r
0s
0]
0f
1o
b100 5
b100 D
b100 F
b100 R
b100 X
b100 B
b100 G
b100 M
b100 +
b100 0
b100 <
b100 L
#2181000
b1101 3
b1101 :
b1101 S
1_
1`
0a
1]
b101 5
b101 D
b101 F
b101 R
b101 X
b101 B
b101 G
b101 M
b101 +
b101 0
b101 <
b101 L
#2182000
b1110 3
b1110 :
b1110 S
0_
0`
1a
1h
1i
0j
0]
1f
b110 5
b110 D
b110 F
b110 R
b110 X
b110 B
b110 G
b110 M
b110 +
b110 0
b110 <
b110 L
#2183000
b1111 3
b1111 :
b1111 S
1_
1`
0a
1]
b111 5
b111 D
b111 F
b111 R
b111 X
b111 B
b111 G
b111 M
b111 +
b111 0
b111 <
b111 L
#2184000
1"
0!
b1000 $
b1000 4
b1000 8
b1000 2
b1000 9
b1000 Z
1}
b0 3
b0 :
b0 S
1#
0_
0`
1a
0h
0i
1j
0q
0r
1s
1y
0{
0|
0]
0f
0o
1x
b1000 5
b1000 D
b1000 F
b1000 R
b1000 X
b1000 B
b1000 G
b1000 M
b1000 +
b1000 0
b1000 <
b1000 L
#2184001
0$"
1#"
b1000 !"
#2185000
b1 3
b1 :
b1 S
1_
1`
0a
1]
b1001 5
b1001 D
b1001 F
b1001 R
b1001 X
b1001 B
b1001 G
b1001 M
b1001 +
b1001 0
b1001 <
b1001 L
#2186000
b10 3
b10 :
b10 S
0_
0`
1a
1h
1i
0j
0]
1f
b1010 5
b1010 D
b1010 F
b1010 R
b1010 X
b1010 B
b1010 G
b1010 M
b1010 +
b1010 0
b1010 <
b1010 L
#2187000
b11 3
b11 :
b11 S
1_
1`
0a
1]
b1011 5
b1011 D
b1011 F
b1011 R
b1011 X
b1011 B
b1011 G
b1011 M
b1011 +
b1011 0
b1011 <
b1011 L
#2188000
b100 3
b100 :
b100 S
0_
0`
1a
0h
0i
1j
1q
1r
0s
0]
0f
1o
b1100 5
b1100 D
b1100 F
b1100 R
b1100 X
b1100 B
b1100 G
b1100 M
b1100 +
b1100 0
b1100 <
b1100 L
#2189000
b101 3
b101 :
b101 S
1_
1`
0a
1]
b1101 5
b1101 D
b1101 F
b1101 R
b1101 X
b1101 B
b1101 G
b1101 M
b1101 +
b1101 0
b1101 <
b1101 L
#2190000
b110 3
b110 :
b110 S
0_
0`
1a
1h
1i
0j
0]
1f
b1110 5
b1110 D
b1110 F
b1110 R
b1110 X
b1110 B
b1110 G
b1110 M
b1110 +
b1110 0
b1110 <
b1110 L
#2191000
b111 3
b111 :
b111 S
1_
1`
0a
1]
b1111 5
b1111 D
b1111 F
b1111 R
b1111 X
b1111 B
b1111 G
b1111 M
b1111 +
b1111 0
b1111 <
b1111 L
#2192000
0"
1!
b0 $
b0 4
b0 8
b0 2
b0 9
b0 Z
0}
b1001 3
b1001 :
b1001 S
0#
1a
0h
0i
1j
0q
0r
1s
0y
1{
1|
0]
0f
0o
0x
1\
b0 5
b0 D
b0 F
b0 R
b0 X
b1001 6
b1001 E
b1001 P
b1001 Q
b1001 W
b0 B
b0 G
b0 M
b1001 *
b1001 /
b1001 ;
b1001 K
b1001 O
b0 +
b0 0
b0 <
b0 L
#2192001
1$"
0#"
b0 !"
#2193000
0!
b1 $
b1 4
b1 8
b1 2
b1 9
b1 Z
1b
b1010 3
b1010 :
b1010 S
1V
1^
0`
0a
1]
b1 5
b1 D
b1 F
b1 R
b1 X
b1 B
b1 G
b1 M
b1 +
b1 0
b1 <
b1 L
#2193001
0$"
b1 !"
#2194000
1!
b0 $
b0 4
b0 8
b0 2
b0 9
b0 Z
0b
0V
b1011 3
b1011 :
b1011 S
0U
0^
1`
1a
1h
1i
0j
0]
1f
b10 5
b10 D
b10 F
b10 R
b10 X
b10 B
b10 G
b10 M
b10 +
b10 0
b10 <
b10 L
#2194001
1$"
b0 !"
#2195000
0!
b1 $
b1 4
b1 8
1U
b1 2
b1 9
b1 Z
1b
b1100 3
b1100 :
b1100 S
1V
1^
0`
0a
1]
b11 5
b11 D
b11 F
b11 R
b11 X
b11 B
b11 G
b11 M
b11 +
b11 0
b11 <
b11 L
#2195001
0$"
b1 !"
#2196000
1!
b0 $
b0 4
b0 8
0#
b0 2
b0 9
b0 Z
0b
0V
0U
b1101 3
b1101 :
b1101 S
0T
0^
1`
1a
0h
0i
1j
1q
1r
0s
0]
0f
1o
b100 5
b100 D
b100 F
b100 R
b100 X
b100 B
b100 G
b100 M
b100 +
b100 0
b100 <
b100 L
#2196001
1$"
b0 !"
#2197000
0!
b1 $
b1 4
b1 8
b1 2
b1 9
b1 Z
1b
b1110 3
b1110 :
b1110 S
1V
1^
0`
0a
1]
b101 5
b101 D
b101 F
b101 R
b101 X
b101 B
b101 G
b101 M
b101 +
b101 0
b101 <
b101 L
#2197001
0$"
b1 !"
#2198000
0#
1!
b0 $
b0 4
b0 8
0T
b0 2
b0 9
b0 Z
0b
0V
b1111 3
b1111 :
b1111 S
0U
0^
1`
1a
1h
1i
0j
0]
1f
b110 5
b110 D
b110 F
b110 R
b110 X
b110 B
b110 G
b110 M
b110 +
b110 0
b110 <
b110 L
#2198001
1$"
b0 !"
#2199000
1#
1T
0!
b1 $
b1 4
b1 8
1U
b1 2
b1 9
b1 Z
1b
b0 3
b0 :
b0 S
1V
1^
0`
0a
1]
b111 5
b111 D
b111 F
b111 R
b111 X
b111 B
b111 G
b111 M
b111 +
b111 0
b111 <
b111 L
#2199001
0$"
b1 !"
#2200000
1"
b1000 $
b1000 4
b1000 8
0b
b1000 2
b1000 9
b1000 Z
1}
0V
0U
0T
b1 3
b1 :
b1 S
0^
1`
1a
0h
0i
1j
0q
0r
1s
1y
0{
0|
0]
0f
0o
1x
b1000 5
b1000 D
b1000 F
b1000 R
b1000 X
b1000 B
b1000 G
b1000 M
b1000 +
b1000 0
b1000 <
b1000 L
#2200001
1#"
b1000 !"
#2201000
b1001 $
b1001 4
b1001 8
b1001 2
b1001 9
b1001 Z
1b
b10 3
b10 :
b10 S
1V
1^
0`
0a
1]
b1001 5
b1001 D
b1001 F
b1001 R
b1001 X
b1001 B
b1001 G
b1001 M
b1001 +
b1001 0
b1001 <
b1001 L
#2201001
b1001 !"
#2202000
b1000 $
b1000 4
b1000 8
b1000 2
b1000 9
b1000 Z
0b
0V
b11 3
b11 :
b11 S
0U
0^
1`
1a
1h
1i
0j
0]
1f
b1010 5
b1010 D
b1010 F
b1010 R
b1010 X
b1010 B
b1010 G
b1010 M
b1010 +
b1010 0
b1010 <
b1010 L
#2202001
b1000 !"
#2203000
b1001 $
b1001 4
b1001 8
1U
b1001 2
b1001 9
b1001 Z
1b
b100 3
b100 :
b100 S
1V
1^
0`
0a
1]
b1011 5
b1011 D
b1011 F
b1011 R
b1011 X
b1011 B
b1011 G
b1011 M
b1011 +
b1011 0
b1011 <
b1011 L
#2203001
b1001 !"
#2204000
b1000 $
b1000 4
b1000 8
b1000 2
b1000 9
b1000 Z
0b
0V
0U
b101 3
b101 :
b101 S
0T
0^
1`
1a
0h
0i
1j
1q
1r
0s
0]
0f
1o
b1100 5
b1100 D
b1100 F
b1100 R
b1100 X
b1100 B
b1100 G
b1100 M
b1100 +
b1100 0
b1100 <
b1100 L
#2204001
b1000 !"
#2205000
b1001 $
b1001 4
b1001 8
b1001 2
b1001 9
b1001 Z
1b
b110 3
b110 :
b110 S
1V
1^
0`
0a
1]
b1101 5
b1101 D
b1101 F
b1101 R
b1101 X
b1101 B
b1101 G
b1101 M
b1101 +
b1101 0
b1101 <
b1101 L
#2205001
b1001 !"
#2206000
b1000 $
b1000 4
b1000 8
0T
b1000 2
b1000 9
b1000 Z
0b
0V
b111 3
b111 :
b111 S
0U
0^
1`
1a
1h
1i
0j
0]
1f
b1110 5
b1110 D
b1110 F
b1110 R
b1110 X
b1110 B
b1110 G
b1110 M
b1110 +
b1110 0
b1110 <
b1110 L
#2206001
b1000 !"
#2207000
1T
b1001 $
b1001 4
b1001 8
1U
b1001 2
b1001 9
b1001 Z
1b
b1000 3
b1000 :
b1000 S
1V
1^
0`
0a
1]
b1111 5
b1111 D
b1111 F
b1111 R
b1111 X
b1111 B
b1111 G
b1111 M
b1111 +
b1111 0
b1111 <
b1111 L
#2207001
b1001 !"
#2208000
0"
1!
b0 $
b0 4
b0 8
0#
0}
0U
b0 2
b0 9
b0 Z
0b
0T
b1010 3
b1010 :
b1010 S
1a
1j
0q
0r
1s
0y
1{
1|
0V
0^
0_
0]
0f
0o
0x
0\
1e
b0 5
b0 D
b0 F
b0 R
b0 X
b1010 6
b1010 E
b1010 P
b1010 Q
b1010 W
b0 B
b0 G
b0 M
b1010 *
b1010 /
b1010 ;
b1010 K
b1010 O
b0 +
b0 0
b0 <
b0 L
#2208001
1$"
0#"
b0 !"
#2209000
b1011 3
b1011 :
b1011 S
1_
1`
0a
1]
b1 5
b1 D
b1 F
b1 R
b1 X
b1 B
b1 G
b1 M
b1 +
b1 0
b1 <
b1 L
#2210000
0!
b10 $
b10 4
b10 8
b10 2
b10 9
b10 Z
1k
b1100 3
b1100 :
b1100 S
1U
0_
0`
1a
1g
0i
0j
0]
1f
b10 5
b10 D
b10 F
b10 R
b10 X
b10 B
b10 G
b10 M
b10 +
b10 0
b10 <
b10 L
#2210001
0$"
b10 !"
#2211000
b1101 3
b1101 :
b1101 S
1_
1`
0a
1]
b11 5
b11 D
b11 F
b11 R
b11 X
b11 B
b11 G
b11 M
b11 +
b11 0
b11 <
b11 L
#2212000
1!
b0 $
b0 4
b0 8
0#
b0 2
b0 9
b0 Z
0k
0U
b1110 3
b1110 :
b1110 S
0T
0_
0`
1a
0g
1i
1j
1q
1r
0s
0]
0f
1o
b100 5
b100 D
b100 F
b100 R
b100 X
b100 B
b100 G
b100 M
b100 +
b100 0
b100 <
b100 L
#2212001
1$"
b0 !"
#2213000
b1111 3
b1111 :
b1111 S
1_
1`
0a
1]
b101 5
b101 D
b101 F
b101 R
b101 X
b101 B
b101 G
b101 M
b101 +
b101 0
b101 <
b101 L
#2214000
1#
0!
b10 $
b10 4
b10 8
1T
b10 2
b10 9
b10 Z
1k
b0 3
b0 :
b0 S
1U
0_
0`
1a
1g
0i
0j
0]
1f
b110 5
b110 D
b110 F
b110 R
b110 X
b110 B
b110 G
b110 M
b110 +
b110 0
b110 <
b110 L
#2214001
0$"
b10 !"
#2215000
b1 3
b1 :
b1 S
1_
1`
0a
1]
b111 5
b111 D
b111 F
b111 R
b111 X
b111 B
b111 G
b111 M
b111 +
b111 0
b111 <
b111 L
#2216000
1"
b1000 $
b1000 4
b1000 8
0k
b1000 2
b1000 9
b1000 Z
1}
0U
0T
b10 3
b10 :
b10 S
0_
0`
1a
0g
1i
1j
0q
0r
1s
1y
0{
0|
0]
0f
0o
1x
b1000 5
b1000 D
b1000 F
b1000 R
b1000 X
b1000 B
b1000 G
b1000 M
b1000 +
b1000 0
b1000 <
b1000 L
#2216001
1#"
b1000 !"
#2217000
b11 3
b11 :
b11 S
1_
1`
0a
1]
b1001 5
b1001 D
b1001 F
b1001 R
b1001 X
b1001 B
b1001 G
b1001 M
b1001 +
b1001 0
b1001 <
b1001 L
#2218000
b1010 $
b1010 4
b1010 8
b1010 2
b1010 9
b1010 Z
1k
b100 3
b100 :
b100 S
1U
0_
0`
1a
1g
0i
0j
0]
1f
b1010 5
b1010 D
b1010 F
b1010 R
b1010 X
b1010 B
b1010 G
b1010 M
b1010 +
b1010 0
b1010 <
b1010 L
#2218001
b1010 !"
#2219000
b101 3
b101 :
b101 S
1_
1`
0a
1]
b1011 5
b1011 D
b1011 F
b1011 R
b1011 X
b1011 B
b1011 G
b1011 M
b1011 +
b1011 0
b1011 <
b1011 L
#2220000
b1000 $
b1000 4
b1000 8
b1000 2
b1000 9
b1000 Z
0k
0U
b110 3
b110 :
b110 S
0T
0_
0`
1a
0g
1i
1j
1q
1r
0s
0]
0f
1o
b1100 5
b1100 D
b1100 F
b1100 R
b1100 X
b1100 B
b1100 G
b1100 M
b1100 +
b1100 0
b1100 <
b1100 L
#2220001
b1000 !"
#2221000
b111 3
b111 :
b111 S
1_
1`
0a
1]
b1101 5
b1101 D
b1101 F
b1101 R
b1101 X
b1101 B
b1101 G
b1101 M
b1101 +
b1101 0
b1101 <
b1101 L
#2222000
b1010 $
b1010 4
b1010 8
1T
b1010 2
b1010 9
b1010 Z
1k
b1000 3
b1000 :
b1000 S
1U
0_
0`
1a
1g
0i
0j
0]
1f
b1110 5
b1110 D
b1110 F
b1110 R
b1110 X
b1110 B
b1110 G
b1110 M
b1110 +
b1110 0
b1110 <
b1110 L
#2222001
b1010 !"
#2223000
b1001 3
b1001 :
b1001 S
1_
1`
0a
1]
b1111 5
b1111 D
b1111 F
b1111 R
b1111 X
b1111 B
b1111 G
b1111 M
b1111 +
b1111 0
b1111 <
b1111 L
#2224000
0"
1!
b0 $
b0 4
b0 8
0#
0k
b0 2
b0 9
b0 Z
0}
0U
0T
b1011 3
b1011 :
b1011 S
1a
0g
1i
1j
0q
0r
1s
0y
1{
1|
0]
0f
0o
0x
1\
b0 5
b0 D
b0 F
b0 R
b0 X
b1011 6
b1011 E
b1011 P
b1011 Q
b1011 W
b0 B
b0 G
b0 M
b1011 *
b1011 /
b1011 ;
b1011 K
b1011 O
b0 +
b0 0
b0 <
b0 L
#2224001
1$"
0#"
b0 !"
#2225000
0!
b1 $
b1 4
b1 8
1U
b1 2
b1 9
b1 Z
1b
b1100 3
b1100 :
b1100 S
1V
1^
0`
0a
1]
b1 5
b1 D
b1 F
b1 R
b1 X
b1 B
b1 G
b1 M
b1 +
b1 0
b1 <
b1 L
#2225001
0$"
b1 !"
#2226000
b10 $
b10 4
b10 8
0b
b10 2
b10 9
b10 Z
1k
0V
b1101 3
b1101 :
b1101 S
0^
1`
1a
1g
0i
0j
0]
1f
b10 5
b10 D
b10 F
b10 R
b10 X
b10 B
b10 G
b10 M
b10 +
b10 0
b10 <
b10 L
#2226001
b10 !"
#2227000
b11 $
b11 4
b11 8
b11 2
b11 9
b11 Z
1b
b1110 3
b1110 :
b1110 S
1V
1^
0`
0a
1]
b11 5
b11 D
b11 F
b11 R
b11 X
b11 B
b11 G
b11 M
b11 +
b11 0
b11 <
b11 L
#2227001
b11 !"
#2228000
1!
b0 $
b0 4
b0 8
0U
0#
0b
b0 2
b0 9
b0 Z
0k
0V
b1111 3
b1111 :
b1111 S
0T
0^
1`
1a
0g
1i
1j
1q
1r
0s
0]
0f
1o
b100 5
b100 D
b100 F
b100 R
b100 X
b100 B
b100 G
b100 M
b100 +
b100 0
b100 <
b100 L
#2228001
1$"
b0 !"
#2229000
1#
1T
0!
b1 $
b1 4
b1 8
1U
b1 2
b1 9
b1 Z
1b
b0 3
b0 :
b0 S
1V
1^
0`
0a
1]
b101 5
b101 D
b101 F
b101 R
b101 X
b101 B
b101 G
b101 M
b101 +
b101 0
b101 <
b101 L
#2229001
0$"
b1 !"
#2230000
b10 $
b10 4
b10 8
0b
b10 2
b10 9
b10 Z
1k
0V
b1 3
b1 :
b1 S
0^
1`
1a
1g
0i
0j
0]
1f
b110 5
b110 D
b110 F
b110 R
b110 X
b110 B
b110 G
b110 M
b110 +
b110 0
b110 <
b110 L
#2230001
b10 !"
#2231000
b11 $
b11 4
b11 8
b11 2
b11 9
b11 Z
1b
b10 3
b10 :
b10 S
1V
1^
0`
0a
1]
b111 5
b111 D
b111 F
b111 R
b111 X
b111 B
b111 G
b111 M
b111 +
b111 0
b111 <
b111 L
#2231001
b11 !"
#2232000
1"
b1000 $
b1000 4
b1000 8
0U
0b
0k
b1000 2
b1000 9
b1000 Z
1}
0V
0T
b11 3
b11 :
b11 S
0^
1`
1a
0g
1i
1j
0q
0r
1s
1y
0{
0|
0]
0f
0o
1x
b1000 5
b1000 D
b1000 F
b1000 R
b1000 X
b1000 B
b1000 G
b1000 M
b1000 +
b1000 0
b1000 <
b1000 L
#2232001
1#"
b1000 !"
#2233000
b1001 $
b1001 4
b1001 8
1U
b1001 2
b1001 9
b1001 Z
1b
b100 3
b100 :
b100 S
1V
1^
0`
0a
1]
b1001 5
b1001 D
b1001 F
b1001 R
b1001 X
b1001 B
b1001 G
b1001 M
b1001 +
b1001 0
b1001 <
b1001 L
#2233001
b1001 !"
#2234000
b1010 $
b1010 4
b1010 8
0b
b1010 2
b1010 9
b1010 Z
1k
0V
b101 3
b101 :
b101 S
0^
1`
1a
1g
0i
0j
0]
1f
b1010 5
b1010 D
b1010 F
b1010 R
b1010 X
b1010 B
b1010 G
b1010 M
b1010 +
b1010 0
b1010 <
b1010 L
#2234001
b1010 !"
#2235000
b1011 $
b1011 4
b1011 8
b1011 2
b1011 9
b1011 Z
1b
b110 3
b110 :
b110 S
1V
1^
0`
0a
1]
b1011 5
b1011 D
b1011 F
b1011 R
b1011 X
b1011 B
b1011 G
b1011 M
b1011 +
b1011 0
b1011 <
b1011 L
#2235001
b1011 !"
#2236000
b1000 $
b1000 4
b1000 8
0U
0b
b1000 2
b1000 9
b1000 Z
0k
0V
b111 3
b111 :
b111 S
0T
0^
1`
1a
0g
1i
1j
1q
1r
0s
0]
0f
1o
b1100 5
b1100 D
b1100 F
b1100 R
b1100 X
b1100 B
b1100 G
b1100 M
b1100 +
b1100 0
b1100 <
b1100 L
#2236001
b1000 !"
#2237000
1T
b1001 $
b1001 4
b1001 8
1U
b1001 2
b1001 9
b1001 Z
1b
b1000 3
b1000 :
b1000 S
1V
1^
0`
0a
1]
b1101 5
b1101 D
b1101 F
b1101 R
b1101 X
b1101 B
b1101 G
b1101 M
b1101 +
b1101 0
b1101 <
b1101 L
#2237001
b1001 !"
#2238000
b1010 $
b1010 4
b1010 8
0b
b1010 2
b1010 9
b1010 Z
1k
0V
b1001 3
b1001 :
b1001 S
0^
1`
1a
1g
0i
0j
0]
1f
b1110 5
b1110 D
b1110 F
b1110 R
b1110 X
b1110 B
b1110 G
b1110 M
b1110 +
b1110 0
b1110 <
b1110 L
#2238001
b1010 !"
#2239000
b1011 $
b1011 4
b1011 8
b1011 2
b1011 9
b1011 Z
1b
b1010 3
b1010 :
b1010 S
1V
1^
0`
0a
1]
b1111 5
b1111 D
b1111 F
b1111 R
b1111 X
b1111 B
b1111 G
b1111 M
b1111 +
b1111 0
b1111 <
b1111 L
#2239001
b1011 !"
#2240000
0"
0#
1!
b0 $
b0 4
b0 8
0T
0}
0b
b0 2
b0 9
b0 Z
0k
0U
b1100 3
b1100 :
b1100 S
1a
1j
1s
0y
1{
1|
0V
0^
0_
0g
0h
0]
0f
0o
0x
0\
0e
1n
b0 5
b0 D
b0 F
b0 R
b0 X
b1100 6
b1100 E
b1100 P
b1100 Q
b1100 W
b0 B
b0 G
b0 M
b1100 *
b1100 /
b1100 ;
b1100 K
b1100 O
b0 +
b0 0
b0 <
b0 L
#2240001
1$"
0#"
b0 !"
#2241000
b1101 3
b1101 :
b1101 S
1_
1`
0a
1]
b1 5
b1 D
b1 F
b1 R
b1 X
b1 B
b1 G
b1 M
b1 +
b1 0
b1 <
b1 L
#2242000
b1110 3
b1110 :
b1110 S
0_
0`
1a
1h
1i
0j
0]
1f
b10 5
b10 D
b10 F
b10 R
b10 X
b10 B
b10 G
b10 M
b10 +
b10 0
b10 <
b10 L
#2243000
b1111 3
b1111 :
b1111 S
1_
1`
0a
1]
b11 5
b11 D
b11 F
b11 R
b11 X
b11 B
b11 G
b11 M
b11 +
b11 0
b11 <
b11 L
#2244000
0!
b100 $
b100 4
b100 8
1#
b100 2
b100 9
b100 Z
1t
b0 3
b0 :
b0 S
1T
0_
0`
1a
0h
0i
1j
1p
0r
0s
0]
0f
1o
b100 5
b100 D
b100 F
b100 R
b100 X
b100 B
b100 G
b100 M
b100 +
b100 0
b100 <
b100 L
#2244001
0$"
b100 !"
#2245000
b1 3
b1 :
b1 S
1_
1`
0a
1]
b101 5
b101 D
b101 F
b101 R
b101 X
b101 B
b101 G
b101 M
b101 +
b101 0
b101 <
b101 L
#2246000
b10 3
b10 :
b10 S
0_
0`
1a
1h
1i
0j
0]
1f
b110 5
b110 D
b110 F
b110 R
b110 X
b110 B
b110 G
b110 M
b110 +
b110 0
b110 <
b110 L
#2247000
b11 3
b11 :
b11 S
1_
1`
0a
1]
b111 5
b111 D
b111 F
b111 R
b111 X
b111 B
b111 G
b111 M
b111 +
b111 0
b111 <
b111 L
#2248000
1"
b1000 $
b1000 4
b1000 8
0t
b1000 2
b1000 9
b1000 Z
1}
0T
b100 3
b100 :
b100 S
0_
0`
1a
0h
0i
1j
0p
1r
1s
1y
0{
0|
0]
0f
0o
1x
b1000 5
b1000 D
b1000 F
b1000 R
b1000 X
b1000 B
b1000 G
b1000 M
b1000 +
b1000 0
b1000 <
b1000 L
#2248001
1#"
b1000 !"
#2249000
b101 3
b101 :
b101 S
1_
1`
0a
1]
b1001 5
b1001 D
b1001 F
b1001 R
b1001 X
b1001 B
b1001 G
b1001 M
b1001 +
b1001 0
b1001 <
b1001 L
#2250000
b110 3
b110 :
b110 S
0_
0`
1a
1h
1i
0j
0]
1f
b1010 5
b1010 D
b1010 F
b1010 R
b1010 X
b1010 B
b1010 G
b1010 M
b1010 +
b1010 0
b1010 <
b1010 L
#2251000
b111 3
b111 :
b111 S
1_
1`
0a
1]
b1011 5
b1011 D
b1011 F
b1011 R
b1011 X
b1011 B
b1011 G
b1011 M
b1011 +
b1011 0
b1011 <
b1011 L
#2252000
b1100 $
b1100 4
b1100 8
b1100 2
b1100 9
b1100 Z
1t
b1000 3
b1000 :
b1000 S
1T
0_
0`
1a
0h
0i
1j
1p
0r
0s
0]
0f
1o
b1100 5
b1100 D
b1100 F
b1100 R
b1100 X
b1100 B
b1100 G
b1100 M
b1100 +
b1100 0
b1100 <
b1100 L
#2252001
b1100 !"
#2253000
b1001 3
b1001 :
b1001 S
1_
1`
0a
1]
b1101 5
b1101 D
b1101 F
b1101 R
b1101 X
b1101 B
b1101 G
b1101 M
b1101 +
b1101 0
b1101 <
b1101 L
#2254000
b1010 3
b1010 :
b1010 S
0_
0`
1a
1h
1i
0j
0]
1f
b1110 5
b1110 D
b1110 F
b1110 R
b1110 X
b1110 B
b1110 G
b1110 M
b1110 +
b1110 0
b1110 <
b1110 L
#2255000
b1011 3
b1011 :
b1011 S
1_
1`
0a
1]
b1111 5
b1111 D
b1111 F
b1111 R
b1111 X
b1111 B
b1111 G
b1111 M
b1111 +
b1111 0
b1111 <
b1111 L
#2256000
0"
1!
b0 $
b0 4
b0 8
0#
0t
b0 2
b0 9
b0 Z
0}
0T
b1101 3
b1101 :
b1101 S
1a
0h
0i
1j
0p
1r
1s
0y
1{
1|
0]
0f
0o
0x
1\
b0 5
b0 D
b0 F
b0 R
b0 X
b1101 6
b1101 E
b1101 P
b1101 Q
b1101 W
b0 B
b0 G
b0 M
b1101 *
b1101 /
b1101 ;
b1101 K
b1101 O
b0 +
b0 0
b0 <
b0 L
#2256001
1$"
0#"
b0 !"
#2257000
0!
b1 $
b1 4
b1 8
b1 2
b1 9
b1 Z
1b
b1110 3
b1110 :
b1110 S
1V
1^
0`
0a
1]
b1 5
b1 D
b1 F
b1 R
b1 X
b1 B
b1 G
b1 M
b1 +
b1 0
b1 <
b1 L
#2257001
0$"
b1 !"
#2258000
0#
1!
b0 $
b0 4
b0 8
0T
b0 2
b0 9
b0 Z
0b
0V
b1111 3
b1111 :
b1111 S
0U
0^
1`
1a
1h
1i
0j
0]
1f
b10 5
b10 D
b10 F
b10 R
b10 X
b10 B
b10 G
b10 M
b10 +
b10 0
b10 <
b10 L
#2258001
1$"
b0 !"
#2259000
1#
1T
0!
b1 $
b1 4
b1 8
1U
b1 2
b1 9
b1 Z
1b
b0 3
b0 :
b0 S
1V
1^
0`
0a
1]
b11 5
b11 D
b11 F
b11 R
b11 X
b11 B
b11 G
b11 M
b11 +
b11 0
b11 <
b11 L
#2259001
0$"
b1 !"
#2260000
b100 $
b100 4
b100 8
0b
b100 2
b100 9
b100 Z
1t
0V
0U
b1 3
b1 :
b1 S
0^
1`
1a
0h
0i
1j
1p
0r
0s
0]
0f
1o
b100 5
b100 D
b100 F
b100 R
b100 X
b100 B
b100 G
b100 M
b100 +
b100 0
b100 <
b100 L
#2260001
b100 !"
#2261000
b101 $
b101 4
b101 8
b101 2
b101 9
b101 Z
1b
b10 3
b10 :
b10 S
1V
1^
0`
0a
1]
b101 5
b101 D
b101 F
b101 R
b101 X
b101 B
b101 G
b101 M
b101 +
b101 0
b101 <
b101 L
#2261001
b101 !"
#2262000
b100 $
b100 4
b100 8
b100 2
b100 9
b100 Z
0b
0V
b11 3
b11 :
b11 S
0U
0^
1`
1a
1h
1i
0j
0]
1f
b110 5
b110 D
b110 F
b110 R
b110 X
b110 B
b110 G
b110 M
b110 +
b110 0
b110 <
b110 L
#2262001
b100 !"
#2263000
b101 $
b101 4
b101 8
1U
b101 2
b101 9
b101 Z
1b
b100 3
b100 :
b100 S
1V
1^
0`
0a
1]
b111 5
b111 D
b111 F
b111 R
b111 X
b111 B
b111 G
b111 M
b111 +
b111 0
b111 <
b111 L
#2263001
b101 !"
#2264000
1"
b1000 $
b1000 4
b1000 8
0T
0b
0t
b1000 2
b1000 9
b1000 Z
1}
0V
0U
b101 3
b101 :
b101 S
0^
1`
1a
0h
0i
1j
0p
1r
1s
1y
0{
0|
0]
0f
0o
1x
b1000 5
b1000 D
b1000 F
b1000 R
b1000 X
b1000 B
b1000 G
b1000 M
b1000 +
b1000 0
b1000 <
b1000 L
#2264001
1#"
b1000 !"
#2265000
b1001 $
b1001 4
b1001 8
b1001 2
b1001 9
b1001 Z
1b
b110 3
b110 :
b110 S
1V
1^
0`
0a
1]
b1001 5
b1001 D
b1001 F
b1001 R
b1001 X
b1001 B
b1001 G
b1001 M
b1001 +
b1001 0
b1001 <
b1001 L
#2265001
b1001 !"
#2266000
b1000 $
b1000 4
b1000 8
0T
b1000 2
b1000 9
b1000 Z
0b
0V
b111 3
b111 :
b111 S
0U
0^
1`
1a
1h
1i
0j
0]
1f
b1010 5
b1010 D
b1010 F
b1010 R
b1010 X
b1010 B
b1010 G
b1010 M
b1010 +
b1010 0
b1010 <
b1010 L
#2266001
b1000 !"
#2267000
1T
b1001 $
b1001 4
b1001 8
1U
b1001 2
b1001 9
b1001 Z
1b
b1000 3
b1000 :
b1000 S
1V
1^
0`
0a
1]
b1011 5
b1011 D
b1011 F
b1011 R
b1011 X
b1011 B
b1011 G
b1011 M
b1011 +
b1011 0
b1011 <
b1011 L
#2267001
b1001 !"
#2268000
b1100 $
b1100 4
b1100 8
0b
b1100 2
b1100 9
b1100 Z
1t
0V
0U
b1001 3
b1001 :
b1001 S
0^
1`
1a
0h
0i
1j
1p
0r
0s
0]
0f
1o
b1100 5
b1100 D
b1100 F
b1100 R
b1100 X
b1100 B
b1100 G
b1100 M
b1100 +
b1100 0
b1100 <
b1100 L
#2268001
b1100 !"
#2269000
b1101 $
b1101 4
b1101 8
b1101 2
b1101 9
b1101 Z
1b
b1010 3
b1010 :
b1010 S
1V
1^
0`
0a
1]
b1101 5
b1101 D
b1101 F
b1101 R
b1101 X
b1101 B
b1101 G
b1101 M
b1101 +
b1101 0
b1101 <
b1101 L
#2269001
b1101 !"
#2270000
b1100 $
b1100 4
b1100 8
b1100 2
b1100 9
b1100 Z
0b
0V
b1011 3
b1011 :
b1011 S
0U
0^
1`
1a
1h
1i
0j
0]
1f
b1110 5
b1110 D
b1110 F
b1110 R
b1110 X
b1110 B
b1110 G
b1110 M
b1110 +
b1110 0
b1110 <
b1110 L
#2270001
b1100 !"
#2271000
b1101 $
b1101 4
b1101 8
1U
b1101 2
b1101 9
b1101 Z
1b
b1100 3
b1100 :
b1100 S
1V
1^
0`
0a
1]
b1111 5
b1111 D
b1111 F
b1111 R
b1111 X
b1111 B
b1111 G
b1111 M
b1111 +
b1111 0
b1111 <
b1111 L
#2271001
b1101 !"
#2272000
0#
0"
0T
1!
b0 $
b0 4
b0 8
0t
0}
0U
b0 2
b0 9
b0 Z
0b
b1110 3
b1110 :
b1110 S
1a
1j
0p
1r
1s
0y
1{
1|
0V
0^
0_
0]
0f
0o
0x
0\
1e
b0 5
b0 D
b0 F
b0 R
b0 X
b1110 6
b1110 E
b1110 P
b1110 Q
b1110 W
b0 B
b0 G
b0 M
b1110 *
b1110 /
b1110 ;
b1110 K
b1110 O
b0 +
b0 0
b0 <
b0 L
#2272001
1$"
0#"
b0 !"
#2273000
b1111 3
b1111 :
b1111 S
1_
1`
0a
1]
b1 5
b1 D
b1 F
b1 R
b1 X
b1 B
b1 G
b1 M
b1 +
b1 0
b1 <
b1 L
#2274000
1#
0!
b10 $
b10 4
b10 8
1T
b10 2
b10 9
b10 Z
1k
b0 3
b0 :
b0 S
1U
0_
0`
1a
1g
0i
0j
0]
1f
b10 5
b10 D
b10 F
b10 R
b10 X
b10 B
b10 G
b10 M
b10 +
b10 0
b10 <
b10 L
#2274001
0$"
b10 !"
#2275000
b1 3
b1 :
b1 S
1_
1`
0a
1]
b11 5
b11 D
b11 F
b11 R
b11 X
b11 B
b11 G
b11 M
b11 +
b11 0
b11 <
b11 L
#2276000
b100 $
b100 4
b100 8
0k
b100 2
b100 9
b100 Z
1t
0U
b10 3
b10 :
b10 S
0_
0`
1a
0g
1i
1j
1p
0r
0s
0]
0f
1o
b100 5
b100 D
b100 F
b100 R
b100 X
b100 B
b100 G
b100 M
b100 +
b100 0
b100 <
b100 L
#2276001
b100 !"
#2277000
b11 3
b11 :
b11 S
1_
1`
0a
1]
b101 5
b101 D
b101 F
b101 R
b101 X
b101 B
b101 G
b101 M
b101 +
b101 0
b101 <
b101 L
#2278000
b110 $
b110 4
b110 8
b110 2
b110 9
b110 Z
1k
b100 3
b100 :
b100 S
1U
0_
0`
1a
1g
0i
0j
0]
1f
b110 5
b110 D
b110 F
b110 R
b110 X
b110 B
b110 G
b110 M
b110 +
b110 0
b110 <
b110 L
#2278001
b110 !"
#2279000
b101 3
b101 :
b101 S
1_
1`
0a
1]
b111 5
b111 D
b111 F
b111 R
b111 X
b111 B
b111 G
b111 M
b111 +
b111 0
b111 <
b111 L
#2280000
1"
b1000 $
b1000 4
b1000 8
0T
0k
0t
b1000 2
b1000 9
b1000 Z
1}
0U
b110 3
b110 :
b110 S
0_
0`
1a
0g
1i
1j
0p
1r
1s
1y
0{
0|
0]
0f
0o
1x
b1000 5
b1000 D
b1000 F
b1000 R
b1000 X
b1000 B
b1000 G
b1000 M
b1000 +
b1000 0
b1000 <
b1000 L
#2280001
1#"
b1000 !"
#2281000
b111 3
b111 :
b111 S
1_
1`
0a
1]
b1001 5
b1001 D
b1001 F
b1001 R
b1001 X
b1001 B
b1001 G
b1001 M
b1001 +
b1001 0
b1001 <
b1001 L
#2282000
b1010 $
b1010 4
b1010 8
1T
b1010 2
b1010 9
b1010 Z
1k
b1000 3
b1000 :
b1000 S
1U
0_
0`
1a
1g
0i
0j
0]
1f
b1010 5
b1010 D
b1010 F
b1010 R
b1010 X
b1010 B
b1010 G
b1010 M
b1010 +
b1010 0
b1010 <
b1010 L
#2282001
b1010 !"
#2283000
b1001 3
b1001 :
b1001 S
1_
1`
0a
1]
b1011 5
b1011 D
b1011 F
b1011 R
b1011 X
b1011 B
b1011 G
b1011 M
b1011 +
b1011 0
b1011 <
b1011 L
#2284000
b1100 $
b1100 4
b1100 8
0k
b1100 2
b1100 9
b1100 Z
1t
0U
b1010 3
b1010 :
b1010 S
0_
0`
1a
0g
1i
1j
1p
0r
0s
0]
0f
1o
b1100 5
b1100 D
b1100 F
b1100 R
b1100 X
b1100 B
b1100 G
b1100 M
b1100 +
b1100 0
b1100 <
b1100 L
#2284001
b1100 !"
#2285000
b1011 3
b1011 :
b1011 S
1_
1`
0a
1]
b1101 5
b1101 D
b1101 F
b1101 R
b1101 X
b1101 B
b1101 G
b1101 M
b1101 +
b1101 0
b1101 <
b1101 L
#2286000
b1110 $
b1110 4
b1110 8
b1110 2
b1110 9
b1110 Z
1k
b1100 3
b1100 :
b1100 S
1U
0_
0`
1a
1g
0i
0j
0]
1f
b1110 5
b1110 D
b1110 F
b1110 R
b1110 X
b1110 B
b1110 G
b1110 M
b1110 +
b1110 0
b1110 <
b1110 L
#2286001
b1110 !"
#2287000
b1101 3
b1101 :
b1101 S
1_
1`
0a
1]
b1111 5
b1111 D
b1111 F
b1111 R
b1111 X
b1111 B
b1111 G
b1111 M
b1111 +
b1111 0
b1111 <
b1111 L
#2288000
0"
0#
1!
b0 $
b0 4
b0 8
0T
0k
0t
b0 2
b0 9
b0 Z
0}
0U
b1111 3
b1111 :
b1111 S
1a
0g
1i
1j
0p
1r
1s
0y
1{
1|
0]
0f
0o
0x
1\
b0 5
b0 D
b0 F
b0 R
b0 X
b1111 6
b1111 E
b1111 P
b1111 Q
b1111 W
b0 B
b0 G
b0 M
b1111 *
b1111 /
b1111 ;
b1111 K
b1111 O
b0 +
b0 0
b0 <
b0 L
#2288001
1$"
0#"
b0 !"
#2289000
1#
1T
0!
b1 $
b1 4
b1 8
1U
b1 2
b1 9
b1 Z
1b
b0 3
b0 :
b0 S
1V
1^
0`
0a
1]
b1 5
b1 D
b1 F
b1 R
b1 X
b1 B
b1 G
b1 M
b1 +
b1 0
b1 <
b1 L
#2289001
0$"
b1 !"
#2290000
b10 $
b10 4
b10 8
0b
b10 2
b10 9
b10 Z
1k
0V
b1 3
b1 :
b1 S
0^
1`
1a
1g
0i
0j
0]
1f
b10 5
b10 D
b10 F
b10 R
b10 X
b10 B
b10 G
b10 M
b10 +
b10 0
b10 <
b10 L
#2290001
b10 !"
#2291000
b11 $
b11 4
b11 8
b11 2
b11 9
b11 Z
1b
b10 3
b10 :
b10 S
1V
1^
0`
0a
1]
b11 5
b11 D
b11 F
b11 R
b11 X
b11 B
b11 G
b11 M
b11 +
b11 0
b11 <
b11 L
#2291001
b11 !"
#2292000
b100 $
b100 4
b100 8
0U
0b
0k
b100 2
b100 9
b100 Z
1t
0V
b11 3
b11 :
b11 S
0^
1`
1a
0g
1i
1j
1p
0r
0s
0]
0f
1o
b100 5
b100 D
b100 F
b100 R
b100 X
b100 B
b100 G
b100 M
b100 +
b100 0
b100 <
b100 L
#2292001
b100 !"
#2293000
b101 $
b101 4
b101 8
1U
b101 2
b101 9
b101 Z
1b
b100 3
b100 :
b100 S
1V
1^
0`
0a
1]
b101 5
b101 D
b101 F
b101 R
b101 X
b101 B
b101 G
b101 M
b101 +
b101 0
b101 <
b101 L
#2293001
b101 !"
#2294000
b110 $
b110 4
b110 8
0b
b110 2
b110 9
b110 Z
1k
0V
b101 3
b101 :
b101 S
0^
1`
1a
1g
0i
0j
0]
1f
b110 5
b110 D
b110 F
b110 R
b110 X
b110 B
b110 G
b110 M
b110 +
b110 0
b110 <
b110 L
#2294001
b110 !"
#2295000
b111 $
b111 4
b111 8
b111 2
b111 9
b111 Z
1b
b110 3
b110 :
b110 S
1V
1^
0`
0a
1]
b111 5
b111 D
b111 F
b111 R
b111 X
b111 B
b111 G
b111 M
b111 +
b111 0
b111 <
b111 L
#2295001
b111 !"
#2296000
1"
0T
b1000 $
b1000 4
b1000 8
0U
0b
0k
0t
b1000 2
b1000 9
b1000 Z
1}
0V
b111 3
b111 :
b111 S
0^
1`
1a
0g
1i
1j
0p
1r
1s
1y
0{
0|
0]
0f
0o
1x
b1000 5
b1000 D
b1000 F
b1000 R
b1000 X
b1000 B
b1000 G
b1000 M
b1000 +
b1000 0
b1000 <
b1000 L
#2296001
1#"
b1000 !"
#2297000
1T
b1001 $
b1001 4
b1001 8
1U
b1001 2
b1001 9
b1001 Z
1b
b1000 3
b1000 :
b1000 S
1V
1^
0`
0a
1]
b1001 5
b1001 D
b1001 F
b1001 R
b1001 X
b1001 B
b1001 G
b1001 M
b1001 +
b1001 0
b1001 <
b1001 L
#2297001
b1001 !"
#2298000
b1010 $
b1010 4
b1010 8
0b
b1010 2
b1010 9
b1010 Z
1k
0V
b1001 3
b1001 :
b1001 S
0^
1`
1a
1g
0i
0j
0]
1f
b1010 5
b1010 D
b1010 F
b1010 R
b1010 X
b1010 B
b1010 G
b1010 M
b1010 +
b1010 0
b1010 <
b1010 L
#2298001
b1010 !"
#2299000
b1011 $
b1011 4
b1011 8
b1011 2
b1011 9
b1011 Z
1b
b1010 3
b1010 :
b1010 S
1V
1^
0`
0a
1]
b1011 5
b1011 D
b1011 F
b1011 R
b1011 X
b1011 B
b1011 G
b1011 M
b1011 +
b1011 0
b1011 <
b1011 L
#2299001
b1011 !"
#2300000
b1100 $
b1100 4
b1100 8
0U
0b
0k
b1100 2
b1100 9
b1100 Z
1t
0V
b1011 3
b1011 :
b1011 S
0^
1`
1a
0g
1i
1j
1p
0r
0s
0]
0f
1o
b1100 5
b1100 D
b1100 F
b1100 R
b1100 X
b1100 B
b1100 G
b1100 M
b1100 +
b1100 0
b1100 <
b1100 L
#2300001
b1100 !"
#2301000
b1101 $
b1101 4
b1101 8
1U
b1101 2
b1101 9
b1101 Z
1b
b1100 3
b1100 :
b1100 S
1V
1^
0`
0a
1]
b1101 5
b1101 D
b1101 F
b1101 R
b1101 X
b1101 B
b1101 G
b1101 M
b1101 +
b1101 0
b1101 <
b1101 L
#2301001
b1101 !"
#2302000
b1110 $
b1110 4
b1110 8
0b
b1110 2
b1110 9
b1110 Z
1k
0V
b1101 3
b1101 :
b1101 S
0^
1`
1a
1g
0i
0j
0]
1f
b1110 5
b1110 D
b1110 F
b1110 R
b1110 X
b1110 B
b1110 G
b1110 M
b1110 +
b1110 0
b1110 <
b1110 L
#2302001
b1110 !"
#2303000
b1111 $
b1111 4
b1111 8
b1111 2
b1111 9
b1111 Z
1b
b1110 3
b1110 :
b1110 S
1V
1^
0`
0a
1]
b1111 5
b1111 D
b1111 F
b1111 R
b1111 X
b1111 B
b1111 G
b1111 M
b1111 +
b1111 0
b1111 <
b1111 L
#2303001
b1111 !"
#2304000
0"
1!
b0 $
b0 4
b0 8
0b
0k
0t
b0 2
b0 9
b0 Z
0}
0V
0U
0T
0#
1a
1j
1s
1|
0^
0_
0g
0h
0p
0q
0y
0z
0]
0f
0o
0x
0\
0e
0n
0w
b0 5
b0 D
b0 F
b0 R
b0 X
b1 3
b1 :
b1 S
b0 6
b0 E
b0 P
b0 Q
b0 W
b0 B
b0 G
b0 M
1-
b0 *
b0 /
b0 ;
b0 K
b0 O
b0 +
b0 0
b0 <
b0 L
#2304001
1$"
0#"
b0 !"
#2305000
b10 3
b10 :
b10 S
1V
1_
1`
0a
1]
b1 5
b1 D
b1 F
b1 R
b1 X
b1 B
b1 G
b1 M
b1 +
b1 0
b1 <
b1 L
#2306000
0V
b11 3
b11 :
b11 S
0U
0_
0`
1a
1h
1i
0j
0]
1f
b10 5
b10 D
b10 F
b10 R
b10 X
b10 B
b10 G
b10 M
b10 +
b10 0
b10 <
b10 L
#2307000
1U
b100 3
b100 :
b100 S
1V
1_
1`
0a
1]
b11 5
b11 D
b11 F
b11 R
b11 X
b11 B
b11 G
b11 M
b11 +
b11 0
b11 <
b11 L
#2308000
0V
0U
b101 3
b101 :
b101 S
0T
0_
0`
1a
0h
0i
1j
1q
1r
0s
0]
0f
1o
b100 5
b100 D
b100 F
b100 R
b100 X
b100 B
b100 G
b100 M
b100 +
b100 0
b100 <
b100 L
#2309000
b110 3
b110 :
b110 S
1V
1_
1`
0a
1]
b101 5
b101 D
b101 F
b101 R
b101 X
b101 B
b101 G
b101 M
b101 +
b101 0
b101 <
b101 L
#2310000
0T
0V
b111 3
b111 :
b111 S
0U
0_
0`
1a
1h
1i
0j
0]
1f
b110 5
b110 D
b110 F
b110 R
b110 X
b110 B
b110 G
b110 M
b110 +
b110 0
b110 <
b110 L
#2311000
1T
1U
b1000 3
b1000 :
b1000 S
1V
1_
1`
0a
1]
b111 5
b111 D
b111 F
b111 R
b111 X
b111 B
b111 G
b111 M
b111 +
b111 0
b111 <
b111 L
#2312000
0V
0U
0T
b1001 3
b1001 :
b1001 S
0#
0_
0`
1a
0h
0i
1j
0q
0r
1s
1z
1{
0|
0]
0f
0o
1x
b1000 5
b1000 D
b1000 F
b1000 R
b1000 X
b1000 B
b1000 G
b1000 M
b1000 +
b1000 0
b1000 <
b1000 L
#2313000
b1010 3
b1010 :
b1010 S
1V
1_
1`
0a
1]
b1001 5
b1001 D
b1001 F
b1001 R
b1001 X
b1001 B
b1001 G
b1001 M
b1001 +
b1001 0
b1001 <
b1001 L
#2314000
0V
b1011 3
b1011 :
b1011 S
0U
0_
0`
1a
1h
1i
0j
0]
1f
b1010 5
b1010 D
b1010 F
b1010 R
b1010 X
b1010 B
b1010 G
b1010 M
b1010 +
b1010 0
b1010 <
b1010 L
#2315000
1U
b1100 3
b1100 :
b1100 S
1V
1_
1`
0a
1]
b1011 5
b1011 D
b1011 F
b1011 R
b1011 X
b1011 B
b1011 G
b1011 M
b1011 +
b1011 0
b1011 <
b1011 L
#2316000
0#
0V
0U
b1101 3
b1101 :
b1101 S
0T
0_
0`
1a
0h
0i
1j
1q
1r
0s
0]
0f
1o
b1100 5
b1100 D
b1100 F
b1100 R
b1100 X
b1100 B
b1100 G
b1100 M
b1100 +
b1100 0
b1100 <
b1100 L
#2317000
b1110 3
b1110 :
b1110 S
1V
1_
1`
0a
1]
b1101 5
b1101 D
b1101 F
b1101 R
b1101 X
b1101 B
b1101 G
b1101 M
b1101 +
b1101 0
b1101 <
b1101 L
#2318000
0#
0T
0V
b1111 3
b1111 :
b1111 S
0U
0_
0`
1a
1h
1i
0j
0]
1f
b1110 5
b1110 D
b1110 F
b1110 R
b1110 X
b1110 B
b1110 G
b1110 M
b1110 +
b1110 0
b1110 <
b1110 L
#2319000
1#
1T
1U
b0 3
b0 :
b0 S
1V
1_
1`
0a
1]
b1111 5
b1111 D
b1111 F
b1111 R
b1111 X
b1111 B
b1111 G
b1111 M
b1111 +
b1111 0
b1111 <
b1111 L
#2320000
0U
0T
b10 3
b10 :
b10 S
0#
1a
0h
0i
1j
0q
0r
1s
0z
0{
1|
0]
0f
0o
0x
1\
b0 5
b0 D
b0 F
b0 R
b0 X
b1 6
b1 E
b1 P
b1 Q
b1 W
b0 B
b0 G
b0 M
b1 *
b1 /
b1 ;
b1 K
b1 O
b0 +
b0 0
b0 <
b0 L
#2321000
0!
b1 $
b1 4
b1 8
b1 2
b1 9
b1 Z
1b
b11 3
b11 :
b11 S
1^
0`
0a
1]
b1 5
b1 D
b1 F
b1 R
b1 X
b1 B
b1 G
b1 M
b1 +
b1 0
b1 <
b1 L
#2321001
0$"
b1 !"
#2322000
1!
b0 $
b0 4
b0 8
b0 2
b0 9
b0 Z
0b
b100 3
b100 :
b100 S
1U
0^
1`
1a
1h
1i
0j
0]
1f
b10 5
b10 D
b10 F
b10 R
b10 X
b10 B
b10 G
b10 M
b10 +
b10 0
b10 <
b10 L
#2322001
1$"
b0 !"
#2323000
0!
b1 $
b1 4
b1 8
b1 2
b1 9
b1 Z
1b
b101 3
b101 :
b101 S
1^
0`
0a
1]
b11 5
b11 D
b11 F
b11 R
b11 X
b11 B
b11 G
b11 M
b11 +
b11 0
b11 <
b11 L
#2323001
0$"
b1 !"
#2324000
1!
b0 $
b0 4
b0 8
b0 2
b0 9
b0 Z
0b
0U
b110 3
b110 :
b110 S
0T
0^
1`
1a
0h
0i
1j
1q
1r
0s
0]
0f
1o
b100 5
b100 D
b100 F
b100 R
b100 X
b100 B
b100 G
b100 M
b100 +
b100 0
b100 <
b100 L
#2324001
1$"
b0 !"
#2325000
0!
b1 $
b1 4
b1 8
b1 2
b1 9
b1 Z
1b
b111 3
b111 :
b111 S
1^
0`
0a
1]
b101 5
b101 D
b101 F
b101 R
b101 X
b101 B
b101 G
b101 M
b101 +
b101 0
b101 <
b101 L
#2325001
0$"
b1 !"
#2326000
1!
b0 $
b0 4
b0 8
1T
b0 2
b0 9
b0 Z
0b
b1000 3
b1000 :
b1000 S
1U
0^
1`
1a
1h
1i
0j
0]
1f
b110 5
b110 D
b110 F
b110 R
b110 X
b110 B
b110 G
b110 M
b110 +
b110 0
b110 <
b110 L
#2326001
1$"
b0 !"
#2327000
0!
b1 $
b1 4
b1 8
b1 2
b1 9
b1 Z
1b
b1001 3
b1001 :
b1001 S
1^
0`
0a
1]
b111 5
b111 D
b111 F
b111 R
b111 X
b111 B
b111 G
b111 M
b111 +
b111 0
b111 <
b111 L
#2327001
0$"
b1 !"
#2328000
1!
b0 $
b0 4
b0 8
b0 2
b0 9
b0 Z
0b
0U
0T
b1010 3
b1010 :
b1010 S
0#
0^
1`
1a
0h
0i
1j
0q
0r
1s
1z
1{
0|
0]
0f
0o
1x
b1000 5
b1000 D
b1000 F
b1000 R
b1000 X
b1000 B
b1000 G
b1000 M
b1000 +
b1000 0
b1000 <
b1000 L
#2328001
1$"
b0 !"
#2329000
0!
b1 $
b1 4
b1 8
b1 2
b1 9
b1 Z
1b
b1011 3
b1011 :
b1011 S
1^
0`
0a
1]
b1001 5
b1001 D
b1001 F
b1001 R
b1001 X
b1001 B
b1001 G
b1001 M
b1001 +
b1001 0
b1001 <
b1001 L
#2329001
0$"
b1 !"
#2330000
1!
b0 $
b0 4
b0 8
b0 2
b0 9
b0 Z
0b
b1100 3
b1100 :
b1100 S
1U
0^
1`
1a
1h
1i
0j
0]
1f
b1010 5
b1010 D
b1010 F
b1010 R
b1010 X
b1010 B
b1010 G
b1010 M
b1010 +
b1010 0
b1010 <
b1010 L
#2330001
1$"
b0 !"
#2331000
0!
b1 $
b1 4
b1 8
b1 2
b1 9
b1 Z
1b
b1101 3
b1101 :
b1101 S
1^
0`
0a
1]
b1011 5
b1011 D
b1011 F
b1011 R
b1011 X
b1011 B
b1011 G
b1011 M
b1011 +
b1011 0
b1011 <
b1011 L
#2331001
0$"
b1 !"
#2332000
1!
b0 $
b0 4
b0 8
0#
b0 2
b0 9
b0 Z
0b
0U
b1110 3
b1110 :
b1110 S
0T
0^
1`
1a
0h
0i
1j
1q
1r
0s
0]
0f
1o
b1100 5
b1100 D
b1100 F
b1100 R
b1100 X
b1100 B
b1100 G
b1100 M
b1100 +
b1100 0
b1100 <
b1100 L
#2332001
1$"
b0 !"
#2333000
0!
b1 $
b1 4
b1 8
b1 2
b1 9
b1 Z
1b
b1111 3
b1111 :
b1111 S
1^
0`
0a
1]
b1101 5
b1101 D
b1101 F
b1101 R
b1101 X
b1101 B
b1101 G
b1101 M
b1101 +
b1101 0
b1101 <
b1101 L
#2333001
0$"
b1 !"
#2334000
1#
1!
b0 $
b0 4
b0 8
1T
b0 2
b0 9
b0 Z
0b
b0 3
b0 :
b0 S
1U
0^
1`
1a
1h
1i
0j
0]
1f
b1110 5
b1110 D
b1110 F
b1110 R
b1110 X
b1110 B
b1110 G
b1110 M
b1110 +
b1110 0
b1110 <
b1110 L
#2334001
1$"
b0 !"
#2335000
0!
b1 $
b1 4
b1 8
b1 2
b1 9
b1 Z
1b
b1 3
b1 :
b1 S
1^
0`
0a
1]
b1111 5
b1111 D
b1111 F
b1111 R
b1111 X
b1111 B
b1111 G
b1111 M
b1111 +
b1111 0
b1111 <
b1111 L
#2335001
0$"
b1 !"
#2336000
1!
b0 $
b0 4
b0 8
0U
b0 2
b0 9
b0 Z
0b
0V
0T
b11 3
b11 :
b11 S
0#
1a
1j
0q
0r
1s
0z
0{
1|
0^
0_
0]
0f
0o
0x
0\
1e
b0 5
b0 D
b0 F
b0 R
b0 X
b10 6
b10 E
b10 P
b10 Q
b10 W
b0 B
b0 G
b0 M
b10 *
b10 /
b10 ;
b10 K
b10 O
b0 +
b0 0
b0 <
b0 L
#2336001
1$"
b0 !"
#2337000
1U
b100 3
b100 :
b100 S
1V
1_
1`
0a
1]
b1 5
b1 D
b1 F
b1 R
b1 X
b1 B
b1 G
b1 M
b1 +
b1 0
b1 <
b1 L
#2338000
0!
b10 $
b10 4
b10 8
b10 2
b10 9
b10 Z
1k
0V
b101 3
b101 :
b101 S
0_
0`
1a
1g
0i
0j
0]
1f
b10 5
b10 D
b10 F
b10 R
b10 X
b10 B
b10 G
b10 M
b10 +
b10 0
b10 <
b10 L
#2338001
0$"
b10 !"
#2339000
b110 3
b110 :
b110 S
1V
1_
1`
0a
1]
b11 5
b11 D
b11 F
b11 R
b11 X
b11 B
b11 G
b11 M
b11 +
b11 0
b11 <
b11 L
#2340000
1!
b0 $
b0 4
b0 8
0U
b0 2
b0 9
b0 Z
0k
0V
b111 3
b111 :
b111 S
0T
0_
0`
1a
0g
1i
1j
1q
1r
0s
0]
0f
1o
b100 5
b100 D
b100 F
b100 R
b100 X
b100 B
b100 G
b100 M
b100 +
b100 0
b100 <
b100 L
#2340001
1$"
b0 !"
#2341000
1T
1U
b1000 3
b1000 :
b1000 S
1V
1_
1`
0a
1]
b101 5
b101 D
b101 F
b101 R
b101 X
b101 B
b101 G
b101 M
b101 +
b101 0
b101 <
b101 L
#2342000
0!
b10 $
b10 4
b10 8
b10 2
b10 9
b10 Z
1k
0V
b1001 3
b1001 :
b1001 S
0_
0`
1a
1g
0i
0j
0]
1f
b110 5
b110 D
b110 F
b110 R
b110 X
b110 B
b110 G
b110 M
b110 +
b110 0
b110 <
b110 L
#2342001
0$"
b10 !"
#2343000
b1010 3
b1010 :
b1010 S
1V
1_
1`
0a
1]
b111 5
b111 D
b111 F
b111 R
b111 X
b111 B
b111 G
b111 M
b111 +
b111 0
b111 <
b111 L
#2344000
1!
b0 $
b0 4
b0 8
0U
b0 2
b0 9
b0 Z
0k
0V
0T
b1011 3
b1011 :
b1011 S
0#
0_
0`
1a
0g
1i
1j
0q
0r
1s
1z
1{
0|
0]
0f
0o
1x
b1000 5
b1000 D
b1000 F
b1000 R
b1000 X
b1000 B
b1000 G
b1000 M
b1000 +
b1000 0
b1000 <
b1000 L
#2344001
1$"
b0 !"
#2345000
1U
b1100 3
b1100 :
b1100 S
1V
1_
1`
0a
1]
b1001 5
b1001 D
b1001 F
b1001 R
b1001 X
b1001 B
b1001 G
b1001 M
b1001 +
b1001 0
b1001 <
b1001 L
#2346000
0!
b10 $
b10 4
b10 8
b10 2
b10 9
b10 Z
1k
0V
b1101 3
b1101 :
b1101 S
0_
0`
1a
1g
0i
0j
0]
1f
b1010 5
b1010 D
b1010 F
b1010 R
b1010 X
b1010 B
b1010 G
b1010 M
b1010 +
b1010 0
b1010 <
b1010 L
#2346001
0$"
b10 !"
#2347000
b1110 3
b1110 :
b1110 S
1V
1_
1`
0a
1]
b1011 5
b1011 D
b1011 F
b1011 R
b1011 X
b1011 B
b1011 G
b1011 M
b1011 +
b1011 0
b1011 <
b1011 L
#2348000
1!
b0 $
b0 4
b0 8
0U
0#
b0 2
b0 9
b0 Z
0k
0V
b1111 3
b1111 :
b1111 S
0T
0_
0`
1a
0g
1i
1j
1q
1r
0s
0]
0f
1o
b1100 5
b1100 D
b1100 F
b1100 R
b1100 X
b1100 B
b1100 G
b1100 M
b1100 +
b1100 0
b1100 <
b1100 L
#2348001
1$"
b0 !"
#2349000
1#
1T
1U
b0 3
b0 :
b0 S
1V
1_
1`
0a
1]
b1101 5
b1101 D
b1101 F
b1101 R
b1101 X
b1101 B
b1101 G
b1101 M
b1101 +
b1101 0
b1101 <
b1101 L
#2350000
0!
b10 $
b10 4
b10 8
b10 2
b10 9
b10 Z
1k
0V
b1 3
b1 :
b1 S
0_
0`
1a
1g
0i
0j
0]
1f
b1110 5
b1110 D
b1110 F
b1110 R
b1110 X
b1110 B
b1110 G
b1110 M
b1110 +
b1110 0
b1110 <
b1110 L
#2350001
0$"
b10 !"
#2351000
b10 3
b10 :
b10 S
1V
1_
1`
0a
1]
b1111 5
b1111 D
b1111 F
b1111 R
b1111 X
b1111 B
b1111 G
b1111 M
b1111 +
b1111 0
b1111 <
b1111 L
#2352000
1!
b0 $
b0 4
b0 8
b0 2
b0 9
b0 Z
0k
0T
b100 3
b100 :
b100 S
0#
1a
0g
1i
1j
0q
0r
1s
0z
0{
1|
0]
0f
0o
0x
1\
b0 5
b0 D
b0 F
b0 R
b0 X
b11 6
b11 E
b11 P
b11 Q
b11 W
b0 B
b0 G
b0 M
b11 *
b11 /
b11 ;
b11 K
b11 O
b0 +
b0 0
b0 <
b0 L
#2352001
1$"
b0 !"
#2353000
0!
b1 $
b1 4
b1 8
b1 2
b1 9
b1 Z
1b
b101 3
b101 :
b101 S
1^
0`
0a
1]
b1 5
b1 D
b1 F
b1 R
b1 X
b1 B
b1 G
b1 M
b1 +
b1 0
b1 <
b1 L
#2353001
0$"
b1 !"
#2354000
b10 $
b10 4
b10 8
0b
b10 2
b10 9
b10 Z
1k
b110 3
b110 :
b110 S
0^
1`
1a
1g
0i
0j
0]
1f
b10 5
b10 D
b10 F
b10 R
b10 X
b10 B
b10 G
b10 M
b10 +
b10 0
b10 <
b10 L
#2354001
b10 !"
#2355000
b11 $
b11 4
b11 8
b11 2
b11 9
b11 Z
1b
b111 3
b111 :
b111 S
1^
0`
0a
1]
b11 5
b11 D
b11 F
b11 R
b11 X
b11 B
b11 G
b11 M
b11 +
b11 0
b11 <
b11 L
#2355001
b11 !"
#2356000
1!
b0 $
b0 4
b0 8
0b
b0 2
b0 9
b0 Z
0k
b1000 3
b1000 :
b1000 S
1T
0^
1`
1a
0g
1i
1j
1q
1r
0s
0]
0f
1o
b100 5
b100 D
b100 F
b100 R
b100 X
b100 B
b100 G
b100 M
b100 +
b100 0
b100 <
b100 L
#2356001
1$"
b0 !"
#2357000
0!
b1 $
b1 4
b1 8
b1 2
b1 9
b1 Z
1b
b1001 3
b1001 :
b1001 S
1^
0`
0a
1]
b101 5
b101 D
b101 F
b101 R
b101 X
b101 B
b101 G
b101 M
b101 +
b101 0
b101 <
b101 L
#2357001
0$"
b1 !"
#2358000
b10 $
b10 4
b10 8
0b
b10 2
b10 9
b10 Z
1k
b1010 3
b1010 :
b1010 S
0^
1`
1a
1g
0i
0j
0]
1f
b110 5
b110 D
b110 F
b110 R
b110 X
b110 B
b110 G
b110 M
b110 +
b110 0
b110 <
b110 L
#2358001
b10 !"
#2359000
b11 $
b11 4
b11 8
b11 2
b11 9
b11 Z
1b
b1011 3
b1011 :
b1011 S
1^
0`
0a
1]
b111 5
b111 D
b111 F
b111 R
b111 X
b111 B
b111 G
b111 M
b111 +
b111 0
b111 <
b111 L
#2359001
b11 !"
#2360000
1!
b0 $
b0 4
b0 8
0b
b0 2
b0 9
b0 Z
0k
0T
b1100 3
b1100 :
b1100 S
0#
0^
1`
1a
0g
1i
1j
0q
0r
1s
1z
1{
0|
0]
0f
0o
1x
b1000 5
b1000 D
b1000 F
b1000 R
b1000 X
b1000 B
b1000 G
b1000 M
b1000 +
b1000 0
b1000 <
b1000 L
#2360001
1$"
b0 !"
#2361000
0!
b1 $
b1 4
b1 8
b1 2
b1 9
b1 Z
1b
b1101 3
b1101 :
b1101 S
1^
0`
0a
1]
b1001 5
b1001 D
b1001 F
b1001 R
b1001 X
b1001 B
b1001 G
b1001 M
b1001 +
b1001 0
b1001 <
b1001 L
#2361001
0$"
b1 !"
#2362000
b10 $
b10 4
b10 8
0b
b10 2
b10 9
b10 Z
1k
b1110 3
b1110 :
b1110 S
0^
1`
1a
1g
0i
0j
0]
1f
b1010 5
b1010 D
b1010 F
b1010 R
b1010 X
b1010 B
b1010 G
b1010 M
b1010 +
b1010 0
b1010 <
b1010 L
#2362001
b10 !"
#2363000
b11 $
b11 4
b11 8
b11 2
b11 9
b11 Z
1b
b1111 3
b1111 :
b1111 S
1^
0`
0a
1]
b1011 5
b1011 D
b1011 F
b1011 R
b1011 X
b1011 B
b1011 G
b1011 M
b1011 +
b1011 0
b1011 <
b1011 L
#2363001
b11 !"
#2364000
1!
b0 $
b0 4
b0 8
1#
0b
b0 2
b0 9
b0 Z
0k
b0 3
b0 :
b0 S
1T
0^
1`
1a
0g
1i
1j
1q
1r
0s
0]
0f
1o
b1100 5
b1100 D
b1100 F
b1100 R
b1100 X
b1100 B
b1100 G
b1100 M
b1100 +
b1100 0
b1100 <
b1100 L
#2364001
1$"
b0 !"
#2365000
0!
b1 $
b1 4
b1 8
b1 2
b1 9
b1 Z
1b
b1 3
b1 :
b1 S
1^
0`
0a
1]
b1101 5
b1101 D
b1101 F
b1101 R
b1101 X
b1101 B
b1101 G
b1101 M
b1101 +
b1101 0
b1101 <
b1101 L
#2365001
0$"
b1 !"
#2366000
b10 $
b10 4
b10 8
0b
b10 2
b10 9
b10 Z
1k
b10 3
b10 :
b10 S
0^
1`
1a
1g
0i
0j
0]
1f
b1110 5
b1110 D
b1110 F
b1110 R
b1110 X
b1110 B
b1110 G
b1110 M
b1110 +
b1110 0
b1110 <
b1110 L
#2366001
b10 !"
#2367000
b11 $
b11 4
b11 8
b11 2
b11 9
b11 Z
1b
b11 3
b11 :
b11 S
1^
0`
0a
1]
b1111 5
b1111 D
b1111 F
b1111 R
b1111 X
b1111 B
b1111 G
b1111 M
b1111 +
b1111 0
b1111 <
b1111 L
#2367001
b11 !"
#2368000
1!
b0 $
b0 4
b0 8
0T
0b
b0 2
b0 9
b0 Z
0k
0V
0U
b101 3
b101 :
b101 S
0#
1a
1j
1s
0z
0{
1|
0^
0_
0g
0h
0]
0f
0o
0x
0\
0e
1n
b0 5
b0 D
b0 F
b0 R
b0 X
b100 6
b100 E
b100 P
b100 Q
b100 W
b0 B
b0 G
b0 M
b100 *
b100 /
b100 ;
b100 K
b100 O
b0 +
b0 0
b0 <
b0 L
#2368001
1$"
b0 !"
#2369000
b110 3
b110 :
b110 S
1V
1_
1`
0a
1]
b1 5
b1 D
b1 F
b1 R
b1 X
b1 B
b1 G
b1 M
b1 +
b1 0
b1 <
b1 L
#2370000
0T
0V
b111 3
b111 :
b111 S
0U
0_
0`
1a
1h
1i
0j
0]
1f
b10 5
b10 D
b10 F
b10 R
b10 X
b10 B
b10 G
b10 M
b10 +
b10 0
b10 <
b10 L
#2371000
1T
1U
b1000 3
b1000 :
b1000 S
1V
1_
1`
0a
1]
b11 5
b11 D
b11 F
b11 R
b11 X
b11 B
b11 G
b11 M
b11 +
b11 0
b11 <
b11 L
#2372000
0!
b100 $
b100 4
b100 8
b100 2
b100 9
b100 Z
1t
0V
0U
b1001 3
b1001 :
b1001 S
0_
0`
1a
0h
0i
1j
1p
0r
0s
0]
0f
1o
b100 5
b100 D
b100 F
b100 R
b100 X
b100 B
b100 G
b100 M
b100 +
b100 0
b100 <
b100 L
#2372001
0$"
b100 !"
#2373000
b1010 3
b1010 :
b1010 S
1V
1_
1`
0a
1]
b101 5
b101 D
b101 F
b101 R
b101 X
b101 B
b101 G
b101 M
b101 +
b101 0
b101 <
b101 L
#2374000
0V
b1011 3
b1011 :
b1011 S
0U
0_
0`
1a
1h
1i
0j
0]
1f
b110 5
b110 D
b110 F
b110 R
b110 X
b110 B
b110 G
b110 M
b110 +
b110 0
b110 <
b110 L
#2375000
1U
b1100 3
b1100 :
b1100 S
1V
1_
1`
0a
1]
b111 5
b111 D
b111 F
b111 R
b111 X
b111 B
b111 G
b111 M
b111 +
b111 0
b111 <
b111 L
#2376000
1!
b0 $
b0 4
b0 8
0T
b0 2
b0 9
b0 Z
0t
0V
0U
b1101 3
b1101 :
b1101 S
0#
0_
0`
1a
0h
0i
1j
0p
1r
1s
1z
1{
0|
0]
0f
0o
1x
b1000 5
b1000 D
b1000 F
b1000 R
b1000 X
b1000 B
b1000 G
b1000 M
b1000 +
b1000 0
b1000 <
b1000 L
#2376001
1$"
b0 !"
#2377000
b1110 3
b1110 :
b1110 S
1V
1_
1`
0a
1]
b1001 5
b1001 D
b1001 F
b1001 R
b1001 X
b1001 B
b1001 G
b1001 M
b1001 +
b1001 0
b1001 <
b1001 L
#2378000
0#
0T
0V
b1111 3
b1111 :
b1111 S
0U
0_
0`
1a
1h
1i
0j
0]
1f
b1010 5
b1010 D
b1010 F
b1010 R
b1010 X
b1010 B
b1010 G
b1010 M
b1010 +
b1010 0
b1010 <
b1010 L
#2379000
1#
1T
1U
b0 3
b0 :
b0 S
1V
1_
1`
0a
1]
b1011 5
b1011 D
b1011 F
b1011 R
b1011 X
b1011 B
b1011 G
b1011 M
b1011 +
b1011 0
b1011 <
b1011 L
#2380000
0!
b100 $
b100 4
b100 8
b100 2
b100 9
b100 Z
1t
0V
0U
b1 3
b1 :
b1 S
0_
0`
1a
0h
0i
1j
1p
0r
0s
0]
0f
1o
b1100 5
b1100 D
b1100 F
b1100 R
b1100 X
b1100 B
b1100 G
b1100 M
b1100 +
b1100 0
b1100 <
b1100 L
#2380001
0$"
b100 !"
#2381000
b10 3
b10 :
b10 S
1V
1_
1`
0a
1]
b1101 5
b1101 D
b1101 F
b1101 R
b1101 X
b1101 B
b1101 G
b1101 M
b1101 +
b1101 0
b1101 <
b1101 L
#2382000
0V
b11 3
b11 :
b11 S
0U
0_
0`
1a
1h
1i
0j
0]
1f
b1110 5
b1110 D
b1110 F
b1110 R
b1110 X
b1110 B
b1110 G
b1110 M
b1110 +
b1110 0
b1110 <
b1110 L
#2383000
1U
b100 3
b100 :
b100 S
1V
1_
1`
0a
1]
b1111 5
b1111 D
b1111 F
b1111 R
b1111 X
b1111 B
b1111 G
b1111 M
b1111 +
b1111 0
b1111 <
b1111 L
#2384000
1!
b0 $
b0 4
b0 8
0T
b0 2
b0 9
b0 Z
0t
0U
b110 3
b110 :
b110 S
0#
1a
0h
0i
1j
0p
1r
1s
0z
0{
1|
0]
0f
0o
0x
1\
b0 5
b0 D
b0 F
b0 R
b0 X
b101 6
b101 E
b101 P
b101 Q
b101 W
b0 B
b0 G
b0 M
b101 *
b101 /
b101 ;
b101 K
b101 O
b0 +
b0 0
b0 <
b0 L
#2384001
1$"
b0 !"
#2385000
0!
b1 $
b1 4
b1 8
b1 2
b1 9
b1 Z
1b
b111 3
b111 :
b111 S
1^
0`
0a
1]
b1 5
b1 D
b1 F
b1 R
b1 X
b1 B
b1 G
b1 M
b1 +
b1 0
b1 <
b1 L
#2385001
0$"
b1 !"
#2386000
1!
b0 $
b0 4
b0 8
1T
b0 2
b0 9
b0 Z
0b
b1000 3
b1000 :
b1000 S
1U
0^
1`
1a
1h
1i
0j
0]
1f
b10 5
b10 D
b10 F
b10 R
b10 X
b10 B
b10 G
b10 M
b10 +
b10 0
b10 <
b10 L
#2386001
1$"
b0 !"
#2387000
0!
b1 $
b1 4
b1 8
b1 2
b1 9
b1 Z
1b
b1001 3
b1001 :
b1001 S
1^
0`
0a
1]
b11 5
b11 D
b11 F
b11 R
b11 X
b11 B
b11 G
b11 M
b11 +
b11 0
b11 <
b11 L
#2387001
0$"
b1 !"
#2388000
b100 $
b100 4
b100 8
0b
b100 2
b100 9
b100 Z
1t
0U
b1010 3
b1010 :
b1010 S
0^
1`
1a
0h
0i
1j
1p
0r
0s
0]
0f
1o
b100 5
b100 D
b100 F
b100 R
b100 X
b100 B
b100 G
b100 M
b100 +
b100 0
b100 <
b100 L
#2388001
b100 !"
#2389000
b101 $
b101 4
b101 8
b101 2
b101 9
b101 Z
1b
b1011 3
b1011 :
b1011 S
1^
0`
0a
1]
b101 5
b101 D
b101 F
b101 R
b101 X
b101 B
b101 G
b101 M
b101 +
b101 0
b101 <
b101 L
#2389001
b101 !"
#2390000
b100 $
b100 4
b100 8
b100 2
b100 9
b100 Z
0b
b1100 3
b1100 :
b1100 S
1U
0^
1`
1a
1h
1i
0j
0]
1f
b110 5
b110 D
b110 F
b110 R
b110 X
b110 B
b110 G
b110 M
b110 +
b110 0
b110 <
b110 L
#2390001
b100 !"
#2391000
b101 $
b101 4
b101 8
b101 2
b101 9
b101 Z
1b
b1101 3
b1101 :
b1101 S
1^
0`
0a
1]
b111 5
b111 D
b111 F
b111 R
b111 X
b111 B
b111 G
b111 M
b111 +
b111 0
b111 <
b111 L
#2391001
b101 !"
#2392000
1!
b0 $
b0 4
b0 8
0T
0b
b0 2
b0 9
b0 Z
0t
0U
b1110 3
b1110 :
b1110 S
0#
0^
1`
1a
0h
0i
1j
0p
1r
1s
1z
1{
0|
0]
0f
0o
1x
b1000 5
b1000 D
b1000 F
b1000 R
b1000 X
b1000 B
b1000 G
b1000 M
b1000 +
b1000 0
b1000 <
b1000 L
#2392001
1$"
b0 !"
#2393000
0!
b1 $
b1 4
b1 8
b1 2
b1 9
b1 Z
1b
b1111 3
b1111 :
b1111 S
1^
0`
0a
1]
b1001 5
b1001 D
b1001 F
b1001 R
b1001 X
b1001 B
b1001 G
b1001 M
b1001 +
b1001 0
b1001 <
b1001 L
#2393001
0$"
b1 !"
#2394000
1#
1!
b0 $
b0 4
b0 8
1T
b0 2
b0 9
b0 Z
0b
b0 3
b0 :
b0 S
1U
0^
1`
1a
1h
1i
0j
0]
1f
b1010 5
b1010 D
b1010 F
b1010 R
b1010 X
b1010 B
b1010 G
b1010 M
b1010 +
b1010 0
b1010 <
b1010 L
#2394001
1$"
b0 !"
#2395000
0!
b1 $
b1 4
b1 8
b1 2
b1 9
b1 Z
1b
b1 3
b1 :
b1 S
1^
0`
0a
1]
b1011 5
b1011 D
b1011 F
b1011 R
b1011 X
b1011 B
b1011 G
b1011 M
b1011 +
b1011 0
b1011 <
b1011 L
#2395001
0$"
b1 !"
#2396000
b100 $
b100 4
b100 8
0b
b100 2
b100 9
b100 Z
1t
0U
b10 3
b10 :
b10 S
0^
1`
1a
0h
0i
1j
1p
0r
0s
0]
0f
1o
b1100 5
b1100 D
b1100 F
b1100 R
b1100 X
b1100 B
b1100 G
b1100 M
b1100 +
b1100 0
b1100 <
b1100 L
#2396001
b100 !"
#2397000
b101 $
b101 4
b101 8
b101 2
b101 9
b101 Z
1b
b11 3
b11 :
b11 S
1^
0`
0a
1]
b1101 5
b1101 D
b1101 F
b1101 R
b1101 X
b1101 B
b1101 G
b1101 M
b1101 +
b1101 0
b1101 <
b1101 L
#2397001
b101 !"
#2398000
b100 $
b100 4
b100 8
b100 2
b100 9
b100 Z
0b
b100 3
b100 :
b100 S
1U
0^
1`
1a
1h
1i
0j
0]
1f
b1110 5
b1110 D
b1110 F
b1110 R
b1110 X
b1110 B
b1110 G
b1110 M
b1110 +
b1110 0
b1110 <
b1110 L
#2398001
b100 !"
#2399000
b101 $
b101 4
b101 8
b101 2
b101 9
b101 Z
1b
b101 3
b101 :
b101 S
1^
0`
0a
1]
b1111 5
b1111 D
b1111 F
b1111 R
b1111 X
b1111 B
b1111 G
b1111 M
b1111 +
b1111 0
b1111 <
b1111 L
#2399001
b101 !"
#2400000
0T
1!
b0 $
b0 4
b0 8
0U
0t
b0 2
b0 9
b0 Z
0b
0V
b111 3
b111 :
b111 S
0#
1a
1j
0p
1r
1s
0z
0{
1|
0^
0_
0]
0f
0o
0x
0\
1e
b0 5
b0 D
b0 F
b0 R
b0 X
b110 6
b110 E
b110 P
b110 Q
b110 W
b0 B
b0 G
b0 M
b110 *
b110 /
b110 ;
b110 K
b110 O
b0 +
b0 0
b0 <
b0 L
#2400001
1$"
b0 !"
#2401000
1T
1U
b1000 3
b1000 :
b1000 S
1V
1_
1`
0a
1]
b1 5
b1 D
b1 F
b1 R
b1 X
b1 B
b1 G
b1 M
b1 +
b1 0
b1 <
b1 L
#2402000
0!
b10 $
b10 4
b10 8
b10 2
b10 9
b10 Z
1k
0V
b1001 3
b1001 :
b1001 S
0_
0`
1a
1g
0i
0j
0]
1f
b10 5
b10 D
b10 F
b10 R
b10 X
b10 B
b10 G
b10 M
b10 +
b10 0
b10 <
b10 L
#2402001
0$"
b10 !"
#2403000
b1010 3
b1010 :
b1010 S
1V
1_
1`
0a
1]
b11 5
b11 D
b11 F
b11 R
b11 X
b11 B
b11 G
b11 M
b11 +
b11 0
b11 <
b11 L
#2404000
b100 $
b100 4
b100 8
0U
0k
b100 2
b100 9
b100 Z
1t
0V
b1011 3
b1011 :
b1011 S
0_
0`
1a
0g
1i
1j
1p
0r
0s
0]
0f
1o
b100 5
b100 D
b100 F
b100 R
b100 X
b100 B
b100 G
b100 M
b100 +
b100 0
b100 <
b100 L
#2404001
b100 !"
#2405000
1U
b1100 3
b1100 :
b1100 S
1V
1_
1`
0a
1]
b101 5
b101 D
b101 F
b101 R
b101 X
b101 B
b101 G
b101 M
b101 +
b101 0
b101 <
b101 L
#2406000
b110 $
b110 4
b110 8
b110 2
b110 9
b110 Z
1k
0V
b1101 3
b1101 :
b1101 S
0_
0`
1a
1g
0i
0j
0]
1f
b110 5
b110 D
b110 F
b110 R
b110 X
b110 B
b110 G
b110 M
b110 +
b110 0
b110 <
b110 L
#2406001
b110 !"
#2407000
b1110 3
b1110 :
b1110 S
1V
1_
1`
0a
1]
b111 5
b111 D
b111 F
b111 R
b111 X
b111 B
b111 G
b111 M
b111 +
b111 0
b111 <
b111 L
#2408000
0T
1!
b0 $
b0 4
b0 8
0U
0k
b0 2
b0 9
b0 Z
0t
0V
b1111 3
b1111 :
b1111 S
0#
0_
0`
1a
0g
1i
1j
0p
1r
1s
1z
1{
0|
0]
0f
0o
1x
b1000 5
b1000 D
b1000 F
b1000 R
b1000 X
b1000 B
b1000 G
b1000 M
b1000 +
b1000 0
b1000 <
b1000 L
#2408001
1$"
b0 !"
#2409000
1#
1T
1U
b0 3
b0 :
b0 S
1V
1_
1`
0a
1]
b1001 5
b1001 D
b1001 F
b1001 R
b1001 X
b1001 B
b1001 G
b1001 M
b1001 +
b1001 0
b1001 <
b1001 L
#2410000
0!
b10 $
b10 4
b10 8
b10 2
b10 9
b10 Z
1k
0V
b1 3
b1 :
b1 S
0_
0`
1a
1g
0i
0j
0]
1f
b1010 5
b1010 D
b1010 F
b1010 R
b1010 X
b1010 B
b1010 G
b1010 M
b1010 +
b1010 0
b1010 <
b1010 L
#2410001
0$"
b10 !"
#2411000
b10 3
b10 :
b10 S
1V
1_
1`
0a
1]
b1011 5
b1011 D
b1011 F
b1011 R
b1011 X
b1011 B
b1011 G
b1011 M
b1011 +
b1011 0
b1011 <
b1011 L
#2412000
b100 $
b100 4
b100 8
0U
0k
b100 2
b100 9
b100 Z
1t
0V
b11 3
b11 :
b11 S
0_
0`
1a
0g
1i
1j
1p
0r
0s
0]
0f
1o
b1100 5
b1100 D
b1100 F
b1100 R
b1100 X
b1100 B
b1100 G
b1100 M
b1100 +
b1100 0
b1100 <
b1100 L
#2412001
b100 !"
#2413000
1U
b100 3
b100 :
b100 S
1V
1_
1`
0a
1]
b1101 5
b1101 D
b1101 F
b1101 R
b1101 X
b1101 B
b1101 G
b1101 M
b1101 +
b1101 0
b1101 <
b1101 L
#2414000
b110 $
b110 4
b110 8
b110 2
b110 9
b110 Z
1k
0V
b101 3
b101 :
b101 S
0_
0`
1a
1g
0i
0j
0]
1f
b1110 5
b1110 D
b1110 F
b1110 R
b1110 X
b1110 B
b1110 G
b1110 M
b1110 +
b1110 0
b1110 <
b1110 L
#2414001
b110 !"
#2415000
b110 3
b110 :
b110 S
1V
1_
1`
0a
1]
b1111 5
b1111 D
b1111 F
b1111 R
b1111 X
b1111 B
b1111 G
b1111 M
b1111 +
b1111 0
b1111 <
b1111 L
#2416000
1!
b0 $
b0 4
b0 8
0k
b0 2
b0 9
b0 Z
0t
b1000 3
b1000 :
b1000 S
0#
1a
0g
1i
1j
0p
1r
1s
0z
0{
1|
0]
0f
0o
0x
1\
b0 5
b0 D
b0 F
b0 R
b0 X
b111 6
b111 E
b111 P
b111 Q
b111 W
b0 B
b0 G
b0 M
b111 *
b111 /
b111 ;
b111 K
b111 O
b0 +
b0 0
b0 <
b0 L
#2416001
1$"
b0 !"
#2417000
0!
b1 $
b1 4
b1 8
b1 2
b1 9
b1 Z
1b
b1001 3
b1001 :
b1001 S
1^
0`
0a
1]
b1 5
b1 D
b1 F
b1 R
b1 X
b1 B
b1 G
b1 M
b1 +
b1 0
b1 <
b1 L
#2417001
0$"
b1 !"
#2418000
b10 $
b10 4
b10 8
0b
b10 2
b10 9
b10 Z
1k
b1010 3
b1010 :
b1010 S
0^
1`
1a
1g
0i
0j
0]
1f
b10 5
b10 D
b10 F
b10 R
b10 X
b10 B
b10 G
b10 M
b10 +
b10 0
b10 <
b10 L
#2418001
b10 !"
#2419000
b11 $
b11 4
b11 8
b11 2
b11 9
b11 Z
1b
b1011 3
b1011 :
b1011 S
1^
0`
0a
1]
b11 5
b11 D
b11 F
b11 R
b11 X
b11 B
b11 G
b11 M
b11 +
b11 0
b11 <
b11 L
#2419001
b11 !"
#2420000
b100 $
b100 4
b100 8
0b
0k
b100 2
b100 9
b100 Z
1t
b1100 3
b1100 :
b1100 S
0^
1`
1a
0g
1i
1j
1p
0r
0s
0]
0f
1o
b100 5
b100 D
b100 F
b100 R
b100 X
b100 B
b100 G
b100 M
b100 +
b100 0
b100 <
b100 L
#2420001
b100 !"
#2421000
b101 $
b101 4
b101 8
b101 2
b101 9
b101 Z
1b
b1101 3
b1101 :
b1101 S
1^
0`
0a
1]
b101 5
b101 D
b101 F
b101 R
b101 X
b101 B
b101 G
b101 M
b101 +
b101 0
b101 <
b101 L
#2421001
b101 !"
#2422000
b110 $
b110 4
b110 8
0b
b110 2
b110 9
b110 Z
1k
b1110 3
b1110 :
b1110 S
0^
1`
1a
1g
0i
0j
0]
1f
b110 5
b110 D
b110 F
b110 R
b110 X
b110 B
b110 G
b110 M
b110 +
b110 0
b110 <
b110 L
#2422001
b110 !"
#2423000
b111 $
b111 4
b111 8
b111 2
b111 9
b111 Z
1b
b1111 3
b1111 :
b1111 S
1^
0`
0a
1]
b111 5
b111 D
b111 F
b111 R
b111 X
b111 B
b111 G
b111 M
b111 +
b111 0
b111 <
b111 L
#2423001
b111 !"
#2424000
1!
b0 $
b0 4
b0 8
0b
0k
b0 2
b0 9
b0 Z
0t
b0 3
b0 :
b0 S
1#
0^
1`
1a
0g
1i
1j
0p
1r
1s
1z
1{
0|
0]
0f
0o
1x
b1000 5
b1000 D
b1000 F
b1000 R
b1000 X
b1000 B
b1000 G
b1000 M
b1000 +
b1000 0
b1000 <
b1000 L
#2424001
1$"
b0 !"
#2425000
0!
b1 $
b1 4
b1 8
b1 2
b1 9
b1 Z
1b
b1 3
b1 :
b1 S
1^
0`
0a
1]
b1001 5
b1001 D
b1001 F
b1001 R
b1001 X
b1001 B
b1001 G
b1001 M
b1001 +
b1001 0
b1001 <
b1001 L
#2425001
0$"
b1 !"
#2426000
b10 $
b10 4
b10 8
0b
b10 2
b10 9
b10 Z
1k
b10 3
b10 :
b10 S
0^
1`
1a
1g
0i
0j
0]
1f
b1010 5
b1010 D
b1010 F
b1010 R
b1010 X
b1010 B
b1010 G
b1010 M
b1010 +
b1010 0
b1010 <
b1010 L
#2426001
b10 !"
#2427000
b11 $
b11 4
b11 8
b11 2
b11 9
b11 Z
1b
b11 3
b11 :
b11 S
1^
0`
0a
1]
b1011 5
b1011 D
b1011 F
b1011 R
b1011 X
b1011 B
b1011 G
b1011 M
b1011 +
b1011 0
b1011 <
b1011 L
#2427001
b11 !"
#2428000
b100 $
b100 4
b100 8
0b
0k
b100 2
b100 9
b100 Z
1t
b100 3
b100 :
b100 S
0^
1`
1a
0g
1i
1j
1p
0r
0s
0]
0f
1o
b1100 5
b1100 D
b1100 F
b1100 R
b1100 X
b1100 B
b1100 G
b1100 M
b1100 +
b1100 0
b1100 <
b1100 L
#2428001
b100 !"
#2429000
b101 $
b101 4
b101 8
b101 2
b101 9
b101 Z
1b
b101 3
b101 :
b101 S
1^
0`
0a
1]
b1101 5
b1101 D
b1101 F
b1101 R
b1101 X
b1101 B
b1101 G
b1101 M
b1101 +
b1101 0
b1101 <
b1101 L
#2429001
b101 !"
#2430000
b110 $
b110 4
b110 8
0b
b110 2
b110 9
b110 Z
1k
b110 3
b110 :
b110 S
0^
1`
1a
1g
0i
0j
0]
1f
b1110 5
b1110 D
b1110 F
b1110 R
b1110 X
b1110 B
b1110 G
b1110 M
b1110 +
b1110 0
b1110 <
b1110 L
#2430001
b110 !"
#2431000
b111 $
b111 4
b111 8
b111 2
b111 9
b111 Z
1b
b111 3
b111 :
b111 S
1^
0`
0a
1]
b1111 5
b1111 D
b1111 F
b1111 R
b1111 X
b1111 B
b1111 G
b1111 M
b1111 +
b1111 0
b1111 <
b1111 L
#2431001
b111 !"
#2432000
1!
b0 $
b0 4
b0 8
b1001 3
b1001 :
b1001 S
0#
0b
0k
b0 2
b0 9
b0 Z
0t
0V
0U
0T
1a
1j
1s
1|
0^
0_
0g
0h
0p
0q
0]
0f
0o
0x
0\
0e
0n
1w
b0 5
b0 D
b0 F
b0 R
b0 X
b1000 6
b1000 E
b1000 P
b1000 Q
b1000 W
b0 B
b0 G
b0 M
b1000 *
b1000 /
b1000 ;
b1000 K
b1000 O
b0 +
b0 0
b0 <
b0 L
#2432001
1$"
b0 !"
#2433000
b1010 3
b1010 :
b1010 S
1V
1_
1`
0a
1]
b1 5
b1 D
b1 F
b1 R
b1 X
b1 B
b1 G
b1 M
b1 +
b1 0
b1 <
b1 L
#2434000
0V
b1011 3
b1011 :
b1011 S
0U
0_
0`
1a
1h
1i
0j
0]
1f
b10 5
b10 D
b10 F
b10 R
b10 X
b10 B
b10 G
b10 M
b10 +
b10 0
b10 <
b10 L
#2435000
1U
b1100 3
b1100 :
b1100 S
1V
1_
1`
0a
1]
b11 5
b11 D
b11 F
b11 R
b11 X
b11 B
b11 G
b11 M
b11 +
b11 0
b11 <
b11 L
#2436000
0#
0V
0U
b1101 3
b1101 :
b1101 S
0T
0_
0`
1a
0h
0i
1j
1q
1r
0s
0]
0f
1o
b100 5
b100 D
b100 F
b100 R
b100 X
b100 B
b100 G
b100 M
b100 +
b100 0
b100 <
b100 L
#2437000
b1110 3
b1110 :
b1110 S
1V
1_
1`
0a
1]
b101 5
b101 D
b101 F
b101 R
b101 X
b101 B
b101 G
b101 M
b101 +
b101 0
b101 <
b101 L
#2438000
0#
0T
0V
b1111 3
b1111 :
b1111 S
0U
0_
0`
1a
1h
1i
0j
0]
1f
b110 5
b110 D
b110 F
b110 R
b110 X
b110 B
b110 G
b110 M
b110 +
b110 0
b110 <
b110 L
#2439000
1#
1T
1U
b0 3
b0 :
b0 S
1V
1_
1`
0a
1]
b111 5
b111 D
b111 F
b111 R
b111 X
b111 B
b111 G
b111 M
b111 +
b111 0
b111 <
b111 L
#2440000
1"
0!
b1000 $
b1000 4
b1000 8
b1000 2
b1000 9
b1000 Z
1}
0V
0U
0T
b1 3
b1 :
b1 S
0_
0`
1a
0h
0i
1j
0q
0r
1s
1y
0{
0|
0]
0f
0o
1x
b1000 5
b1000 D
b1000 F
b1000 R
b1000 X
b1000 B
b1000 G
b1000 M
b1000 +
b1000 0
b1000 <
b1000 L
#2440001
0$"
1#"
b1000 !"
#2441000
b10 3
b10 :
b10 S
1V
1_
1`
0a
1]
b1001 5
b1001 D
b1001 F
b1001 R
b1001 X
b1001 B
b1001 G
b1001 M
b1001 +
b1001 0
b1001 <
b1001 L
#2442000
0V
b11 3
b11 :
b11 S
0U
0_
0`
1a
1h
1i
0j
0]
1f
b1010 5
b1010 D
b1010 F
b1010 R
b1010 X
b1010 B
b1010 G
b1010 M
b1010 +
b1010 0
b1010 <
b1010 L
#2443000
1U
b100 3
b100 :
b100 S
1V
1_
1`
0a
1]
b1011 5
b1011 D
b1011 F
b1011 R
b1011 X
b1011 B
b1011 G
b1011 M
b1011 +
b1011 0
b1011 <
b1011 L
#2444000
0V
0U
b101 3
b101 :
b101 S
0T
0_
0`
1a
0h
0i
1j
1q
1r
0s
0]
0f
1o
b1100 5
b1100 D
b1100 F
b1100 R
b1100 X
b1100 B
b1100 G
b1100 M
b1100 +
b1100 0
b1100 <
b1100 L
#2445000
b110 3
b110 :
b110 S
1V
1_
1`
0a
1]
b1101 5
b1101 D
b1101 F
b1101 R
b1101 X
b1101 B
b1101 G
b1101 M
b1101 +
b1101 0
b1101 <
b1101 L
#2446000
0T
0V
b111 3
b111 :
b111 S
0U
0_
0`
1a
1h
1i
0j
0]
1f
b1110 5
b1110 D
b1110 F
b1110 R
b1110 X
b1110 B
b1110 G
b1110 M
b1110 +
b1110 0
b1110 <
b1110 L
#2447000
1T
1U
b1000 3
b1000 :
b1000 S
1V
1_
1`
0a
1]
b1111 5
b1111 D
b1111 F
b1111 R
b1111 X
b1111 B
b1111 G
b1111 M
b1111 +
b1111 0
b1111 <
b1111 L
#2448000
0"
1!
b0 $
b0 4
b0 8
0#
b0 2
b0 9
b0 Z
0}
0U
0T
b1010 3
b1010 :
b1010 S
1a
0h
0i
1j
0q
0r
1s
0y
1{
1|
0]
0f
0o
0x
1\
b0 5
b0 D
b0 F
b0 R
b0 X
b1001 6
b1001 E
b1001 P
b1001 Q
b1001 W
b0 B
b0 G
b0 M
b1001 *
b1001 /
b1001 ;
b1001 K
b1001 O
b0 +
b0 0
b0 <
b0 L
#2448001
1$"
0#"
b0 !"
#2449000
0!
b1 $
b1 4
b1 8
b1 2
b1 9
b1 Z
1b
b1011 3
b1011 :
b1011 S
1^
0`
0a
1]
b1 5
b1 D
b1 F
b1 R
b1 X
b1 B
b1 G
b1 M
b1 +
b1 0
b1 <
b1 L
#2449001
0$"
b1 !"
#2450000
1!
b0 $
b0 4
b0 8
b0 2
b0 9
b0 Z
0b
b1100 3
b1100 :
b1100 S
1U
0^
1`
1a
1h
1i
0j
0]
1f
b10 5
b10 D
b10 F
b10 R
b10 X
b10 B
b10 G
b10 M
b10 +
b10 0
b10 <
b10 L
#2450001
1$"
b0 !"
#2451000
0!
b1 $
b1 4
b1 8
b1 2
b1 9
b1 Z
1b
b1101 3
b1101 :
b1101 S
1^
0`
0a
1]
b11 5
b11 D
b11 F
b11 R
b11 X
b11 B
b11 G
b11 M
b11 +
b11 0
b11 <
b11 L
#2451001
0$"
b1 !"
#2452000
1!
b0 $
b0 4
b0 8
0#
b0 2
b0 9
b0 Z
0b
0U
b1110 3
b1110 :
b1110 S
0T
0^
1`
1a
0h
0i
1j
1q
1r
0s
0]
0f
1o
b100 5
b100 D
b100 F
b100 R
b100 X
b100 B
b100 G
b100 M
b100 +
b100 0
b100 <
b100 L
#2452001
1$"
b0 !"
#2453000
0!
b1 $
b1 4
b1 8
b1 2
b1 9
b1 Z
1b
b1111 3
b1111 :
b1111 S
1^
0`
0a
1]
b101 5
b101 D
b101 F
b101 R
b101 X
b101 B
b101 G
b101 M
b101 +
b101 0
b101 <
b101 L
#2453001
0$"
b1 !"
#2454000
1#
1!
b0 $
b0 4
b0 8
1T
b0 2
b0 9
b0 Z
0b
b0 3
b0 :
b0 S
1U
0^
1`
1a
1h
1i
0j
0]
1f
b110 5
b110 D
b110 F
b110 R
b110 X
b110 B
b110 G
b110 M
b110 +
b110 0
b110 <
b110 L
#2454001
1$"
b0 !"
#2455000
0!
b1 $
b1 4
b1 8
b1 2
b1 9
b1 Z
1b
b1 3
b1 :
b1 S
1^
0`
0a
1]
b111 5
b111 D
b111 F
b111 R
b111 X
b111 B
b111 G
b111 M
b111 +
b111 0
b111 <
b111 L
#2455001
0$"
b1 !"
#2456000
1"
b1000 $
b1000 4
b1000 8
0b
b1000 2
b1000 9
b1000 Z
1}
0U
0T
b10 3
b10 :
b10 S
0^
1`
1a
0h
0i
1j
0q
0r
1s
1y
0{
0|
0]
0f
0o
1x
b1000 5
b1000 D
b1000 F
b1000 R
b1000 X
b1000 B
b1000 G
b1000 M
b1000 +
b1000 0
b1000 <
b1000 L
#2456001
1#"
b1000 !"
#2457000
b1001 $
b1001 4
b1001 8
b1001 2
b1001 9
b1001 Z
1b
b11 3
b11 :
b11 S
1^
0`
0a
1]
b1001 5
b1001 D
b1001 F
b1001 R
b1001 X
b1001 B
b1001 G
b1001 M
b1001 +
b1001 0
b1001 <
b1001 L
#2457001
b1001 !"
#2458000
b1000 $
b1000 4
b1000 8
b1000 2
b1000 9
b1000 Z
0b
b100 3
b100 :
b100 S
1U
0^
1`
1a
1h
1i
0j
0]
1f
b1010 5
b1010 D
b1010 F
b1010 R
b1010 X
b1010 B
b1010 G
b1010 M
b1010 +
b1010 0
b1010 <
b1010 L
#2458001
b1000 !"
#2459000
b1001 $
b1001 4
b1001 8
b1001 2
b1001 9
b1001 Z
1b
b101 3
b101 :
b101 S
1^
0`
0a
1]
b1011 5
b1011 D
b1011 F
b1011 R
b1011 X
b1011 B
b1011 G
b1011 M
b1011 +
b1011 0
b1011 <
b1011 L
#2459001
b1001 !"
#2460000
b1000 $
b1000 4
b1000 8
b1000 2
b1000 9
b1000 Z
0b
0U
b110 3
b110 :
b110 S
0T
0^
1`
1a
0h
0i
1j
1q
1r
0s
0]
0f
1o
b1100 5
b1100 D
b1100 F
b1100 R
b1100 X
b1100 B
b1100 G
b1100 M
b1100 +
b1100 0
b1100 <
b1100 L
#2460001
b1000 !"
#2461000
b1001 $
b1001 4
b1001 8
b1001 2
b1001 9
b1001 Z
1b
b111 3
b111 :
b111 S
1^
0`
0a
1]
b1101 5
b1101 D
b1101 F
b1101 R
b1101 X
b1101 B
b1101 G
b1101 M
b1101 +
b1101 0
b1101 <
b1101 L
#2461001
b1001 !"
#2462000
b1000 $
b1000 4
b1000 8
1T
b1000 2
b1000 9
b1000 Z
0b
b1000 3
b1000 :
b1000 S
1U
0^
1`
1a
1h
1i
0j
0]
1f
b1110 5
b1110 D
b1110 F
b1110 R
b1110 X
b1110 B
b1110 G
b1110 M
b1110 +
b1110 0
b1110 <
b1110 L
#2462001
b1000 !"
#2463000
b1001 $
b1001 4
b1001 8
b1001 2
b1001 9
b1001 Z
1b
b1001 3
b1001 :
b1001 S
1^
0`
0a
1]
b1111 5
b1111 D
b1111 F
b1111 R
b1111 X
b1111 B
b1111 G
b1111 M
b1111 +
b1111 0
b1111 <
b1111 L
#2463001
b1001 !"
#2464000
0"
1!
b0 $
b0 4
b0 8
0U
0#
0}
b0 2
b0 9
b0 Z
0b
0V
0T
b1011 3
b1011 :
b1011 S
1a
1j
0q
0r
1s
0y
1{
1|
0^
0_
0]
0f
0o
0x
0\
1e
b0 5
b0 D
b0 F
b0 R
b0 X
b1010 6
b1010 E
b1010 P
b1010 Q
b1010 W
b0 B
b0 G
b0 M
b1010 *
b1010 /
b1010 ;
b1010 K
b1010 O
b0 +
b0 0
b0 <
b0 L
#2464001
1$"
0#"
b0 !"
#2465000
1U
b1100 3
b1100 :
b1100 S
1V
1_
1`
0a
1]
b1 5
b1 D
b1 F
b1 R
b1 X
b1 B
b1 G
b1 M
b1 +
b1 0
b1 <
b1 L
#2466000
0!
b10 $
b10 4
b10 8
b10 2
b10 9
b10 Z
1k
0V
b1101 3
b1101 :
b1101 S
0_
0`
1a
1g
0i
0j
0]
1f
b10 5
b10 D
b10 F
b10 R
b10 X
b10 B
b10 G
b10 M
b10 +
b10 0
b10 <
b10 L
#2466001
0$"
b10 !"
#2467000
b1110 3
b1110 :
b1110 S
1V
1_
1`
0a
1]
b11 5
b11 D
b11 F
b11 R
b11 X
b11 B
b11 G
b11 M
b11 +
b11 0
b11 <
b11 L
#2468000
1!
b0 $
b0 4
b0 8
0U
0#
b0 2
b0 9
b0 Z
0k
0V
b1111 3
b1111 :
b1111 S
0T
0_
0`
1a
0g
1i
1j
1q
1r
0s
0]
0f
1o
b100 5
b100 D
b100 F
b100 R
b100 X
b100 B
b100 G
b100 M
b100 +
b100 0
b100 <
b100 L
#2468001
1$"
b0 !"
#2469000
1#
1T
1U
b0 3
b0 :
b0 S
1V
1_
1`
0a
1]
b101 5
b101 D
b101 F
b101 R
b101 X
b101 B
b101 G
b101 M
b101 +
b101 0
b101 <
b101 L
#2470000
0!
b10 $
b10 4
b10 8
b10 2
b10 9
b10 Z
1k
0V
b1 3
b1 :
b1 S
0_
0`
1a
1g
0i
0j
0]
1f
b110 5
b110 D
b110 F
b110 R
b110 X
b110 B
b110 G
b110 M
b110 +
b110 0
b110 <
b110 L
#2470001
0$"
b10 !"
#2471000
b10 3
b10 :
b10 S
1V
1_
1`
0a
1]
b111 5
b111 D
b111 F
b111 R
b111 X
b111 B
b111 G
b111 M
b111 +
b111 0
b111 <
b111 L
#2472000
1"
b1000 $
b1000 4
b1000 8
0U
0k
b1000 2
b1000 9
b1000 Z
1}
0V
0T
b11 3
b11 :
b11 S
0_
0`
1a
0g
1i
1j
0q
0r
1s
1y
0{
0|
0]
0f
0o
1x
b1000 5
b1000 D
b1000 F
b1000 R
b1000 X
b1000 B
b1000 G
b1000 M
b1000 +
b1000 0
b1000 <
b1000 L
#2472001
1#"
b1000 !"
#2473000
1U
b100 3
b100 :
b100 S
1V
1_
1`
0a
1]
b1001 5
b1001 D
b1001 F
b1001 R
b1001 X
b1001 B
b1001 G
b1001 M
b1001 +
b1001 0
b1001 <
b1001 L
#2474000
b1010 $
b1010 4
b1010 8
b1010 2
b1010 9
b1010 Z
1k
0V
b101 3
b101 :
b101 S
0_
0`
1a
1g
0i
0j
0]
1f
b1010 5
b1010 D
b1010 F
b1010 R
b1010 X
b1010 B
b1010 G
b1010 M
b1010 +
b1010 0
b1010 <
b1010 L
#2474001
b1010 !"
#2475000
b110 3
b110 :
b110 S
1V
1_
1`
0a
1]
b1011 5
b1011 D
b1011 F
b1011 R
b1011 X
b1011 B
b1011 G
b1011 M
b1011 +
b1011 0
b1011 <
b1011 L
#2476000
b1000 $
b1000 4
b1000 8
0U
b1000 2
b1000 9
b1000 Z
0k
0V
b111 3
b111 :
b111 S
0T
0_
0`
1a
0g
1i
1j
1q
1r
0s
0]
0f
1o
b1100 5
b1100 D
b1100 F
b1100 R
b1100 X
b1100 B
b1100 G
b1100 M
b1100 +
b1100 0
b1100 <
b1100 L
#2476001
b1000 !"
#2477000
1T
1U
b1000 3
b1000 :
b1000 S
1V
1_
1`
0a
1]
b1101 5
b1101 D
b1101 F
b1101 R
b1101 X
b1101 B
b1101 G
b1101 M
b1101 +
b1101 0
b1101 <
b1101 L
#2478000
b1010 $
b1010 4
b1010 8
b1010 2
b1010 9
b1010 Z
1k
0V
b1001 3
b1001 :
b1001 S
0_
0`
1a
1g
0i
0j
0]
1f
b1110 5
b1110 D
b1110 F
b1110 R
b1110 X
b1110 B
b1110 G
b1110 M
b1110 +
b1110 0
b1110 <
b1110 L
#2478001
b1010 !"
#2479000
b1010 3
b1010 :
b1010 S
1V
1_
1`
0a
1]
b1111 5
b1111 D
b1111 F
b1111 R
b1111 X
b1111 B
b1111 G
b1111 M
b1111 +
b1111 0
b1111 <
b1111 L
#2480000
0"
1!
b0 $
b0 4
b0 8
0#
0k
b0 2
b0 9
b0 Z
0}
0T
b1100 3
b1100 :
b1100 S
1a
0g
1i
1j
0q
0r
1s
0y
1{
1|
0]
0f
0o
0x
1\
b0 5
b0 D
b0 F
b0 R
b0 X
b1011 6
b1011 E
b1011 P
b1011 Q
b1011 W
b0 B
b0 G
b0 M
b1011 *
b1011 /
b1011 ;
b1011 K
b1011 O
b0 +
b0 0
b0 <
b0 L
#2480001
1$"
0#"
b0 !"
#2481000
0!
b1 $
b1 4
b1 8
b1 2
b1 9
b1 Z
1b
b1101 3
b1101 :
b1101 S
1^
0`
0a
1]
b1 5
b1 D
b1 F
b1 R
b1 X
b1 B
b1 G
b1 M
b1 +
b1 0
b1 <
b1 L
#2481001
0$"
b1 !"
#2482000
b10 $
b10 4
b10 8
0b
b10 2
b10 9
b10 Z
1k
b1110 3
b1110 :
b1110 S
0^
1`
1a
1g
0i
0j
0]
1f
b10 5
b10 D
b10 F
b10 R
b10 X
b10 B
b10 G
b10 M
b10 +
b10 0
b10 <
b10 L
#2482001
b10 !"
#2483000
b11 $
b11 4
b11 8
b11 2
b11 9
b11 Z
1b
b1111 3
b1111 :
b1111 S
1^
0`
0a
1]
b11 5
b11 D
b11 F
b11 R
b11 X
b11 B
b11 G
b11 M
b11 +
b11 0
b11 <
b11 L
#2483001
b11 !"
#2484000
1!
b0 $
b0 4
b0 8
1#
0b
b0 2
b0 9
b0 Z
0k
b0 3
b0 :
b0 S
1T
0^
1`
1a
0g
1i
1j
1q
1r
0s
0]
0f
1o
b100 5
b100 D
b100 F
b100 R
b100 X
b100 B
b100 G
b100 M
b100 +
b100 0
b100 <
b100 L
#2484001
1$"
b0 !"
#2485000
0!
b1 $
b1 4
b1 8
b1 2
b1 9
b1 Z
1b
b1 3
b1 :
b1 S
1^
0`
0a
1]
b101 5
b101 D
b101 F
b101 R
b101 X
b101 B
b101 G
b101 M
b101 +
b101 0
b101 <
b101 L
#2485001
0$"
b1 !"
#2486000
b10 $
b10 4
b10 8
0b
b10 2
b10 9
b10 Z
1k
b10 3
b10 :
b10 S
0^
1`
1a
1g
0i
0j
0]
1f
b110 5
b110 D
b110 F
b110 R
b110 X
b110 B
b110 G
b110 M
b110 +
b110 0
b110 <
b110 L
#2486001
b10 !"
#2487000
b11 $
b11 4
b11 8
b11 2
b11 9
b11 Z
1b
b11 3
b11 :
b11 S
1^
0`
0a
1]
b111 5
b111 D
b111 F
b111 R
b111 X
b111 B
b111 G
b111 M
b111 +
b111 0
b111 <
b111 L
#2487001
b11 !"
#2488000
1"
b1000 $
b1000 4
b1000 8
0b
0k
b1000 2
b1000 9
b1000 Z
1}
0T
b100 3
b100 :
b100 S
0^
1`
1a
0g
1i
1j
0q
0r
1s
1y
0{
0|
0]
0f
0o
1x
b1000 5
b1000 D
b1000 F
b1000 R
b1000 X
b1000 B
b1000 G
b1000 M
b1000 +
b1000 0
b1000 <
b1000 L
#2488001
1#"
b1000 !"
#2489000
b1001 $
b1001 4
b1001 8
b1001 2
b1001 9
b1001 Z
1b
b101 3
b101 :
b101 S
1^
0`
0a
1]
b1001 5
b1001 D
b1001 F
b1001 R
b1001 X
b1001 B
b1001 G
b1001 M
b1001 +
b1001 0
b1001 <
b1001 L
#2489001
b1001 !"
#2490000
b1010 $
b1010 4
b1010 8
0b
b1010 2
b1010 9
b1010 Z
1k
b110 3
b110 :
b110 S
0^
1`
1a
1g
0i
0j
0]
1f
b1010 5
b1010 D
b1010 F
b1010 R
b1010 X
b1010 B
b1010 G
b1010 M
b1010 +
b1010 0
b1010 <
b1010 L
#2490001
b1010 !"
#2491000
b1011 $
b1011 4
b1011 8
b1011 2
b1011 9
b1011 Z
1b
b111 3
b111 :
b111 S
1^
0`
0a
1]
b1011 5
b1011 D
b1011 F
b1011 R
b1011 X
b1011 B
b1011 G
b1011 M
b1011 +
b1011 0
b1011 <
b1011 L
#2491001
b1011 !"
#2492000
b1000 $
b1000 4
b1000 8
0b
b1000 2
b1000 9
b1000 Z
0k
b1000 3
b1000 :
b1000 S
1T
0^
1`
1a
0g
1i
1j
1q
1r
0s
0]
0f
1o
b1100 5
b1100 D
b1100 F
b1100 R
b1100 X
b1100 B
b1100 G
b1100 M
b1100 +
b1100 0
b1100 <
b1100 L
#2492001
b1000 !"
#2493000
b1001 $
b1001 4
b1001 8
b1001 2
b1001 9
b1001 Z
1b
b1001 3
b1001 :
b1001 S
1^
0`
0a
1]
b1101 5
b1101 D
b1101 F
b1101 R
b1101 X
b1101 B
b1101 G
b1101 M
b1101 +
b1101 0
b1101 <
b1101 L
#2493001
b1001 !"
#2494000
b1010 $
b1010 4
b1010 8
0b
b1010 2
b1010 9
b1010 Z
1k
b1010 3
b1010 :
b1010 S
0^
1`
1a
1g
0i
0j
0]
1f
b1110 5
b1110 D
b1110 F
b1110 R
b1110 X
b1110 B
b1110 G
b1110 M
b1110 +
b1110 0
b1110 <
b1110 L
#2494001
b1010 !"
#2495000
b1011 $
b1011 4
b1011 8
b1011 2
b1011 9
b1011 Z
1b
b1011 3
b1011 :
b1011 S
1^
0`
0a
1]
b1111 5
b1111 D
b1111 F
b1111 R
b1111 X
b1111 B
b1111 G
b1111 M
b1111 +
b1111 0
b1111 <
b1111 L
#2495001
b1011 !"
#2496000
0"
0#
1!
b0 $
b0 4
b0 8
0T
0}
0b
b0 2
b0 9
b0 Z
0k
0V
0U
b1101 3
b1101 :
b1101 S
1a
1j
1s
0y
1{
1|
0^
0_
0g
0h
0]
0f
0o
0x
0\
0e
1n
b0 5
b0 D
b0 F
b0 R
b0 X
b1100 6
b1100 E
b1100 P
b1100 Q
b1100 W
b0 B
b0 G
b0 M
b1100 *
b1100 /
b1100 ;
b1100 K
b1100 O
b0 +
b0 0
b0 <
b0 L
#2496001
1$"
0#"
b0 !"
#2497000
b1110 3
b1110 :
b1110 S
1V
1_
1`
0a
1]
b1 5
b1 D
b1 F
b1 R
b1 X
b1 B
b1 G
b1 M
b1 +
b1 0
b1 <
b1 L
#2498000
0#
0T
0V
b1111 3
b1111 :
b1111 S
0U
0_
0`
1a
1h
1i
0j
0]
1f
b10 5
b10 D
b10 F
b10 R
b10 X
b10 B
b10 G
b10 M
b10 +
b10 0
b10 <
b10 L
#2499000
1#
1T
1U
b0 3
b0 :
b0 S
1V
1_
1`
0a
1]
b11 5
b11 D
b11 F
b11 R
b11 X
b11 B
b11 G
b11 M
b11 +
b11 0
b11 <
b11 L
#2500000
0!
b100 $
b100 4
b100 8
b100 2
b100 9
b100 Z
1t
0V
0U
b1 3
b1 :
b1 S
0_
0`
1a
0h
0i
1j
1p
0r
0s
0]
0f
1o
b100 5
b100 D
b100 F
b100 R
b100 X
b100 B
b100 G
b100 M
b100 +
b100 0
b100 <
b100 L
#2500001
0$"
b100 !"
#2501000
b10 3
b10 :
b10 S
1V
1_
1`
0a
1]
b101 5
b101 D
b101 F
b101 R
b101 X
b101 B
b101 G
b101 M
b101 +
b101 0
b101 <
b101 L
#2502000
0V
b11 3
b11 :
b11 S
0U
0_
0`
1a
1h
1i
0j
0]
1f
b110 5
b110 D
b110 F
b110 R
b110 X
b110 B
b110 G
b110 M
b110 +
b110 0
b110 <
b110 L
#2503000
1U
b100 3
b100 :
b100 S
1V
1_
1`
0a
1]
b111 5
b111 D
b111 F
b111 R
b111 X
b111 B
b111 G
b111 M
b111 +
b111 0
b111 <
b111 L
#2504000
1"
b1000 $
b1000 4
b1000 8
0T
0t
b1000 2
b1000 9
b1000 Z
1}
0V
0U
b101 3
b101 :
b101 S
0_
0`
1a
0h
0i
1j
0p
1r
1s
1y
0{
0|
0]
0f
0o
1x
b1000 5
b1000 D
b1000 F
b1000 R
b1000 X
b1000 B
b1000 G
b1000 M
b1000 +
b1000 0
b1000 <
b1000 L
#2504001
1#"
b1000 !"
#2505000
b110 3
b110 :
b110 S
1V
1_
1`
0a
1]
b1001 5
b1001 D
b1001 F
b1001 R
b1001 X
b1001 B
b1001 G
b1001 M
b1001 +
b1001 0
b1001 <
b1001 L
#2506000
0T
0V
b111 3
b111 :
b111 S
0U
0_
0`
1a
1h
1i
0j
0]
1f
b1010 5
b1010 D
b1010 F
b1010 R
b1010 X
b1010 B
b1010 G
b1010 M
b1010 +
b1010 0
b1010 <
b1010 L
#2507000
1T
1U
b1000 3
b1000 :
b1000 S
1V
1_
1`
0a
1]
b1011 5
b1011 D
b1011 F
b1011 R
b1011 X
b1011 B
b1011 G
b1011 M
b1011 +
b1011 0
b1011 <
b1011 L
#2508000
b1100 $
b1100 4
b1100 8
b1100 2
b1100 9
b1100 Z
1t
0V
0U
b1001 3
b1001 :
b1001 S
0_
0`
1a
0h
0i
1j
1p
0r
0s
0]
0f
1o
b1100 5
b1100 D
b1100 F
b1100 R
b1100 X
b1100 B
b1100 G
b1100 M
b1100 +
b1100 0
b1100 <
b1100 L
#2508001
b1100 !"
#2509000
b1010 3
b1010 :
b1010 S
1V
1_
1`
0a
1]
b1101 5
b1101 D
b1101 F
b1101 R
b1101 X
b1101 B
b1101 G
b1101 M
b1101 +
b1101 0
b1101 <
b1101 L
#2510000
0V
b1011 3
b1011 :
b1011 S
0U
0_
0`
1a
1h
1i
0j
0]
1f
b1110 5
b1110 D
b1110 F
b1110 R
b1110 X
b1110 B
b1110 G
b1110 M
b1110 +
b1110 0
b1110 <
b1110 L
#2511000
1U
b1100 3
b1100 :
b1100 S
1V
1_
1`
0a
1]
b1111 5
b1111 D
b1111 F
b1111 R
b1111 X
b1111 B
b1111 G
b1111 M
b1111 +
b1111 0
b1111 <
b1111 L
#2512000
0"
0#
1!
b0 $
b0 4
b0 8
0T
0t
b0 2
b0 9
b0 Z
0}
0U
b1110 3
b1110 :
b1110 S
1a
0h
0i
1j
0p
1r
1s
0y
1{
1|
0]
0f
0o
0x
1\
b0 5
b0 D
b0 F
b0 R
b0 X
b1101 6
b1101 E
b1101 P
b1101 Q
b1101 W
b0 B
b0 G
b0 M
b1101 *
b1101 /
b1101 ;
b1101 K
b1101 O
b0 +
b0 0
b0 <
b0 L
#2512001
1$"
0#"
b0 !"
#2513000
0!
b1 $
b1 4
b1 8
b1 2
b1 9
b1 Z
1b
b1111 3
b1111 :
b1111 S
1^
0`
0a
1]
b1 5
b1 D
b1 F
b1 R
b1 X
b1 B
b1 G
b1 M
b1 +
b1 0
b1 <
b1 L
#2513001
0$"
b1 !"
#2514000
1#
1!
b0 $
b0 4
b0 8
1T
b0 2
b0 9
b0 Z
0b
b0 3
b0 :
b0 S
1U
0^
1`
1a
1h
1i
0j
0]
1f
b10 5
b10 D
b10 F
b10 R
b10 X
b10 B
b10 G
b10 M
b10 +
b10 0
b10 <
b10 L
#2514001
1$"
b0 !"
#2515000
0!
b1 $
b1 4
b1 8
b1 2
b1 9
b1 Z
1b
b1 3
b1 :
b1 S
1^
0`
0a
1]
b11 5
b11 D
b11 F
b11 R
b11 X
b11 B
b11 G
b11 M
b11 +
b11 0
b11 <
b11 L
#2515001
0$"
b1 !"
#2516000
b100 $
b100 4
b100 8
0b
b100 2
b100 9
b100 Z
1t
0U
b10 3
b10 :
b10 S
0^
1`
1a
0h
0i
1j
1p
0r
0s
0]
0f
1o
b100 5
b100 D
b100 F
b100 R
b100 X
b100 B
b100 G
b100 M
b100 +
b100 0
b100 <
b100 L
#2516001
b100 !"
#2517000
b101 $
b101 4
b101 8
b101 2
b101 9
b101 Z
1b
b11 3
b11 :
b11 S
1^
0`
0a
1]
b101 5
b101 D
b101 F
b101 R
b101 X
b101 B
b101 G
b101 M
b101 +
b101 0
b101 <
b101 L
#2517001
b101 !"
#2518000
b100 $
b100 4
b100 8
b100 2
b100 9
b100 Z
0b
b100 3
b100 :
b100 S
1U
0^
1`
1a
1h
1i
0j
0]
1f
b110 5
b110 D
b110 F
b110 R
b110 X
b110 B
b110 G
b110 M
b110 +
b110 0
b110 <
b110 L
#2518001
b100 !"
#2519000
b101 $
b101 4
b101 8
b101 2
b101 9
b101 Z
1b
b101 3
b101 :
b101 S
1^
0`
0a
1]
b111 5
b111 D
b111 F
b111 R
b111 X
b111 B
b111 G
b111 M
b111 +
b111 0
b111 <
b111 L
#2519001
b101 !"
#2520000
1"
b1000 $
b1000 4
b1000 8
0T
0b
0t
b1000 2
b1000 9
b1000 Z
1}
0U
b110 3
b110 :
b110 S
0^
1`
1a
0h
0i
1j
0p
1r
1s
1y
0{
0|
0]
0f
0o
1x
b1000 5
b1000 D
b1000 F
b1000 R
b1000 X
b1000 B
b1000 G
b1000 M
b1000 +
b1000 0
b1000 <
b1000 L
#2520001
1#"
b1000 !"
#2521000
b1001 $
b1001 4
b1001 8
b1001 2
b1001 9
b1001 Z
1b
b111 3
b111 :
b111 S
1^
0`
0a
1]
b1001 5
b1001 D
b1001 F
b1001 R
b1001 X
b1001 B
b1001 G
b1001 M
b1001 +
b1001 0
b1001 <
b1001 L
#2521001
b1001 !"
#2522000
b1000 $
b1000 4
b1000 8
1T
b1000 2
b1000 9
b1000 Z
0b
b1000 3
b1000 :
b1000 S
1U
0^
1`
1a
1h
1i
0j
0]
1f
b1010 5
b1010 D
b1010 F
b1010 R
b1010 X
b1010 B
b1010 G
b1010 M
b1010 +
b1010 0
b1010 <
b1010 L
#2522001
b1000 !"
#2523000
b1001 $
b1001 4
b1001 8
b1001 2
b1001 9
b1001 Z
1b
b1001 3
b1001 :
b1001 S
1^
0`
0a
1]
b1011 5
b1011 D
b1011 F
b1011 R
b1011 X
b1011 B
b1011 G
b1011 M
b1011 +
b1011 0
b1011 <
b1011 L
#2523001
b1001 !"
#2524000
b1100 $
b1100 4
b1100 8
0b
b1100 2
b1100 9
b1100 Z
1t
0U
b1010 3
b1010 :
b1010 S
0^
1`
1a
0h
0i
1j
1p
0r
0s
0]
0f
1o
b1100 5
b1100 D
b1100 F
b1100 R
b1100 X
b1100 B
b1100 G
b1100 M
b1100 +
b1100 0
b1100 <
b1100 L
#2524001
b1100 !"
#2525000
b1101 $
b1101 4
b1101 8
b1101 2
b1101 9
b1101 Z
1b
b1011 3
b1011 :
b1011 S
1^
0`
0a
1]
b1101 5
b1101 D
b1101 F
b1101 R
b1101 X
b1101 B
b1101 G
b1101 M
b1101 +
b1101 0
b1101 <
b1101 L
#2525001
b1101 !"
#2526000
b1100 $
b1100 4
b1100 8
b1100 2
b1100 9
b1100 Z
0b
b1100 3
b1100 :
b1100 S
1U
0^
1`
1a
1h
1i
0j
0]
1f
b1110 5
b1110 D
b1110 F
b1110 R
b1110 X
b1110 B
b1110 G
b1110 M
b1110 +
b1110 0
b1110 <
b1110 L
#2526001
b1100 !"
#2527000
b1101 $
b1101 4
b1101 8
b1101 2
b1101 9
b1101 Z
1b
b1101 3
b1101 :
b1101 S
1^
0`
0a
1]
b1111 5
b1111 D
b1111 F
b1111 R
b1111 X
b1111 B
b1111 G
b1111 M
b1111 +
b1111 0
b1111 <
b1111 L
#2527001
b1101 !"
#2528000
0#
0"
0T
1!
b0 $
b0 4
b0 8
0U
0t
0}
b0 2
b0 9
b0 Z
0b
0V
b1111 3
b1111 :
b1111 S
1a
1j
0p
1r
1s
0y
1{
1|
0^
0_
0]
0f
0o
0x
0\
1e
b0 5
b0 D
b0 F
b0 R
b0 X
b1110 6
b1110 E
b1110 P
b1110 Q
b1110 W
b0 B
b0 G
b0 M
b1110 *
b1110 /
b1110 ;
b1110 K
b1110 O
b0 +
b0 0
b0 <
b0 L
#2528001
1$"
0#"
b0 !"
#2529000
1#
1T
1U
b0 3
b0 :
b0 S
1V
1_
1`
0a
1]
b1 5
b1 D
b1 F
b1 R
b1 X
b1 B
b1 G
b1 M
b1 +
b1 0
b1 <
b1 L
#2530000
0!
b10 $
b10 4
b10 8
b10 2
b10 9
b10 Z
1k
0V
b1 3
b1 :
b1 S
0_
0`
1a
1g
0i
0j
0]
1f
b10 5
b10 D
b10 F
b10 R
b10 X
b10 B
b10 G
b10 M
b10 +
b10 0
b10 <
b10 L
#2530001
0$"
b10 !"
#2531000
b10 3
b10 :
b10 S
1V
1_
1`
0a
1]
b11 5
b11 D
b11 F
b11 R
b11 X
b11 B
b11 G
b11 M
b11 +
b11 0
b11 <
b11 L
#2532000
b100 $
b100 4
b100 8
0U
0k
b100 2
b100 9
b100 Z
1t
0V
b11 3
b11 :
b11 S
0_
0`
1a
0g
1i
1j
1p
0r
0s
0]
0f
1o
b100 5
b100 D
b100 F
b100 R
b100 X
b100 B
b100 G
b100 M
b100 +
b100 0
b100 <
b100 L
#2532001
b100 !"
#2533000
1U
b100 3
b100 :
b100 S
1V
1_
1`
0a
1]
b101 5
b101 D
b101 F
b101 R
b101 X
b101 B
b101 G
b101 M
b101 +
b101 0
b101 <
b101 L
#2534000
b110 $
b110 4
b110 8
b110 2
b110 9
b110 Z
1k
0V
b101 3
b101 :
b101 S
0_
0`
1a
1g
0i
0j
0]
1f
b110 5
b110 D
b110 F
b110 R
b110 X
b110 B
b110 G
b110 M
b110 +
b110 0
b110 <
b110 L
#2534001
b110 !"
#2535000
b110 3
b110 :
b110 S
1V
1_
1`
0a
1]
b111 5
b111 D
b111 F
b111 R
b111 X
b111 B
b111 G
b111 M
b111 +
b111 0
b111 <
b111 L
#2536000
1"
0T
b1000 $
b1000 4
b1000 8
0U
0k
0t
b1000 2
b1000 9
b1000 Z
1}
0V
b111 3
b111 :
b111 S
0_
0`
1a
0g
1i
1j
0p
1r
1s
1y
0{
0|
0]
0f
0o
1x
b1000 5
b1000 D
b1000 F
b1000 R
b1000 X
b1000 B
b1000 G
b1000 M
b1000 +
b1000 0
b1000 <
b1000 L
#2536001
1#"
b1000 !"
#2537000
1T
1U
b1000 3
b1000 :
b1000 S
1V
1_
1`
0a
1]
b1001 5
b1001 D
b1001 F
b1001 R
b1001 X
b1001 B
b1001 G
b1001 M
b1001 +
b1001 0
b1001 <
b1001 L
#2538000
b1010 $
b1010 4
b1010 8
b1010 2
b1010 9
b1010 Z
1k
0V
b1001 3
b1001 :
b1001 S
0_
0`
1a
1g
0i
0j
0]
1f
b1010 5
b1010 D
b1010 F
b1010 R
b1010 X
b1010 B
b1010 G
b1010 M
b1010 +
b1010 0
b1010 <
b1010 L
#2538001
b1010 !"
#2539000
b1010 3
b1010 :
b1010 S
1V
1_
1`
0a
1]
b1011 5
b1011 D
b1011 F
b1011 R
b1011 X
b1011 B
b1011 G
b1011 M
b1011 +
b1011 0
b1011 <
b1011 L
#2540000
b1100 $
b1100 4
b1100 8
0U
0k
b1100 2
b1100 9
b1100 Z
1t
0V
b1011 3
b1011 :
b1011 S
0_
0`
1a
0g
1i
1j
1p
0r
0s
0]
0f
1o
b1100 5
b1100 D
b1100 F
b1100 R
b1100 X
b1100 B
b1100 G
b1100 M
b1100 +
b1100 0
b1100 <
b1100 L
#2540001
b1100 !"
#2541000
1U
b1100 3
b1100 :
b1100 S
1V
1_
1`
0a
1]
b1101 5
b1101 D
b1101 F
b1101 R
b1101 X
b1101 B
b1101 G
b1101 M
b1101 +
b1101 0
b1101 <
b1101 L
#2542000
b1110 $
b1110 4
b1110 8
b1110 2
b1110 9
b1110 Z
1k
0V
b1101 3
b1101 :
b1101 S
0_
0`
1a
1g
0i
0j
0]
1f
b1110 5
b1110 D
b1110 F
b1110 R
b1110 X
b1110 B
b1110 G
b1110 M
b1110 +
b1110 0
b1110 <
b1110 L
#2542001
b1110 !"
#2543000
b1110 3
b1110 :
b1110 S
1V
1_
1`
0a
1]
b1111 5
b1111 D
b1111 F
b1111 R
b1111 X
b1111 B
b1111 G
b1111 M
b1111 +
b1111 0
b1111 <
b1111 L
#2544000
0"
1!
b0 $
b0 4
b0 8
0k
0t
b0 2
b0 9
b0 Z
0}
b0 3
b0 :
b0 S
1a
0g
1i
1j
0p
1r
1s
0y
1{
1|
0]
0f
0o
0x
1\
b0 5
b0 D
b0 F
b0 R
b0 X
b1111 6
b1111 E
b1111 P
b1111 Q
b1111 W
b0 B
b0 G
b0 M
b1111 *
b1111 /
b1111 ;
b1111 K
b1111 O
b0 +
b0 0
b0 <
b0 L
#2544001
1$"
0#"
b0 !"
#2545000
0!
b1 $
b1 4
b1 8
b1 2
b1 9
b1 Z
1b
b1 3
b1 :
b1 S
1^
0`
0a
1]
b1 5
b1 D
b1 F
b1 R
b1 X
b1 B
b1 G
b1 M
b1 +
b1 0
b1 <
b1 L
#2545001
0$"
b1 !"
#2546000
b10 $
b10 4
b10 8
0b
b10 2
b10 9
b10 Z
1k
b10 3
b10 :
b10 S
0^
1`
1a
1g
0i
0j
0]
1f
b10 5
b10 D
b10 F
b10 R
b10 X
b10 B
b10 G
b10 M
b10 +
b10 0
b10 <
b10 L
#2546001
b10 !"
#2547000
b11 $
b11 4
b11 8
b11 2
b11 9
b11 Z
1b
b11 3
b11 :
b11 S
1^
0`
0a
1]
b11 5
b11 D
b11 F
b11 R
b11 X
b11 B
b11 G
b11 M
b11 +
b11 0
b11 <
b11 L
#2547001
b11 !"
#2548000
b100 $
b100 4
b100 8
0b
0k
b100 2
b100 9
b100 Z
1t
b100 3
b100 :
b100 S
0^
1`
1a
0g
1i
1j
1p
0r
0s
0]
0f
1o
b100 5
b100 D
b100 F
b100 R
b100 X
b100 B
b100 G
b100 M
b100 +
b100 0
b100 <
b100 L
#2548001
b100 !"
#2549000
b101 $
b101 4
b101 8
b101 2
b101 9
b101 Z
1b
b101 3
b101 :
b101 S
1^
0`
0a
1]
b101 5
b101 D
b101 F
b101 R
b101 X
b101 B
b101 G
b101 M
b101 +
b101 0
b101 <
b101 L
#2549001
b101 !"
#2550000
b110 $
b110 4
b110 8
0b
b110 2
b110 9
b110 Z
1k
b110 3
b110 :
b110 S
0^
1`
1a
1g
0i
0j
0]
1f
b110 5
b110 D
b110 F
b110 R
b110 X
b110 B
b110 G
b110 M
b110 +
b110 0
b110 <
b110 L
#2550001
b110 !"
#2551000
b111 $
b111 4
b111 8
b111 2
b111 9
b111 Z
1b
b111 3
b111 :
b111 S
1^
0`
0a
1]
b111 5
b111 D
b111 F
b111 R
b111 X
b111 B
b111 G
b111 M
b111 +
b111 0
b111 <
b111 L
#2551001
b111 !"
#2552000
1"
b1000 $
b1000 4
b1000 8
0b
0k
0t
b1000 2
b1000 9
b1000 Z
1}
b1000 3
b1000 :
b1000 S
0^
1`
1a
0g
1i
1j
0p
1r
1s
1y
0{
0|
0]
0f
0o
1x
b1000 5
b1000 D
b1000 F
b1000 R
b1000 X
b1000 B
b1000 G
b1000 M
b1000 +
b1000 0
b1000 <
b1000 L
#2552001
1#"
b1000 !"
#2553000
b1001 $
b1001 4
b1001 8
b1001 2
b1001 9
b1001 Z
1b
b1001 3
b1001 :
b1001 S
1^
0`
0a
1]
b1001 5
b1001 D
b1001 F
b1001 R
b1001 X
b1001 B
b1001 G
b1001 M
b1001 +
b1001 0
b1001 <
b1001 L
#2553001
b1001 !"
#2554000
b1010 $
b1010 4
b1010 8
0b
b1010 2
b1010 9
b1010 Z
1k
b1010 3
b1010 :
b1010 S
0^
1`
1a
1g
0i
0j
0]
1f
b1010 5
b1010 D
b1010 F
b1010 R
b1010 X
b1010 B
b1010 G
b1010 M
b1010 +
b1010 0
b1010 <
b1010 L
#2554001
b1010 !"
#2555000
b1011 $
b1011 4
b1011 8
b1011 2
b1011 9
b1011 Z
1b
b1011 3
b1011 :
b1011 S
1^
0`
0a
1]
b1011 5
b1011 D
b1011 F
b1011 R
b1011 X
b1011 B
b1011 G
b1011 M
b1011 +
b1011 0
b1011 <
b1011 L
#2555001
b1011 !"
#2556000
b1100 $
b1100 4
b1100 8
0b
0k
b1100 2
b1100 9
b1100 Z
1t
b1100 3
b1100 :
b1100 S
0^
1`
1a
0g
1i
1j
1p
0r
0s
0]
0f
1o
b1100 5
b1100 D
b1100 F
b1100 R
b1100 X
b1100 B
b1100 G
b1100 M
b1100 +
b1100 0
b1100 <
b1100 L
#2556001
b1100 !"
#2557000
b1101 $
b1101 4
b1101 8
b1101 2
b1101 9
b1101 Z
1b
b1101 3
b1101 :
b1101 S
1^
0`
0a
1]
b1101 5
b1101 D
b1101 F
b1101 R
b1101 X
b1101 B
b1101 G
b1101 M
b1101 +
b1101 0
b1101 <
b1101 L
#2557001
b1101 !"
#2558000
b1110 $
b1110 4
b1110 8
0b
b1110 2
b1110 9
b1110 Z
1k
b1110 3
b1110 :
b1110 S
0^
1`
1a
1g
0i
0j
0]
1f
b1110 5
b1110 D
b1110 F
b1110 R
b1110 X
b1110 B
b1110 G
b1110 M
b1110 +
b1110 0
b1110 <
b1110 L
#2558001
b1110 !"
#2559000
b1111 $
b1111 4
b1111 8
b1111 2
b1111 9
b1111 Z
1b
b1111 3
b1111 :
b1111 S
1^
0`
0a
1]
b1111 5
b1111 D
b1111 F
b1111 R
b1111 X
b1111 B
b1111 G
b1111 M
b1111 +
b1111 0
b1111 <
b1111 L
#2559001
b1111 !"
#2560000
0"
1!
b0 $
b0 4
b0 8
0b
0k
0t
b0 2
b0 9
b0 Z
0}
0U
0T
0#
1a
1j
1s
1|
0V
0^
0_
0g
0h
0p
0q
0y
0z
0]
0f
0o
0x
0\
0e
0n
0w
b0 5
b0 D
b0 F
b0 R
b0 X
b1 Y
b1 [
b1 c
b1 d
b1 l
b1 m
b1 u
b1 v
b1 ~
b0 3
b0 :
b0 S
b0 6
b0 E
b0 P
b0 Q
b0 W
b0 B
b0 G
b0 M
b101 ,
b101 1
b101 =
0-
b0 *
b0 /
b0 ;
b0 K
b0 O
b0 +
b0 0
b0 <
b0 L
#2560001
1$"
0#"
b0 !"
#2561000
0!
b1 $
b1 4
b1 8
b1 2
b1 9
b1 Z
1b
b1 3
b1 :
b1 S
1_
1`
0a
1]
b1 5
b1 D
b1 F
b1 R
b1 X
b1 B
b1 G
b1 M
b1 +
b1 0
b1 <
b1 L
#2561001
0$"
b1 !"
#2562000
b10 $
b10 4
b10 8
0b
b10 2
b10 9
b10 Z
1k
b10 3
b10 :
b10 S
0_
0`
1a
1h
1i
0j
0]
1f
b10 5
b10 D
b10 F
b10 R
b10 X
b10 B
b10 G
b10 M
b10 +
b10 0
b10 <
b10 L
#2562001
b10 !"
#2563000
b11 $
b11 4
b11 8
b11 2
b11 9
b11 Z
1b
b11 3
b11 :
b11 S
1_
1`
0a
1]
b11 5
b11 D
b11 F
b11 R
b11 X
b11 B
b11 G
b11 M
b11 +
b11 0
b11 <
b11 L
#2563001
b11 !"
#2564000
b100 $
b100 4
b100 8
0b
0k
b100 2
b100 9
b100 Z
1t
b100 3
b100 :
b100 S
0_
0`
1a
0h
0i
1j
1q
1r
0s
0]
0f
1o
b100 5
b100 D
b100 F
b100 R
b100 X
b100 B
b100 G
b100 M
b100 +
b100 0
b100 <
b100 L
#2564001
b100 !"
#2565000
b101 $
b101 4
b101 8
b101 2
b101 9
b101 Z
1b
b101 3
b101 :
b101 S
1_
1`
0a
1]
b101 5
b101 D
b101 F
b101 R
b101 X
b101 B
b101 G
b101 M
b101 +
b101 0
b101 <
b101 L
#2565001
b101 !"
#2566000
b110 $
b110 4
b110 8
0b
b110 2
b110 9
b110 Z
1k
b110 3
b110 :
b110 S
0_
0`
1a
1h
1i
0j
0]
1f
b110 5
b110 D
b110 F
b110 R
b110 X
b110 B
b110 G
b110 M
b110 +
b110 0
b110 <
b110 L
#2566001
b110 !"
#2567000
b111 $
b111 4
b111 8
b111 2
b111 9
b111 Z
1b
b111 3
b111 :
b111 S
1_
1`
0a
1]
b111 5
b111 D
b111 F
b111 R
b111 X
b111 B
b111 G
b111 M
b111 +
b111 0
b111 <
b111 L
#2567001
b111 !"
#2568000
1"
b1000 $
b1000 4
b1000 8
0b
0k
0t
b1000 2
b1000 9
b1000 Z
1}
b1000 3
b1000 :
b1000 S
0_
0`
1a
0h
0i
1j
0q
0r
1s
1z
1{
0|
0]
0f
0o
1x
b1000 5
b1000 D
b1000 F
b1000 R
b1000 X
b1000 B
b1000 G
b1000 M
b1000 +
b1000 0
b1000 <
b1000 L
#2568001
1#"
b1000 !"
#2569000
b1001 $
b1001 4
b1001 8
b1001 2
b1001 9
b1001 Z
1b
b1001 3
b1001 :
b1001 S
1_
1`
0a
1]
b1001 5
b1001 D
b1001 F
b1001 R
b1001 X
b1001 B
b1001 G
b1001 M
b1001 +
b1001 0
b1001 <
b1001 L
#2569001
b1001 !"
#2570000
b1010 $
b1010 4
b1010 8
0b
b1010 2
b1010 9
b1010 Z
1k
b1010 3
b1010 :
b1010 S
0_
0`
1a
1h
1i
0j
0]
1f
b1010 5
b1010 D
b1010 F
b1010 R
b1010 X
b1010 B
b1010 G
b1010 M
b1010 +
b1010 0
b1010 <
b1010 L
#2570001
b1010 !"
#2571000
b1011 $
b1011 4
b1011 8
b1011 2
b1011 9
b1011 Z
1b
b1011 3
b1011 :
b1011 S
1_
1`
0a
1]
b1011 5
b1011 D
b1011 F
b1011 R
b1011 X
b1011 B
b1011 G
b1011 M
b1011 +
b1011 0
b1011 <
b1011 L
#2571001
b1011 !"
#2572000
b1100 $
b1100 4
b1100 8
0b
0k
b1100 2
b1100 9
b1100 Z
1t
b1100 3
b1100 :
b1100 S
0_
0`
1a
0h
0i
1j
1q
1r
0s
0]
0f
1o
b1100 5
b1100 D
b1100 F
b1100 R
b1100 X
b1100 B
b1100 G
b1100 M
b1100 +
b1100 0
b1100 <
b1100 L
#2572001
b1100 !"
#2573000
b1101 $
b1101 4
b1101 8
b1101 2
b1101 9
b1101 Z
1b
b1101 3
b1101 :
b1101 S
1_
1`
0a
1]
b1101 5
b1101 D
b1101 F
b1101 R
b1101 X
b1101 B
b1101 G
b1101 M
b1101 +
b1101 0
b1101 <
b1101 L
#2573001
b1101 !"
#2574000
b1110 $
b1110 4
b1110 8
0b
b1110 2
b1110 9
b1110 Z
1k
b1110 3
b1110 :
b1110 S
0_
0`
1a
1h
1i
0j
0]
1f
b1110 5
b1110 D
b1110 F
b1110 R
b1110 X
b1110 B
b1110 G
b1110 M
b1110 +
b1110 0
b1110 <
b1110 L
#2574001
b1110 !"
#2575000
b1111 $
b1111 4
b1111 8
b1111 2
b1111 9
b1111 Z
1b
b1111 3
b1111 :
b1111 S
1_
1`
0a
1]
b1111 5
b1111 D
b1111 F
b1111 R
b1111 X
b1111 B
b1111 G
b1111 M
b1111 +
b1111 0
b1111 <
b1111 L
#2575001
b1111 !"
#2576000
0"
b1 $
b1 4
b1 8
0k
0t
b1 2
b1 9
b1 Z
0}
b1 3
b1 :
b1 S
1a
0h
0i
1j
0q
0r
1s
0z
0{
1|
0]
0f
0o
0x
1\
b0 5
b0 D
b0 F
b0 R
b0 X
b1 6
b1 E
b1 P
b1 Q
b1 W
b0 B
b0 G
b0 M
b1 *
b1 /
b1 ;
b1 K
b1 O
b0 +
b0 0
b0 <
b0 L
#2576001
0#"
b1 !"
#2577000
b10 3
b10 :
b10 S
1V
1^
0`
0a
1]
b1 5
b1 D
b1 F
b1 R
b1 X
b1 B
b1 G
b1 M
b1 +
b1 0
b1 <
b1 L
#2578000
b11 $
b11 4
b11 8
b11 2
b11 9
b11 Z
1k
0V
b11 3
b11 :
b11 S
0U
0^
1`
1a
1h
1i
0j
0]
1f
b10 5
b10 D
b10 F
b10 R
b10 X
b10 B
b10 G
b10 M
b10 +
b10 0
b10 <
b10 L
#2578001
b11 !"
#2579000
1U
b100 3
b100 :
b100 S
1V
1^
0`
0a
1]
b11 5
b11 D
b11 F
b11 R
b11 X
b11 B
b11 G
b11 M
b11 +
b11 0
b11 <
b11 L
#2580000
b101 $
b101 4
b101 8
0k
b101 2
b101 9
b101 Z
1t
0V
0U
b101 3
b101 :
b101 S
0T
0^
1`
1a
0h
0i
1j
1q
1r
0s
0]
0f
1o
b100 5
b100 D
b100 F
b100 R
b100 X
b100 B
b100 G
b100 M
b100 +
b100 0
b100 <
b100 L
#2580001
b101 !"
#2581000
b110 3
b110 :
b110 S
1V
1^
0`
0a
1]
b101 5
b101 D
b101 F
b101 R
b101 X
b101 B
b101 G
b101 M
b101 +
b101 0
b101 <
b101 L
#2582000
b111 $
b111 4
b111 8
0T
b111 2
b111 9
b111 Z
1k
0V
b111 3
b111 :
b111 S
0U
0^
1`
1a
1h
1i
0j
0]
1f
b110 5
b110 D
b110 F
b110 R
b110 X
b110 B
b110 G
b110 M
b110 +
b110 0
b110 <
b110 L
#2582001
b111 !"
#2583000
1T
1U
b1000 3
b1000 :
b1000 S
1V
1^
0`
0a
1]
b111 5
b111 D
b111 F
b111 R
b111 X
b111 B
b111 G
b111 M
b111 +
b111 0
b111 <
b111 L
#2584000
1"
b1001 $
b1001 4
b1001 8
0k
0t
b1001 2
b1001 9
b1001 Z
1}
0V
0U
0T
b1001 3
b1001 :
b1001 S
0#
0^
1`
1a
0h
0i
1j
0q
0r
1s
1z
1{
0|
0]
0f
0o
1x
b1000 5
b1000 D
b1000 F
b1000 R
b1000 X
b1000 B
b1000 G
b1000 M
b1000 +
b1000 0
b1000 <
b1000 L
#2584001
1#"
b1001 !"
#2585000
b1010 3
b1010 :
b1010 S
1V
1^
0`
0a
1]
b1001 5
b1001 D
b1001 F
b1001 R
b1001 X
b1001 B
b1001 G
b1001 M
b1001 +
b1001 0
b1001 <
b1001 L
#2586000
b1011 $
b1011 4
b1011 8
b1011 2
b1011 9
b1011 Z
1k
0V
b1011 3
b1011 :
b1011 S
0U
0^
1`
1a
1h
1i
0j
0]
1f
b1010 5
b1010 D
b1010 F
b1010 R
b1010 X
b1010 B
b1010 G
b1010 M
b1010 +
b1010 0
b1010 <
b1010 L
#2586001
b1011 !"
#2587000
1U
b1100 3
b1100 :
b1100 S
1V
1^
0`
0a
1]
b1011 5
b1011 D
b1011 F
b1011 R
b1011 X
b1011 B
b1011 G
b1011 M
b1011 +
b1011 0
b1011 <
b1011 L
#2588000
b1101 $
b1101 4
b1101 8
0#
0k
b1101 2
b1101 9
b1101 Z
1t
0V
0U
b1101 3
b1101 :
b1101 S
0T
0^
1`
1a
0h
0i
1j
1q
1r
0s
0]
0f
1o
b1100 5
b1100 D
b1100 F
b1100 R
b1100 X
b1100 B
b1100 G
b1100 M
b1100 +
b1100 0
b1100 <
b1100 L
#2588001
b1101 !"
#2589000
b1110 3
b1110 :
b1110 S
1V
1^
0`
0a
1]
b1101 5
b1101 D
b1101 F
b1101 R
b1101 X
b1101 B
b1101 G
b1101 M
b1101 +
b1101 0
b1101 <
b1101 L
#2590000
0#
b1111 $
b1111 4
b1111 8
0T
b1111 2
b1111 9
b1111 Z
1k
0V
b1111 3
b1111 :
b1111 S
0U
0^
1`
1a
1h
1i
0j
0]
1f
b1110 5
b1110 D
b1110 F
b1110 R
b1110 X
b1110 B
b1110 G
b1110 M
b1110 +
b1110 0
b1110 <
b1110 L
#2590001
b1111 !"
#2591000
1#
1T
1U
b0 3
b0 :
b0 S
1V
1^
0`
0a
1]
b1111 5
b1111 D
b1111 F
b1111 R
b1111 X
b1111 B
b1111 G
b1111 M
b1111 +
b1111 0
b1111 <
b1111 L
#2592000
0"
b10 $
b10 4
b10 8
0t
0}
0U
b10 2
b10 9
b10 Z
0b
0T
b10 3
b10 :
b10 S
0#
1a
1j
0q
0r
1s
0z
0{
1|
0V
0^
0_
0]
0f
0o
0x
0\
1e
b0 5
b0 D
b0 F
b0 R
b0 X
b10 6
b10 E
b10 P
b10 Q
b10 W
b0 B
b0 G
b0 M
b10 *
b10 /
b10 ;
b10 K
b10 O
b0 +
b0 0
b0 <
b0 L
#2592001
0#"
b10 !"
#2593000
b11 $
b11 4
b11 8
b11 2
b11 9
b11 Z
1b
b11 3
b11 :
b11 S
1_
1`
0a
1]
b1 5
b1 D
b1 F
b1 R
b1 X
b1 B
b1 G
b1 M
b1 +
b1 0
b1 <
b1 L
#2593001
b11 !"
#2594000
b10 $
b10 4
b10 8
b10 2
b10 9
b10 Z
0b
b100 3
b100 :
b100 S
1U
0_
0`
1a
1g
0i
0j
0]
1f
b10 5
b10 D
b10 F
b10 R
b10 X
b10 B
b10 G
b10 M
b10 +
b10 0
b10 <
b10 L
#2594001
b10 !"
#2595000
b11 $
b11 4
b11 8
b11 2
b11 9
b11 Z
1b
b101 3
b101 :
b101 S
1_
1`
0a
1]
b11 5
b11 D
b11 F
b11 R
b11 X
b11 B
b11 G
b11 M
b11 +
b11 0
b11 <
b11 L
#2595001
b11 !"
#2596000
b110 $
b110 4
b110 8
0b
b110 2
b110 9
b110 Z
1t
0U
b110 3
b110 :
b110 S
0T
0_
0`
1a
0g
1i
1j
1q
1r
0s
0]
0f
1o
b100 5
b100 D
b100 F
b100 R
b100 X
b100 B
b100 G
b100 M
b100 +
b100 0
b100 <
b100 L
#2596001
b110 !"
#2597000
b111 $
b111 4
b111 8
b111 2
b111 9
b111 Z
1b
b111 3
b111 :
b111 S
1_
1`
0a
1]
b101 5
b101 D
b101 F
b101 R
b101 X
b101 B
b101 G
b101 M
b101 +
b101 0
b101 <
b101 L
#2597001
b111 !"
#2598000
b110 $
b110 4
b110 8
1T
b110 2
b110 9
b110 Z
0b
b1000 3
b1000 :
b1000 S
1U
0_
0`
1a
1g
0i
0j
0]
1f
b110 5
b110 D
b110 F
b110 R
b110 X
b110 B
b110 G
b110 M
b110 +
b110 0
b110 <
b110 L
#2598001
b110 !"
#2599000
b111 $
b111 4
b111 8
b111 2
b111 9
b111 Z
1b
b1001 3
b1001 :
b1001 S
1_
1`
0a
1]
b111 5
b111 D
b111 F
b111 R
b111 X
b111 B
b111 G
b111 M
b111 +
b111 0
b111 <
b111 L
#2599001
b111 !"
#2600000
1"
b1010 $
b1010 4
b1010 8
0b
0t
b1010 2
b1010 9
b1010 Z
1}
0U
0T
b1010 3
b1010 :
b1010 S
0#
0_
0`
1a
0g
1i
1j
0q
0r
1s
1z
1{
0|
0]
0f
0o
1x
b1000 5
b1000 D
b1000 F
b1000 R
b1000 X
b1000 B
b1000 G
b1000 M
b1000 +
b1000 0
b1000 <
b1000 L
#2600001
1#"
b1010 !"
#2601000
b1011 $
b1011 4
b1011 8
b1011 2
b1011 9
b1011 Z
1b
b1011 3
b1011 :
b1011 S
1_
1`
0a
1]
b1001 5
b1001 D
b1001 F
b1001 R
b1001 X
b1001 B
b1001 G
b1001 M
b1001 +
b1001 0
b1001 <
b1001 L
#2601001
b1011 !"
#2602000
b1010 $
b1010 4
b1010 8
b1010 2
b1010 9
b1010 Z
0b
b1100 3
b1100 :
b1100 S
1U
0_
0`
1a
1g
0i
0j
0]
1f
b1010 5
b1010 D
b1010 F
b1010 R
b1010 X
b1010 B
b1010 G
b1010 M
b1010 +
b1010 0
b1010 <
b1010 L
#2602001
b1010 !"
#2603000
b1011 $
b1011 4
b1011 8
b1011 2
b1011 9
b1011 Z
1b
b1101 3
b1101 :
b1101 S
1_
1`
0a
1]
b1011 5
b1011 D
b1011 F
b1011 R
b1011 X
b1011 B
b1011 G
b1011 M
b1011 +
b1011 0
b1011 <
b1011 L
#2603001
b1011 !"
#2604000
b1110 $
b1110 4
b1110 8
0#
0b
b1110 2
b1110 9
b1110 Z
1t
0U
b1110 3
b1110 :
b1110 S
0T
0_
0`
1a
0g
1i
1j
1q
1r
0s
0]
0f
1o
b1100 5
b1100 D
b1100 F
b1100 R
b1100 X
b1100 B
b1100 G
b1100 M
b1100 +
b1100 0
b1100 <
b1100 L
#2604001
b1110 !"
#2605000
b1111 $
b1111 4
b1111 8
b1111 2
b1111 9
b1111 Z
1b
b1111 3
b1111 :
b1111 S
1_
1`
0a
1]
b1101 5
b1101 D
b1101 F
b1101 R
b1101 X
b1101 B
b1101 G
b1101 M
b1101 +
b1101 0
b1101 <
b1101 L
#2605001
b1111 !"
#2606000
1#
b1110 $
b1110 4
b1110 8
1T
b1110 2
b1110 9
b1110 Z
0b
b0 3
b0 :
b0 S
1U
0_
0`
1a
1g
0i
0j
0]
1f
b1110 5
b1110 D
b1110 F
b1110 R
b1110 X
b1110 B
b1110 G
b1110 M
b1110 +
b1110 0
b1110 <
b1110 L
#2606001
b1110 !"
#2607000
b1111 $
b1111 4
b1111 8
b1111 2
b1111 9
b1111 Z
1b
b1 3
b1 :
b1 S
1_
1`
0a
1]
b1111 5
b1111 D
b1111 F
b1111 R
b1111 X
b1111 B
b1111 G
b1111 M
b1111 +
b1111 0
b1111 <
b1111 L
#2607001
b1111 !"
#2608000
0"
b11 $
b11 4
b11 8
0t
b11 2
b11 9
b11 Z
0}
0U
0T
b11 3
b11 :
b11 S
0#
1a
0g
1i
1j
0q
0r
1s
0z
0{
1|
0]
0f
0o
0x
1\
b0 5
b0 D
b0 F
b0 R
b0 X
b11 6
b11 E
b11 P
b11 Q
b11 W
b0 B
b0 G
b0 M
b11 *
b11 /
b11 ;
b11 K
b11 O
b0 +
b0 0
b0 <
b0 L
#2608001
0#"
b11 !"
#2609000
1U
b100 3
b100 :
b100 S
1V
1^
0`
0a
1]
b1 5
b1 D
b1 F
b1 R
b1 X
b1 B
b1 G
b1 M
b1 +
b1 0
b1 <
b1 L
#2610000
0V
b101 3
b101 :
b101 S
0^
1`
1a
1g
0i
0j
0]
1f
b10 5
b10 D
b10 F
b10 R
b10 X
b10 B
b10 G
b10 M
b10 +
b10 0
b10 <
b10 L
#2611000
b110 3
b110 :
b110 S
1V
1^
0`
0a
1]
b11 5
b11 D
b11 F
b11 R
b11 X
b11 B
b11 G
b11 M
b11 +
b11 0
b11 <
b11 L
#2612000
b111 $
b111 4
b111 8
0U
b111 2
b111 9
b111 Z
1t
0V
b111 3
b111 :
b111 S
0T
0^
1`
1a
0g
1i
1j
1q
1r
0s
0]
0f
1o
b100 5
b100 D
b100 F
b100 R
b100 X
b100 B
b100 G
b100 M
b100 +
b100 0
b100 <
b100 L
#2612001
b111 !"
#2613000
1T
1U
b1000 3
b1000 :
b1000 S
1V
1^
0`
0a
1]
b101 5
b101 D
b101 F
b101 R
b101 X
b101 B
b101 G
b101 M
b101 +
b101 0
b101 <
b101 L
#2614000
0V
b1001 3
b1001 :
b1001 S
0^
1`
1a
1g
0i
0j
0]
1f
b110 5
b110 D
b110 F
b110 R
b110 X
b110 B
b110 G
b110 M
b110 +
b110 0
b110 <
b110 L
#2615000
b1010 3
b1010 :
b1010 S
1V
1^
0`
0a
1]
b111 5
b111 D
b111 F
b111 R
b111 X
b111 B
b111 G
b111 M
b111 +
b111 0
b111 <
b111 L
#2616000
1"
b1011 $
b1011 4
b1011 8
0U
0t
b1011 2
b1011 9
b1011 Z
1}
0V
0T
b1011 3
b1011 :
b1011 S
0#
0^
1`
1a
0g
1i
1j
0q
0r
1s
1z
1{
0|
0]
0f
0o
1x
b1000 5
b1000 D
b1000 F
b1000 R
b1000 X
b1000 B
b1000 G
b1000 M
b1000 +
b1000 0
b1000 <
b1000 L
#2616001
1#"
b1011 !"
#2617000
1U
b1100 3
b1100 :
b1100 S
1V
1^
0`
0a
1]
b1001 5
b1001 D
b1001 F
b1001 R
b1001 X
b1001 B
b1001 G
b1001 M
b1001 +
b1001 0
b1001 <
b1001 L
#2618000
0V
b1101 3
b1101 :
b1101 S
0^
1`
1a
1g
0i
0j
0]
1f
b1010 5
b1010 D
b1010 F
b1010 R
b1010 X
b1010 B
b1010 G
b1010 M
b1010 +
b1010 0
b1010 <
b1010 L
#2619000
b1110 3
b1110 :
b1110 S
1V
1^
0`
0a
1]
b1011 5
b1011 D
b1011 F
b1011 R
b1011 X
b1011 B
b1011 G
b1011 M
b1011 +
b1011 0
b1011 <
b1011 L
#2620000
b1111 $
b1111 4
b1111 8
0U
0#
b1111 2
b1111 9
b1111 Z
1t
0V
b1111 3
b1111 :
b1111 S
0T
0^
1`
1a
0g
1i
1j
1q
1r
0s
0]
0f
1o
b1100 5
b1100 D
b1100 F
b1100 R
b1100 X
b1100 B
b1100 G
b1100 M
b1100 +
b1100 0
b1100 <
b1100 L
#2620001
b1111 !"
#2621000
1#
1T
1U
b0 3
b0 :
b0 S
1V
1^
0`
0a
1]
b1101 5
b1101 D
b1101 F
b1101 R
b1101 X
b1101 B
b1101 G
b1101 M
b1101 +
b1101 0
b1101 <
b1101 L
#2622000
0V
b1 3
b1 :
b1 S
0^
1`
1a
1g
0i
0j
0]
1f
b1110 5
b1110 D
b1110 F
b1110 R
b1110 X
b1110 B
b1110 G
b1110 M
b1110 +
b1110 0
b1110 <
b1110 L
#2623000
b10 3
b10 :
b10 S
1V
1^
0`
0a
1]
b1111 5
b1111 D
b1111 F
b1111 R
b1111 X
b1111 B
b1111 G
b1111 M
b1111 +
b1111 0
b1111 <
b1111 L
#2624000
0"
b100 $
b100 4
b100 8
0T
0}
0b
b100 2
b100 9
b100 Z
0k
0U
b100 3
b100 :
b100 S
0#
1a
1j
1s
0z
0{
1|
0V
0^
0_
0g
0h
0]
0f
0o
0x
0\
0e
1n
b0 5
b0 D
b0 F
b0 R
b0 X
b100 6
b100 E
b100 P
b100 Q
b100 W
b0 B
b0 G
b0 M
b100 *
b100 /
b100 ;
b100 K
b100 O
b0 +
b0 0
b0 <
b0 L
#2624001
0#"
b100 !"
#2625000
b101 $
b101 4
b101 8
b101 2
b101 9
b101 Z
1b
b101 3
b101 :
b101 S
1_
1`
0a
1]
b1 5
b1 D
b1 F
b1 R
b1 X
b1 B
b1 G
b1 M
b1 +
b1 0
b1 <
b1 L
#2625001
b101 !"
#2626000
b110 $
b110 4
b110 8
0b
b110 2
b110 9
b110 Z
1k
b110 3
b110 :
b110 S
0_
0`
1a
1h
1i
0j
0]
1f
b10 5
b10 D
b10 F
b10 R
b10 X
b10 B
b10 G
b10 M
b10 +
b10 0
b10 <
b10 L
#2626001
b110 !"
#2627000
b111 $
b111 4
b111 8
b111 2
b111 9
b111 Z
1b
b111 3
b111 :
b111 S
1_
1`
0a
1]
b11 5
b11 D
b11 F
b11 R
b11 X
b11 B
b11 G
b11 M
b11 +
b11 0
b11 <
b11 L
#2627001
b111 !"
#2628000
b100 $
b100 4
b100 8
0b
b100 2
b100 9
b100 Z
0k
b1000 3
b1000 :
b1000 S
1T
0_
0`
1a
0h
0i
1j
1p
0r
0s
0]
0f
1o
b100 5
b100 D
b100 F
b100 R
b100 X
b100 B
b100 G
b100 M
b100 +
b100 0
b100 <
b100 L
#2628001
b100 !"
#2629000
b101 $
b101 4
b101 8
b101 2
b101 9
b101 Z
1b
b1001 3
b1001 :
b1001 S
1_
1`
0a
1]
b101 5
b101 D
b101 F
b101 R
b101 X
b101 B
b101 G
b101 M
b101 +
b101 0
b101 <
b101 L
#2629001
b101 !"
#2630000
b110 $
b110 4
b110 8
0b
b110 2
b110 9
b110 Z
1k
b1010 3
b1010 :
b1010 S
0_
0`
1a
1h
1i
0j
0]
1f
b110 5
b110 D
b110 F
b110 R
b110 X
b110 B
b110 G
b110 M
b110 +
b110 0
b110 <
b110 L
#2630001
b110 !"
#2631000
b111 $
b111 4
b111 8
b111 2
b111 9
b111 Z
1b
b1011 3
b1011 :
b1011 S
1_
1`
0a
1]
b111 5
b111 D
b111 F
b111 R
b111 X
b111 B
b111 G
b111 M
b111 +
b111 0
b111 <
b111 L
#2631001
b111 !"
#2632000
1"
b1100 $
b1100 4
b1100 8
0b
0k
b1100 2
b1100 9
b1100 Z
1}
0T
b1100 3
b1100 :
b1100 S
0#
0_
0`
1a
0h
0i
1j
0p
1r
1s
1z
1{
0|
0]
0f
0o
1x
b1000 5
b1000 D
b1000 F
b1000 R
b1000 X
b1000 B
b1000 G
b1000 M
b1000 +
b1000 0
b1000 <
b1000 L
#2632001
1#"
b1100 !"
#2633000
b1101 $
b1101 4
b1101 8
b1101 2
b1101 9
b1101 Z
1b
b1101 3
b1101 :
b1101 S
1_
1`
0a
1]
b1001 5
b1001 D
b1001 F
b1001 R
b1001 X
b1001 B
b1001 G
b1001 M
b1001 +
b1001 0
b1001 <
b1001 L
#2633001
b1101 !"
#2634000
b1110 $
b1110 4
b1110 8
0b
b1110 2
b1110 9
b1110 Z
1k
b1110 3
b1110 :
b1110 S
0_
0`
1a
1h
1i
0j
0]
1f
b1010 5
b1010 D
b1010 F
b1010 R
b1010 X
b1010 B
b1010 G
b1010 M
b1010 +
b1010 0
b1010 <
b1010 L
#2634001
b1110 !"
#2635000
b1111 $
b1111 4
b1111 8
b1111 2
b1111 9
b1111 Z
1b
b1111 3
b1111 :
b1111 S
1_
1`
0a
1]
b1011 5
b1011 D
b1011 F
b1011 R
b1011 X
b1011 B
b1011 G
b1011 M
b1011 +
b1011 0
b1011 <
b1011 L
#2635001
b1111 !"
#2636000
b1100 $
b1100 4
b1100 8
1#
0b
b1100 2
b1100 9
b1100 Z
0k
b0 3
b0 :
b0 S
1T
0_
0`
1a
0h
0i
1j
1p
0r
0s
0]
0f
1o
b1100 5
b1100 D
b1100 F
b1100 R
b1100 X
b1100 B
b1100 G
b1100 M
b1100 +
b1100 0
b1100 <
b1100 L
#2636001
b1100 !"
#2637000
b1101 $
b1101 4
b1101 8
b1101 2
b1101 9
b1101 Z
1b
b1 3
b1 :
b1 S
1_
1`
0a
1]
b1101 5
b1101 D
b1101 F
b1101 R
b1101 X
b1101 B
b1101 G
b1101 M
b1101 +
b1101 0
b1101 <
b1101 L
#2637001
b1101 !"
#2638000
b1110 $
b1110 4
b1110 8
0b
b1110 2
b1110 9
b1110 Z
1k
b10 3
b10 :
b10 S
0_
0`
1a
1h
1i
0j
0]
1f
b1110 5
b1110 D
b1110 F
b1110 R
b1110 X
b1110 B
b1110 G
b1110 M
b1110 +
b1110 0
b1110 <
b1110 L
#2638001
b1110 !"
#2639000
b1111 $
b1111 4
b1111 8
b1111 2
b1111 9
b1111 Z
1b
b11 3
b11 :
b11 S
1_
1`
0a
1]
b1111 5
b1111 D
b1111 F
b1111 R
b1111 X
b1111 B
b1111 G
b1111 M
b1111 +
b1111 0
b1111 <
b1111 L
#2639001
b1111 !"
#2640000
0"
b101 $
b101 4
b101 8
0k
b101 2
b101 9
b101 Z
0}
0T
b101 3
b101 :
b101 S
0#
1a
0h
0i
1j
0p
1r
1s
0z
0{
1|
0]
0f
0o
0x
1\
b0 5
b0 D
b0 F
b0 R
b0 X
b101 6
b101 E
b101 P
b101 Q
b101 W
b0 B
b0 G
b0 M
b101 *
b101 /
b101 ;
b101 K
b101 O
b0 +
b0 0
b0 <
b0 L
#2640001
0#"
b101 !"
#2641000
b110 3
b110 :
b110 S
1V
1^
0`
0a
1]
b1 5
b1 D
b1 F
b1 R
b1 X
b1 B
b1 G
b1 M
b1 +
b1 0
b1 <
b1 L
#2642000
b111 $
b111 4
b111 8
0T
b111 2
b111 9
b111 Z
1k
0V
b111 3
b111 :
b111 S
0U
0^
1`
1a
1h
1i
0j
0]
1f
b10 5
b10 D
b10 F
b10 R
b10 X
b10 B
b10 G
b10 M
b10 +
b10 0
b10 <
b10 L
#2642001
b111 !"
#2643000
1T
1U
b1000 3
b1000 :
b1000 S
1V
1^
0`
0a
1]
b11 5
b11 D
b11 F
b11 R
b11 X
b11 B
b11 G
b11 M
b11 +
b11 0
b11 <
b11 L
#2644000
b101 $
b101 4
b101 8
b101 2
b101 9
b101 Z
0k
0V
0U
b1001 3
b1001 :
b1001 S
0^
1`
1a
0h
0i
1j
1p
0r
0s
0]
0f
1o
b100 5
b100 D
b100 F
b100 R
b100 X
b100 B
b100 G
b100 M
b100 +
b100 0
b100 <
b100 L
#2644001
b101 !"
#2645000
b1010 3
b1010 :
b1010 S
1V
1^
0`
0a
1]
b101 5
b101 D
b101 F
b101 R
b101 X
b101 B
b101 G
b101 M
b101 +
b101 0
b101 <
b101 L
#2646000
b111 $
b111 4
b111 8
b111 2
b111 9
b111 Z
1k
0V
b1011 3
b1011 :
b1011 S
0U
0^
1`
1a
1h
1i
0j
0]
1f
b110 5
b110 D
b110 F
b110 R
b110 X
b110 B
b110 G
b110 M
b110 +
b110 0
b110 <
b110 L
#2646001
b111 !"
#2647000
1U
b1100 3
b1100 :
b1100 S
1V
1^
0`
0a
1]
b111 5
b111 D
b111 F
b111 R
b111 X
b111 B
b111 G
b111 M
b111 +
b111 0
b111 <
b111 L
#2648000
1"
b1101 $
b1101 4
b1101 8
0T
0k
b1101 2
b1101 9
b1101 Z
1}
0V
0U
b1101 3
b1101 :
b1101 S
0#
0^
1`
1a
0h
0i
1j
0p
1r
1s
1z
1{
0|
0]
0f
0o
1x
b1000 5
b1000 D
b1000 F
b1000 R
b1000 X
b1000 B
b1000 G
b1000 M
b1000 +
b1000 0
b1000 <
b1000 L
#2648001
1#"
b1101 !"
#2649000
b1110 3
b1110 :
b1110 S
1V
1^
0`
0a
1]
b1001 5
b1001 D
b1001 F
b1001 R
b1001 X
b1001 B
b1001 G
b1001 M
b1001 +
b1001 0
b1001 <
b1001 L
#2650000
0#
b1111 $
b1111 4
b1111 8
0T
b1111 2
b1111 9
b1111 Z
1k
0V
b1111 3
b1111 :
b1111 S
0U
0^
1`
1a
1h
1i
0j
0]
1f
b1010 5
b1010 D
b1010 F
b1010 R
b1010 X
b1010 B
b1010 G
b1010 M
b1010 +
b1010 0
b1010 <
b1010 L
#2650001
b1111 !"
#2651000
1#
1T
1U
b0 3
b0 :
b0 S
1V
1^
0`
0a
1]
b1011 5
b1011 D
b1011 F
b1011 R
b1011 X
b1011 B
b1011 G
b1011 M
b1011 +
b1011 0
b1011 <
b1011 L
#2652000
b1101 $
b1101 4
b1101 8
b1101 2
b1101 9
b1101 Z
0k
0V
0U
b1 3
b1 :
b1 S
0^
1`
1a
0h
0i
1j
1p
0r
0s
0]
0f
1o
b1100 5
b1100 D
b1100 F
b1100 R
b1100 X
b1100 B
b1100 G
b1100 M
b1100 +
b1100 0
b1100 <
b1100 L
#2652001
b1101 !"
#2653000
b10 3
b10 :
b10 S
1V
1^
0`
0a
1]
b1101 5
b1101 D
b1101 F
b1101 R
b1101 X
b1101 B
b1101 G
b1101 M
b1101 +
b1101 0
b1101 <
b1101 L
#2654000
b1111 $
b1111 4
b1111 8
b1111 2
b1111 9
b1111 Z
1k
0V
b11 3
b11 :
b11 S
0U
0^
1`
1a
1h
1i
0j
0]
1f
b1110 5
b1110 D
b1110 F
b1110 R
b1110 X
b1110 B
b1110 G
b1110 M
b1110 +
b1110 0
b1110 <
b1110 L
#2654001
b1111 !"
#2655000
1U
b100 3
b100 :
b100 S
1V
1^
0`
0a
1]
b1111 5
b1111 D
b1111 F
b1111 R
b1111 X
b1111 B
b1111 G
b1111 M
b1111 +
b1111 0
b1111 <
b1111 L
#2656000
0"
0T
b110 $
b110 4
b110 8
0}
0U
b110 2
b110 9
b110 Z
0b
b110 3
b110 :
b110 S
0#
1a
1j
0p
1r
1s
0z
0{
1|
0V
0^
0_
0]
0f
0o
0x
0\
1e
b0 5
b0 D
b0 F
b0 R
b0 X
b110 6
b110 E
b110 P
b110 Q
b110 W
b0 B
b0 G
b0 M
b110 *
b110 /
b110 ;
b110 K
b110 O
b0 +
b0 0
b0 <
b0 L
#2656001
0#"
b110 !"
#2657000
b111 $
b111 4
b111 8
b111 2
b111 9
b111 Z
1b
b111 3
b111 :
b111 S
1_
1`
0a
1]
b1 5
b1 D
b1 F
b1 R
b1 X
b1 B
b1 G
b1 M
b1 +
b1 0
b1 <
b1 L
#2657001
b111 !"
#2658000
b110 $
b110 4
b110 8
1T
b110 2
b110 9
b110 Z
0b
b1000 3
b1000 :
b1000 S
1U
0_
0`
1a
1g
0i
0j
0]
1f
b10 5
b10 D
b10 F
b10 R
b10 X
b10 B
b10 G
b10 M
b10 +
b10 0
b10 <
b10 L
#2658001
b110 !"
#2659000
b111 $
b111 4
b111 8
b111 2
b111 9
b111 Z
1b
b1001 3
b1001 :
b1001 S
1_
1`
0a
1]
b11 5
b11 D
b11 F
b11 R
b11 X
b11 B
b11 G
b11 M
b11 +
b11 0
b11 <
b11 L
#2659001
b111 !"
#2660000
b110 $
b110 4
b110 8
b110 2
b110 9
b110 Z
0b
0U
b1010 3
b1010 :
b1010 S
0_
0`
1a
0g
1i
1j
1p
0r
0s
0]
0f
1o
b100 5
b100 D
b100 F
b100 R
b100 X
b100 B
b100 G
b100 M
b100 +
b100 0
b100 <
b100 L
#2660001
b110 !"
#2661000
b111 $
b111 4
b111 8
b111 2
b111 9
b111 Z
1b
b1011 3
b1011 :
b1011 S
1_
1`
0a
1]
b101 5
b101 D
b101 F
b101 R
b101 X
b101 B
b101 G
b101 M
b101 +
b101 0
b101 <
b101 L
#2661001
b111 !"
#2662000
b110 $
b110 4
b110 8
b110 2
b110 9
b110 Z
0b
b1100 3
b1100 :
b1100 S
1U
0_
0`
1a
1g
0i
0j
0]
1f
b110 5
b110 D
b110 F
b110 R
b110 X
b110 B
b110 G
b110 M
b110 +
b110 0
b110 <
b110 L
#2662001
b110 !"
#2663000
b111 $
b111 4
b111 8
b111 2
b111 9
b111 Z
1b
b1101 3
b1101 :
b1101 S
1_
1`
0a
1]
b111 5
b111 D
b111 F
b111 R
b111 X
b111 B
b111 G
b111 M
b111 +
b111 0
b111 <
b111 L
#2663001
b111 !"
#2664000
1"
b1110 $
b1110 4
b1110 8
0T
0b
b1110 2
b1110 9
b1110 Z
1}
0U
b1110 3
b1110 :
b1110 S
0#
0_
0`
1a
0g
1i
1j
0p
1r
1s
1z
1{
0|
0]
0f
0o
1x
b1000 5
b1000 D
b1000 F
b1000 R
b1000 X
b1000 B
b1000 G
b1000 M
b1000 +
b1000 0
b1000 <
b1000 L
#2664001
1#"
b1110 !"
#2665000
b1111 $
b1111 4
b1111 8
b1111 2
b1111 9
b1111 Z
1b
b1111 3
b1111 :
b1111 S
1_
1`
0a
1]
b1001 5
b1001 D
b1001 F
b1001 R
b1001 X
b1001 B
b1001 G
b1001 M
b1001 +
b1001 0
b1001 <
b1001 L
#2665001
b1111 !"
#2666000
1#
b1110 $
b1110 4
b1110 8
1T
b1110 2
b1110 9
b1110 Z
0b
b0 3
b0 :
b0 S
1U
0_
0`
1a
1g
0i
0j
0]
1f
b1010 5
b1010 D
b1010 F
b1010 R
b1010 X
b1010 B
b1010 G
b1010 M
b1010 +
b1010 0
b1010 <
b1010 L
#2666001
b1110 !"
#2667000
b1111 $
b1111 4
b1111 8
b1111 2
b1111 9
b1111 Z
1b
b1 3
b1 :
b1 S
1_
1`
0a
1]
b1011 5
b1011 D
b1011 F
b1011 R
b1011 X
b1011 B
b1011 G
b1011 M
b1011 +
b1011 0
b1011 <
b1011 L
#2667001
b1111 !"
#2668000
b1110 $
b1110 4
b1110 8
b1110 2
b1110 9
b1110 Z
0b
0U
b10 3
b10 :
b10 S
0_
0`
1a
0g
1i
1j
1p
0r
0s
0]
0f
1o
b1100 5
b1100 D
b1100 F
b1100 R
b1100 X
b1100 B
b1100 G
b1100 M
b1100 +
b1100 0
b1100 <
b1100 L
#2668001
b1110 !"
#2669000
b1111 $
b1111 4
b1111 8
b1111 2
b1111 9
b1111 Z
1b
b11 3
b11 :
b11 S
1_
1`
0a
1]
b1101 5
b1101 D
b1101 F
b1101 R
b1101 X
b1101 B
b1101 G
b1101 M
b1101 +
b1101 0
b1101 <
b1101 L
#2669001
b1111 !"
#2670000
b1110 $
b1110 4
b1110 8
b1110 2
b1110 9
b1110 Z
0b
b100 3
b100 :
b100 S
1U
0_
0`
1a
1g
0i
0j
0]
1f
b1110 5
b1110 D
b1110 F
b1110 R
b1110 X
b1110 B
b1110 G
b1110 M
b1110 +
b1110 0
b1110 <
b1110 L
#2670001
b1110 !"
#2671000
b1111 $
b1111 4
b1111 8
b1111 2
b1111 9
b1111 Z
1b
b101 3
b101 :
b101 S
1_
1`
0a
1]
b1111 5
b1111 D
b1111 F
b1111 R
b1111 X
b1111 B
b1111 G
b1111 M
b1111 +
b1111 0
b1111 <
b1111 L
#2671001
b1111 !"
#2672000
0"
b111 $
b111 4
b111 8
0T
b111 2
b111 9
b111 Z
0}
0U
b111 3
b111 :
b111 S
0#
1a
0g
1i
1j
0p
1r
1s
0z
0{
1|
0]
0f
0o
0x
1\
b0 5
b0 D
b0 F
b0 R
b0 X
b111 6
b111 E
b111 P
b111 Q
b111 W
b0 B
b0 G
b0 M
b111 *
b111 /
b111 ;
b111 K
b111 O
b0 +
b0 0
b0 <
b0 L
#2672001
0#"
b111 !"
#2673000
1T
1U
b1000 3
b1000 :
b1000 S
1V
1^
0`
0a
1]
b1 5
b1 D
b1 F
b1 R
b1 X
b1 B
b1 G
b1 M
b1 +
b1 0
b1 <
b1 L
#2674000
0V
b1001 3
b1001 :
b1001 S
0^
1`
1a
1g
0i
0j
0]
1f
b10 5
b10 D
b10 F
b10 R
b10 X
b10 B
b10 G
b10 M
b10 +
b10 0
b10 <
b10 L
#2675000
b1010 3
b1010 :
b1010 S
1V
1^
0`
0a
1]
b11 5
b11 D
b11 F
b11 R
b11 X
b11 B
b11 G
b11 M
b11 +
b11 0
b11 <
b11 L
#2676000
0U
0V
b1011 3
b1011 :
b1011 S
0^
1`
1a
0g
1i
1j
1p
0r
0s
0]
0f
1o
b100 5
b100 D
b100 F
b100 R
b100 X
b100 B
b100 G
b100 M
b100 +
b100 0
b100 <
b100 L
#2677000
1U
b1100 3
b1100 :
b1100 S
1V
1^
0`
0a
1]
b101 5
b101 D
b101 F
b101 R
b101 X
b101 B
b101 G
b101 M
b101 +
b101 0
b101 <
b101 L
#2678000
0V
b1101 3
b1101 :
b1101 S
0^
1`
1a
1g
0i
0j
0]
1f
b110 5
b110 D
b110 F
b110 R
b110 X
b110 B
b110 G
b110 M
b110 +
b110 0
b110 <
b110 L
#2679000
b1110 3
b1110 :
b1110 S
1V
1^
0`
0a
1]
b111 5
b111 D
b111 F
b111 R
b111 X
b111 B
b111 G
b111 M
b111 +
b111 0
b111 <
b111 L
#2680000
1"
0T
b1111 $
b1111 4
b1111 8
0U
b1111 2
b1111 9
b1111 Z
1}
0V
b1111 3
b1111 :
b1111 S
0#
0^
1`
1a
0g
1i
1j
0p
1r
1s
1z
1{
0|
0]
0f
0o
1x
b1000 5
b1000 D
b1000 F
b1000 R
b1000 X
b1000 B
b1000 G
b1000 M
b1000 +
b1000 0
b1000 <
b1000 L
#2680001
1#"
b1111 !"
#2681000
1#
1T
1U
b0 3
b0 :
b0 S
1V
1^
0`
0a
1]
b1001 5
b1001 D
b1001 F
b1001 R
b1001 X
b1001 B
b1001 G
b1001 M
b1001 +
b1001 0
b1001 <
b1001 L
#2682000
0V
b1 3
b1 :
b1 S
0^
1`
1a
1g
0i
0j
0]
1f
b1010 5
b1010 D
b1010 F
b1010 R
b1010 X
b1010 B
b1010 G
b1010 M
b1010 +
b1010 0
b1010 <
b1010 L
#2683000
b10 3
b10 :
b10 S
1V
1^
0`
0a
1]
b1011 5
b1011 D
b1011 F
b1011 R
b1011 X
b1011 B
b1011 G
b1011 M
b1011 +
b1011 0
b1011 <
b1011 L
#2684000
0U
0V
b11 3
b11 :
b11 S
0^
1`
1a
0g
1i
1j
1p
0r
0s
0]
0f
1o
b1100 5
b1100 D
b1100 F
b1100 R
b1100 X
b1100 B
b1100 G
b1100 M
b1100 +
b1100 0
b1100 <
b1100 L
#2685000
1U
b100 3
b100 :
b100 S
1V
1^
0`
0a
1]
b1101 5
b1101 D
b1101 F
b1101 R
b1101 X
b1101 B
b1101 G
b1101 M
b1101 +
b1101 0
b1101 <
b1101 L
#2686000
0V
b101 3
b101 :
b101 S
0^
1`
1a
1g
0i
0j
0]
1f
b1110 5
b1110 D
b1110 F
b1110 R
b1110 X
b1110 B
b1110 G
b1110 M
b1110 +
b1110 0
b1110 <
b1110 L
#2687000
b110 3
b110 :
b110 S
1V
1^
0`
0a
1]
b1111 5
b1111 D
b1111 F
b1111 R
b1111 X
b1111 B
b1111 G
b1111 M
b1111 +
b1111 0
b1111 <
b1111 L
#2688000
b1000 $
b1000 4
b1000 8
0#
b1000 3
b1000 :
b1000 S
0b
0k
b1000 2
b1000 9
b1000 Z
0t
0U
0T
1a
1j
1s
1|
0V
0^
0_
0g
0h
0p
0q
0]
0f
0o
0x
0\
0e
0n
1w
b0 5
b0 D
b0 F
b0 R
b0 X
b1000 6
b1000 E
b1000 P
b1000 Q
b1000 W
b0 B
b0 G
b0 M
b1000 *
b1000 /
b1000 ;
b1000 K
b1000 O
b0 +
b0 0
b0 <
b0 L
#2688001
b1000 !"
#2689000
b1001 $
b1001 4
b1001 8
b1001 2
b1001 9
b1001 Z
1b
b1001 3
b1001 :
b1001 S
1_
1`
0a
1]
b1 5
b1 D
b1 F
b1 R
b1 X
b1 B
b1 G
b1 M
b1 +
b1 0
b1 <
b1 L
#2689001
b1001 !"
#2690000
b1010 $
b1010 4
b1010 8
0b
b1010 2
b1010 9
b1010 Z
1k
b1010 3
b1010 :
b1010 S
0_
0`
1a
1h
1i
0j
0]
1f
b10 5
b10 D
b10 F
b10 R
b10 X
b10 B
b10 G
b10 M
b10 +
b10 0
b10 <
b10 L
#2690001
b1010 !"
#2691000
b1011 $
b1011 4
b1011 8
b1011 2
b1011 9
b1011 Z
1b
b1011 3
b1011 :
b1011 S
1_
1`
0a
1]
b11 5
b11 D
b11 F
b11 R
b11 X
b11 B
b11 G
b11 M
b11 +
b11 0
b11 <
b11 L
#2691001
b1011 !"
#2692000
b1100 $
b1100 4
b1100 8
0b
0k
b1100 2
b1100 9
b1100 Z
1t
b1100 3
b1100 :
b1100 S
0_
0`
1a
0h
0i
1j
1q
1r
0s
0]
0f
1o
b100 5
b100 D
b100 F
b100 R
b100 X
b100 B
b100 G
b100 M
b100 +
b100 0
b100 <
b100 L
#2692001
b1100 !"
#2693000
b1101 $
b1101 4
b1101 8
b1101 2
b1101 9
b1101 Z
1b
b1101 3
b1101 :
b1101 S
1_
1`
0a
1]
b101 5
b101 D
b101 F
b101 R
b101 X
b101 B
b101 G
b101 M
b101 +
b101 0
b101 <
b101 L
#2693001
b1101 !"
#2694000
b1110 $
b1110 4
b1110 8
0b
b1110 2
b1110 9
b1110 Z
1k
b1110 3
b1110 :
b1110 S
0_
0`
1a
1h
1i
0j
0]
1f
b110 5
b110 D
b110 F
b110 R
b110 X
b110 B
b110 G
b110 M
b110 +
b110 0
b110 <
b110 L
#2694001
b1110 !"
#2695000
b1111 $
b1111 4
b1111 8
b1111 2
b1111 9
b1111 Z
1b
b1111 3
b1111 :
b1111 S
1_
1`
0a
1]
b111 5
b111 D
b111 F
b111 R
b111 X
b111 B
b111 G
b111 M
b111 +
b111 0
b111 <
b111 L
#2695001
b1111 !"
#2696000
b1000 $
b1000 4
b1000 8
0b
0k
b1000 2
b1000 9
b1000 Z
0t
b0 3
b0 :
b0 S
1#
0_
0`
1a
0h
0i
1j
0q
0r
1s
1y
0{
0|
0]
0f
0o
1x
b1000 5
b1000 D
b1000 F
b1000 R
b1000 X
b1000 B
b1000 G
b1000 M
b1000 +
b1000 0
b1000 <
b1000 L
#2696001
b1000 !"
#2697000
b1001 $
b1001 4
b1001 8
b1001 2
b1001 9
b1001 Z
1b
b1 3
b1 :
b1 S
1_
1`
0a
1]
b1001 5
b1001 D
b1001 F
b1001 R
b1001 X
b1001 B
b1001 G
b1001 M
b1001 +
b1001 0
b1001 <
b1001 L
#2697001
b1001 !"
#2698000
b1010 $
b1010 4
b1010 8
0b
b1010 2
b1010 9
b1010 Z
1k
b10 3
b10 :
b10 S
0_
0`
1a
1h
1i
0j
0]
1f
b1010 5
b1010 D
b1010 F
b1010 R
b1010 X
b1010 B
b1010 G
b1010 M
b1010 +
b1010 0
b1010 <
b1010 L
#2698001
b1010 !"
#2699000
b1011 $
b1011 4
b1011 8
b1011 2
b1011 9
b1011 Z
1b
b11 3
b11 :
b11 S
1_
1`
0a
1]
b1011 5
b1011 D
b1011 F
b1011 R
b1011 X
b1011 B
b1011 G
b1011 M
b1011 +
b1011 0
b1011 <
b1011 L
#2699001
b1011 !"
#2700000
b1100 $
b1100 4
b1100 8
0b
0k
b1100 2
b1100 9
b1100 Z
1t
b100 3
b100 :
b100 S
0_
0`
1a
0h
0i
1j
1q
1r
0s
0]
0f
1o
b1100 5
b1100 D
b1100 F
b1100 R
b1100 X
b1100 B
b1100 G
b1100 M
b1100 +
b1100 0
b1100 <
b1100 L
#2700001
b1100 !"
#2701000
b1101 $
b1101 4
b1101 8
b1101 2
b1101 9
b1101 Z
1b
b101 3
b101 :
b101 S
1_
1`
0a
1]
b1101 5
b1101 D
b1101 F
b1101 R
b1101 X
b1101 B
b1101 G
b1101 M
b1101 +
b1101 0
b1101 <
b1101 L
#2701001
b1101 !"
#2702000
b1110 $
b1110 4
b1110 8
0b
b1110 2
b1110 9
b1110 Z
1k
b110 3
b110 :
b110 S
0_
0`
1a
1h
1i
0j
0]
1f
b1110 5
b1110 D
b1110 F
b1110 R
b1110 X
b1110 B
b1110 G
b1110 M
b1110 +
b1110 0
b1110 <
b1110 L
#2702001
b1110 !"
#2703000
b1111 $
b1111 4
b1111 8
b1111 2
b1111 9
b1111 Z
1b
b111 3
b111 :
b111 S
1_
1`
0a
1]
b1111 5
b1111 D
b1111 F
b1111 R
b1111 X
b1111 B
b1111 G
b1111 M
b1111 +
b1111 0
b1111 <
b1111 L
#2703001
b1111 !"
#2704000
b1001 $
b1001 4
b1001 8
0k
b1001 2
b1001 9
b1001 Z
0t
b1001 3
b1001 :
b1001 S
0#
1a
0h
0i
1j
0q
0r
1s
0y
1{
1|
0]
0f
0o
0x
1\
b0 5
b0 D
b0 F
b0 R
b0 X
b1001 6
b1001 E
b1001 P
b1001 Q
b1001 W
b0 B
b0 G
b0 M
b1001 *
b1001 /
b1001 ;
b1001 K
b1001 O
b0 +
b0 0
b0 <
b0 L
#2704001
b1001 !"
#2705000
b1010 3
b1010 :
b1010 S
1V
1^
0`
0a
1]
b1 5
b1 D
b1 F
b1 R
b1 X
b1 B
b1 G
b1 M
b1 +
b1 0
b1 <
b1 L
#2706000
b1011 $
b1011 4
b1011 8
b1011 2
b1011 9
b1011 Z
1k
0V
b1011 3
b1011 :
b1011 S
0U
0^
1`
1a
1h
1i
0j
0]
1f
b10 5
b10 D
b10 F
b10 R
b10 X
b10 B
b10 G
b10 M
b10 +
b10 0
b10 <
b10 L
#2706001
b1011 !"
#2707000
1U
b1100 3
b1100 :
b1100 S
1V
1^
0`
0a
1]
b11 5
b11 D
b11 F
b11 R
b11 X
b11 B
b11 G
b11 M
b11 +
b11 0
b11 <
b11 L
#2708000
b1101 $
b1101 4
b1101 8
0#
0k
b1101 2
b1101 9
b1101 Z
1t
0V
0U
b1101 3
b1101 :
b1101 S
0T
0^
1`
1a
0h
0i
1j
1q
1r
0s
0]
0f
1o
b100 5
b100 D
b100 F
b100 R
b100 X
b100 B
b100 G
b100 M
b100 +
b100 0
b100 <
b100 L
#2708001
b1101 !"
#2709000
b1110 3
b1110 :
b1110 S
1V
1^
0`
0a
1]
b101 5
b101 D
b101 F
b101 R
b101 X
b101 B
b101 G
b101 M
b101 +
b101 0
b101 <
b101 L
#2710000
0#
b1111 $
b1111 4
b1111 8
0T
b1111 2
b1111 9
b1111 Z
1k
0V
b1111 3
b1111 :
b1111 S
0U
0^
1`
1a
1h
1i
0j
0]
1f
b110 5
b110 D
b110 F
b110 R
b110 X
b110 B
b110 G
b110 M
b110 +
b110 0
b110 <
b110 L
#2710001
b1111 !"
#2711000
1#
1T
1U
b0 3
b0 :
b0 S
1V
1^
0`
0a
1]
b111 5
b111 D
b111 F
b111 R
b111 X
b111 B
b111 G
b111 M
b111 +
b111 0
b111 <
b111 L
#2712000
b1001 $
b1001 4
b1001 8
0k
b1001 2
b1001 9
b1001 Z
0t
0V
0U
0T
b1 3
b1 :
b1 S
0^
1`
1a
0h
0i
1j
0q
0r
1s
1y
0{
0|
0]
0f
0o
1x
b1000 5
b1000 D
b1000 F
b1000 R
b1000 X
b1000 B
b1000 G
b1000 M
b1000 +
b1000 0
b1000 <
b1000 L
#2712001
b1001 !"
#2713000
b10 3
b10 :
b10 S
1V
1^
0`
0a
1]
b1001 5
b1001 D
b1001 F
b1001 R
b1001 X
b1001 B
b1001 G
b1001 M
b1001 +
b1001 0
b1001 <
b1001 L
#2714000
b1011 $
b1011 4
b1011 8
b1011 2
b1011 9
b1011 Z
1k
0V
b11 3
b11 :
b11 S
0U
0^
1`
1a
1h
1i
0j
0]
1f
b1010 5
b1010 D
b1010 F
b1010 R
b1010 X
b1010 B
b1010 G
b1010 M
b1010 +
b1010 0
b1010 <
b1010 L
#2714001
b1011 !"
#2715000
1U
b100 3
b100 :
b100 S
1V
1^
0`
0a
1]
b1011 5
b1011 D
b1011 F
b1011 R
b1011 X
b1011 B
b1011 G
b1011 M
b1011 +
b1011 0
b1011 <
b1011 L
#2716000
b1101 $
b1101 4
b1101 8
0k
b1101 2
b1101 9
b1101 Z
1t
0V
0U
b101 3
b101 :
b101 S
0T
0^
1`
1a
0h
0i
1j
1q
1r
0s
0]
0f
1o
b1100 5
b1100 D
b1100 F
b1100 R
b1100 X
b1100 B
b1100 G
b1100 M
b1100 +
b1100 0
b1100 <
b1100 L
#2716001
b1101 !"
#2717000
b110 3
b110 :
b110 S
1V
1^
0`
0a
1]
b1101 5
b1101 D
b1101 F
b1101 R
b1101 X
b1101 B
b1101 G
b1101 M
b1101 +
b1101 0
b1101 <
b1101 L
#2718000
b1111 $
b1111 4
b1111 8
0T
b1111 2
b1111 9
b1111 Z
1k
0V
b111 3
b111 :
b111 S
0U
0^
1`
1a
1h
1i
0j
0]
1f
b1110 5
b1110 D
b1110 F
b1110 R
b1110 X
b1110 B
b1110 G
b1110 M
b1110 +
b1110 0
b1110 <
b1110 L
#2718001
b1111 !"
#2719000
1T
1U
b1000 3
b1000 :
b1000 S
1V
1^
0`
0a
1]
b1111 5
b1111 D
b1111 F
b1111 R
b1111 X
b1111 B
b1111 G
b1111 M
b1111 +
b1111 0
b1111 <
b1111 L
#2720000
b1010 $
b1010 4
b1010 8
0#
0t
0U
b1010 2
b1010 9
b1010 Z
0b
0T
b1010 3
b1010 :
b1010 S
1a
1j
0q
0r
1s
0y
1{
1|
0V
0^
0_
0]
0f
0o
0x
0\
1e
b0 5
b0 D
b0 F
b0 R
b0 X
b1010 6
b1010 E
b1010 P
b1010 Q
b1010 W
b0 B
b0 G
b0 M
b1010 *
b1010 /
b1010 ;
b1010 K
b1010 O
b0 +
b0 0
b0 <
b0 L
#2720001
b1010 !"
#2721000
b1011 $
b1011 4
b1011 8
b1011 2
b1011 9
b1011 Z
1b
b1011 3
b1011 :
b1011 S
1_
1`
0a
1]
b1 5
b1 D
b1 F
b1 R
b1 X
b1 B
b1 G
b1 M
b1 +
b1 0
b1 <
b1 L
#2721001
b1011 !"
#2722000
b1010 $
b1010 4
b1010 8
b1010 2
b1010 9
b1010 Z
0b
b1100 3
b1100 :
b1100 S
1U
0_
0`
1a
1g
0i
0j
0]
1f
b10 5
b10 D
b10 F
b10 R
b10 X
b10 B
b10 G
b10 M
b10 +
b10 0
b10 <
b10 L
#2722001
b1010 !"
#2723000
b1011 $
b1011 4
b1011 8
b1011 2
b1011 9
b1011 Z
1b
b1101 3
b1101 :
b1101 S
1_
1`
0a
1]
b11 5
b11 D
b11 F
b11 R
b11 X
b11 B
b11 G
b11 M
b11 +
b11 0
b11 <
b11 L
#2723001
b1011 !"
#2724000
b1110 $
b1110 4
b1110 8
0#
0b
b1110 2
b1110 9
b1110 Z
1t
0U
b1110 3
b1110 :
b1110 S
0T
0_
0`
1a
0g
1i
1j
1q
1r
0s
0]
0f
1o
b100 5
b100 D
b100 F
b100 R
b100 X
b100 B
b100 G
b100 M
b100 +
b100 0
b100 <
b100 L
#2724001
b1110 !"
#2725000
b1111 $
b1111 4
b1111 8
b1111 2
b1111 9
b1111 Z
1b
b1111 3
b1111 :
b1111 S
1_
1`
0a
1]
b101 5
b101 D
b101 F
b101 R
b101 X
b101 B
b101 G
b101 M
b101 +
b101 0
b101 <
b101 L
#2725001
b1111 !"
#2726000
1#
b1110 $
b1110 4
b1110 8
1T
b1110 2
b1110 9
b1110 Z
0b
b0 3
b0 :
b0 S
1U
0_
0`
1a
1g
0i
0j
0]
1f
b110 5
b110 D
b110 F
b110 R
b110 X
b110 B
b110 G
b110 M
b110 +
b110 0
b110 <
b110 L
#2726001
b1110 !"
#2727000
b1111 $
b1111 4
b1111 8
b1111 2
b1111 9
b1111 Z
1b
b1 3
b1 :
b1 S
1_
1`
0a
1]
b111 5
b111 D
b111 F
b111 R
b111 X
b111 B
b111 G
b111 M
b111 +
b111 0
b111 <
b111 L
#2727001
b1111 !"
#2728000
b1010 $
b1010 4
b1010 8
0b
b1010 2
b1010 9
b1010 Z
0t
0U
0T
b10 3
b10 :
b10 S
0_
0`
1a
0g
1i
1j
0q
0r
1s
1y
0{
0|
0]
0f
0o
1x
b1000 5
b1000 D
b1000 F
b1000 R
b1000 X
b1000 B
b1000 G
b1000 M
b1000 +
b1000 0
b1000 <
b1000 L
#2728001
b1010 !"
#2729000
b1011 $
b1011 4
b1011 8
b1011 2
b1011 9
b1011 Z
1b
b11 3
b11 :
b11 S
1_
1`
0a
1]
b1001 5
b1001 D
b1001 F
b1001 R
b1001 X
b1001 B
b1001 G
b1001 M
b1001 +
b1001 0
b1001 <
b1001 L
#2729001
b1011 !"
#2730000
b1010 $
b1010 4
b1010 8
b1010 2
b1010 9
b1010 Z
0b
b100 3
b100 :
b100 S
1U
0_
0`
1a
1g
0i
0j
0]
1f
b1010 5
b1010 D
b1010 F
b1010 R
b1010 X
b1010 B
b1010 G
b1010 M
b1010 +
b1010 0
b1010 <
b1010 L
#2730001
b1010 !"
#2731000
b1011 $
b1011 4
b1011 8
b1011 2
b1011 9
b1011 Z
1b
b101 3
b101 :
b101 S
1_
1`
0a
1]
b1011 5
b1011 D
b1011 F
b1011 R
b1011 X
b1011 B
b1011 G
b1011 M
b1011 +
b1011 0
b1011 <
b1011 L
#2731001
b1011 !"
#2732000
b1110 $
b1110 4
b1110 8
0b
b1110 2
b1110 9
b1110 Z
1t
0U
b110 3
b110 :
b110 S
0T
0_
0`
1a
0g
1i
1j
1q
1r
0s
0]
0f
1o
b1100 5
b1100 D
b1100 F
b1100 R
b1100 X
b1100 B
b1100 G
b1100 M
b1100 +
b1100 0
b1100 <
b1100 L
#2732001
b1110 !"
#2733000
b1111 $
b1111 4
b1111 8
b1111 2
b1111 9
b1111 Z
1b
b111 3
b111 :
b111 S
1_
1`
0a
1]
b1101 5
b1101 D
b1101 F
b1101 R
b1101 X
b1101 B
b1101 G
b1101 M
b1101 +
b1101 0
b1101 <
b1101 L
#2733001
b1111 !"
#2734000
b1110 $
b1110 4
b1110 8
1T
b1110 2
b1110 9
b1110 Z
0b
b1000 3
b1000 :
b1000 S
1U
0_
0`
1a
1g
0i
0j
0]
1f
b1110 5
b1110 D
b1110 F
b1110 R
b1110 X
b1110 B
b1110 G
b1110 M
b1110 +
b1110 0
b1110 <
b1110 L
#2734001
b1110 !"
#2735000
b1111 $
b1111 4
b1111 8
b1111 2
b1111 9
b1111 Z
1b
b1001 3
b1001 :
b1001 S
1_
1`
0a
1]
b1111 5
b1111 D
b1111 F
b1111 R
b1111 X
b1111 B
b1111 G
b1111 M
b1111 +
b1111 0
b1111 <
b1111 L
#2735001
b1111 !"
#2736000
b1011 $
b1011 4
b1011 8
0#
b1011 2
b1011 9
b1011 Z
0t
0U
0T
b1011 3
b1011 :
b1011 S
1a
0g
1i
1j
0q
0r
1s
0y
1{
1|
0]
0f
0o
0x
1\
b0 5
b0 D
b0 F
b0 R
b0 X
b1011 6
b1011 E
b1011 P
b1011 Q
b1011 W
b0 B
b0 G
b0 M
b1011 *
b1011 /
b1011 ;
b1011 K
b1011 O
b0 +
b0 0
b0 <
b0 L
#2736001
b1011 !"
#2737000
1U
b1100 3
b1100 :
b1100 S
1V
1^
0`
0a
1]
b1 5
b1 D
b1 F
b1 R
b1 X
b1 B
b1 G
b1 M
b1 +
b1 0
b1 <
b1 L
#2738000
0V
b1101 3
b1101 :
b1101 S
0^
1`
1a
1g
0i
0j
0]
1f
b10 5
b10 D
b10 F
b10 R
b10 X
b10 B
b10 G
b10 M
b10 +
b10 0
b10 <
b10 L
#2739000
b1110 3
b1110 :
b1110 S
1V
1^
0`
0a
1]
b11 5
b11 D
b11 F
b11 R
b11 X
b11 B
b11 G
b11 M
b11 +
b11 0
b11 <
b11 L
#2740000
b1111 $
b1111 4
b1111 8
0U
0#
b1111 2
b1111 9
b1111 Z
1t
0V
b1111 3
b1111 :
b1111 S
0T
0^
1`
1a
0g
1i
1j
1q
1r
0s
0]
0f
1o
b100 5
b100 D
b100 F
b100 R
b100 X
b100 B
b100 G
b100 M
b100 +
b100 0
b100 <
b100 L
#2740001
b1111 !"
#2741000
1#
1T
1U
b0 3
b0 :
b0 S
1V
1^
0`
0a
1]
b101 5
b101 D
b101 F
b101 R
b101 X
b101 B
b101 G
b101 M
b101 +
b101 0
b101 <
b101 L
#2742000
0V
b1 3
b1 :
b1 S
0^
1`
1a
1g
0i
0j
0]
1f
b110 5
b110 D
b110 F
b110 R
b110 X
b110 B
b110 G
b110 M
b110 +
b110 0
b110 <
b110 L
#2743000
b10 3
b10 :
b10 S
1V
1^
0`
0a
1]
b111 5
b111 D
b111 F
b111 R
b111 X
b111 B
b111 G
b111 M
b111 +
b111 0
b111 <
b111 L
#2744000
b1011 $
b1011 4
b1011 8
0U
b1011 2
b1011 9
b1011 Z
0t
0V
0T
b11 3
b11 :
b11 S
0^
1`
1a
0g
1i
1j
0q
0r
1s
1y
0{
0|
0]
0f
0o
1x
b1000 5
b1000 D
b1000 F
b1000 R
b1000 X
b1000 B
b1000 G
b1000 M
b1000 +
b1000 0
b1000 <
b1000 L
#2744001
b1011 !"
#2745000
1U
b100 3
b100 :
b100 S
1V
1^
0`
0a
1]
b1001 5
b1001 D
b1001 F
b1001 R
b1001 X
b1001 B
b1001 G
b1001 M
b1001 +
b1001 0
b1001 <
b1001 L
#2746000
0V
b101 3
b101 :
b101 S
0^
1`
1a
1g
0i
0j
0]
1f
b1010 5
b1010 D
b1010 F
b1010 R
b1010 X
b1010 B
b1010 G
b1010 M
b1010 +
b1010 0
b1010 <
b1010 L
#2747000
b110 3
b110 :
b110 S
1V
1^
0`
0a
1]
b1011 5
b1011 D
b1011 F
b1011 R
b1011 X
b1011 B
b1011 G
b1011 M
b1011 +
b1011 0
b1011 <
b1011 L
#2748000
b1111 $
b1111 4
b1111 8
0U
b1111 2
b1111 9
b1111 Z
1t
0V
b111 3
b111 :
b111 S
0T
0^
1`
1a
0g
1i
1j
1q
1r
0s
0]
0f
1o
b1100 5
b1100 D
b1100 F
b1100 R
b1100 X
b1100 B
b1100 G
b1100 M
b1100 +
b1100 0
b1100 <
b1100 L
#2748001
b1111 !"
#2749000
1T
1U
b1000 3
b1000 :
b1000 S
1V
1^
0`
0a
1]
b1101 5
b1101 D
b1101 F
b1101 R
b1101 X
b1101 B
b1101 G
b1101 M
b1101 +
b1101 0
b1101 <
b1101 L
#2750000
0V
b1001 3
b1001 :
b1001 S
0^
1`
1a
1g
0i
0j
0]
1f
b1110 5
b1110 D
b1110 F
b1110 R
b1110 X
b1110 B
b1110 G
b1110 M
b1110 +
b1110 0
b1110 <
b1110 L
#2751000
b1010 3
b1010 :
b1010 S
1V
1^
0`
0a
1]
b1111 5
b1111 D
b1111 F
b1111 R
b1111 X
b1111 B
b1111 G
b1111 M
b1111 +
b1111 0
b1111 <
b1111 L
#2752000
0#
b1100 $
b1100 4
b1100 8
0T
0b
b1100 2
b1100 9
b1100 Z
0k
0U
b1100 3
b1100 :
b1100 S
1a
1j
1s
0y
1{
1|
0V
0^
0_
0g
0h
0]
0f
0o
0x
0\
0e
1n
b0 5
b0 D
b0 F
b0 R
b0 X
b1100 6
b1100 E
b1100 P
b1100 Q
b1100 W
b0 B
b0 G
b0 M
b1100 *
b1100 /
b1100 ;
b1100 K
b1100 O
b0 +
b0 0
b0 <
b0 L
#2752001
b1100 !"
#2753000
b1101 $
b1101 4
b1101 8
b1101 2
b1101 9
b1101 Z
1b
b1101 3
b1101 :
b1101 S
1_
1`
0a
1]
b1 5
b1 D
b1 F
b1 R
b1 X
b1 B
b1 G
b1 M
b1 +
b1 0
b1 <
b1 L
#2753001
b1101 !"
#2754000
b1110 $
b1110 4
b1110 8
0b
b1110 2
b1110 9
b1110 Z
1k
b1110 3
b1110 :
b1110 S
0_
0`
1a
1h
1i
0j
0]
1f
b10 5
b10 D
b10 F
b10 R
b10 X
b10 B
b10 G
b10 M
b10 +
b10 0
b10 <
b10 L
#2754001
b1110 !"
#2755000
b1111 $
b1111 4
b1111 8
b1111 2
b1111 9
b1111 Z
1b
b1111 3
b1111 :
b1111 S
1_
1`
0a
1]
b11 5
b11 D
b11 F
b11 R
b11 X
b11 B
b11 G
b11 M
b11 +
b11 0
b11 <
b11 L
#2755001
b1111 !"
#2756000
b1100 $
b1100 4
b1100 8
1#
0b
b1100 2
b1100 9
b1100 Z
0k
b0 3
b0 :
b0 S
1T
0_
0`
1a
0h
0i
1j
1p
0r
0s
0]
0f
1o
b100 5
b100 D
b100 F
b100 R
b100 X
b100 B
b100 G
b100 M
b100 +
b100 0
b100 <
b100 L
#2756001
b1100 !"
#2757000
b1101 $
b1101 4
b1101 8
b1101 2
b1101 9
b1101 Z
1b
b1 3
b1 :
b1 S
1_
1`
0a
1]
b101 5
b101 D
b101 F
b101 R
b101 X
b101 B
b101 G
b101 M
b101 +
b101 0
b101 <
b101 L
#2757001
b1101 !"
#2758000
b1110 $
b1110 4
b1110 8
0b
b1110 2
b1110 9
b1110 Z
1k
b10 3
b10 :
b10 S
0_
0`
1a
1h
1i
0j
0]
1f
b110 5
b110 D
b110 F
b110 R
b110 X
b110 B
b110 G
b110 M
b110 +
b110 0
b110 <
b110 L
#2758001
b1110 !"
#2759000
b1111 $
b1111 4
b1111 8
b1111 2
b1111 9
b1111 Z
1b
b11 3
b11 :
b11 S
1_
1`
0a
1]
b111 5
b111 D
b111 F
b111 R
b111 X
b111 B
b111 G
b111 M
b111 +
b111 0
b111 <
b111 L
#2759001
b1111 !"
#2760000
b1100 $
b1100 4
b1100 8
0b
b1100 2
b1100 9
b1100 Z
0k
0T
b100 3
b100 :
b100 S
0_
0`
1a
0h
0i
1j
0p
1r
1s
1y
0{
0|
0]
0f
0o
1x
b1000 5
b1000 D
b1000 F
b1000 R
b1000 X
b1000 B
b1000 G
b1000 M
b1000 +
b1000 0
b1000 <
b1000 L
#2760001
b1100 !"
#2761000
b1101 $
b1101 4
b1101 8
b1101 2
b1101 9
b1101 Z
1b
b101 3
b101 :
b101 S
1_
1`
0a
1]
b1001 5
b1001 D
b1001 F
b1001 R
b1001 X
b1001 B
b1001 G
b1001 M
b1001 +
b1001 0
b1001 <
b1001 L
#2761001
b1101 !"
#2762000
b1110 $
b1110 4
b1110 8
0b
b1110 2
b1110 9
b1110 Z
1k
b110 3
b110 :
b110 S
0_
0`
1a
1h
1i
0j
0]
1f
b1010 5
b1010 D
b1010 F
b1010 R
b1010 X
b1010 B
b1010 G
b1010 M
b1010 +
b1010 0
b1010 <
b1010 L
#2762001
b1110 !"
#2763000
b1111 $
b1111 4
b1111 8
b1111 2
b1111 9
b1111 Z
1b
b111 3
b111 :
b111 S
1_
1`
0a
1]
b1011 5
b1011 D
b1011 F
b1011 R
b1011 X
b1011 B
b1011 G
b1011 M
b1011 +
b1011 0
b1011 <
b1011 L
#2763001
b1111 !"
#2764000
b1100 $
b1100 4
b1100 8
0b
b1100 2
b1100 9
b1100 Z
0k
b1000 3
b1000 :
b1000 S
1T
0_
0`
1a
0h
0i
1j
1p
0r
0s
0]
0f
1o
b1100 5
b1100 D
b1100 F
b1100 R
b1100 X
b1100 B
b1100 G
b1100 M
b1100 +
b1100 0
b1100 <
b1100 L
#2764001
b1100 !"
#2765000
b1101 $
b1101 4
b1101 8
b1101 2
b1101 9
b1101 Z
1b
b1001 3
b1001 :
b1001 S
1_
1`
0a
1]
b1101 5
b1101 D
b1101 F
b1101 R
b1101 X
b1101 B
b1101 G
b1101 M
b1101 +
b1101 0
b1101 <
b1101 L
#2765001
b1101 !"
#2766000
b1110 $
b1110 4
b1110 8
0b
b1110 2
b1110 9
b1110 Z
1k
b1010 3
b1010 :
b1010 S
0_
0`
1a
1h
1i
0j
0]
1f
b1110 5
b1110 D
b1110 F
b1110 R
b1110 X
b1110 B
b1110 G
b1110 M
b1110 +
b1110 0
b1110 <
b1110 L
#2766001
b1110 !"
#2767000
b1111 $
b1111 4
b1111 8
b1111 2
b1111 9
b1111 Z
1b
b1011 3
b1011 :
b1011 S
1_
1`
0a
1]
b1111 5
b1111 D
b1111 F
b1111 R
b1111 X
b1111 B
b1111 G
b1111 M
b1111 +
b1111 0
b1111 <
b1111 L
#2767001
b1111 !"
#2768000
b1101 $
b1101 4
b1101 8
0#
b1101 2
b1101 9
b1101 Z
0k
0T
b1101 3
b1101 :
b1101 S
1a
0h
0i
1j
0p
1r
1s
0y
1{
1|
0]
0f
0o
0x
1\
b0 5
b0 D
b0 F
b0 R
b0 X
b1101 6
b1101 E
b1101 P
b1101 Q
b1101 W
b0 B
b0 G
b0 M
b1101 *
b1101 /
b1101 ;
b1101 K
b1101 O
b0 +
b0 0
b0 <
b0 L
#2768001
b1101 !"
#2769000
b1110 3
b1110 :
b1110 S
1V
1^
0`
0a
1]
b1 5
b1 D
b1 F
b1 R
b1 X
b1 B
b1 G
b1 M
b1 +
b1 0
b1 <
b1 L
#2770000
0#
b1111 $
b1111 4
b1111 8
0T
b1111 2
b1111 9
b1111 Z
1k
0V
b1111 3
b1111 :
b1111 S
0U
0^
1`
1a
1h
1i
0j
0]
1f
b10 5
b10 D
b10 F
b10 R
b10 X
b10 B
b10 G
b10 M
b10 +
b10 0
b10 <
b10 L
#2770001
b1111 !"
#2771000
1#
1T
1U
b0 3
b0 :
b0 S
1V
1^
0`
0a
1]
b11 5
b11 D
b11 F
b11 R
b11 X
b11 B
b11 G
b11 M
b11 +
b11 0
b11 <
b11 L
#2772000
b1101 $
b1101 4
b1101 8
b1101 2
b1101 9
b1101 Z
0k
0V
0U
b1 3
b1 :
b1 S
0^
1`
1a
0h
0i
1j
1p
0r
0s
0]
0f
1o
b100 5
b100 D
b100 F
b100 R
b100 X
b100 B
b100 G
b100 M
b100 +
b100 0
b100 <
b100 L
#2772001
b1101 !"
#2773000
b10 3
b10 :
b10 S
1V
1^
0`
0a
1]
b101 5
b101 D
b101 F
b101 R
b101 X
b101 B
b101 G
b101 M
b101 +
b101 0
b101 <
b101 L
#2774000
b1111 $
b1111 4
b1111 8
b1111 2
b1111 9
b1111 Z
1k
0V
b11 3
b11 :
b11 S
0U
0^
1`
1a
1h
1i
0j
0]
1f
b110 5
b110 D
b110 F
b110 R
b110 X
b110 B
b110 G
b110 M
b110 +
b110 0
b110 <
b110 L
#2774001
b1111 !"
#2775000
1U
b100 3
b100 :
b100 S
1V
1^
0`
0a
1]
b111 5
b111 D
b111 F
b111 R
b111 X
b111 B
b111 G
b111 M
b111 +
b111 0
b111 <
b111 L
#2776000
b1101 $
b1101 4
b1101 8
0T
b1101 2
b1101 9
b1101 Z
0k
0V
0U
b101 3
b101 :
b101 S
0^
1`
1a
0h
0i
1j
0p
1r
1s
1y
0{
0|
0]
0f
0o
1x
b1000 5
b1000 D
b1000 F
b1000 R
b1000 X
b1000 B
b1000 G
b1000 M
b1000 +
b1000 0
b1000 <
b1000 L
#2776001
b1101 !"
#2777000
b110 3
b110 :
b110 S
1V
1^
0`
0a
1]
b1001 5
b1001 D
b1001 F
b1001 R
b1001 X
b1001 B
b1001 G
b1001 M
b1001 +
b1001 0
b1001 <
b1001 L
#2778000
b1111 $
b1111 4
b1111 8
0T
b1111 2
b1111 9
b1111 Z
1k
0V
b111 3
b111 :
b111 S
0U
0^
1`
1a
1h
1i
0j
0]
1f
b1010 5
b1010 D
b1010 F
b1010 R
b1010 X
b1010 B
b1010 G
b1010 M
b1010 +
b1010 0
b1010 <
b1010 L
#2778001
b1111 !"
#2779000
1T
1U
b1000 3
b1000 :
b1000 S
1V
1^
0`
0a
1]
b1011 5
b1011 D
b1011 F
b1011 R
b1011 X
b1011 B
b1011 G
b1011 M
b1011 +
b1011 0
b1011 <
b1011 L
#2780000
b1101 $
b1101 4
b1101 8
b1101 2
b1101 9
b1101 Z
0k
0V
0U
b1001 3
b1001 :
b1001 S
0^
1`
1a
0h
0i
1j
1p
0r
0s
0]
0f
1o
b1100 5
b1100 D
b1100 F
b1100 R
b1100 X
b1100 B
b1100 G
b1100 M
b1100 +
b1100 0
b1100 <
b1100 L
#2780001
b1101 !"
#2781000
b1010 3
b1010 :
b1010 S
1V
1^
0`
0a
1]
b1101 5
b1101 D
b1101 F
b1101 R
b1101 X
b1101 B
b1101 G
b1101 M
b1101 +
b1101 0
b1101 <
b1101 L
#2782000
b1111 $
b1111 4
b1111 8
b1111 2
b1111 9
b1111 Z
1k
0V
b1011 3
b1011 :
b1011 S
0U
0^
1`
1a
1h
1i
0j
0]
1f
b1110 5
b1110 D
b1110 F
b1110 R
b1110 X
b1110 B
b1110 G
b1110 M
b1110 +
b1110 0
b1110 <
b1110 L
#2782001
b1111 !"
#2783000
1U
b1100 3
b1100 :
b1100 S
1V
1^
0`
0a
1]
b1111 5
b1111 D
b1111 F
b1111 R
b1111 X
b1111 B
b1111 G
b1111 M
b1111 +
b1111 0
b1111 <
b1111 L
#2784000
0#
0T
b1110 $
b1110 4
b1110 8
0U
b1110 2
b1110 9
b1110 Z
0b
b1110 3
b1110 :
b1110 S
1a
1j
0p
1r
1s
0y
1{
1|
0V
0^
0_
0]
0f
0o
0x
0\
1e
b0 5
b0 D
b0 F
b0 R
b0 X
b1110 6
b1110 E
b1110 P
b1110 Q
b1110 W
b0 B
b0 G
b0 M
b1110 *
b1110 /
b1110 ;
b1110 K
b1110 O
b0 +
b0 0
b0 <
b0 L
#2784001
b1110 !"
#2785000
b1111 $
b1111 4
b1111 8
b1111 2
b1111 9
b1111 Z
1b
b1111 3
b1111 :
b1111 S
1_
1`
0a
1]
b1 5
b1 D
b1 F
b1 R
b1 X
b1 B
b1 G
b1 M
b1 +
b1 0
b1 <
b1 L
#2785001
b1111 !"
#2786000
1#
b1110 $
b1110 4
b1110 8
1T
b1110 2
b1110 9
b1110 Z
0b
b0 3
b0 :
b0 S
1U
0_
0`
1a
1g
0i
0j
0]
1f
b10 5
b10 D
b10 F
b10 R
b10 X
b10 B
b10 G
b10 M
b10 +
b10 0
b10 <
b10 L
#2786001
b1110 !"
#2787000
b1111 $
b1111 4
b1111 8
b1111 2
b1111 9
b1111 Z
1b
b1 3
b1 :
b1 S
1_
1`
0a
1]
b11 5
b11 D
b11 F
b11 R
b11 X
b11 B
b11 G
b11 M
b11 +
b11 0
b11 <
b11 L
#2787001
b1111 !"
#2788000
b1110 $
b1110 4
b1110 8
b1110 2
b1110 9
b1110 Z
0b
0U
b10 3
b10 :
b10 S
0_
0`
1a
0g
1i
1j
1p
0r
0s
0]
0f
1o
b100 5
b100 D
b100 F
b100 R
b100 X
b100 B
b100 G
b100 M
b100 +
b100 0
b100 <
b100 L
#2788001
b1110 !"
#2789000
b1111 $
b1111 4
b1111 8
b1111 2
b1111 9
b1111 Z
1b
b11 3
b11 :
b11 S
1_
1`
0a
1]
b101 5
b101 D
b101 F
b101 R
b101 X
b101 B
b101 G
b101 M
b101 +
b101 0
b101 <
b101 L
#2789001
b1111 !"
#2790000
b1110 $
b1110 4
b1110 8
b1110 2
b1110 9
b1110 Z
0b
b100 3
b100 :
b100 S
1U
0_
0`
1a
1g
0i
0j
0]
1f
b110 5
b110 D
b110 F
b110 R
b110 X
b110 B
b110 G
b110 M
b110 +
b110 0
b110 <
b110 L
#2790001
b1110 !"
#2791000
b1111 $
b1111 4
b1111 8
b1111 2
b1111 9
b1111 Z
1b
b101 3
b101 :
b101 S
1_
1`
0a
1]
b111 5
b111 D
b111 F
b111 R
b111 X
b111 B
b111 G
b111 M
b111 +
b111 0
b111 <
b111 L
#2791001
b1111 !"
#2792000
b1110 $
b1110 4
b1110 8
0T
b1110 2
b1110 9
b1110 Z
0b
0U
b110 3
b110 :
b110 S
0_
0`
1a
0g
1i
1j
0p
1r
1s
1y
0{
0|
0]
0f
0o
1x
b1000 5
b1000 D
b1000 F
b1000 R
b1000 X
b1000 B
b1000 G
b1000 M
b1000 +
b1000 0
b1000 <
b1000 L
#2792001
b1110 !"
#2793000
b1111 $
b1111 4
b1111 8
b1111 2
b1111 9
b1111 Z
1b
b111 3
b111 :
b111 S
1_
1`
0a
1]
b1001 5
b1001 D
b1001 F
b1001 R
b1001 X
b1001 B
b1001 G
b1001 M
b1001 +
b1001 0
b1001 <
b1001 L
#2793001
b1111 !"
#2794000
b1110 $
b1110 4
b1110 8
1T
b1110 2
b1110 9
b1110 Z
0b
b1000 3
b1000 :
b1000 S
1U
0_
0`
1a
1g
0i
0j
0]
1f
b1010 5
b1010 D
b1010 F
b1010 R
b1010 X
b1010 B
b1010 G
b1010 M
b1010 +
b1010 0
b1010 <
b1010 L
#2794001
b1110 !"
#2795000
b1111 $
b1111 4
b1111 8
b1111 2
b1111 9
b1111 Z
1b
b1001 3
b1001 :
b1001 S
1_
1`
0a
1]
b1011 5
b1011 D
b1011 F
b1011 R
b1011 X
b1011 B
b1011 G
b1011 M
b1011 +
b1011 0
b1011 <
b1011 L
#2795001
b1111 !"
#2796000
b1110 $
b1110 4
b1110 8
b1110 2
b1110 9
b1110 Z
0b
0U
b1010 3
b1010 :
b1010 S
0_
0`
1a
0g
1i
1j
1p
0r
0s
0]
0f
1o
b1100 5
b1100 D
b1100 F
b1100 R
b1100 X
b1100 B
b1100 G
b1100 M
b1100 +
b1100 0
b1100 <
b1100 L
#2796001
b1110 !"
#2797000
b1111 $
b1111 4
b1111 8
b1111 2
b1111 9
b1111 Z
1b
b1011 3
b1011 :
b1011 S
1_
1`
0a
1]
b1101 5
b1101 D
b1101 F
b1101 R
b1101 X
b1101 B
b1101 G
b1101 M
b1101 +
b1101 0
b1101 <
b1101 L
#2797001
b1111 !"
#2798000
b1110 $
b1110 4
b1110 8
b1110 2
b1110 9
b1110 Z
0b
b1100 3
b1100 :
b1100 S
1U
0_
0`
1a
1g
0i
0j
0]
1f
b1110 5
b1110 D
b1110 F
b1110 R
b1110 X
b1110 B
b1110 G
b1110 M
b1110 +
b1110 0
b1110 <
b1110 L
#2798001
b1110 !"
#2799000
b1111 $
b1111 4
b1111 8
b1111 2
b1111 9
b1111 Z
1b
b1101 3
b1101 :
b1101 S
1_
1`
0a
1]
b1111 5
b1111 D
b1111 F
b1111 R
b1111 X
b1111 B
b1111 G
b1111 M
b1111 +
b1111 0
b1111 <
b1111 L
#2799001
b1111 !"
#2800000
0#
0T
0U
b1111 3
b1111 :
b1111 S
1a
0g
1i
1j
0p
1r
1s
0y
1{
1|
0]
0f
0o
0x
1\
b0 5
b0 D
b0 F
b0 R
b0 X
b1111 6
b1111 E
b1111 P
b1111 Q
b1111 W
b0 B
b0 G
b0 M
b1111 *
b1111 /
b1111 ;
b1111 K
b1111 O
b0 +
b0 0
b0 <
b0 L
#2801000
1#
1T
1U
b0 3
b0 :
b0 S
1V
1^
0`
0a
1]
b1 5
b1 D
b1 F
b1 R
b1 X
b1 B
b1 G
b1 M
b1 +
b1 0
b1 <
b1 L
#2802000
0V
b1 3
b1 :
b1 S
0^
1`
1a
1g
0i
0j
0]
1f
b10 5
b10 D
b10 F
b10 R
b10 X
b10 B
b10 G
b10 M
b10 +
b10 0
b10 <
b10 L
#2803000
b10 3
b10 :
b10 S
1V
1^
0`
0a
1]
b11 5
b11 D
b11 F
b11 R
b11 X
b11 B
b11 G
b11 M
b11 +
b11 0
b11 <
b11 L
#2804000
0U
0V
b11 3
b11 :
b11 S
0^
1`
1a
0g
1i
1j
1p
0r
0s
0]
0f
1o
b100 5
b100 D
b100 F
b100 R
b100 X
b100 B
b100 G
b100 M
b100 +
b100 0
b100 <
b100 L
#2805000
1U
b100 3
b100 :
b100 S
1V
1^
0`
0a
1]
b101 5
b101 D
b101 F
b101 R
b101 X
b101 B
b101 G
b101 M
b101 +
b101 0
b101 <
b101 L
#2806000
0V
b101 3
b101 :
b101 S
0^
1`
1a
1g
0i
0j
0]
1f
b110 5
b110 D
b110 F
b110 R
b110 X
b110 B
b110 G
b110 M
b110 +
b110 0
b110 <
b110 L
#2807000
b110 3
b110 :
b110 S
1V
1^
0`
0a
1]
b111 5
b111 D
b111 F
b111 R
b111 X
b111 B
b111 G
b111 M
b111 +
b111 0
b111 <
b111 L
#2808000
0T
0U
0V
b111 3
b111 :
b111 S
0^
1`
1a
0g
1i
1j
0p
1r
1s
1y
0{
0|
0]
0f
0o
1x
b1000 5
b1000 D
b1000 F
b1000 R
b1000 X
b1000 B
b1000 G
b1000 M
b1000 +
b1000 0
b1000 <
b1000 L
#2809000
1T
1U
b1000 3
b1000 :
b1000 S
1V
1^
0`
0a
1]
b1001 5
b1001 D
b1001 F
b1001 R
b1001 X
b1001 B
b1001 G
b1001 M
b1001 +
b1001 0
b1001 <
b1001 L
#2810000
0V
b1001 3
b1001 :
b1001 S
0^
1`
1a
1g
0i
0j
0]
1f
b1010 5
b1010 D
b1010 F
b1010 R
b1010 X
b1010 B
b1010 G
b1010 M
b1010 +
b1010 0
b1010 <
b1010 L
#2811000
b1010 3
b1010 :
b1010 S
1V
1^
0`
0a
1]
b1011 5
b1011 D
b1011 F
b1011 R
b1011 X
b1011 B
b1011 G
b1011 M
b1011 +
b1011 0
b1011 <
b1011 L
#2812000
0U
0V
b1011 3
b1011 :
b1011 S
0^
1`
1a
0g
1i
1j
1p
0r
0s
0]
0f
1o
b1100 5
b1100 D
b1100 F
b1100 R
b1100 X
b1100 B
b1100 G
b1100 M
b1100 +
b1100 0
b1100 <
b1100 L
#2813000
1U
b1100 3
b1100 :
b1100 S
1V
1^
0`
0a
1]
b1101 5
b1101 D
b1101 F
b1101 R
b1101 X
b1101 B
b1101 G
b1101 M
b1101 +
b1101 0
b1101 <
b1101 L
#2814000
0V
b1101 3
b1101 :
b1101 S
0^
1`
1a
1g
0i
0j
0]
1f
b1110 5
b1110 D
b1110 F
b1110 R
b1110 X
b1110 B
b1110 G
b1110 M
b1110 +
b1110 0
b1110 <
b1110 L
#2815000
b1110 3
b1110 :
b1110 S
1V
1^
0`
0a
1]
b1111 5
b1111 D
b1111 F
b1111 R
b1111 X
b1111 B
b1111 G
b1111 M
b1111 +
b1111 0
b1111 <
b1111 L
#2816000
0"
1!
b0 $
b0 4
b0 8
0b
0k
0t
b0 2
b0 9
b0 Z
0}
0V
0U
0T
0#
1a
1j
1s
1|
0^
0_
0g
0h
0p
0q
0y
0z
0]
0f
0o
0x
0\
0e
0n
0w
b0 5
b0 D
b0 F
b0 R
b0 X
b1 3
b1 :
b1 S
b0 6
b0 E
b0 P
b0 Q
b0 W
b0 B
b0 G
b0 M
1-
b0 *
b0 /
b0 ;
b0 K
b0 O
b0 +
b0 0
b0 <
b0 L
#2816001
1$"
0#"
b0 !"
#2817000
0!
b1 $
b1 4
b1 8
b1 2
b1 9
b1 Z
1b
b10 3
b10 :
b10 S
1V
1_
1`
0a
1]
b1 5
b1 D
b1 F
b1 R
b1 X
b1 B
b1 G
b1 M
b1 +
b1 0
b1 <
b1 L
#2817001
0$"
b1 !"
#2818000
b10 $
b10 4
b10 8
0b
b10 2
b10 9
b10 Z
1k
0V
b11 3
b11 :
b11 S
0U
0_
0`
1a
1h
1i
0j
0]
1f
b10 5
b10 D
b10 F
b10 R
b10 X
b10 B
b10 G
b10 M
b10 +
b10 0
b10 <
b10 L
#2818001
b10 !"
#2819000
b11 $
b11 4
b11 8
1U
b11 2
b11 9
b11 Z
1b
b100 3
b100 :
b100 S
1V
1_
1`
0a
1]
b11 5
b11 D
b11 F
b11 R
b11 X
b11 B
b11 G
b11 M
b11 +
b11 0
b11 <
b11 L
#2819001
b11 !"
#2820000
b100 $
b100 4
b100 8
0b
0k
b100 2
b100 9
b100 Z
1t
0V
0U
b101 3
b101 :
b101 S
0T
0_
0`
1a
0h
0i
1j
1q
1r
0s
0]
0f
1o
b100 5
b100 D
b100 F
b100 R
b100 X
b100 B
b100 G
b100 M
b100 +
b100 0
b100 <
b100 L
#2820001
b100 !"
#2821000
b101 $
b101 4
b101 8
b101 2
b101 9
b101 Z
1b
b110 3
b110 :
b110 S
1V
1_
1`
0a
1]
b101 5
b101 D
b101 F
b101 R
b101 X
b101 B
b101 G
b101 M
b101 +
b101 0
b101 <
b101 L
#2821001
b101 !"
#2822000
b110 $
b110 4
b110 8
0T
0b
b110 2
b110 9
b110 Z
1k
0V
b111 3
b111 :
b111 S
0U
0_
0`
1a
1h
1i
0j
0]
1f
b110 5
b110 D
b110 F
b110 R
b110 X
b110 B
b110 G
b110 M
b110 +
b110 0
b110 <
b110 L
#2822001
b110 !"
#2823000
1T
b111 $
b111 4
b111 8
1U
b111 2
b111 9
b111 Z
1b
b1000 3
b1000 :
b1000 S
1V
1_
1`
0a
1]
b111 5
b111 D
b111 F
b111 R
b111 X
b111 B
b111 G
b111 M
b111 +
b111 0
b111 <
b111 L
#2823001
b111 !"
#2824000
1"
b1000 $
b1000 4
b1000 8
0b
0k
0t
b1000 2
b1000 9
b1000 Z
1}
0V
0U
0T
b1001 3
b1001 :
b1001 S
0#
0_
0`
1a
0h
0i
1j
0q
0r
1s
1z
1{
0|
0]
0f
0o
1x
b1000 5
b1000 D
b1000 F
b1000 R
b1000 X
b1000 B
b1000 G
b1000 M
b1000 +
b1000 0
b1000 <
b1000 L
#2824001
1#"
b1000 !"
#2825000
b1001 $
b1001 4
b1001 8
b1001 2
b1001 9
b1001 Z
1b
b1010 3
b1010 :
b1010 S
1V
1_
1`
0a
1]
b1001 5
b1001 D
b1001 F
b1001 R
b1001 X
b1001 B
b1001 G
b1001 M
b1001 +
b1001 0
b1001 <
b1001 L
#2825001
b1001 !"
#2826000
b1010 $
b1010 4
b1010 8
0b
b1010 2
b1010 9
b1010 Z
1k
0V
b1011 3
b1011 :
b1011 S
0U
0_
0`
1a
1h
1i
0j
0]
1f
b1010 5
b1010 D
b1010 F
b1010 R
b1010 X
b1010 B
b1010 G
b1010 M
b1010 +
b1010 0
b1010 <
b1010 L
#2826001
b1010 !"
#2827000
b1011 $
b1011 4
b1011 8
1U
b1011 2
b1011 9
b1011 Z
1b
b1100 3
b1100 :
b1100 S
1V
1_
1`
0a
1]
b1011 5
b1011 D
b1011 F
b1011 R
b1011 X
b1011 B
b1011 G
b1011 M
b1011 +
b1011 0
b1011 <
b1011 L
#2827001
b1011 !"
#2828000
b1100 $
b1100 4
b1100 8
0#
0b
0k
b1100 2
b1100 9
b1100 Z
1t
0V
0U
b1101 3
b1101 :
b1101 S
0T
0_
0`
1a
0h
0i
1j
1q
1r
0s
0]
0f
1o
b1100 5
b1100 D
b1100 F
b1100 R
b1100 X
b1100 B
b1100 G
b1100 M
b1100 +
b1100 0
b1100 <
b1100 L
#2828001
b1100 !"
#2829000
b1101 $
b1101 4
b1101 8
b1101 2
b1101 9
b1101 Z
1b
b1110 3
b1110 :
b1110 S
1V
1_
1`
0a
1]
b1101 5
b1101 D
b1101 F
b1101 R
b1101 X
b1101 B
b1101 G
b1101 M
b1101 +
b1101 0
b1101 <
b1101 L
#2829001
b1101 !"
#2830000
0#
b1110 $
b1110 4
b1110 8
0T
0b
b1110 2
b1110 9
b1110 Z
1k
0V
b1111 3
b1111 :
b1111 S
0U
0_
0`
1a
1h
1i
0j
0]
1f
b1110 5
b1110 D
b1110 F
b1110 R
b1110 X
b1110 B
b1110 G
b1110 M
b1110 +
b1110 0
b1110 <
b1110 L
#2830001
b1110 !"
#2831000
1#
1T
b1111 $
b1111 4
b1111 8
1U
b1111 2
b1111 9
b1111 Z
1b
b0 3
b0 :
b0 S
1V
1_
1`
0a
1]
b1111 5
b1111 D
b1111 F
b1111 R
b1111 X
b1111 B
b1111 G
b1111 M
b1111 +
b1111 0
b1111 <
b1111 L
#2831001
b1111 !"
#2832000
0"
b1 $
b1 4
b1 8
0k
0t
b1 2
b1 9
b1 Z
0}
0U
0T
b10 3
b10 :
b10 S
0#
1a
0h
0i
1j
0q
0r
1s
0z
0{
1|
0]
0f
0o
0x
1\
b0 5
b0 D
b0 F
b0 R
b0 X
b1 6
b1 E
b1 P
b1 Q
b1 W
b0 B
b0 G
b0 M
b1 *
b1 /
b1 ;
b1 K
b1 O
b0 +
b0 0
b0 <
b0 L
#2832001
0#"
b1 !"
#2833000
b11 3
b11 :
b11 S
1^
0`
0a
1]
b1 5
b1 D
b1 F
b1 R
b1 X
b1 B
b1 G
b1 M
b1 +
b1 0
b1 <
b1 L
#2834000
b11 $
b11 4
b11 8
b11 2
b11 9
b11 Z
1k
b100 3
b100 :
b100 S
1U
0^
1`
1a
1h
1i
0j
0]
1f
b10 5
b10 D
b10 F
b10 R
b10 X
b10 B
b10 G
b10 M
b10 +
b10 0
b10 <
b10 L
#2834001
b11 !"
#2835000
b101 3
b101 :
b101 S
1^
0`
0a
1]
b11 5
b11 D
b11 F
b11 R
b11 X
b11 B
b11 G
b11 M
b11 +
b11 0
b11 <
b11 L
#2836000
b101 $
b101 4
b101 8
0k
b101 2
b101 9
b101 Z
1t
0U
b110 3
b110 :
b110 S
0T
0^
1`
1a
0h
0i
1j
1q
1r
0s
0]
0f
1o
b100 5
b100 D
b100 F
b100 R
b100 X
b100 B
b100 G
b100 M
b100 +
b100 0
b100 <
b100 L
#2836001
b101 !"
#2837000
b111 3
b111 :
b111 S
1^
0`
0a
1]
b101 5
b101 D
b101 F
b101 R
b101 X
b101 B
b101 G
b101 M
b101 +
b101 0
b101 <
b101 L
#2838000
b111 $
b111 4
b111 8
1T
b111 2
b111 9
b111 Z
1k
b1000 3
b1000 :
b1000 S
1U
0^
1`
1a
1h
1i
0j
0]
1f
b110 5
b110 D
b110 F
b110 R
b110 X
b110 B
b110 G
b110 M
b110 +
b110 0
b110 <
b110 L
#2838001
b111 !"
#2839000
b1001 3
b1001 :
b1001 S
1^
0`
0a
1]
b111 5
b111 D
b111 F
b111 R
b111 X
b111 B
b111 G
b111 M
b111 +
b111 0
b111 <
b111 L
#2840000
1"
b1001 $
b1001 4
b1001 8
0k
0t
b1001 2
b1001 9
b1001 Z
1}
0U
0T
b1010 3
b1010 :
b1010 S
0#
0^
1`
1a
0h
0i
1j
0q
0r
1s
1z
1{
0|
0]
0f
0o
1x
b1000 5
b1000 D
b1000 F
b1000 R
b1000 X
b1000 B
b1000 G
b1000 M
b1000 +
b1000 0
b1000 <
b1000 L
#2840001
1#"
b1001 !"
#2841000
b1011 3
b1011 :
b1011 S
1^
0`
0a
1]
b1001 5
b1001 D
b1001 F
b1001 R
b1001 X
b1001 B
b1001 G
b1001 M
b1001 +
b1001 0
b1001 <
b1001 L
#2842000
b1011 $
b1011 4
b1011 8
b1011 2
b1011 9
b1011 Z
1k
b1100 3
b1100 :
b1100 S
1U
0^
1`
1a
1h
1i
0j
0]
1f
b1010 5
b1010 D
b1010 F
b1010 R
b1010 X
b1010 B
b1010 G
b1010 M
b1010 +
b1010 0
b1010 <
b1010 L
#2842001
b1011 !"
#2843000
b1101 3
b1101 :
b1101 S
1^
0`
0a
1]
b1011 5
b1011 D
b1011 F
b1011 R
b1011 X
b1011 B
b1011 G
b1011 M
b1011 +
b1011 0
b1011 <
b1011 L
#2844000
b1101 $
b1101 4
b1101 8
0#
0k
b1101 2
b1101 9
b1101 Z
1t
0U
b1110 3
b1110 :
b1110 S
0T
0^
1`
1a
0h
0i
1j
1q
1r
0s
0]
0f
1o
b1100 5
b1100 D
b1100 F
b1100 R
b1100 X
b1100 B
b1100 G
b1100 M
b1100 +
b1100 0
b1100 <
b1100 L
#2844001
b1101 !"
#2845000
b1111 3
b1111 :
b1111 S
1^
0`
0a
1]
b1101 5
b1101 D
b1101 F
b1101 R
b1101 X
b1101 B
b1101 G
b1101 M
b1101 +
b1101 0
b1101 <
b1101 L
#2846000
1#
b1111 $
b1111 4
b1111 8
1T
b1111 2
b1111 9
b1111 Z
1k
b0 3
b0 :
b0 S
1U
0^
1`
1a
1h
1i
0j
0]
1f
b1110 5
b1110 D
b1110 F
b1110 R
b1110 X
b1110 B
b1110 G
b1110 M
b1110 +
b1110 0
b1110 <
b1110 L
#2846001
b1111 !"
#2847000
b1 3
b1 :
b1 S
1^
0`
0a
1]
b1111 5
b1111 D
b1111 F
b1111 R
b1111 X
b1111 B
b1111 G
b1111 M
b1111 +
b1111 0
b1111 <
b1111 L
#2848000
0"
b10 $
b10 4
b10 8
0U
0t
0}
b10 2
b10 9
b10 Z
0b
0V
0T
b11 3
b11 :
b11 S
0#
1a
1j
0q
0r
1s
0z
0{
1|
0^
0_
0]
0f
0o
0x
0\
1e
b0 5
b0 D
b0 F
b0 R
b0 X
b10 6
b10 E
b10 P
b10 Q
b10 W
b0 B
b0 G
b0 M
b10 *
b10 /
b10 ;
b10 K
b10 O
b0 +
b0 0
b0 <
b0 L
#2848001
0#"
b10 !"
#2849000
b11 $
b11 4
b11 8
1U
b11 2
b11 9
b11 Z
1b
b100 3
b100 :
b100 S
1V
1_
1`
0a
1]
b1 5
b1 D
b1 F
b1 R
b1 X
b1 B
b1 G
b1 M
b1 +
b1 0
b1 <
b1 L
#2849001
b11 !"
#2850000
b10 $
b10 4
b10 8
b10 2
b10 9
b10 Z
0b
0V
b101 3
b101 :
b101 S
0_
0`
1a
1g
0i
0j
0]
1f
b10 5
b10 D
b10 F
b10 R
b10 X
b10 B
b10 G
b10 M
b10 +
b10 0
b10 <
b10 L
#2850001
b10 !"
#2851000
b11 $
b11 4
b11 8
b11 2
b11 9
b11 Z
1b
b110 3
b110 :
b110 S
1V
1_
1`
0a
1]
b11 5
b11 D
b11 F
b11 R
b11 X
b11 B
b11 G
b11 M
b11 +
b11 0
b11 <
b11 L
#2851001
b11 !"
#2852000
b110 $
b110 4
b110 8
0U
0b
b110 2
b110 9
b110 Z
1t
0V
b111 3
b111 :
b111 S
0T
0_
0`
1a
0g
1i
1j
1q
1r
0s
0]
0f
1o
b100 5
b100 D
b100 F
b100 R
b100 X
b100 B
b100 G
b100 M
b100 +
b100 0
b100 <
b100 L
#2852001
b110 !"
#2853000
1T
b111 $
b111 4
b111 8
1U
b111 2
b111 9
b111 Z
1b
b1000 3
b1000 :
b1000 S
1V
1_
1`
0a
1]
b101 5
b101 D
b101 F
b101 R
b101 X
b101 B
b101 G
b101 M
b101 +
b101 0
b101 <
b101 L
#2853001
b111 !"
#2854000
b110 $
b110 4
b110 8
b110 2
b110 9
b110 Z
0b
0V
b1001 3
b1001 :
b1001 S
0_
0`
1a
1g
0i
0j
0]
1f
b110 5
b110 D
b110 F
b110 R
b110 X
b110 B
b110 G
b110 M
b110 +
b110 0
b110 <
b110 L
#2854001
b110 !"
#2855000
b111 $
b111 4
b111 8
b111 2
b111 9
b111 Z
1b
b1010 3
b1010 :
b1010 S
1V
1_
1`
0a
1]
b111 5
b111 D
b111 F
b111 R
b111 X
b111 B
b111 G
b111 M
b111 +
b111 0
b111 <
b111 L
#2855001
b111 !"
#2856000
1"
b1010 $
b1010 4
b1010 8
0U
0b
0t
b1010 2
b1010 9
b1010 Z
1}
0V
0T
b1011 3
b1011 :
b1011 S
0#
0_
0`
1a
0g
1i
1j
0q
0r
1s
1z
1{
0|
0]
0f
0o
1x
b1000 5
b1000 D
b1000 F
b1000 R
b1000 X
b1000 B
b1000 G
b1000 M
b1000 +
b1000 0
b1000 <
b1000 L
#2856001
1#"
b1010 !"
#2857000
b1011 $
b1011 4
b1011 8
1U
b1011 2
b1011 9
b1011 Z
1b
b1100 3
b1100 :
b1100 S
1V
1_
1`
0a
1]
b1001 5
b1001 D
b1001 F
b1001 R
b1001 X
b1001 B
b1001 G
b1001 M
b1001 +
b1001 0
b1001 <
b1001 L
#2857001
b1011 !"
#2858000
b1010 $
b1010 4
b1010 8
b1010 2
b1010 9
b1010 Z
0b
0V
b1101 3
b1101 :
b1101 S
0_
0`
1a
1g
0i
0j
0]
1f
b1010 5
b1010 D
b1010 F
b1010 R
b1010 X
b1010 B
b1010 G
b1010 M
b1010 +
b1010 0
b1010 <
b1010 L
#2858001
b1010 !"
#2859000
b1011 $
b1011 4
b1011 8
b1011 2
b1011 9
b1011 Z
1b
b1110 3
b1110 :
b1110 S
1V
1_
1`
0a
1]
b1011 5
b1011 D
b1011 F
b1011 R
b1011 X
b1011 B
b1011 G
b1011 M
b1011 +
b1011 0
b1011 <
b1011 L
#2859001
b1011 !"
#2860000
b1110 $
b1110 4
b1110 8
0U
0#
0b
b1110 2
b1110 9
b1110 Z
1t
0V
b1111 3
b1111 :
b1111 S
0T
0_
0`
1a
0g
1i
1j
1q
1r
0s
0]
0f
1o
b1100 5
b1100 D
b1100 F
b1100 R
b1100 X
b1100 B
b1100 G
b1100 M
b1100 +
b1100 0
b1100 <
b1100 L
#2860001
b1110 !"
#2861000
1#
1T
b1111 $
b1111 4
b1111 8
1U
b1111 2
b1111 9
b1111 Z
1b
b0 3
b0 :
b0 S
1V
1_
1`
0a
1]
b1101 5
b1101 D
b1101 F
b1101 R
b1101 X
b1101 B
b1101 G
b1101 M
b1101 +
b1101 0
b1101 <
b1101 L
#2861001
b1111 !"
#2862000
b1110 $
b1110 4
b1110 8
b1110 2
b1110 9
b1110 Z
0b
0V
b1 3
b1 :
b1 S
0_
0`
1a
1g
0i
0j
0]
1f
b1110 5
b1110 D
b1110 F
b1110 R
b1110 X
b1110 B
b1110 G
b1110 M
b1110 +
b1110 0
b1110 <
b1110 L
#2862001
b1110 !"
#2863000
b1111 $
b1111 4
b1111 8
b1111 2
b1111 9
b1111 Z
1b
b10 3
b10 :
b10 S
1V
1_
1`
0a
1]
b1111 5
b1111 D
b1111 F
b1111 R
b1111 X
b1111 B
b1111 G
b1111 M
b1111 +
b1111 0
b1111 <
b1111 L
#2863001
b1111 !"
#2864000
0"
b11 $
b11 4
b11 8
0t
b11 2
b11 9
b11 Z
0}
0T
b100 3
b100 :
b100 S
0#
1a
0g
1i
1j
0q
0r
1s
0z
0{
1|
0]
0f
0o
0x
1\
b0 5
b0 D
b0 F
b0 R
b0 X
b11 6
b11 E
b11 P
b11 Q
b11 W
b0 B
b0 G
b0 M
b11 *
b11 /
b11 ;
b11 K
b11 O
b0 +
b0 0
b0 <
b0 L
#2864001
0#"
b11 !"
#2865000
b101 3
b101 :
b101 S
1^
0`
0a
1]
b1 5
b1 D
b1 F
b1 R
b1 X
b1 B
b1 G
b1 M
b1 +
b1 0
b1 <
b1 L
#2866000
b110 3
b110 :
b110 S
0^
1`
1a
1g
0i
0j
0]
1f
b10 5
b10 D
b10 F
b10 R
b10 X
b10 B
b10 G
b10 M
b10 +
b10 0
b10 <
b10 L
#2867000
b111 3
b111 :
b111 S
1^
0`
0a
1]
b11 5
b11 D
b11 F
b11 R
b11 X
b11 B
b11 G
b11 M
b11 +
b11 0
b11 <
b11 L
#2868000
b111 $
b111 4
b111 8
b111 2
b111 9
b111 Z
1t
b1000 3
b1000 :
b1000 S
1T
0^
1`
1a
0g
1i
1j
1q
1r
0s
0]
0f
1o
b100 5
b100 D
b100 F
b100 R
b100 X
b100 B
b100 G
b100 M
b100 +
b100 0
b100 <
b100 L
#2868001
b111 !"
#2869000
b1001 3
b1001 :
b1001 S
1^
0`
0a
1]
b101 5
b101 D
b101 F
b101 R
b101 X
b101 B
b101 G
b101 M
b101 +
b101 0
b101 <
b101 L
#2870000
b1010 3
b1010 :
b1010 S
0^
1`
1a
1g
0i
0j
0]
1f
b110 5
b110 D
b110 F
b110 R
b110 X
b110 B
b110 G
b110 M
b110 +
b110 0
b110 <
b110 L
#2871000
b1011 3
b1011 :
b1011 S
1^
0`
0a
1]
b111 5
b111 D
b111 F
b111 R
b111 X
b111 B
b111 G
b111 M
b111 +
b111 0
b111 <
b111 L
#2872000
1"
b1011 $
b1011 4
b1011 8
0t
b1011 2
b1011 9
b1011 Z
1}
0T
b1100 3
b1100 :
b1100 S
0#
0^
1`
1a
0g
1i
1j
0q
0r
1s
1z
1{
0|
0]
0f
0o
1x
b1000 5
b1000 D
b1000 F
b1000 R
b1000 X
b1000 B
b1000 G
b1000 M
b1000 +
b1000 0
b1000 <
b1000 L
#2872001
1#"
b1011 !"
#2873000
b1101 3
b1101 :
b1101 S
1^
0`
0a
1]
b1001 5
b1001 D
b1001 F
b1001 R
b1001 X
b1001 B
b1001 G
b1001 M
b1001 +
b1001 0
b1001 <
b1001 L
#2874000
b1110 3
b1110 :
b1110 S
0^
1`
1a
1g
0i
0j
0]
1f
b1010 5
b1010 D
b1010 F
b1010 R
b1010 X
b1010 B
b1010 G
b1010 M
b1010 +
b1010 0
b1010 <
b1010 L
#2875000
b1111 3
b1111 :
b1111 S
1^
0`
0a
1]
b1011 5
b1011 D
b1011 F
b1011 R
b1011 X
b1011 B
b1011 G
b1011 M
b1011 +
b1011 0
b1011 <
b1011 L
#2876000
b1111 $
b1111 4
b1111 8
1#
b1111 2
b1111 9
b1111 Z
1t
b0 3
b0 :
b0 S
1T
0^
1`
1a
0g
1i
1j
1q
1r
0s
0]
0f
1o
b1100 5
b1100 D
b1100 F
b1100 R
b1100 X
b1100 B
b1100 G
b1100 M
b1100 +
b1100 0
b1100 <
b1100 L
#2876001
b1111 !"
#2877000
b1 3
b1 :
b1 S
1^
0`
0a
1]
b1101 5
b1101 D
b1101 F
b1101 R
b1101 X
b1101 B
b1101 G
b1101 M
b1101 +
b1101 0
b1101 <
b1101 L
#2878000
b10 3
b10 :
b10 S
0^
1`
1a
1g
0i
0j
0]
1f
b1110 5
b1110 D
b1110 F
b1110 R
b1110 X
b1110 B
b1110 G
b1110 M
b1110 +
b1110 0
b1110 <
b1110 L
#2879000
b11 3
b11 :
b11 S
1^
0`
0a
1]
b1111 5
b1111 D
b1111 F
b1111 R
b1111 X
b1111 B
b1111 G
b1111 M
b1111 +
b1111 0
b1111 <
b1111 L
#2880000
0"
b100 $
b100 4
b100 8
0T
0}
0b
b100 2
b100 9
b100 Z
0k
0V
0U
b101 3
b101 :
b101 S
0#
1a
1j
1s
0z
0{
1|
0^
0_
0g
0h
0]
0f
0o
0x
0\
0e
1n
b0 5
b0 D
b0 F
b0 R
b0 X
b100 6
b100 E
b100 P
b100 Q
b100 W
b0 B
b0 G
b0 M
b100 *
b100 /
b100 ;
b100 K
b100 O
b0 +
b0 0
b0 <
b0 L
#2880001
0#"
b100 !"
#2881000
b101 $
b101 4
b101 8
b101 2
b101 9
b101 Z
1b
b110 3
b110 :
b110 S
1V
1_
1`
0a
1]
b1 5
b1 D
b1 F
b1 R
b1 X
b1 B
b1 G
b1 M
b1 +
b1 0
b1 <
b1 L
#2881001
b101 !"
#2882000
b110 $
b110 4
b110 8
0T
0b
b110 2
b110 9
b110 Z
1k
0V
b111 3
b111 :
b111 S
0U
0_
0`
1a
1h
1i
0j
0]
1f
b10 5
b10 D
b10 F
b10 R
b10 X
b10 B
b10 G
b10 M
b10 +
b10 0
b10 <
b10 L
#2882001
b110 !"
#2883000
1T
b111 $
b111 4
b111 8
1U
b111 2
b111 9
b111 Z
1b
b1000 3
b1000 :
b1000 S
1V
1_
1`
0a
1]
b11 5
b11 D
b11 F
b11 R
b11 X
b11 B
b11 G
b11 M
b11 +
b11 0
b11 <
b11 L
#2883001
b111 !"
#2884000
b100 $
b100 4
b100 8
0b
b100 2
b100 9
b100 Z
0k
0V
0U
b1001 3
b1001 :
b1001 S
0_
0`
1a
0h
0i
1j
1p
0r
0s
0]
0f
1o
b100 5
b100 D
b100 F
b100 R
b100 X
b100 B
b100 G
b100 M
b100 +
b100 0
b100 <
b100 L
#2884001
b100 !"
#2885000
b101 $
b101 4
b101 8
b101 2
b101 9
b101 Z
1b
b1010 3
b1010 :
b1010 S
1V
1_
1`
0a
1]
b101 5
b101 D
b101 F
b101 R
b101 X
b101 B
b101 G
b101 M
b101 +
b101 0
b101 <
b101 L
#2885001
b101 !"
#2886000
b110 $
b110 4
b110 8
0b
b110 2
b110 9
b110 Z
1k
0V
b1011 3
b1011 :
b1011 S
0U
0_
0`
1a
1h
1i
0j
0]
1f
b110 5
b110 D
b110 F
b110 R
b110 X
b110 B
b110 G
b110 M
b110 +
b110 0
b110 <
b110 L
#2886001
b110 !"
#2887000
b111 $
b111 4
b111 8
1U
b111 2
b111 9
b111 Z
1b
b1100 3
b1100 :
b1100 S
1V
1_
1`
0a
1]
b111 5
b111 D
b111 F
b111 R
b111 X
b111 B
b111 G
b111 M
b111 +
b111 0
b111 <
b111 L
#2887001
b111 !"
#2888000
1"
b1100 $
b1100 4
b1100 8
0T
0b
0k
b1100 2
b1100 9
b1100 Z
1}
0V
0U
b1101 3
b1101 :
b1101 S
0#
0_
0`
1a
0h
0i
1j
0p
1r
1s
1z
1{
0|
0]
0f
0o
1x
b1000 5
b1000 D
b1000 F
b1000 R
b1000 X
b1000 B
b1000 G
b1000 M
b1000 +
b1000 0
b1000 <
b1000 L
#2888001
1#"
b1100 !"
#2889000
b1101 $
b1101 4
b1101 8
b1101 2
b1101 9
b1101 Z
1b
b1110 3
b1110 :
b1110 S
1V
1_
1`
0a
1]
b1001 5
b1001 D
b1001 F
b1001 R
b1001 X
b1001 B
b1001 G
b1001 M
b1001 +
b1001 0
b1001 <
b1001 L
#2889001
b1101 !"
#2890000
0#
b1110 $
b1110 4
b1110 8
0T
0b
b1110 2
b1110 9
b1110 Z
1k
0V
b1111 3
b1111 :
b1111 S
0U
0_
0`
1a
1h
1i
0j
0]
1f
b1010 5
b1010 D
b1010 F
b1010 R
b1010 X
b1010 B
b1010 G
b1010 M
b1010 +
b1010 0
b1010 <
b1010 L
#2890001
b1110 !"
#2891000
1#
1T
b1111 $
b1111 4
b1111 8
1U
b1111 2
b1111 9
b1111 Z
1b
b0 3
b0 :
b0 S
1V
1_
1`
0a
1]
b1011 5
b1011 D
b1011 F
b1011 R
b1011 X
b1011 B
b1011 G
b1011 M
b1011 +
b1011 0
b1011 <
b1011 L
#2891001
b1111 !"
#2892000
b1100 $
b1100 4
b1100 8
0b
b1100 2
b1100 9
b1100 Z
0k
0V
0U
b1 3
b1 :
b1 S
0_
0`
1a
0h
0i
1j
1p
0r
0s
0]
0f
1o
b1100 5
b1100 D
b1100 F
b1100 R
b1100 X
b1100 B
b1100 G
b1100 M
b1100 +
b1100 0
b1100 <
b1100 L
#2892001
b1100 !"
#2893000
b1101 $
b1101 4
b1101 8
b1101 2
b1101 9
b1101 Z
1b
b10 3
b10 :
b10 S
1V
1_
1`
0a
1]
b1101 5
b1101 D
b1101 F
b1101 R
b1101 X
b1101 B
b1101 G
b1101 M
b1101 +
b1101 0
b1101 <
b1101 L
#2893001
b1101 !"
#2894000
b1110 $
b1110 4
b1110 8
0b
b1110 2
b1110 9
b1110 Z
1k
0V
b11 3
b11 :
b11 S
0U
0_
0`
1a
1h
1i
0j
0]
1f
b1110 5
b1110 D
b1110 F
b1110 R
b1110 X
b1110 B
b1110 G
b1110 M
b1110 +
b1110 0
b1110 <
b1110 L
#2894001
b1110 !"
#2895000
b1111 $
b1111 4
b1111 8
1U
b1111 2
b1111 9
b1111 Z
1b
b100 3
b100 :
b100 S
1V
1_
1`
0a
1]
b1111 5
b1111 D
b1111 F
b1111 R
b1111 X
b1111 B
b1111 G
b1111 M
b1111 +
b1111 0
b1111 <
b1111 L
#2895001
b1111 !"
#2896000
0"
b101 $
b101 4
b101 8
0T
0k
b101 2
b101 9
b101 Z
0}
0U
b110 3
b110 :
b110 S
0#
1a
0h
0i
1j
0p
1r
1s
0z
0{
1|
0]
0f
0o
0x
1\
b0 5
b0 D
b0 F
b0 R
b0 X
b101 6
b101 E
b101 P
b101 Q
b101 W
b0 B
b0 G
b0 M
b101 *
b101 /
b101 ;
b101 K
b101 O
b0 +
b0 0
b0 <
b0 L
#2896001
0#"
b101 !"
#2897000
b111 3
b111 :
b111 S
1^
0`
0a
1]
b1 5
b1 D
b1 F
b1 R
b1 X
b1 B
b1 G
b1 M
b1 +
b1 0
b1 <
b1 L
#2898000
b111 $
b111 4
b111 8
1T
b111 2
b111 9
b111 Z
1k
b1000 3
b1000 :
b1000 S
1U
0^
1`
1a
1h
1i
0j
0]
1f
b10 5
b10 D
b10 F
b10 R
b10 X
b10 B
b10 G
b10 M
b10 +
b10 0
b10 <
b10 L
#2898001
b111 !"
#2899000
b1001 3
b1001 :
b1001 S
1^
0`
0a
1]
b11 5
b11 D
b11 F
b11 R
b11 X
b11 B
b11 G
b11 M
b11 +
b11 0
b11 <
b11 L
#2900000
b101 $
b101 4
b101 8
b101 2
b101 9
b101 Z
0k
0U
b1010 3
b1010 :
b1010 S
0^
1`
1a
0h
0i
1j
1p
0r
0s
0]
0f
1o
b100 5
b100 D
b100 F
b100 R
b100 X
b100 B
b100 G
b100 M
b100 +
b100 0
b100 <
b100 L
#2900001
b101 !"
#2901000
b1011 3
b1011 :
b1011 S
1^
0`
0a
1]
b101 5
b101 D
b101 F
b101 R
b101 X
b101 B
b101 G
b101 M
b101 +
b101 0
b101 <
b101 L
#2902000
b111 $
b111 4
b111 8
b111 2
b111 9
b111 Z
1k
b1100 3
b1100 :
b1100 S
1U
0^
1`
1a
1h
1i
0j
0]
1f
b110 5
b110 D
b110 F
b110 R
b110 X
b110 B
b110 G
b110 M
b110 +
b110 0
b110 <
b110 L
#2902001
b111 !"
#2903000
b1101 3
b1101 :
b1101 S
1^
0`
0a
1]
b111 5
b111 D
b111 F
b111 R
b111 X
b111 B
b111 G
b111 M
b111 +
b111 0
b111 <
b111 L
#2904000
1"
b1101 $
b1101 4
b1101 8
0T
0k
b1101 2
b1101 9
b1101 Z
1}
0U
b1110 3
b1110 :
b1110 S
0#
0^
1`
1a
0h
0i
1j
0p
1r
1s
1z
1{
0|
0]
0f
0o
1x
b1000 5
b1000 D
b1000 F
b1000 R
b1000 X
b1000 B
b1000 G
b1000 M
b1000 +
b1000 0
b1000 <
b1000 L
#2904001
1#"
b1101 !"
#2905000
b1111 3
b1111 :
b1111 S
1^
0`
0a
1]
b1001 5
b1001 D
b1001 F
b1001 R
b1001 X
b1001 B
b1001 G
b1001 M
b1001 +
b1001 0
b1001 <
b1001 L
#2906000
1#
b1111 $
b1111 4
b1111 8
1T
b1111 2
b1111 9
b1111 Z
1k
b0 3
b0 :
b0 S
1U
0^
1`
1a
1h
1i
0j
0]
1f
b1010 5
b1010 D
b1010 F
b1010 R
b1010 X
b1010 B
b1010 G
b1010 M
b1010 +
b1010 0
b1010 <
b1010 L
#2906001
b1111 !"
#2907000
b1 3
b1 :
b1 S
1^
0`
0a
1]
b1011 5
b1011 D
b1011 F
b1011 R
b1011 X
b1011 B
b1011 G
b1011 M
b1011 +
b1011 0
b1011 <
b1011 L
#2908000
b1101 $
b1101 4
b1101 8
b1101 2
b1101 9
b1101 Z
0k
0U
b10 3
b10 :
b10 S
0^
1`
1a
0h
0i
1j
1p
0r
0s
0]
0f
1o
b1100 5
b1100 D
b1100 F
b1100 R
b1100 X
b1100 B
b1100 G
b1100 M
b1100 +
b1100 0
b1100 <
b1100 L
#2908001
b1101 !"
#2909000
b11 3
b11 :
b11 S
1^
0`
0a
1]
b1101 5
b1101 D
b1101 F
b1101 R
b1101 X
b1101 B
b1101 G
b1101 M
b1101 +
b1101 0
b1101 <
b1101 L
#2910000
b1111 $
b1111 4
b1111 8
b1111 2
b1111 9
b1111 Z
1k
b100 3
b100 :
b100 S
1U
0^
1`
1a
1h
1i
0j
0]
1f
b1110 5
b1110 D
b1110 F
b1110 R
b1110 X
b1110 B
b1110 G
b1110 M
b1110 +
b1110 0
b1110 <
b1110 L
#2910001
b1111 !"
#2911000
b101 3
b101 :
b101 S
1^
0`
0a
1]
b1111 5
b1111 D
b1111 F
b1111 R
b1111 X
b1111 B
b1111 G
b1111 M
b1111 +
b1111 0
b1111 <
b1111 L
#2912000
0"
0T
b110 $
b110 4
b110 8
0U
0}
b110 2
b110 9
b110 Z
0b
0V
b111 3
b111 :
b111 S
0#
1a
1j
0p
1r
1s
0z
0{
1|
0^
0_
0]
0f
0o
0x
0\
1e
b0 5
b0 D
b0 F
b0 R
b0 X
b110 6
b110 E
b110 P
b110 Q
b110 W
b0 B
b0 G
b0 M
b110 *
b110 /
b110 ;
b110 K
b110 O
b0 +
b0 0
b0 <
b0 L
#2912001
0#"
b110 !"
#2913000
1T
b111 $
b111 4
b111 8
1U
b111 2
b111 9
b111 Z
1b
b1000 3
b1000 :
b1000 S
1V
1_
1`
0a
1]
b1 5
b1 D
b1 F
b1 R
b1 X
b1 B
b1 G
b1 M
b1 +
b1 0
b1 <
b1 L
#2913001
b111 !"
#2914000
b110 $
b110 4
b110 8
b110 2
b110 9
b110 Z
0b
0V
b1001 3
b1001 :
b1001 S
0_
0`
1a
1g
0i
0j
0]
1f
b10 5
b10 D
b10 F
b10 R
b10 X
b10 B
b10 G
b10 M
b10 +
b10 0
b10 <
b10 L
#2914001
b110 !"
#2915000
b111 $
b111 4
b111 8
b111 2
b111 9
b111 Z
1b
b1010 3
b1010 :
b1010 S
1V
1_
1`
0a
1]
b11 5
b11 D
b11 F
b11 R
b11 X
b11 B
b11 G
b11 M
b11 +
b11 0
b11 <
b11 L
#2915001
b111 !"
#2916000
b110 $
b110 4
b110 8
0U
b110 2
b110 9
b110 Z
0b
0V
b1011 3
b1011 :
b1011 S
0_
0`
1a
0g
1i
1j
1p
0r
0s
0]
0f
1o
b100 5
b100 D
b100 F
b100 R
b100 X
b100 B
b100 G
b100 M
b100 +
b100 0
b100 <
b100 L
#2916001
b110 !"
#2917000
b111 $
b111 4
b111 8
1U
b111 2
b111 9
b111 Z
1b
b1100 3
b1100 :
b1100 S
1V
1_
1`
0a
1]
b101 5
b101 D
b101 F
b101 R
b101 X
b101 B
b101 G
b101 M
b101 +
b101 0
b101 <
b101 L
#2917001
b111 !"
#2918000
b110 $
b110 4
b110 8
b110 2
b110 9
b110 Z
0b
0V
b1101 3
b1101 :
b1101 S
0_
0`
1a
1g
0i
0j
0]
1f
b110 5
b110 D
b110 F
b110 R
b110 X
b110 B
b110 G
b110 M
b110 +
b110 0
b110 <
b110 L
#2918001
b110 !"
#2919000
b111 $
b111 4
b111 8
b111 2
b111 9
b111 Z
1b
b1110 3
b1110 :
b1110 S
1V
1_
1`
0a
1]
b111 5
b111 D
b111 F
b111 R
b111 X
b111 B
b111 G
b111 M
b111 +
b111 0
b111 <
b111 L
#2919001
b111 !"
#2920000
1"
0T
b1110 $
b1110 4
b1110 8
0U
0b
b1110 2
b1110 9
b1110 Z
1}
0V
b1111 3
b1111 :
b1111 S
0#
0_
0`
1a
0g
1i
1j
0p
1r
1s
1z
1{
0|
0]
0f
0o
1x
b1000 5
b1000 D
b1000 F
b1000 R
b1000 X
b1000 B
b1000 G
b1000 M
b1000 +
b1000 0
b1000 <
b1000 L
#2920001
1#"
b1110 !"
#2921000
1#
1T
b1111 $
b1111 4
b1111 8
1U
b1111 2
b1111 9
b1111 Z
1b
b0 3
b0 :
b0 S
1V
1_
1`
0a
1]
b1001 5
b1001 D
b1001 F
b1001 R
b1001 X
b1001 B
b1001 G
b1001 M
b1001 +
b1001 0
b1001 <
b1001 L
#2921001
b1111 !"
#2922000
b1110 $
b1110 4
b1110 8
b1110 2
b1110 9
b1110 Z
0b
0V
b1 3
b1 :
b1 S
0_
0`
1a
1g
0i
0j
0]
1f
b1010 5
b1010 D
b1010 F
b1010 R
b1010 X
b1010 B
b1010 G
b1010 M
b1010 +
b1010 0
b1010 <
b1010 L
#2922001
b1110 !"
#2923000
b1111 $
b1111 4
b1111 8
b1111 2
b1111 9
b1111 Z
1b
b10 3
b10 :
b10 S
1V
1_
1`
0a
1]
b1011 5
b1011 D
b1011 F
b1011 R
b1011 X
b1011 B
b1011 G
b1011 M
b1011 +
b1011 0
b1011 <
b1011 L
#2923001
b1111 !"
#2924000
b1110 $
b1110 4
b1110 8
0U
b1110 2
b1110 9
b1110 Z
0b
0V
b11 3
b11 :
b11 S
0_
0`
1a
0g
1i
1j
1p
0r
0s
0]
0f
1o
b1100 5
b1100 D
b1100 F
b1100 R
b1100 X
b1100 B
b1100 G
b1100 M
b1100 +
b1100 0
b1100 <
b1100 L
#2924001
b1110 !"
#2925000
b1111 $
b1111 4
b1111 8
1U
b1111 2
b1111 9
b1111 Z
1b
b100 3
b100 :
b100 S
1V
1_
1`
0a
1]
b1101 5
b1101 D
b1101 F
b1101 R
b1101 X
b1101 B
b1101 G
b1101 M
b1101 +
b1101 0
b1101 <
b1101 L
#2925001
b1111 !"
#2926000
b1110 $
b1110 4
b1110 8
b1110 2
b1110 9
b1110 Z
0b
0V
b101 3
b101 :
b101 S
0_
0`
1a
1g
0i
0j
0]
1f
b1110 5
b1110 D
b1110 F
b1110 R
b1110 X
b1110 B
b1110 G
b1110 M
b1110 +
b1110 0
b1110 <
b1110 L
#2926001
b1110 !"
#2927000
b1111 $
b1111 4
b1111 8
b1111 2
b1111 9
b1111 Z
1b
b110 3
b110 :
b110 S
1V
1_
1`
0a
1]
b1111 5
b1111 D
b1111 F
b1111 R
b1111 X
b1111 B
b1111 G
b1111 M
b1111 +
b1111 0
b1111 <
b1111 L
#2927001
b1111 !"
#2928000
0"
b111 $
b111 4
b111 8
b111 2
b111 9
b111 Z
0}
b1000 3
b1000 :
b1000 S
0#
1a
0g
1i
1j
0p
1r
1s
0z
0{
1|
0]
0f
0o
0x
1\
b0 5
b0 D
b0 F
b0 R
b0 X
b111 6
b111 E
b111 P
b111 Q
b111 W
b0 B
b0 G
b0 M
b111 *
b111 /
b111 ;
b111 K
b111 O
b0 +
b0 0
b0 <
b0 L
#2928001
0#"
b111 !"
#2929000
b1001 3
b1001 :
b1001 S
1^
0`
0a
1]
b1 5
b1 D
b1 F
b1 R
b1 X
b1 B
b1 G
b1 M
b1 +
b1 0
b1 <
b1 L
#2930000
b1010 3
b1010 :
b1010 S
0^
1`
1a
1g
0i
0j
0]
1f
b10 5
b10 D
b10 F
b10 R
b10 X
b10 B
b10 G
b10 M
b10 +
b10 0
b10 <
b10 L
#2931000
b1011 3
b1011 :
b1011 S
1^
0`
0a
1]
b11 5
b11 D
b11 F
b11 R
b11 X
b11 B
b11 G
b11 M
b11 +
b11 0
b11 <
b11 L
#2932000
b1100 3
b1100 :
b1100 S
0^
1`
1a
0g
1i
1j
1p
0r
0s
0]
0f
1o
b100 5
b100 D
b100 F
b100 R
b100 X
b100 B
b100 G
b100 M
b100 +
b100 0
b100 <
b100 L
#2933000
b1101 3
b1101 :
b1101 S
1^
0`
0a
1]
b101 5
b101 D
b101 F
b101 R
b101 X
b101 B
b101 G
b101 M
b101 +
b101 0
b101 <
b101 L
#2934000
b1110 3
b1110 :
b1110 S
0^
1`
1a
1g
0i
0j
0]
1f
b110 5
b110 D
b110 F
b110 R
b110 X
b110 B
b110 G
b110 M
b110 +
b110 0
b110 <
b110 L
#2935000
b1111 3
b1111 :
b1111 S
1^
0`
0a
1]
b111 5
b111 D
b111 F
b111 R
b111 X
b111 B
b111 G
b111 M
b111 +
b111 0
b111 <
b111 L
#2936000
1"
b1111 $
b1111 4
b1111 8
b1111 2
b1111 9
b1111 Z
1}
b0 3
b0 :
b0 S
1#
0^
1`
1a
0g
1i
1j
0p
1r
1s
1z
1{
0|
0]
0f
0o
1x
b1000 5
b1000 D
b1000 F
b1000 R
b1000 X
b1000 B
b1000 G
b1000 M
b1000 +
b1000 0
b1000 <
b1000 L
#2936001
1#"
b1111 !"
#2937000
b1 3
b1 :
b1 S
1^
0`
0a
1]
b1001 5
b1001 D
b1001 F
b1001 R
b1001 X
b1001 B
b1001 G
b1001 M
b1001 +
b1001 0
b1001 <
b1001 L
#2938000
b10 3
b10 :
b10 S
0^
1`
1a
1g
0i
0j
0]
1f
b1010 5
b1010 D
b1010 F
b1010 R
b1010 X
b1010 B
b1010 G
b1010 M
b1010 +
b1010 0
b1010 <
b1010 L
#2939000
b11 3
b11 :
b11 S
1^
0`
0a
1]
b1011 5
b1011 D
b1011 F
b1011 R
b1011 X
b1011 B
b1011 G
b1011 M
b1011 +
b1011 0
b1011 <
b1011 L
#2940000
b100 3
b100 :
b100 S
0^
1`
1a
0g
1i
1j
1p
0r
0s
0]
0f
1o
b1100 5
b1100 D
b1100 F
b1100 R
b1100 X
b1100 B
b1100 G
b1100 M
b1100 +
b1100 0
b1100 <
b1100 L
#2941000
b101 3
b101 :
b101 S
1^
0`
0a
1]
b1101 5
b1101 D
b1101 F
b1101 R
b1101 X
b1101 B
b1101 G
b1101 M
b1101 +
b1101 0
b1101 <
b1101 L
#2942000
b110 3
b110 :
b110 S
0^
1`
1a
1g
0i
0j
0]
1f
b1110 5
b1110 D
b1110 F
b1110 R
b1110 X
b1110 B
b1110 G
b1110 M
b1110 +
b1110 0
b1110 <
b1110 L
#2943000
b111 3
b111 :
b111 S
1^
0`
0a
1]
b1111 5
b1111 D
b1111 F
b1111 R
b1111 X
b1111 B
b1111 G
b1111 M
b1111 +
b1111 0
b1111 <
b1111 L
#2944000
b1000 $
b1000 4
b1000 8
b1001 3
b1001 :
b1001 S
0#
0b
0k
b1000 2
b1000 9
b1000 Z
0t
0V
0U
0T
1a
1j
1s
1|
0^
0_
0g
0h
0p
0q
0]
0f
0o
0x
0\
0e
0n
1w
b0 5
b0 D
b0 F
b0 R
b0 X
b1000 6
b1000 E
b1000 P
b1000 Q
b1000 W
b0 B
b0 G
b0 M
b1000 *
b1000 /
b1000 ;
b1000 K
b1000 O
b0 +
b0 0
b0 <
b0 L
#2944001
b1000 !"
#2945000
b1001 $
b1001 4
b1001 8
b1001 2
b1001 9
b1001 Z
1b
b1010 3
b1010 :
b1010 S
1V
1_
1`
0a
1]
b1 5
b1 D
b1 F
b1 R
b1 X
b1 B
b1 G
b1 M
b1 +
b1 0
b1 <
b1 L
#2945001
b1001 !"
#2946000
b1010 $
b1010 4
b1010 8
0b
b1010 2
b1010 9
b1010 Z
1k
0V
b1011 3
b1011 :
b1011 S
0U
0_
0`
1a
1h
1i
0j
0]
1f
b10 5
b10 D
b10 F
b10 R
b10 X
b10 B
b10 G
b10 M
b10 +
b10 0
b10 <
b10 L
#2946001
b1010 !"
#2947000
b1011 $
b1011 4
b1011 8
1U
b1011 2
b1011 9
b1011 Z
1b
b1100 3
b1100 :
b1100 S
1V
1_
1`
0a
1]
b11 5
b11 D
b11 F
b11 R
b11 X
b11 B
b11 G
b11 M
b11 +
b11 0
b11 <
b11 L
#2947001
b1011 !"
#2948000
b1100 $
b1100 4
b1100 8
0#
0b
0k
b1100 2
b1100 9
b1100 Z
1t
0V
0U
b1101 3
b1101 :
b1101 S
0T
0_
0`
1a
0h
0i
1j
1q
1r
0s
0]
0f
1o
b100 5
b100 D
b100 F
b100 R
b100 X
b100 B
b100 G
b100 M
b100 +
b100 0
b100 <
b100 L
#2948001
b1100 !"
#2949000
b1101 $
b1101 4
b1101 8
b1101 2
b1101 9
b1101 Z
1b
b1110 3
b1110 :
b1110 S
1V
1_
1`
0a
1]
b101 5
b101 D
b101 F
b101 R
b101 X
b101 B
b101 G
b101 M
b101 +
b101 0
b101 <
b101 L
#2949001
b1101 !"
#2950000
0#
b1110 $
b1110 4
b1110 8
0T
0b
b1110 2
b1110 9
b1110 Z
1k
0V
b1111 3
b1111 :
b1111 S
0U
0_
0`
1a
1h
1i
0j
0]
1f
b110 5
b110 D
b110 F
b110 R
b110 X
b110 B
b110 G
b110 M
b110 +
b110 0
b110 <
b110 L
#2950001
b1110 !"
#2951000
1#
1T
b1111 $
b1111 4
b1111 8
1U
b1111 2
b1111 9
b1111 Z
1b
b0 3
b0 :
b0 S
1V
1_
1`
0a
1]
b111 5
b111 D
b111 F
b111 R
b111 X
b111 B
b111 G
b111 M
b111 +
b111 0
b111 <
b111 L
#2951001
b1111 !"
#2952000
b1000 $
b1000 4
b1000 8
0b
0k
b1000 2
b1000 9
b1000 Z
0t
0V
0U
0T
b1 3
b1 :
b1 S
0_
0`
1a
0h
0i
1j
0q
0r
1s
1y
0{
0|
0]
0f
0o
1x
b1000 5
b1000 D
b1000 F
b1000 R
b1000 X
b1000 B
b1000 G
b1000 M
b1000 +
b1000 0
b1000 <
b1000 L
#2952001
b1000 !"
#2953000
b1001 $
b1001 4
b1001 8
b1001 2
b1001 9
b1001 Z
1b
b10 3
b10 :
b10 S
1V
1_
1`
0a
1]
b1001 5
b1001 D
b1001 F
b1001 R
b1001 X
b1001 B
b1001 G
b1001 M
b1001 +
b1001 0
b1001 <
b1001 L
#2953001
b1001 !"
#2954000
b1010 $
b1010 4
b1010 8
0b
b1010 2
b1010 9
b1010 Z
1k
0V
b11 3
b11 :
b11 S
0U
0_
0`
1a
1h
1i
0j
0]
1f
b1010 5
b1010 D
b1010 F
b1010 R
b1010 X
b1010 B
b1010 G
b1010 M
b1010 +
b1010 0
b1010 <
b1010 L
#2954001
b1010 !"
#2955000
b1011 $
b1011 4
b1011 8
1U
b1011 2
b1011 9
b1011 Z
1b
b100 3
b100 :
b100 S
1V
1_
1`
0a
1]
b1011 5
b1011 D
b1011 F
b1011 R
b1011 X
b1011 B
b1011 G
b1011 M
b1011 +
b1011 0
b1011 <
b1011 L
#2955001
b1011 !"
#2956000
b1100 $
b1100 4
b1100 8
0b
0k
b1100 2
b1100 9
b1100 Z
1t
0V
0U
b101 3
b101 :
b101 S
0T
0_
0`
1a
0h
0i
1j
1q
1r
0s
0]
0f
1o
b1100 5
b1100 D
b1100 F
b1100 R
b1100 X
b1100 B
b1100 G
b1100 M
b1100 +
b1100 0
b1100 <
b1100 L
#2956001
b1100 !"
#2957000
b1101 $
b1101 4
b1101 8
b1101 2
b1101 9
b1101 Z
1b
b110 3
b110 :
b110 S
1V
1_
1`
0a
1]
b1101 5
b1101 D
b1101 F
b1101 R
b1101 X
b1101 B
b1101 G
b1101 M
b1101 +
b1101 0
b1101 <
b1101 L
#2957001
b1101 !"
#2958000
b1110 $
b1110 4
b1110 8
0T
0b
b1110 2
b1110 9
b1110 Z
1k
0V
b111 3
b111 :
b111 S
0U
0_
0`
1a
1h
1i
0j
0]
1f
b1110 5
b1110 D
b1110 F
b1110 R
b1110 X
b1110 B
b1110 G
b1110 M
b1110 +
b1110 0
b1110 <
b1110 L
#2958001
b1110 !"
#2959000
1T
b1111 $
b1111 4
b1111 8
1U
b1111 2
b1111 9
b1111 Z
1b
b1000 3
b1000 :
b1000 S
1V
1_
1`
0a
1]
b1111 5
b1111 D
b1111 F
b1111 R
b1111 X
b1111 B
b1111 G
b1111 M
b1111 +
b1111 0
b1111 <
b1111 L
#2959001
b1111 !"
#2960000
b1001 $
b1001 4
b1001 8
0#
0k
b1001 2
b1001 9
b1001 Z
0t
0U
0T
b1010 3
b1010 :
b1010 S
1a
0h
0i
1j
0q
0r
1s
0y
1{
1|
0]
0f
0o
0x
1\
b0 5
b0 D
b0 F
b0 R
b0 X
b1001 6
b1001 E
b1001 P
b1001 Q
b1001 W
b0 B
b0 G
b0 M
b1001 *
b1001 /
b1001 ;
b1001 K
b1001 O
b0 +
b0 0
b0 <
b0 L
#2960001
b1001 !"
#2961000
b1011 3
b1011 :
b1011 S
1^
0`
0a
1]
b1 5
b1 D
b1 F
b1 R
b1 X
b1 B
b1 G
b1 M
b1 +
b1 0
b1 <
b1 L
#2962000
b1011 $
b1011 4
b1011 8
b1011 2
b1011 9
b1011 Z
1k
b1100 3
b1100 :
b1100 S
1U
0^
1`
1a
1h
1i
0j
0]
1f
b10 5
b10 D
b10 F
b10 R
b10 X
b10 B
b10 G
b10 M
b10 +
b10 0
b10 <
b10 L
#2962001
b1011 !"
#2963000
b1101 3
b1101 :
b1101 S
1^
0`
0a
1]
b11 5
b11 D
b11 F
b11 R
b11 X
b11 B
b11 G
b11 M
b11 +
b11 0
b11 <
b11 L
#2964000
b1101 $
b1101 4
b1101 8
0#
0k
b1101 2
b1101 9
b1101 Z
1t
0U
b1110 3
b1110 :
b1110 S
0T
0^
1`
1a
0h
0i
1j
1q
1r
0s
0]
0f
1o
b100 5
b100 D
b100 F
b100 R
b100 X
b100 B
b100 G
b100 M
b100 +
b100 0
b100 <
b100 L
#2964001
b1101 !"
#2965000
b1111 3
b1111 :
b1111 S
1^
0`
0a
1]
b101 5
b101 D
b101 F
b101 R
b101 X
b101 B
b101 G
b101 M
b101 +
b101 0
b101 <
b101 L
#2966000
1#
b1111 $
b1111 4
b1111 8
1T
b1111 2
b1111 9
b1111 Z
1k
b0 3
b0 :
b0 S
1U
0^
1`
1a
1h
1i
0j
0]
1f
b110 5
b110 D
b110 F
b110 R
b110 X
b110 B
b110 G
b110 M
b110 +
b110 0
b110 <
b110 L
#2966001
b1111 !"
#2967000
b1 3
b1 :
b1 S
1^
0`
0a
1]
b111 5
b111 D
b111 F
b111 R
b111 X
b111 B
b111 G
b111 M
b111 +
b111 0
b111 <
b111 L
#2968000
b1001 $
b1001 4
b1001 8
0k
b1001 2
b1001 9
b1001 Z
0t
0U
0T
b10 3
b10 :
b10 S
0^
1`
1a
0h
0i
1j
0q
0r
1s
1y
0{
0|
0]
0f
0o
1x
b1000 5
b1000 D
b1000 F
b1000 R
b1000 X
b1000 B
b1000 G
b1000 M
b1000 +
b1000 0
b1000 <
b1000 L
#2968001
b1001 !"
#2969000
b11 3
b11 :
b11 S
1^
0`
0a
1]
b1001 5
b1001 D
b1001 F
b1001 R
b1001 X
b1001 B
b1001 G
b1001 M
b1001 +
b1001 0
b1001 <
b1001 L
#2970000
b1011 $
b1011 4
b1011 8
b1011 2
b1011 9
b1011 Z
1k
b100 3
b100 :
b100 S
1U
0^
1`
1a
1h
1i
0j
0]
1f
b1010 5
b1010 D
b1010 F
b1010 R
b1010 X
b1010 B
b1010 G
b1010 M
b1010 +
b1010 0
b1010 <
b1010 L
#2970001
b1011 !"
#2971000
b101 3
b101 :
b101 S
1^
0`
0a
1]
b1011 5
b1011 D
b1011 F
b1011 R
b1011 X
b1011 B
b1011 G
b1011 M
b1011 +
b1011 0
b1011 <
b1011 L
#2972000
b1101 $
b1101 4
b1101 8
0k
b1101 2
b1101 9
b1101 Z
1t
0U
b110 3
b110 :
b110 S
0T
0^
1`
1a
0h
0i
1j
1q
1r
0s
0]
0f
1o
b1100 5
b1100 D
b1100 F
b1100 R
b1100 X
b1100 B
b1100 G
b1100 M
b1100 +
b1100 0
b1100 <
b1100 L
#2972001
b1101 !"
#2973000
b111 3
b111 :
b111 S
1^
0`
0a
1]
b1101 5
b1101 D
b1101 F
b1101 R
b1101 X
b1101 B
b1101 G
b1101 M
b1101 +
b1101 0
b1101 <
b1101 L
#2974000
b1111 $
b1111 4
b1111 8
1T
b1111 2
b1111 9
b1111 Z
1k
b1000 3
b1000 :
b1000 S
1U
0^
1`
1a
1h
1i
0j
0]
1f
b1110 5
b1110 D
b1110 F
b1110 R
b1110 X
b1110 B
b1110 G
b1110 M
b1110 +
b1110 0
b1110 <
b1110 L
#2974001
b1111 !"
#2975000
b1001 3
b1001 :
b1001 S
1^
0`
0a
1]
b1111 5
b1111 D
b1111 F
b1111 R
b1111 X
b1111 B
b1111 G
b1111 M
b1111 +
b1111 0
b1111 <
b1111 L
#2976000
b1010 $
b1010 4
b1010 8
0U
0#
0t
b1010 2
b1010 9
b1010 Z
0b
0V
0T
b1011 3
b1011 :
b1011 S
1a
1j
0q
0r
1s
0y
1{
1|
0^
0_
0]
0f
0o
0x
0\
1e
b0 5
b0 D
b0 F
b0 R
b0 X
b1010 6
b1010 E
b1010 P
b1010 Q
b1010 W
b0 B
b0 G
b0 M
b1010 *
b1010 /
b1010 ;
b1010 K
b1010 O
b0 +
b0 0
b0 <
b0 L
#2976001
b1010 !"
#2977000
b1011 $
b1011 4
b1011 8
1U
b1011 2
b1011 9
b1011 Z
1b
b1100 3
b1100 :
b1100 S
1V
1_
1`
0a
1]
b1 5
b1 D
b1 F
b1 R
b1 X
b1 B
b1 G
b1 M
b1 +
b1 0
b1 <
b1 L
#2977001
b1011 !"
#2978000
b1010 $
b1010 4
b1010 8
b1010 2
b1010 9
b1010 Z
0b
0V
b1101 3
b1101 :
b1101 S
0_
0`
1a
1g
0i
0j
0]
1f
b10 5
b10 D
b10 F
b10 R
b10 X
b10 B
b10 G
b10 M
b10 +
b10 0
b10 <
b10 L
#2978001
b1010 !"
#2979000
b1011 $
b1011 4
b1011 8
b1011 2
b1011 9
b1011 Z
1b
b1110 3
b1110 :
b1110 S
1V
1_
1`
0a
1]
b11 5
b11 D
b11 F
b11 R
b11 X
b11 B
b11 G
b11 M
b11 +
b11 0
b11 <
b11 L
#2979001
b1011 !"
#2980000
b1110 $
b1110 4
b1110 8
0U
0#
0b
b1110 2
b1110 9
b1110 Z
1t
0V
b1111 3
b1111 :
b1111 S
0T
0_
0`
1a
0g
1i
1j
1q
1r
0s
0]
0f
1o
b100 5
b100 D
b100 F
b100 R
b100 X
b100 B
b100 G
b100 M
b100 +
b100 0
b100 <
b100 L
#2980001
b1110 !"
#2981000
1#
1T
b1111 $
b1111 4
b1111 8
1U
b1111 2
b1111 9
b1111 Z
1b
b0 3
b0 :
b0 S
1V
1_
1`
0a
1]
b101 5
b101 D
b101 F
b101 R
b101 X
b101 B
b101 G
b101 M
b101 +
b101 0
b101 <
b101 L
#2981001
b1111 !"
#2982000
b1110 $
b1110 4
b1110 8
b1110 2
b1110 9
b1110 Z
0b
0V
b1 3
b1 :
b1 S
0_
0`
1a
1g
0i
0j
0]
1f
b110 5
b110 D
b110 F
b110 R
b110 X
b110 B
b110 G
b110 M
b110 +
b110 0
b110 <
b110 L
#2982001
b1110 !"
#2983000
b1111 $
b1111 4
b1111 8
b1111 2
b1111 9
b1111 Z
1b
b10 3
b10 :
b10 S
1V
1_
1`
0a
1]
b111 5
b111 D
b111 F
b111 R
b111 X
b111 B
b111 G
b111 M
b111 +
b111 0
b111 <
b111 L
#2983001
b1111 !"
#2984000
b1010 $
b1010 4
b1010 8
0U
0b
b1010 2
b1010 9
b1010 Z
0t
0V
0T
b11 3
b11 :
b11 S
0_
0`
1a
0g
1i
1j
0q
0r
1s
1y
0{
0|
0]
0f
0o
1x
b1000 5
b1000 D
b1000 F
b1000 R
b1000 X
b1000 B
b1000 G
b1000 M
b1000 +
b1000 0
b1000 <
b1000 L
#2984001
b1010 !"
#2985000
b1011 $
b1011 4
b1011 8
1U
b1011 2
b1011 9
b1011 Z
1b
b100 3
b100 :
b100 S
1V
1_
1`
0a
1]
b1001 5
b1001 D
b1001 F
b1001 R
b1001 X
b1001 B
b1001 G
b1001 M
b1001 +
b1001 0
b1001 <
b1001 L
#2985001
b1011 !"
#2986000
b1010 $
b1010 4
b1010 8
b1010 2
b1010 9
b1010 Z
0b
0V
b101 3
b101 :
b101 S
0_
0`
1a
1g
0i
0j
0]
1f
b1010 5
b1010 D
b1010 F
b1010 R
b1010 X
b1010 B
b1010 G
b1010 M
b1010 +
b1010 0
b1010 <
b1010 L
#2986001
b1010 !"
#2987000
b1011 $
b1011 4
b1011 8
b1011 2
b1011 9
b1011 Z
1b
b110 3
b110 :
b110 S
1V
1_
1`
0a
1]
b1011 5
b1011 D
b1011 F
b1011 R
b1011 X
b1011 B
b1011 G
b1011 M
b1011 +
b1011 0
b1011 <
b1011 L
#2987001
b1011 !"
#2988000
b1110 $
b1110 4
b1110 8
0U
0b
b1110 2
b1110 9
b1110 Z
1t
0V
b111 3
b111 :
b111 S
0T
0_
0`
1a
0g
1i
1j
1q
1r
0s
0]
0f
1o
b1100 5
b1100 D
b1100 F
b1100 R
b1100 X
b1100 B
b1100 G
b1100 M
b1100 +
b1100 0
b1100 <
b1100 L
#2988001
b1110 !"
#2989000
1T
b1111 $
b1111 4
b1111 8
1U
b1111 2
b1111 9
b1111 Z
1b
b1000 3
b1000 :
b1000 S
1V
1_
1`
0a
1]
b1101 5
b1101 D
b1101 F
b1101 R
b1101 X
b1101 B
b1101 G
b1101 M
b1101 +
b1101 0
b1101 <
b1101 L
#2989001
b1111 !"
#2990000
b1110 $
b1110 4
b1110 8
b1110 2
b1110 9
b1110 Z
0b
0V
b1001 3
b1001 :
b1001 S
0_
0`
1a
1g
0i
0j
0]
1f
b1110 5
b1110 D
b1110 F
b1110 R
b1110 X
b1110 B
b1110 G
b1110 M
b1110 +
b1110 0
b1110 <
b1110 L
#2990001
b1110 !"
#2991000
b1111 $
b1111 4
b1111 8
b1111 2
b1111 9
b1111 Z
1b
b1010 3
b1010 :
b1010 S
1V
1_
1`
0a
1]
b1111 5
b1111 D
b1111 F
b1111 R
b1111 X
b1111 B
b1111 G
b1111 M
b1111 +
b1111 0
b1111 <
b1111 L
#2991001
b1111 !"
#2992000
b1011 $
b1011 4
b1011 8
0#
b1011 2
b1011 9
b1011 Z
0t
0T
b1100 3
b1100 :
b1100 S
1a
0g
1i
1j
0q
0r
1s
0y
1{
1|
0]
0f
0o
0x
1\
b0 5
b0 D
b0 F
b0 R
b0 X
b1011 6
b1011 E
b1011 P
b1011 Q
b1011 W
b0 B
b0 G
b0 M
b1011 *
b1011 /
b1011 ;
b1011 K
b1011 O
b0 +
b0 0
b0 <
b0 L
#2992001
b1011 !"
#2993000
b1101 3
b1101 :
b1101 S
1^
0`
0a
1]
b1 5
b1 D
b1 F
b1 R
b1 X
b1 B
b1 G
b1 M
b1 +
b1 0
b1 <
b1 L
#2994000
b1110 3
b1110 :
b1110 S
0^
1`
1a
1g
0i
0j
0]
1f
b10 5
b10 D
b10 F
b10 R
b10 X
b10 B
b10 G
b10 M
b10 +
b10 0
b10 <
b10 L
#2995000
b1111 3
b1111 :
b1111 S
1^
0`
0a
1]
b11 5
b11 D
b11 F
b11 R
b11 X
b11 B
b11 G
b11 M
b11 +
b11 0
b11 <
b11 L
#2996000
b1111 $
b1111 4
b1111 8
1#
b1111 2
b1111 9
b1111 Z
1t
b0 3
b0 :
b0 S
1T
0^
1`
1a
0g
1i
1j
1q
1r
0s
0]
0f
1o
b100 5
b100 D
b100 F
b100 R
b100 X
b100 B
b100 G
b100 M
b100 +
b100 0
b100 <
b100 L
#2996001
b1111 !"
#2997000
b1 3
b1 :
b1 S
1^
0`
0a
1]
b101 5
b101 D
b101 F
b101 R
b101 X
b101 B
b101 G
b101 M
b101 +
b101 0
b101 <
b101 L
#2998000
b10 3
b10 :
b10 S
0^
1`
1a
1g
0i
0j
0]
1f
b110 5
b110 D
b110 F
b110 R
b110 X
b110 B
b110 G
b110 M
b110 +
b110 0
b110 <
b110 L
#2999000
b11 3
b11 :
b11 S
1^
0`
0a
1]
b111 5
b111 D
b111 F
b111 R
b111 X
b111 B
b111 G
b111 M
b111 +
b111 0
b111 <
b111 L
#3000000
b1011 $
b1011 4
b1011 8
b1011 2
b1011 9
b1011 Z
0t
0T
b100 3
b100 :
b100 S
0^
1`
1a
0g
1i
1j
0q
0r
1s
1y
0{
0|
0]
0f
0o
1x
b1000 5
b1000 D
b1000 F
b1000 R
b1000 X
b1000 B
b1000 G
b1000 M
b1000 +
b1000 0
b1000 <
b1000 L
#3000001
b1011 !"
#3001000
b101 3
b101 :
b101 S
1^
0`
0a
1]
b1001 5
b1001 D
b1001 F
b1001 R
b1001 X
b1001 B
b1001 G
b1001 M
b1001 +
b1001 0
b1001 <
b1001 L
#3002000
b110 3
b110 :
b110 S
0^
1`
1a
1g
0i
0j
0]
1f
b1010 5
b1010 D
b1010 F
b1010 R
b1010 X
b1010 B
b1010 G
b1010 M
b1010 +
b1010 0
b1010 <
b1010 L
#3003000
b111 3
b111 :
b111 S
1^
0`
0a
1]
b1011 5
b1011 D
b1011 F
b1011 R
b1011 X
b1011 B
b1011 G
b1011 M
b1011 +
b1011 0
b1011 <
b1011 L
#3004000
b1111 $
b1111 4
b1111 8
b1111 2
b1111 9
b1111 Z
1t
b1000 3
b1000 :
b1000 S
1T
0^
1`
1a
0g
1i
1j
1q
1r
0s
0]
0f
1o
b1100 5
b1100 D
b1100 F
b1100 R
b1100 X
b1100 B
b1100 G
b1100 M
b1100 +
b1100 0
b1100 <
b1100 L
#3004001
b1111 !"
#3005000
b1001 3
b1001 :
b1001 S
1^
0`
0a
1]
b1101 5
b1101 D
b1101 F
b1101 R
b1101 X
b1101 B
b1101 G
b1101 M
b1101 +
b1101 0
b1101 <
b1101 L
#3006000
b1010 3
b1010 :
b1010 S
0^
1`
1a
1g
0i
0j
0]
1f
b1110 5
b1110 D
b1110 F
b1110 R
b1110 X
b1110 B
b1110 G
b1110 M
b1110 +
b1110 0
b1110 <
b1110 L
#3007000
b1011 3
b1011 :
b1011 S
1^
0`
0a
1]
b1111 5
b1111 D
b1111 F
b1111 R
b1111 X
b1111 B
b1111 G
b1111 M
b1111 +
b1111 0
b1111 <
b1111 L
#3008000
0#
b1100 $
b1100 4
b1100 8
0T
0b
b1100 2
b1100 9
b1100 Z
0k
0V
0U
b1101 3
b1101 :
b1101 S
1a
1j
1s
0y
1{
1|
0^
0_
0g
0h
0]
0f
0o
0x
0\
0e
1n
b0 5
b0 D
b0 F
b0 R
b0 X
b1100 6
b1100 E
b1100 P
b1100 Q
b1100 W
b0 B
b0 G
b0 M
b1100 *
b1100 /
b1100 ;
b1100 K
b1100 O
b0 +
b0 0
b0 <
b0 L
#3008001
b1100 !"
#3009000
b1101 $
b1101 4
b1101 8
b1101 2
b1101 9
b1101 Z
1b
b1110 3
b1110 :
b1110 S
1V
1_
1`
0a
1]
b1 5
b1 D
b1 F
b1 R
b1 X
b1 B
b1 G
b1 M
b1 +
b1 0
b1 <
b1 L
#3009001
b1101 !"
#3010000
0#
b1110 $
b1110 4
b1110 8
0T
0b
b1110 2
b1110 9
b1110 Z
1k
0V
b1111 3
b1111 :
b1111 S
0U
0_
0`
1a
1h
1i
0j
0]
1f
b10 5
b10 D
b10 F
b10 R
b10 X
b10 B
b10 G
b10 M
b10 +
b10 0
b10 <
b10 L
#3010001
b1110 !"
#3011000
1#
1T
b1111 $
b1111 4
b1111 8
1U
b1111 2
b1111 9
b1111 Z
1b
b0 3
b0 :
b0 S
1V
1_
1`
0a
1]
b11 5
b11 D
b11 F
b11 R
b11 X
b11 B
b11 G
b11 M
b11 +
b11 0
b11 <
b11 L
#3011001
b1111 !"
#3012000
b1100 $
b1100 4
b1100 8
0b
b1100 2
b1100 9
b1100 Z
0k
0V
0U
b1 3
b1 :
b1 S
0_
0`
1a
0h
0i
1j
1p
0r
0s
0]
0f
1o
b100 5
b100 D
b100 F
b100 R
b100 X
b100 B
b100 G
b100 M
b100 +
b100 0
b100 <
b100 L
#3012001
b1100 !"
#3013000
b1101 $
b1101 4
b1101 8
b1101 2
b1101 9
b1101 Z
1b
b10 3
b10 :
b10 S
1V
1_
1`
0a
1]
b101 5
b101 D
b101 F
b101 R
b101 X
b101 B
b101 G
b101 M
b101 +
b101 0
b101 <
b101 L
#3013001
b1101 !"
#3014000
b1110 $
b1110 4
b1110 8
0b
b1110 2
b1110 9
b1110 Z
1k
0V
b11 3
b11 :
b11 S
0U
0_
0`
1a
1h
1i
0j
0]
1f
b110 5
b110 D
b110 F
b110 R
b110 X
b110 B
b110 G
b110 M
b110 +
b110 0
b110 <
b110 L
#3014001
b1110 !"
#3015000
b1111 $
b1111 4
b1111 8
1U
b1111 2
b1111 9
b1111 Z
1b
b100 3
b100 :
b100 S
1V
1_
1`
0a
1]
b111 5
b111 D
b111 F
b111 R
b111 X
b111 B
b111 G
b111 M
b111 +
b111 0
b111 <
b111 L
#3015001
b1111 !"
#3016000
b1100 $
b1100 4
b1100 8
0T
0b
b1100 2
b1100 9
b1100 Z
0k
0V
0U
b101 3
b101 :
b101 S
0_
0`
1a
0h
0i
1j
0p
1r
1s
1y
0{
0|
0]
0f
0o
1x
b1000 5
b1000 D
b1000 F
b1000 R
b1000 X
b1000 B
b1000 G
b1000 M
b1000 +
b1000 0
b1000 <
b1000 L
#3016001
b1100 !"
#3017000
b1101 $
b1101 4
b1101 8
b1101 2
b1101 9
b1101 Z
1b
b110 3
b110 :
b110 S
1V
1_
1`
0a
1]
b1001 5
b1001 D
b1001 F
b1001 R
b1001 X
b1001 B
b1001 G
b1001 M
b1001 +
b1001 0
b1001 <
b1001 L
#3017001
b1101 !"
#3018000
b1110 $
b1110 4
b1110 8
0T
0b
b1110 2
b1110 9
b1110 Z
1k
0V
b111 3
b111 :
b111 S
0U
0_
0`
1a
1h
1i
0j
0]
1f
b1010 5
b1010 D
b1010 F
b1010 R
b1010 X
b1010 B
b1010 G
b1010 M
b1010 +
b1010 0
b1010 <
b1010 L
#3018001
b1110 !"
#3019000
1T
b1111 $
b1111 4
b1111 8
1U
b1111 2
b1111 9
b1111 Z
1b
b1000 3
b1000 :
b1000 S
1V
1_
1`
0a
1]
b1011 5
b1011 D
b1011 F
b1011 R
b1011 X
b1011 B
b1011 G
b1011 M
b1011 +
b1011 0
b1011 <
b1011 L
#3019001
b1111 !"
#3020000
b1100 $
b1100 4
b1100 8
0b
b1100 2
b1100 9
b1100 Z
0k
0V
0U
b1001 3
b1001 :
b1001 S
0_
0`
1a
0h
0i
1j
1p
0r
0s
0]
0f
1o
b1100 5
b1100 D
b1100 F
b1100 R
b1100 X
b1100 B
b1100 G
b1100 M
b1100 +
b1100 0
b1100 <
b1100 L
#3020001
b1100 !"
#3021000
b1101 $
b1101 4
b1101 8
b1101 2
b1101 9
b1101 Z
1b
b1010 3
b1010 :
b1010 S
1V
1_
1`
0a
1]
b1101 5
b1101 D
b1101 F
b1101 R
b1101 X
b1101 B
b1101 G
b1101 M
b1101 +
b1101 0
b1101 <
b1101 L
#3021001
b1101 !"
#3022000
b1110 $
b1110 4
b1110 8
0b
b1110 2
b1110 9
b1110 Z
1k
0V
b1011 3
b1011 :
b1011 S
0U
0_
0`
1a
1h
1i
0j
0]
1f
b1110 5
b1110 D
b1110 F
b1110 R
b1110 X
b1110 B
b1110 G
b1110 M
b1110 +
b1110 0
b1110 <
b1110 L
#3022001
b1110 !"
#3023000
b1111 $
b1111 4
b1111 8
1U
b1111 2
b1111 9
b1111 Z
1b
b1100 3
b1100 :
b1100 S
1V
1_
1`
0a
1]
b1111 5
b1111 D
b1111 F
b1111 R
b1111 X
b1111 B
b1111 G
b1111 M
b1111 +
b1111 0
b1111 <
b1111 L
#3023001
b1111 !"
#3024000
0#
b1101 $
b1101 4
b1101 8
0T
b1101 2
b1101 9
b1101 Z
0k
0U
b1110 3
b1110 :
b1110 S
1a
0h
0i
1j
0p
1r
1s
0y
1{
1|
0]
0f
0o
0x
1\
b0 5
b0 D
b0 F
b0 R
b0 X
b1101 6
b1101 E
b1101 P
b1101 Q
b1101 W
b0 B
b0 G
b0 M
b1101 *
b1101 /
b1101 ;
b1101 K
b1101 O
b0 +
b0 0
b0 <
b0 L
#3024001
b1101 !"
#3025000
b1111 3
b1111 :
b1111 S
1^
0`
0a
1]
b1 5
b1 D
b1 F
b1 R
b1 X
b1 B
b1 G
b1 M
b1 +
b1 0
b1 <
b1 L
#3026000
1#
b1111 $
b1111 4
b1111 8
1T
b1111 2
b1111 9
b1111 Z
1k
b0 3
b0 :
b0 S
1U
0^
1`
1a
1h
1i
0j
0]
1f
b10 5
b10 D
b10 F
b10 R
b10 X
b10 B
b10 G
b10 M
b10 +
b10 0
b10 <
b10 L
#3026001
b1111 !"
#3027000
b1 3
b1 :
b1 S
1^
0`
0a
1]
b11 5
b11 D
b11 F
b11 R
b11 X
b11 B
b11 G
b11 M
b11 +
b11 0
b11 <
b11 L
#3028000
b1101 $
b1101 4
b1101 8
b1101 2
b1101 9
b1101 Z
0k
0U
b10 3
b10 :
b10 S
0^
1`
1a
0h
0i
1j
1p
0r
0s
0]
0f
1o
b100 5
b100 D
b100 F
b100 R
b100 X
b100 B
b100 G
b100 M
b100 +
b100 0
b100 <
b100 L
#3028001
b1101 !"
#3029000
b11 3
b11 :
b11 S
1^
0`
0a
1]
b101 5
b101 D
b101 F
b101 R
b101 X
b101 B
b101 G
b101 M
b101 +
b101 0
b101 <
b101 L
#3030000
b1111 $
b1111 4
b1111 8
b1111 2
b1111 9
b1111 Z
1k
b100 3
b100 :
b100 S
1U
0^
1`
1a
1h
1i
0j
0]
1f
b110 5
b110 D
b110 F
b110 R
b110 X
b110 B
b110 G
b110 M
b110 +
b110 0
b110 <
b110 L
#3030001
b1111 !"
#3031000
b101 3
b101 :
b101 S
1^
0`
0a
1]
b111 5
b111 D
b111 F
b111 R
b111 X
b111 B
b111 G
b111 M
b111 +
b111 0
b111 <
b111 L
#3032000
b1101 $
b1101 4
b1101 8
0T
b1101 2
b1101 9
b1101 Z
0k
0U
b110 3
b110 :
b110 S
0^
1`
1a
0h
0i
1j
0p
1r
1s
1y
0{
0|
0]
0f
0o
1x
b1000 5
b1000 D
b1000 F
b1000 R
b1000 X
b1000 B
b1000 G
b1000 M
b1000 +
b1000 0
b1000 <
b1000 L
#3032001
b1101 !"
#3033000
b111 3
b111 :
b111 S
1^
0`
0a
1]
b1001 5
b1001 D
b1001 F
b1001 R
b1001 X
b1001 B
b1001 G
b1001 M
b1001 +
b1001 0
b1001 <
b1001 L
#3034000
b1111 $
b1111 4
b1111 8
1T
b1111 2
b1111 9
b1111 Z
1k
b1000 3
b1000 :
b1000 S
1U
0^
1`
1a
1h
1i
0j
0]
1f
b1010 5
b1010 D
b1010 F
b1010 R
b1010 X
b1010 B
b1010 G
b1010 M
b1010 +
b1010 0
b1010 <
b1010 L
#3034001
b1111 !"
#3035000
b1001 3
b1001 :
b1001 S
1^
0`
0a
1]
b1011 5
b1011 D
b1011 F
b1011 R
b1011 X
b1011 B
b1011 G
b1011 M
b1011 +
b1011 0
b1011 <
b1011 L
#3036000
b1101 $
b1101 4
b1101 8
b1101 2
b1101 9
b1101 Z
0k
0U
b1010 3
b1010 :
b1010 S
0^
1`
1a
0h
0i
1j
1p
0r
0s
0]
0f
1o
b1100 5
b1100 D
b1100 F
b1100 R
b1100 X
b1100 B
b1100 G
b1100 M
b1100 +
b1100 0
b1100 <
b1100 L
#3036001
b1101 !"
#3037000
b1011 3
b1011 :
b1011 S
1^
0`
0a
1]
b1101 5
b1101 D
b1101 F
b1101 R
b1101 X
b1101 B
b1101 G
b1101 M
b1101 +
b1101 0
b1101 <
b1101 L
#3038000
b1111 $
b1111 4
b1111 8
b1111 2
b1111 9
b1111 Z
1k
b1100 3
b1100 :
b1100 S
1U
0^
1`
1a
1h
1i
0j
0]
1f
b1110 5
b1110 D
b1110 F
b1110 R
b1110 X
b1110 B
b1110 G
b1110 M
b1110 +
b1110 0
b1110 <
b1110 L
#3038001
b1111 !"
#3039000
b1101 3
b1101 :
b1101 S
1^
0`
0a
1]
b1111 5
b1111 D
b1111 F
b1111 R
b1111 X
b1111 B
b1111 G
b1111 M
b1111 +
b1111 0
b1111 <
b1111 L
#3040000
0#
0T
b1110 $
b1110 4
b1110 8
0U
b1110 2
b1110 9
b1110 Z
0b
0V
b1111 3
b1111 :
b1111 S
1a
1j
0p
1r
1s
0y
1{
1|
0^
0_
0]
0f
0o
0x
0\
1e
b0 5
b0 D
b0 F
b0 R
b0 X
b1110 6
b1110 E
b1110 P
b1110 Q
b1110 W
b0 B
b0 G
b0 M
b1110 *
b1110 /
b1110 ;
b1110 K
b1110 O
b0 +
b0 0
b0 <
b0 L
#3040001
b1110 !"
#3041000
1#
1T
b1111 $
b1111 4
b1111 8
1U
b1111 2
b1111 9
b1111 Z
1b
b0 3
b0 :
b0 S
1V
1_
1`
0a
1]
b1 5
b1 D
b1 F
b1 R
b1 X
b1 B
b1 G
b1 M
b1 +
b1 0
b1 <
b1 L
#3041001
b1111 !"
#3042000
b1110 $
b1110 4
b1110 8
b1110 2
b1110 9
b1110 Z
0b
0V
b1 3
b1 :
b1 S
0_
0`
1a
1g
0i
0j
0]
1f
b10 5
b10 D
b10 F
b10 R
b10 X
b10 B
b10 G
b10 M
b10 +
b10 0
b10 <
b10 L
#3042001
b1110 !"
#3043000
b1111 $
b1111 4
b1111 8
b1111 2
b1111 9
b1111 Z
1b
b10 3
b10 :
b10 S
1V
1_
1`
0a
1]
b11 5
b11 D
b11 F
b11 R
b11 X
b11 B
b11 G
b11 M
b11 +
b11 0
b11 <
b11 L
#3043001
b1111 !"
#3044000
b1110 $
b1110 4
b1110 8
0U
b1110 2
b1110 9
b1110 Z
0b
0V
b11 3
b11 :
b11 S
0_
0`
1a
0g
1i
1j
1p
0r
0s
0]
0f
1o
b100 5
b100 D
b100 F
b100 R
b100 X
b100 B
b100 G
b100 M
b100 +
b100 0
b100 <
b100 L
#3044001
b1110 !"
#3045000
b1111 $
b1111 4
b1111 8
1U
b1111 2
b1111 9
b1111 Z
1b
b100 3
b100 :
b100 S
1V
1_
1`
0a
1]
b101 5
b101 D
b101 F
b101 R
b101 X
b101 B
b101 G
b101 M
b101 +
b101 0
b101 <
b101 L
#3045001
b1111 !"
#3046000
b1110 $
b1110 4
b1110 8
b1110 2
b1110 9
b1110 Z
0b
0V
b101 3
b101 :
b101 S
0_
0`
1a
1g
0i
0j
0]
1f
b110 5
b110 D
b110 F
b110 R
b110 X
b110 B
b110 G
b110 M
b110 +
b110 0
b110 <
b110 L
#3046001
b1110 !"
#3047000
b1111 $
b1111 4
b1111 8
b1111 2
b1111 9
b1111 Z
1b
b110 3
b110 :
b110 S
1V
1_
1`
0a
1]
b111 5
b111 D
b111 F
b111 R
b111 X
b111 B
b111 G
b111 M
b111 +
b111 0
b111 <
b111 L
#3047001
b1111 !"
#3048000
0T
b1110 $
b1110 4
b1110 8
0U
b1110 2
b1110 9
b1110 Z
0b
0V
b111 3
b111 :
b111 S
0_
0`
1a
0g
1i
1j
0p
1r
1s
1y
0{
0|
0]
0f
0o
1x
b1000 5
b1000 D
b1000 F
b1000 R
b1000 X
b1000 B
b1000 G
b1000 M
b1000 +
b1000 0
b1000 <
b1000 L
#3048001
b1110 !"
#3049000
1T
b1111 $
b1111 4
b1111 8
1U
b1111 2
b1111 9
b1111 Z
1b
b1000 3
b1000 :
b1000 S
1V
1_
1`
0a
1]
b1001 5
b1001 D
b1001 F
b1001 R
b1001 X
b1001 B
b1001 G
b1001 M
b1001 +
b1001 0
b1001 <
b1001 L
#3049001
b1111 !"
#3050000
b1110 $
b1110 4
b1110 8
b1110 2
b1110 9
b1110 Z
0b
0V
b1001 3
b1001 :
b1001 S
0_
0`
1a
1g
0i
0j
0]
1f
b1010 5
b1010 D
b1010 F
b1010 R
b1010 X
b1010 B
b1010 G
b1010 M
b1010 +
b1010 0
b1010 <
b1010 L
#3050001
b1110 !"
#3051000
b1111 $
b1111 4
b1111 8
b1111 2
b1111 9
b1111 Z
1b
b1010 3
b1010 :
b1010 S
1V
1_
1`
0a
1]
b1011 5
b1011 D
b1011 F
b1011 R
b1011 X
b1011 B
b1011 G
b1011 M
b1011 +
b1011 0
b1011 <
b1011 L
#3051001
b1111 !"
#3052000
b1110 $
b1110 4
b1110 8
0U
b1110 2
b1110 9
b1110 Z
0b
0V
b1011 3
b1011 :
b1011 S
0_
0`
1a
0g
1i
1j
1p
0r
0s
0]
0f
1o
b1100 5
b1100 D
b1100 F
b1100 R
b1100 X
b1100 B
b1100 G
b1100 M
b1100 +
b1100 0
b1100 <
b1100 L
#3052001
b1110 !"
#3053000
b1111 $
b1111 4
b1111 8
1U
b1111 2
b1111 9
b1111 Z
1b
b1100 3
b1100 :
b1100 S
1V
1_
1`
0a
1]
b1101 5
b1101 D
b1101 F
b1101 R
b1101 X
b1101 B
b1101 G
b1101 M
b1101 +
b1101 0
b1101 <
b1101 L
#3053001
b1111 !"
#3054000
b1110 $
b1110 4
b1110 8
b1110 2
b1110 9
b1110 Z
0b
0V
b1101 3
b1101 :
b1101 S
0_
0`
1a
1g
0i
0j
0]
1f
b1110 5
b1110 D
b1110 F
b1110 R
b1110 X
b1110 B
b1110 G
b1110 M
b1110 +
b1110 0
b1110 <
b1110 L
#3054001
b1110 !"
#3055000
b1111 $
b1111 4
b1111 8
b1111 2
b1111 9
b1111 Z
1b
b1110 3
b1110 :
b1110 S
1V
1_
1`
0a
1]
b1111 5
b1111 D
b1111 F
b1111 R
b1111 X
b1111 B
b1111 G
b1111 M
b1111 +
b1111 0
b1111 <
b1111 L
#3055001
b1111 !"
#3056000
b0 3
b0 :
b0 S
1a
0g
1i
1j
0p
1r
1s
0y
1{
1|
0]
0f
0o
0x
1\
b0 5
b0 D
b0 F
b0 R
b0 X
b1111 6
b1111 E
b1111 P
b1111 Q
b1111 W
b0 B
b0 G
b0 M
b1111 *
b1111 /
b1111 ;
b1111 K
b1111 O
b0 +
b0 0
b0 <
b0 L
#3057000
b1 3
b1 :
b1 S
1^
0`
0a
1]
b1 5
b1 D
b1 F
b1 R
b1 X
b1 B
b1 G
b1 M
b1 +
b1 0
b1 <
b1 L
#3058000
b10 3
b10 :
b10 S
0^
1`
1a
1g
0i
0j
0]
1f
b10 5
b10 D
b10 F
b10 R
b10 X
b10 B
b10 G
b10 M
b10 +
b10 0
b10 <
b10 L
#3059000
b11 3
b11 :
b11 S
1^
0`
0a
1]
b11 5
b11 D
b11 F
b11 R
b11 X
b11 B
b11 G
b11 M
b11 +
b11 0
b11 <
b11 L
#3060000
b100 3
b100 :
b100 S
0^
1`
1a
0g
1i
1j
1p
0r
0s
0]
0f
1o
b100 5
b100 D
b100 F
b100 R
b100 X
b100 B
b100 G
b100 M
b100 +
b100 0
b100 <
b100 L
#3061000
b101 3
b101 :
b101 S
1^
0`
0a
1]
b101 5
b101 D
b101 F
b101 R
b101 X
b101 B
b101 G
b101 M
b101 +
b101 0
b101 <
b101 L
#3062000
b110 3
b110 :
b110 S
0^
1`
1a
1g
0i
0j
0]
1f
b110 5
b110 D
b110 F
b110 R
b110 X
b110 B
b110 G
b110 M
b110 +
b110 0
b110 <
b110 L
#3063000
b111 3
b111 :
b111 S
1^
0`
0a
1]
b111 5
b111 D
b111 F
b111 R
b111 X
b111 B
b111 G
b111 M
b111 +
b111 0
b111 <
b111 L
#3064000
b1000 3
b1000 :
b1000 S
0^
1`
1a
0g
1i
1j
0p
1r
1s
1y
0{
0|
0]
0f
0o
1x
b1000 5
b1000 D
b1000 F
b1000 R
b1000 X
b1000 B
b1000 G
b1000 M
b1000 +
b1000 0
b1000 <
b1000 L
#3065000
b1001 3
b1001 :
b1001 S
1^
0`
0a
1]
b1001 5
b1001 D
b1001 F
b1001 R
b1001 X
b1001 B
b1001 G
b1001 M
b1001 +
b1001 0
b1001 <
b1001 L
#3066000
b1010 3
b1010 :
b1010 S
0^
1`
1a
1g
0i
0j
0]
1f
b1010 5
b1010 D
b1010 F
b1010 R
b1010 X
b1010 B
b1010 G
b1010 M
b1010 +
b1010 0
b1010 <
b1010 L
#3067000
b1011 3
b1011 :
b1011 S
1^
0`
0a
1]
b1011 5
b1011 D
b1011 F
b1011 R
b1011 X
b1011 B
b1011 G
b1011 M
b1011 +
b1011 0
b1011 <
b1011 L
#3068000
b1100 3
b1100 :
b1100 S
0^
1`
1a
0g
1i
1j
1p
0r
0s
0]
0f
1o
b1100 5
b1100 D
b1100 F
b1100 R
b1100 X
b1100 B
b1100 G
b1100 M
b1100 +
b1100 0
b1100 <
b1100 L
#3069000
b1101 3
b1101 :
b1101 S
1^
0`
0a
1]
b1101 5
b1101 D
b1101 F
b1101 R
b1101 X
b1101 B
b1101 G
b1101 M
b1101 +
b1101 0
b1101 <
b1101 L
#3070000
b1110 3
b1110 :
b1110 S
0^
1`
1a
1g
0i
0j
0]
1f
b1110 5
b1110 D
b1110 F
b1110 R
b1110 X
b1110 B
b1110 G
b1110 M
b1110 +
b1110 0
b1110 <
b1110 L
#3071000
b1111 3
b1111 :
b1111 S
1^
0`
0a
1]
b1111 5
b1111 D
b1111 F
b1111 R
b1111 X
b1111 B
b1111 G
b1111 M
b1111 +
b1111 0
b1111 <
b1111 L
#3072000
0"
0U
0T
0#
1a
1j
1s
1|
1!
b0 $
b0 4
b0 8
0V
0^
0_
0g
0h
0p
0q
0y
0z
0]
0f
0o
0x
0b
0k
0t
b0 2
b0 9
b0 Z
0}
0\
0e
0n
0w
b0 5
b0 D
b0 F
b0 R
b0 X
b10 Y
b10 [
b10 c
b10 d
b10 l
b10 m
b10 u
b10 v
b10 ~
b0 3
b0 :
b0 S
b0 6
b0 E
b0 P
b0 Q
b0 W
b0 B
b0 G
b0 M
b110 ,
b110 1
b110 =
0-
b0 *
b0 /
b0 ;
b0 K
b0 O
b0 +
b0 0
b0 <
b0 L
#3072001
1$"
0#"
b0 !"
#3073000
0!
b1 $
b1 4
b1 8
b1 2
b1 9
b1 Z
1b
b1 3
b1 :
b1 S
1_
1`
0a
1]
b1 5
b1 D
b1 F
b1 R
b1 X
b1 B
b1 G
b1 M
b1 +
b1 0
b1 <
b1 L
#3073001
0$"
b1 !"
#3074000
b10 $
b10 4
b10 8
0b
b10 2
b10 9
b10 Z
1k
b10 3
b10 :
b10 S
0_
0`
1a
1h
1i
0j
0]
1f
b10 5
b10 D
b10 F
b10 R
b10 X
b10 B
b10 G
b10 M
b10 +
b10 0
b10 <
b10 L
#3074001
b10 !"
#3075000
b11 $
b11 4
b11 8
b11 2
b11 9
b11 Z
1b
b11 3
b11 :
b11 S
1_
1`
0a
1]
b11 5
b11 D
b11 F
b11 R
b11 X
b11 B
b11 G
b11 M
b11 +
b11 0
b11 <
b11 L
#3075001
b11 !"
#3076000
b100 $
b100 4
b100 8
0b
0k
b100 2
b100 9
b100 Z
1t
b100 3
b100 :
b100 S
0_
0`
1a
0h
0i
1j
1q
1r
0s
0]
0f
1o
b100 5
b100 D
b100 F
b100 R
b100 X
b100 B
b100 G
b100 M
b100 +
b100 0
b100 <
b100 L
#3076001
b100 !"
#3077000
b101 $
b101 4
b101 8
b101 2
b101 9
b101 Z
1b
b101 3
b101 :
b101 S
1_
1`
0a
1]
b101 5
b101 D
b101 F
b101 R
b101 X
b101 B
b101 G
b101 M
b101 +
b101 0
b101 <
b101 L
#3077001
b101 !"
#3078000
b110 $
b110 4
b110 8
0b
b110 2
b110 9
b110 Z
1k
b110 3
b110 :
b110 S
0_
0`
1a
1h
1i
0j
0]
1f
b110 5
b110 D
b110 F
b110 R
b110 X
b110 B
b110 G
b110 M
b110 +
b110 0
b110 <
b110 L
#3078001
b110 !"
#3079000
b111 $
b111 4
b111 8
b111 2
b111 9
b111 Z
1b
b111 3
b111 :
b111 S
1_
1`
0a
1]
b111 5
b111 D
b111 F
b111 R
b111 X
b111 B
b111 G
b111 M
b111 +
b111 0
b111 <
b111 L
#3079001
b111 !"
#3080000
1"
b1000 $
b1000 4
b1000 8
0b
0k
0t
b1000 2
b1000 9
b1000 Z
1}
b1000 3
b1000 :
b1000 S
0_
0`
1a
0h
0i
1j
0q
0r
1s
1z
1{
0|
0]
0f
0o
1x
b1000 5
b1000 D
b1000 F
b1000 R
b1000 X
b1000 B
b1000 G
b1000 M
b1000 +
b1000 0
b1000 <
b1000 L
#3080001
1#"
b1000 !"
#3081000
b1001 $
b1001 4
b1001 8
b1001 2
b1001 9
b1001 Z
1b
b1001 3
b1001 :
b1001 S
1_
1`
0a
1]
b1001 5
b1001 D
b1001 F
b1001 R
b1001 X
b1001 B
b1001 G
b1001 M
b1001 +
b1001 0
b1001 <
b1001 L
#3081001
b1001 !"
#3082000
b1010 $
b1010 4
b1010 8
0b
b1010 2
b1010 9
b1010 Z
1k
b1010 3
b1010 :
b1010 S
0_
0`
1a
1h
1i
0j
0]
1f
b1010 5
b1010 D
b1010 F
b1010 R
b1010 X
b1010 B
b1010 G
b1010 M
b1010 +
b1010 0
b1010 <
b1010 L
#3082001
b1010 !"
#3083000
b1011 $
b1011 4
b1011 8
b1011 2
b1011 9
b1011 Z
1b
b1011 3
b1011 :
b1011 S
1_
1`
0a
1]
b1011 5
b1011 D
b1011 F
b1011 R
b1011 X
b1011 B
b1011 G
b1011 M
b1011 +
b1011 0
b1011 <
b1011 L
#3083001
b1011 !"
#3084000
b1100 $
b1100 4
b1100 8
0b
0k
b1100 2
b1100 9
b1100 Z
1t
b1100 3
b1100 :
b1100 S
0_
0`
1a
0h
0i
1j
1q
1r
0s
0]
0f
1o
b1100 5
b1100 D
b1100 F
b1100 R
b1100 X
b1100 B
b1100 G
b1100 M
b1100 +
b1100 0
b1100 <
b1100 L
#3084001
b1100 !"
#3085000
b1101 $
b1101 4
b1101 8
b1101 2
b1101 9
b1101 Z
1b
b1101 3
b1101 :
b1101 S
1_
1`
0a
1]
b1101 5
b1101 D
b1101 F
b1101 R
b1101 X
b1101 B
b1101 G
b1101 M
b1101 +
b1101 0
b1101 <
b1101 L
#3085001
b1101 !"
#3086000
b1110 $
b1110 4
b1110 8
0b
b1110 2
b1110 9
b1110 Z
1k
b1110 3
b1110 :
b1110 S
0_
0`
1a
1h
1i
0j
0]
1f
b1110 5
b1110 D
b1110 F
b1110 R
b1110 X
b1110 B
b1110 G
b1110 M
b1110 +
b1110 0
b1110 <
b1110 L
#3086001
b1110 !"
#3087000
b1111 $
b1111 4
b1111 8
b1111 2
b1111 9
b1111 Z
1b
b1111 3
b1111 :
b1111 S
1_
1`
0a
1]
b1111 5
b1111 D
b1111 F
b1111 R
b1111 X
b1111 B
b1111 G
b1111 M
b1111 +
b1111 0
b1111 <
b1111 L
#3087001
b1111 !"
#3088000
0"
b1 $
b1 4
b1 8
0k
0t
b1 2
b1 9
b1 Z
0}
b1 3
b1 :
b1 S
1a
0h
0i
1j
0q
0r
1s
0z
0{
1|
0]
0f
0o
0x
1\
b0 5
b0 D
b0 F
b0 R
b0 X
b1 6
b1 E
b1 P
b1 Q
b1 W
b0 B
b0 G
b0 M
b1 *
b1 /
b1 ;
b1 K
b1 O
b0 +
b0 0
b0 <
b0 L
#3088001
0#"
b1 !"
#3089000
1!
b0 $
b0 4
b0 8
b0 2
b0 9
b0 Z
0b
b10 3
b10 :
b10 S
1V
1^
0`
0a
1]
b1 5
b1 D
b1 F
b1 R
b1 X
b1 B
b1 G
b1 M
b1 +
b1 0
b1 <
b1 L
#3089001
1$"
b0 !"
#3090000
0!
b11 $
b11 4
b11 8
1b
b11 2
b11 9
b11 Z
1k
0V
b11 3
b11 :
b11 S
0U
0^
1`
1a
1h
1i
0j
0]
1f
b10 5
b10 D
b10 F
b10 R
b10 X
b10 B
b10 G
b10 M
b10 +
b10 0
b10 <
b10 L
#3090001
0$"
b11 !"
#3091000
b10 $
b10 4
b10 8
1U
b10 2
b10 9
b10 Z
0b
b100 3
b100 :
b100 S
1V
1^
0`
0a
1]
b11 5
b11 D
b11 F
b11 R
b11 X
b11 B
b11 G
b11 M
b11 +
b11 0
b11 <
b11 L
#3091001
b10 !"
#3092000
b101 $
b101 4
b101 8
1b
0k
b101 2
b101 9
b101 Z
1t
0V
0U
b101 3
b101 :
b101 S
0T
0^
1`
1a
0h
0i
1j
1q
1r
0s
0]
0f
1o
b100 5
b100 D
b100 F
b100 R
b100 X
b100 B
b100 G
b100 M
b100 +
b100 0
b100 <
b100 L
#3092001
b101 !"
#3093000
b100 $
b100 4
b100 8
b100 2
b100 9
b100 Z
0b
b110 3
b110 :
b110 S
1V
1^
0`
0a
1]
b101 5
b101 D
b101 F
b101 R
b101 X
b101 B
b101 G
b101 M
b101 +
b101 0
b101 <
b101 L
#3093001
b100 !"
#3094000
b111 $
b111 4
b111 8
0T
1b
b111 2
b111 9
b111 Z
1k
0V
b111 3
b111 :
b111 S
0U
0^
1`
1a
1h
1i
0j
0]
1f
b110 5
b110 D
b110 F
b110 R
b110 X
b110 B
b110 G
b110 M
b110 +
b110 0
b110 <
b110 L
#3094001
b111 !"
#3095000
1T
b110 $
b110 4
b110 8
1U
b110 2
b110 9
b110 Z
0b
b1000 3
b1000 :
b1000 S
1V
1^
0`
0a
1]
b111 5
b111 D
b111 F
b111 R
b111 X
b111 B
b111 G
b111 M
b111 +
b111 0
b111 <
b111 L
#3095001
b110 !"
#3096000
1"
b1001 $
b1001 4
b1001 8
1b
0k
0t
b1001 2
b1001 9
b1001 Z
1}
0V
0U
0T
b1001 3
b1001 :
b1001 S
0#
0^
1`
1a
0h
0i
1j
0q
0r
1s
1z
1{
0|
0]
0f
0o
1x
b1000 5
b1000 D
b1000 F
b1000 R
b1000 X
b1000 B
b1000 G
b1000 M
b1000 +
b1000 0
b1000 <
b1000 L
#3096001
1#"
b1001 !"
#3097000
b1000 $
b1000 4
b1000 8
b1000 2
b1000 9
b1000 Z
0b
b1010 3
b1010 :
b1010 S
1V
1^
0`
0a
1]
b1001 5
b1001 D
b1001 F
b1001 R
b1001 X
b1001 B
b1001 G
b1001 M
b1001 +
b1001 0
b1001 <
b1001 L
#3097001
b1000 !"
#3098000
b1011 $
b1011 4
b1011 8
1b
b1011 2
b1011 9
b1011 Z
1k
0V
b1011 3
b1011 :
b1011 S
0U
0^
1`
1a
1h
1i
0j
0]
1f
b1010 5
b1010 D
b1010 F
b1010 R
b1010 X
b1010 B
b1010 G
b1010 M
b1010 +
b1010 0
b1010 <
b1010 L
#3098001
b1011 !"
#3099000
b1010 $
b1010 4
b1010 8
1U
b1010 2
b1010 9
b1010 Z
0b
b1100 3
b1100 :
b1100 S
1V
1^
0`
0a
1]
b1011 5
b1011 D
b1011 F
b1011 R
b1011 X
b1011 B
b1011 G
b1011 M
b1011 +
b1011 0
b1011 <
b1011 L
#3099001
b1010 !"
#3100000
b1101 $
b1101 4
b1101 8
0#
1b
0k
b1101 2
b1101 9
b1101 Z
1t
0V
0U
b1101 3
b1101 :
b1101 S
0T
0^
1`
1a
0h
0i
1j
1q
1r
0s
0]
0f
1o
b1100 5
b1100 D
b1100 F
b1100 R
b1100 X
b1100 B
b1100 G
b1100 M
b1100 +
b1100 0
b1100 <
b1100 L
#3100001
b1101 !"
#3101000
b1100 $
b1100 4
b1100 8
b1100 2
b1100 9
b1100 Z
0b
b1110 3
b1110 :
b1110 S
1V
1^
0`
0a
1]
b1101 5
b1101 D
b1101 F
b1101 R
b1101 X
b1101 B
b1101 G
b1101 M
b1101 +
b1101 0
b1101 <
b1101 L
#3101001
b1100 !"
#3102000
0#
b1111 $
b1111 4
b1111 8
0T
1b
b1111 2
b1111 9
b1111 Z
1k
0V
b1111 3
b1111 :
b1111 S
0U
0^
1`
1a
1h
1i
0j
0]
1f
b1110 5
b1110 D
b1110 F
b1110 R
b1110 X
b1110 B
b1110 G
b1110 M
b1110 +
b1110 0
b1110 <
b1110 L
#3102001
b1111 !"
#3103000
1#
1T
b1110 $
b1110 4
b1110 8
1U
b1110 2
b1110 9
b1110 Z
0b
b0 3
b0 :
b0 S
1V
1^
0`
0a
1]
b1111 5
b1111 D
b1111 F
b1111 R
b1111 X
b1111 B
b1111 G
b1111 M
b1111 +
b1111 0
b1111 <
b1111 L
#3103001
b1110 !"
#3104000
0"
b10 $
b10 4
b10 8
0t
b10 2
b10 9
b10 Z
0}
0U
0T
b10 3
b10 :
b10 S
0#
1a
1j
0q
0r
1s
0z
0{
1|
0V
0^
0_
0]
0f
0o
0x
0\
1e
b0 5
b0 D
b0 F
b0 R
b0 X
b10 6
b10 E
b10 P
b10 Q
b10 W
b0 B
b0 G
b0 M
b10 *
b10 /
b10 ;
b10 K
b10 O
b0 +
b0 0
b0 <
b0 L
#3104001
0#"
b10 !"
#3105000
b11 $
b11 4
b11 8
b11 2
b11 9
b11 Z
1b
b11 3
b11 :
b11 S
1_
1`
0a
1]
b1 5
b1 D
b1 F
b1 R
b1 X
b1 B
b1 G
b1 M
b1 +
b1 0
b1 <
b1 L
#3105001
b11 !"
#3106000
1!
b0 $
b0 4
b0 8
0b
b0 2
b0 9
b0 Z
0k
b100 3
b100 :
b100 S
1U
0_
0`
1a
1g
0i
0j
0]
1f
b10 5
b10 D
b10 F
b10 R
b10 X
b10 B
b10 G
b10 M
b10 +
b10 0
b10 <
b10 L
#3106001
1$"
b0 !"
#3107000
0!
b1 $
b1 4
b1 8
b1 2
b1 9
b1 Z
1b
b101 3
b101 :
b101 S
1_
1`
0a
1]
b11 5
b11 D
b11 F
b11 R
b11 X
b11 B
b11 G
b11 M
b11 +
b11 0
b11 <
b11 L
#3107001
0$"
b1 !"
#3108000
b110 $
b110 4
b110 8
0b
1k
b110 2
b110 9
b110 Z
1t
0U
b110 3
b110 :
b110 S
0T
0_
0`
1a
0g
1i
1j
1q
1r
0s
0]
0f
1o
b100 5
b100 D
b100 F
b100 R
b100 X
b100 B
b100 G
b100 M
b100 +
b100 0
b100 <
b100 L
#3108001
b110 !"
#3109000
b111 $
b111 4
b111 8
b111 2
b111 9
b111 Z
1b
b111 3
b111 :
b111 S
1_
1`
0a
1]
b101 5
b101 D
b101 F
b101 R
b101 X
b101 B
b101 G
b101 M
b101 +
b101 0
b101 <
b101 L
#3109001
b111 !"
#3110000
b100 $
b100 4
b100 8
1T
0b
b100 2
b100 9
b100 Z
0k
b1000 3
b1000 :
b1000 S
1U
0_
0`
1a
1g
0i
0j
0]
1f
b110 5
b110 D
b110 F
b110 R
b110 X
b110 B
b110 G
b110 M
b110 +
b110 0
b110 <
b110 L
#3110001
b100 !"
#3111000
b101 $
b101 4
b101 8
b101 2
b101 9
b101 Z
1b
b1001 3
b1001 :
b1001 S
1_
1`
0a
1]
b111 5
b111 D
b111 F
b111 R
b111 X
b111 B
b111 G
b111 M
b111 +
b111 0
b111 <
b111 L
#3111001
b101 !"
#3112000
1"
b1010 $
b1010 4
b1010 8
0b
1k
0t
b1010 2
b1010 9
b1010 Z
1}
0U
0T
b1010 3
b1010 :
b1010 S
0#
0_
0`
1a
0g
1i
1j
0q
0r
1s
1z
1{
0|
0]
0f
0o
1x
b1000 5
b1000 D
b1000 F
b1000 R
b1000 X
b1000 B
b1000 G
b1000 M
b1000 +
b1000 0
b1000 <
b1000 L
#3112001
1#"
b1010 !"
#3113000
b1011 $
b1011 4
b1011 8
b1011 2
b1011 9
b1011 Z
1b
b1011 3
b1011 :
b1011 S
1_
1`
0a
1]
b1001 5
b1001 D
b1001 F
b1001 R
b1001 X
b1001 B
b1001 G
b1001 M
b1001 +
b1001 0
b1001 <
b1001 L
#3113001
b1011 !"
#3114000
b1000 $
b1000 4
b1000 8
0b
b1000 2
b1000 9
b1000 Z
0k
b1100 3
b1100 :
b1100 S
1U
0_
0`
1a
1g
0i
0j
0]
1f
b1010 5
b1010 D
b1010 F
b1010 R
b1010 X
b1010 B
b1010 G
b1010 M
b1010 +
b1010 0
b1010 <
b1010 L
#3114001
b1000 !"
#3115000
b1001 $
b1001 4
b1001 8
b1001 2
b1001 9
b1001 Z
1b
b1101 3
b1101 :
b1101 S
1_
1`
0a
1]
b1011 5
b1011 D
b1011 F
b1011 R
b1011 X
b1011 B
b1011 G
b1011 M
b1011 +
b1011 0
b1011 <
b1011 L
#3115001
b1001 !"
#3116000
b1110 $
b1110 4
b1110 8
0#
0b
1k
b1110 2
b1110 9
b1110 Z
1t
0U
b1110 3
b1110 :
b1110 S
0T
0_
0`
1a
0g
1i
1j
1q
1r
0s
0]
0f
1o
b1100 5
b1100 D
b1100 F
b1100 R
b1100 X
b1100 B
b1100 G
b1100 M
b1100 +
b1100 0
b1100 <
b1100 L
#3116001
b1110 !"
#3117000
b1111 $
b1111 4
b1111 8
b1111 2
b1111 9
b1111 Z
1b
b1111 3
b1111 :
b1111 S
1_
1`
0a
1]
b1101 5
b1101 D
b1101 F
b1101 R
b1101 X
b1101 B
b1101 G
b1101 M
b1101 +
b1101 0
b1101 <
b1101 L
#3117001
b1111 !"
#3118000
1#
b1100 $
b1100 4
b1100 8
1T
0b
b1100 2
b1100 9
b1100 Z
0k
b0 3
b0 :
b0 S
1U
0_
0`
1a
1g
0i
0j
0]
1f
b1110 5
b1110 D
b1110 F
b1110 R
b1110 X
b1110 B
b1110 G
b1110 M
b1110 +
b1110 0
b1110 <
b1110 L
#3118001
b1100 !"
#3119000
b1101 $
b1101 4
b1101 8
b1101 2
b1101 9
b1101 Z
1b
b1 3
b1 :
b1 S
1_
1`
0a
1]
b1111 5
b1111 D
b1111 F
b1111 R
b1111 X
b1111 B
b1111 G
b1111 M
b1111 +
b1111 0
b1111 <
b1111 L
#3119001
b1101 !"
#3120000
0"
b11 $
b11 4
b11 8
1k
0t
b11 2
b11 9
b11 Z
0}
0U
0T
b11 3
b11 :
b11 S
0#
1a
0g
1i
1j
0q
0r
1s
0z
0{
1|
0]
0f
0o
0x
1\
b0 5
b0 D
b0 F
b0 R
b0 X
b11 6
b11 E
b11 P
b11 Q
b11 W
b0 B
b0 G
b0 M
b11 *
b11 /
b11 ;
b11 K
b11 O
b0 +
b0 0
b0 <
b0 L
#3120001
0#"
b11 !"
#3121000
b10 $
b10 4
b10 8
1U
b10 2
b10 9
b10 Z
0b
b100 3
b100 :
b100 S
1V
1^
0`
0a
1]
b1 5
b1 D
b1 F
b1 R
b1 X
b1 B
b1 G
b1 M
b1 +
b1 0
b1 <
b1 L
#3121001
b10 !"
#3122000
b1 $
b1 4
b1 8
1b
b1 2
b1 9
b1 Z
0k
0V
b101 3
b101 :
b101 S
0^
1`
1a
1g
0i
0j
0]
1f
b10 5
b10 D
b10 F
b10 R
b10 X
b10 B
b10 G
b10 M
b10 +
b10 0
b10 <
b10 L
#3122001
b1 !"
#3123000
1!
b0 $
b0 4
b0 8
b0 2
b0 9
b0 Z
0b
b110 3
b110 :
b110 S
1V
1^
0`
0a
1]
b11 5
b11 D
b11 F
b11 R
b11 X
b11 B
b11 G
b11 M
b11 +
b11 0
b11 <
b11 L
#3123001
1$"
b0 !"
#3124000
0!
b111 $
b111 4
b111 8
0U
1b
1k
b111 2
b111 9
b111 Z
1t
0V
b111 3
b111 :
b111 S
0T
0^
1`
1a
0g
1i
1j
1q
1r
0s
0]
0f
1o
b100 5
b100 D
b100 F
b100 R
b100 X
b100 B
b100 G
b100 M
b100 +
b100 0
b100 <
b100 L
#3124001
0$"
b111 !"
#3125000
1T
b110 $
b110 4
b110 8
1U
b110 2
b110 9
b110 Z
0b
b1000 3
b1000 :
b1000 S
1V
1^
0`
0a
1]
b101 5
b101 D
b101 F
b101 R
b101 X
b101 B
b101 G
b101 M
b101 +
b101 0
b101 <
b101 L
#3125001
b110 !"
#3126000
b101 $
b101 4
b101 8
1b
b101 2
b101 9
b101 Z
0k
0V
b1001 3
b1001 :
b1001 S
0^
1`
1a
1g
0i
0j
0]
1f
b110 5
b110 D
b110 F
b110 R
b110 X
b110 B
b110 G
b110 M
b110 +
b110 0
b110 <
b110 L
#3126001
b101 !"
#3127000
b100 $
b100 4
b100 8
b100 2
b100 9
b100 Z
0b
b1010 3
b1010 :
b1010 S
1V
1^
0`
0a
1]
b111 5
b111 D
b111 F
b111 R
b111 X
b111 B
b111 G
b111 M
b111 +
b111 0
b111 <
b111 L
#3127001
b100 !"
#3128000
1"
b1011 $
b1011 4
b1011 8
0U
1b
1k
0t
b1011 2
b1011 9
b1011 Z
1}
0V
0T
b1011 3
b1011 :
b1011 S
0#
0^
1`
1a
0g
1i
1j
0q
0r
1s
1z
1{
0|
0]
0f
0o
1x
b1000 5
b1000 D
b1000 F
b1000 R
b1000 X
b1000 B
b1000 G
b1000 M
b1000 +
b1000 0
b1000 <
b1000 L
#3128001
1#"
b1011 !"
#3129000
b1010 $
b1010 4
b1010 8
1U
b1010 2
b1010 9
b1010 Z
0b
b1100 3
b1100 :
b1100 S
1V
1^
0`
0a
1]
b1001 5
b1001 D
b1001 F
b1001 R
b1001 X
b1001 B
b1001 G
b1001 M
b1001 +
b1001 0
b1001 <
b1001 L
#3129001
b1010 !"
#3130000
b1001 $
b1001 4
b1001 8
1b
b1001 2
b1001 9
b1001 Z
0k
0V
b1101 3
b1101 :
b1101 S
0^
1`
1a
1g
0i
0j
0]
1f
b1010 5
b1010 D
b1010 F
b1010 R
b1010 X
b1010 B
b1010 G
b1010 M
b1010 +
b1010 0
b1010 <
b1010 L
#3130001
b1001 !"
#3131000
b1000 $
b1000 4
b1000 8
b1000 2
b1000 9
b1000 Z
0b
b1110 3
b1110 :
b1110 S
1V
1^
0`
0a
1]
b1011 5
b1011 D
b1011 F
b1011 R
b1011 X
b1011 B
b1011 G
b1011 M
b1011 +
b1011 0
b1011 <
b1011 L
#3131001
b1000 !"
#3132000
b1111 $
b1111 4
b1111 8
0U
0#
1b
1k
b1111 2
b1111 9
b1111 Z
1t
0V
b1111 3
b1111 :
b1111 S
0T
0^
1`
1a
0g
1i
1j
1q
1r
0s
0]
0f
1o
b1100 5
b1100 D
b1100 F
b1100 R
b1100 X
b1100 B
b1100 G
b1100 M
b1100 +
b1100 0
b1100 <
b1100 L
#3132001
b1111 !"
#3133000
1#
1T
b1110 $
b1110 4
b1110 8
1U
b1110 2
b1110 9
b1110 Z
0b
b0 3
b0 :
b0 S
1V
1^
0`
0a
1]
b1101 5
b1101 D
b1101 F
b1101 R
b1101 X
b1101 B
b1101 G
b1101 M
b1101 +
b1101 0
b1101 <
b1101 L
#3133001
b1110 !"
#3134000
b1101 $
b1101 4
b1101 8
1b
b1101 2
b1101 9
b1101 Z
0k
0V
b1 3
b1 :
b1 S
0^
1`
1a
1g
0i
0j
0]
1f
b1110 5
b1110 D
b1110 F
b1110 R
b1110 X
b1110 B
b1110 G
b1110 M
b1110 +
b1110 0
b1110 <
b1110 L
#3134001
b1101 !"
#3135000
b1100 $
b1100 4
b1100 8
b1100 2
b1100 9
b1100 Z
0b
b10 3
b10 :
b10 S
1V
1^
0`
0a
1]
b1111 5
b1111 D
b1111 F
b1111 R
b1111 X
b1111 B
b1111 G
b1111 M
b1111 +
b1111 0
b1111 <
b1111 L
#3135001
b1100 !"
#3136000
0"
b100 $
b100 4
b100 8
0T
b100 2
b100 9
b100 Z
0}
0U
b100 3
b100 :
b100 S
0#
1a
1j
1s
0z
0{
1|
0V
0^
0_
0g
0h
0]
0f
0o
0x
0\
0e
1n
b0 5
b0 D
b0 F
b0 R
b0 X
b100 6
b100 E
b100 P
b100 Q
b100 W
b0 B
b0 G
b0 M
b100 *
b100 /
b100 ;
b100 K
b100 O
b0 +
b0 0
b0 <
b0 L
#3136001
0#"
b100 !"
#3137000
b101 $
b101 4
b101 8
b101 2
b101 9
b101 Z
1b
b101 3
b101 :
b101 S
1_
1`
0a
1]
b1 5
b1 D
b1 F
b1 R
b1 X
b1 B
b1 G
b1 M
b1 +
b1 0
b1 <
b1 L
#3137001
b101 !"
#3138000
b110 $
b110 4
b110 8
0b
b110 2
b110 9
b110 Z
1k
b110 3
b110 :
b110 S
0_
0`
1a
1h
1i
0j
0]
1f
b10 5
b10 D
b10 F
b10 R
b10 X
b10 B
b10 G
b10 M
b10 +
b10 0
b10 <
b10 L
#3138001
b110 !"
#3139000
b111 $
b111 4
b111 8
b111 2
b111 9
b111 Z
1b
b111 3
b111 :
b111 S
1_
1`
0a
1]
b11 5
b11 D
b11 F
b11 R
b11 X
b11 B
b11 G
b11 M
b11 +
b11 0
b11 <
b11 L
#3139001
b111 !"
#3140000
1!
b0 $
b0 4
b0 8
0b
0k
b0 2
b0 9
b0 Z
0t
b1000 3
b1000 :
b1000 S
1T
0_
0`
1a
0h
0i
1j
1p
0r
0s
0]
0f
1o
b100 5
b100 D
b100 F
b100 R
b100 X
b100 B
b100 G
b100 M
b100 +
b100 0
b100 <
b100 L
#3140001
1$"
b0 !"
#3141000
0!
b1 $
b1 4
b1 8
b1 2
b1 9
b1 Z
1b
b1001 3
b1001 :
b1001 S
1_
1`
0a
1]
b101 5
b101 D
b101 F
b101 R
b101 X
b101 B
b101 G
b101 M
b101 +
b101 0
b101 <
b101 L
#3141001
0$"
b1 !"
#3142000
b10 $
b10 4
b10 8
0b
b10 2
b10 9
b10 Z
1k
b1010 3
b1010 :
b1010 S
0_
0`
1a
1h
1i
0j
0]
1f
b110 5
b110 D
b110 F
b110 R
b110 X
b110 B
b110 G
b110 M
b110 +
b110 0
b110 <
b110 L
#3142001
b10 !"
#3143000
b11 $
b11 4
b11 8
b11 2
b11 9
b11 Z
1b
b1011 3
b1011 :
b1011 S
1_
1`
0a
1]
b111 5
b111 D
b111 F
b111 R
b111 X
b111 B
b111 G
b111 M
b111 +
b111 0
b111 <
b111 L
#3143001
b11 !"
#3144000
1"
b1100 $
b1100 4
b1100 8
0b
0k
1t
b1100 2
b1100 9
b1100 Z
1}
0T
b1100 3
b1100 :
b1100 S
0#
0_
0`
1a
0h
0i
1j
0p
1r
1s
1z
1{
0|
0]
0f
0o
1x
b1000 5
b1000 D
b1000 F
b1000 R
b1000 X
b1000 B
b1000 G
b1000 M
b1000 +
b1000 0
b1000 <
b1000 L
#3144001
1#"
b1100 !"
#3145000
b1101 $
b1101 4
b1101 8
b1101 2
b1101 9
b1101 Z
1b
b1101 3
b1101 :
b1101 S
1_
1`
0a
1]
b1001 5
b1001 D
b1001 F
b1001 R
b1001 X
b1001 B
b1001 G
b1001 M
b1001 +
b1001 0
b1001 <
b1001 L
#3145001
b1101 !"
#3146000
b1110 $
b1110 4
b1110 8
0b
b1110 2
b1110 9
b1110 Z
1k
b1110 3
b1110 :
b1110 S
0_
0`
1a
1h
1i
0j
0]
1f
b1010 5
b1010 D
b1010 F
b1010 R
b1010 X
b1010 B
b1010 G
b1010 M
b1010 +
b1010 0
b1010 <
b1010 L
#3146001
b1110 !"
#3147000
b1111 $
b1111 4
b1111 8
b1111 2
b1111 9
b1111 Z
1b
b1111 3
b1111 :
b1111 S
1_
1`
0a
1]
b1011 5
b1011 D
b1011 F
b1011 R
b1011 X
b1011 B
b1011 G
b1011 M
b1011 +
b1011 0
b1011 <
b1011 L
#3147001
b1111 !"
#3148000
b1000 $
b1000 4
b1000 8
1#
0b
0k
b1000 2
b1000 9
b1000 Z
0t
b0 3
b0 :
b0 S
1T
0_
0`
1a
0h
0i
1j
1p
0r
0s
0]
0f
1o
b1100 5
b1100 D
b1100 F
b1100 R
b1100 X
b1100 B
b1100 G
b1100 M
b1100 +
b1100 0
b1100 <
b1100 L
#3148001
b1000 !"
#3149000
b1001 $
b1001 4
b1001 8
b1001 2
b1001 9
b1001 Z
1b
b1 3
b1 :
b1 S
1_
1`
0a
1]
b1101 5
b1101 D
b1101 F
b1101 R
b1101 X
b1101 B
b1101 G
b1101 M
b1101 +
b1101 0
b1101 <
b1101 L
#3149001
b1001 !"
#3150000
b1010 $
b1010 4
b1010 8
0b
b1010 2
b1010 9
b1010 Z
1k
b10 3
b10 :
b10 S
0_
0`
1a
1h
1i
0j
0]
1f
b1110 5
b1110 D
b1110 F
b1110 R
b1110 X
b1110 B
b1110 G
b1110 M
b1110 +
b1110 0
b1110 <
b1110 L
#3150001
b1010 !"
#3151000
b1011 $
b1011 4
b1011 8
b1011 2
b1011 9
b1011 Z
1b
b11 3
b11 :
b11 S
1_
1`
0a
1]
b1111 5
b1111 D
b1111 F
b1111 R
b1111 X
b1111 B
b1111 G
b1111 M
b1111 +
b1111 0
b1111 <
b1111 L
#3151001
b1011 !"
#3152000
0"
b101 $
b101 4
b101 8
0k
1t
b101 2
b101 9
b101 Z
0}
0T
b101 3
b101 :
b101 S
0#
1a
0h
0i
1j
0p
1r
1s
0z
0{
1|
0]
0f
0o
0x
1\
b0 5
b0 D
b0 F
b0 R
b0 X
b101 6
b101 E
b101 P
b101 Q
b101 W
b0 B
b0 G
b0 M
b101 *
b101 /
b101 ;
b101 K
b101 O
b0 +
b0 0
b0 <
b0 L
#3152001
0#"
b101 !"
#3153000
b100 $
b100 4
b100 8
b100 2
b100 9
b100 Z
0b
b110 3
b110 :
b110 S
1V
1^
0`
0a
1]
b1 5
b1 D
b1 F
b1 R
b1 X
b1 B
b1 G
b1 M
b1 +
b1 0
b1 <
b1 L
#3153001
b100 !"
#3154000
b111 $
b111 4
b111 8
0T
1b
b111 2
b111 9
b111 Z
1k
0V
b111 3
b111 :
b111 S
0U
0^
1`
1a
1h
1i
0j
0]
1f
b10 5
b10 D
b10 F
b10 R
b10 X
b10 B
b10 G
b10 M
b10 +
b10 0
b10 <
b10 L
#3154001
b111 !"
#3155000
1T
b110 $
b110 4
b110 8
1U
b110 2
b110 9
b110 Z
0b
b1000 3
b1000 :
b1000 S
1V
1^
0`
0a
1]
b11 5
b11 D
b11 F
b11 R
b11 X
b11 B
b11 G
b11 M
b11 +
b11 0
b11 <
b11 L
#3155001
b110 !"
#3156000
b1 $
b1 4
b1 8
1b
0k
b1 2
b1 9
b1 Z
0t
0V
0U
b1001 3
b1001 :
b1001 S
0^
1`
1a
0h
0i
1j
1p
0r
0s
0]
0f
1o
b100 5
b100 D
b100 F
b100 R
b100 X
b100 B
b100 G
b100 M
b100 +
b100 0
b100 <
b100 L
#3156001
b1 !"
#3157000
1!
b0 $
b0 4
b0 8
b0 2
b0 9
b0 Z
0b
b1010 3
b1010 :
b1010 S
1V
1^
0`
0a
1]
b101 5
b101 D
b101 F
b101 R
b101 X
b101 B
b101 G
b101 M
b101 +
b101 0
b101 <
b101 L
#3157001
1$"
b0 !"
#3158000
0!
b11 $
b11 4
b11 8
1b
b11 2
b11 9
b11 Z
1k
0V
b1011 3
b1011 :
b1011 S
0U
0^
1`
1a
1h
1i
0j
0]
1f
b110 5
b110 D
b110 F
b110 R
b110 X
b110 B
b110 G
b110 M
b110 +
b110 0
b110 <
b110 L
#3158001
0$"
b11 !"
#3159000
b10 $
b10 4
b10 8
1U
b10 2
b10 9
b10 Z
0b
b1100 3
b1100 :
b1100 S
1V
1^
0`
0a
1]
b111 5
b111 D
b111 F
b111 R
b111 X
b111 B
b111 G
b111 M
b111 +
b111 0
b111 <
b111 L
#3159001
b10 !"
#3160000
1"
b1101 $
b1101 4
b1101 8
0T
1b
0k
1t
b1101 2
b1101 9
b1101 Z
1}
0V
0U
b1101 3
b1101 :
b1101 S
0#
0^
1`
1a
0h
0i
1j
0p
1r
1s
1z
1{
0|
0]
0f
0o
1x
b1000 5
b1000 D
b1000 F
b1000 R
b1000 X
b1000 B
b1000 G
b1000 M
b1000 +
b1000 0
b1000 <
b1000 L
#3160001
1#"
b1101 !"
#3161000
b1100 $
b1100 4
b1100 8
b1100 2
b1100 9
b1100 Z
0b
b1110 3
b1110 :
b1110 S
1V
1^
0`
0a
1]
b1001 5
b1001 D
b1001 F
b1001 R
b1001 X
b1001 B
b1001 G
b1001 M
b1001 +
b1001 0
b1001 <
b1001 L
#3161001
b1100 !"
#3162000
0#
b1111 $
b1111 4
b1111 8
0T
1b
b1111 2
b1111 9
b1111 Z
1k
0V
b1111 3
b1111 :
b1111 S
0U
0^
1`
1a
1h
1i
0j
0]
1f
b1010 5
b1010 D
b1010 F
b1010 R
b1010 X
b1010 B
b1010 G
b1010 M
b1010 +
b1010 0
b1010 <
b1010 L
#3162001
b1111 !"
#3163000
1#
1T
b1110 $
b1110 4
b1110 8
1U
b1110 2
b1110 9
b1110 Z
0b
b0 3
b0 :
b0 S
1V
1^
0`
0a
1]
b1011 5
b1011 D
b1011 F
b1011 R
b1011 X
b1011 B
b1011 G
b1011 M
b1011 +
b1011 0
b1011 <
b1011 L
#3163001
b1110 !"
#3164000
b1001 $
b1001 4
b1001 8
1b
0k
b1001 2
b1001 9
b1001 Z
0t
0V
0U
b1 3
b1 :
b1 S
0^
1`
1a
0h
0i
1j
1p
0r
0s
0]
0f
1o
b1100 5
b1100 D
b1100 F
b1100 R
b1100 X
b1100 B
b1100 G
b1100 M
b1100 +
b1100 0
b1100 <
b1100 L
#3164001
b1001 !"
#3165000
b1000 $
b1000 4
b1000 8
b1000 2
b1000 9
b1000 Z
0b
b10 3
b10 :
b10 S
1V
1^
0`
0a
1]
b1101 5
b1101 D
b1101 F
b1101 R
b1101 X
b1101 B
b1101 G
b1101 M
b1101 +
b1101 0
b1101 <
b1101 L
#3165001
b1000 !"
#3166000
b1011 $
b1011 4
b1011 8
1b
b1011 2
b1011 9
b1011 Z
1k
0V
b11 3
b11 :
b11 S
0U
0^
1`
1a
1h
1i
0j
0]
1f
b1110 5
b1110 D
b1110 F
b1110 R
b1110 X
b1110 B
b1110 G
b1110 M
b1110 +
b1110 0
b1110 <
b1110 L
#3166001
b1011 !"
#3167000
b1010 $
b1010 4
b1010 8
1U
b1010 2
b1010 9
b1010 Z
0b
b100 3
b100 :
b100 S
1V
1^
0`
0a
1]
b1111 5
b1111 D
b1111 F
b1111 R
b1111 X
b1111 B
b1111 G
b1111 M
b1111 +
b1111 0
b1111 <
b1111 L
#3167001
b1010 !"
#3168000
0"
b110 $
b110 4
b110 8
0T
1t
b110 2
b110 9
b110 Z
0}
0U
b110 3
b110 :
b110 S
0#
1a
1j
0p
1r
1s
0z
0{
1|
0V
0^
0_
0]
0f
0o
0x
0\
1e
b0 5
b0 D
b0 F
b0 R
b0 X
b110 6
b110 E
b110 P
b110 Q
b110 W
b0 B
b0 G
b0 M
b110 *
b110 /
b110 ;
b110 K
b110 O
b0 +
b0 0
b0 <
b0 L
#3168001
0#"
b110 !"
#3169000
b111 $
b111 4
b111 8
b111 2
b111 9
b111 Z
1b
b111 3
b111 :
b111 S
1_
1`
0a
1]
b1 5
b1 D
b1 F
b1 R
b1 X
b1 B
b1 G
b1 M
b1 +
b1 0
b1 <
b1 L
#3169001
b111 !"
#3170000
b100 $
b100 4
b100 8
1T
0b
b100 2
b100 9
b100 Z
0k
b1000 3
b1000 :
b1000 S
1U
0_
0`
1a
1g
0i
0j
0]
1f
b10 5
b10 D
b10 F
b10 R
b10 X
b10 B
b10 G
b10 M
b10 +
b10 0
b10 <
b10 L
#3170001
b100 !"
#3171000
b101 $
b101 4
b101 8
b101 2
b101 9
b101 Z
1b
b1001 3
b1001 :
b1001 S
1_
1`
0a
1]
b11 5
b11 D
b11 F
b11 R
b11 X
b11 B
b11 G
b11 M
b11 +
b11 0
b11 <
b11 L
#3171001
b101 !"
#3172000
b10 $
b10 4
b10 8
0b
1k
b10 2
b10 9
b10 Z
0t
0U
b1010 3
b1010 :
b1010 S
0_
0`
1a
0g
1i
1j
1p
0r
0s
0]
0f
1o
b100 5
b100 D
b100 F
b100 R
b100 X
b100 B
b100 G
b100 M
b100 +
b100 0
b100 <
b100 L
#3172001
b10 !"
#3173000
b11 $
b11 4
b11 8
b11 2
b11 9
b11 Z
1b
b1011 3
b1011 :
b1011 S
1_
1`
0a
1]
b101 5
b101 D
b101 F
b101 R
b101 X
b101 B
b101 G
b101 M
b101 +
b101 0
b101 <
b101 L
#3173001
b11 !"
#3174000
1!
b0 $
b0 4
b0 8
0b
b0 2
b0 9
b0 Z
0k
b1100 3
b1100 :
b1100 S
1U
0_
0`
1a
1g
0i
0j
0]
1f
b110 5
b110 D
b110 F
b110 R
b110 X
b110 B
b110 G
b110 M
b110 +
b110 0
b110 <
b110 L
#3174001
1$"
b0 !"
#3175000
0!
b1 $
b1 4
b1 8
b1 2
b1 9
b1 Z
1b
b1101 3
b1101 :
b1101 S
1_
1`
0a
1]
b111 5
b111 D
b111 F
b111 R
b111 X
b111 B
b111 G
b111 M
b111 +
b111 0
b111 <
b111 L
#3175001
0$"
b1 !"
#3176000
1"
b1110 $
b1110 4
b1110 8
0T
0b
1k
1t
b1110 2
b1110 9
b1110 Z
1}
0U
b1110 3
b1110 :
b1110 S
0#
0_
0`
1a
0g
1i
1j
0p
1r
1s
1z
1{
0|
0]
0f
0o
1x
b1000 5
b1000 D
b1000 F
b1000 R
b1000 X
b1000 B
b1000 G
b1000 M
b1000 +
b1000 0
b1000 <
b1000 L
#3176001
1#"
b1110 !"
#3177000
b1111 $
b1111 4
b1111 8
b1111 2
b1111 9
b1111 Z
1b
b1111 3
b1111 :
b1111 S
1_
1`
0a
1]
b1001 5
b1001 D
b1001 F
b1001 R
b1001 X
b1001 B
b1001 G
b1001 M
b1001 +
b1001 0
b1001 <
b1001 L
#3177001
b1111 !"
#3178000
1#
b1100 $
b1100 4
b1100 8
1T
0b
b1100 2
b1100 9
b1100 Z
0k
b0 3
b0 :
b0 S
1U
0_
0`
1a
1g
0i
0j
0]
1f
b1010 5
b1010 D
b1010 F
b1010 R
b1010 X
b1010 B
b1010 G
b1010 M
b1010 +
b1010 0
b1010 <
b1010 L
#3178001
b1100 !"
#3179000
b1101 $
b1101 4
b1101 8
b1101 2
b1101 9
b1101 Z
1b
b1 3
b1 :
b1 S
1_
1`
0a
1]
b1011 5
b1011 D
b1011 F
b1011 R
b1011 X
b1011 B
b1011 G
b1011 M
b1011 +
b1011 0
b1011 <
b1011 L
#3179001
b1101 !"
#3180000
b1010 $
b1010 4
b1010 8
0b
1k
b1010 2
b1010 9
b1010 Z
0t
0U
b10 3
b10 :
b10 S
0_
0`
1a
0g
1i
1j
1p
0r
0s
0]
0f
1o
b1100 5
b1100 D
b1100 F
b1100 R
b1100 X
b1100 B
b1100 G
b1100 M
b1100 +
b1100 0
b1100 <
b1100 L
#3180001
b1010 !"
#3181000
b1011 $
b1011 4
b1011 8
b1011 2
b1011 9
b1011 Z
1b
b11 3
b11 :
b11 S
1_
1`
0a
1]
b1101 5
b1101 D
b1101 F
b1101 R
b1101 X
b1101 B
b1101 G
b1101 M
b1101 +
b1101 0
b1101 <
b1101 L
#3181001
b1011 !"
#3182000
b1000 $
b1000 4
b1000 8
0b
b1000 2
b1000 9
b1000 Z
0k
b100 3
b100 :
b100 S
1U
0_
0`
1a
1g
0i
0j
0]
1f
b1110 5
b1110 D
b1110 F
b1110 R
b1110 X
b1110 B
b1110 G
b1110 M
b1110 +
b1110 0
b1110 <
b1110 L
#3182001
b1000 !"
#3183000
b1001 $
b1001 4
b1001 8
b1001 2
b1001 9
b1001 Z
1b
b101 3
b101 :
b101 S
1_
1`
0a
1]
b1111 5
b1111 D
b1111 F
b1111 R
b1111 X
b1111 B
b1111 G
b1111 M
b1111 +
b1111 0
b1111 <
b1111 L
#3183001
b1001 !"
#3184000
0"
b111 $
b111 4
b111 8
0T
1k
1t
b111 2
b111 9
b111 Z
0}
0U
b111 3
b111 :
b111 S
0#
1a
0g
1i
1j
0p
1r
1s
0z
0{
1|
0]
0f
0o
0x
1\
b0 5
b0 D
b0 F
b0 R
b0 X
b111 6
b111 E
b111 P
b111 Q
b111 W
b0 B
b0 G
b0 M
b111 *
b111 /
b111 ;
b111 K
b111 O
b0 +
b0 0
b0 <
b0 L
#3184001
0#"
b111 !"
#3185000
1T
b110 $
b110 4
b110 8
1U
b110 2
b110 9
b110 Z
0b
b1000 3
b1000 :
b1000 S
1V
1^
0`
0a
1]
b1 5
b1 D
b1 F
b1 R
b1 X
b1 B
b1 G
b1 M
b1 +
b1 0
b1 <
b1 L
#3185001
b110 !"
#3186000
b101 $
b101 4
b101 8
1b
b101 2
b101 9
b101 Z
0k
0V
b1001 3
b1001 :
b1001 S
0^
1`
1a
1g
0i
0j
0]
1f
b10 5
b10 D
b10 F
b10 R
b10 X
b10 B
b10 G
b10 M
b10 +
b10 0
b10 <
b10 L
#3186001
b101 !"
#3187000
b100 $
b100 4
b100 8
b100 2
b100 9
b100 Z
0b
b1010 3
b1010 :
b1010 S
1V
1^
0`
0a
1]
b11 5
b11 D
b11 F
b11 R
b11 X
b11 B
b11 G
b11 M
b11 +
b11 0
b11 <
b11 L
#3187001
b100 !"
#3188000
b11 $
b11 4
b11 8
0U
1b
1k
b11 2
b11 9
b11 Z
0t
0V
b1011 3
b1011 :
b1011 S
0^
1`
1a
0g
1i
1j
1p
0r
0s
0]
0f
1o
b100 5
b100 D
b100 F
b100 R
b100 X
b100 B
b100 G
b100 M
b100 +
b100 0
b100 <
b100 L
#3188001
b11 !"
#3189000
b10 $
b10 4
b10 8
1U
b10 2
b10 9
b10 Z
0b
b1100 3
b1100 :
b1100 S
1V
1^
0`
0a
1]
b101 5
b101 D
b101 F
b101 R
b101 X
b101 B
b101 G
b101 M
b101 +
b101 0
b101 <
b101 L
#3189001
b10 !"
#3190000
b1 $
b1 4
b1 8
1b
b1 2
b1 9
b1 Z
0k
0V
b1101 3
b1101 :
b1101 S
0^
1`
1a
1g
0i
0j
0]
1f
b110 5
b110 D
b110 F
b110 R
b110 X
b110 B
b110 G
b110 M
b110 +
b110 0
b110 <
b110 L
#3190001
b1 !"
#3191000
1!
b0 $
b0 4
b0 8
b0 2
b0 9
b0 Z
0b
b1110 3
b1110 :
b1110 S
1V
1^
0`
0a
1]
b111 5
b111 D
b111 F
b111 R
b111 X
b111 B
b111 G
b111 M
b111 +
b111 0
b111 <
b111 L
#3191001
1$"
b0 !"
#3192000
1"
0T
0!
b1111 $
b1111 4
b1111 8
0U
1b
1k
1t
b1111 2
b1111 9
b1111 Z
1}
0V
b1111 3
b1111 :
b1111 S
0#
0^
1`
1a
0g
1i
1j
0p
1r
1s
1z
1{
0|
0]
0f
0o
1x
b1000 5
b1000 D
b1000 F
b1000 R
b1000 X
b1000 B
b1000 G
b1000 M
b1000 +
b1000 0
b1000 <
b1000 L
#3192001
0$"
1#"
b1111 !"
#3193000
1#
1T
b1110 $
b1110 4
b1110 8
1U
b1110 2
b1110 9
b1110 Z
0b
b0 3
b0 :
b0 S
1V
1^
0`
0a
1]
b1001 5
b1001 D
b1001 F
b1001 R
b1001 X
b1001 B
b1001 G
b1001 M
b1001 +
b1001 0
b1001 <
b1001 L
#3193001
b1110 !"
#3194000
b1101 $
b1101 4
b1101 8
1b
b1101 2
b1101 9
b1101 Z
0k
0V
b1 3
b1 :
b1 S
0^
1`
1a
1g
0i
0j
0]
1f
b1010 5
b1010 D
b1010 F
b1010 R
b1010 X
b1010 B
b1010 G
b1010 M
b1010 +
b1010 0
b1010 <
b1010 L
#3194001
b1101 !"
#3195000
b1100 $
b1100 4
b1100 8
b1100 2
b1100 9
b1100 Z
0b
b10 3
b10 :
b10 S
1V
1^
0`
0a
1]
b1011 5
b1011 D
b1011 F
b1011 R
b1011 X
b1011 B
b1011 G
b1011 M
b1011 +
b1011 0
b1011 <
b1011 L
#3195001
b1100 !"
#3196000
b1011 $
b1011 4
b1011 8
0U
1b
1k
b1011 2
b1011 9
b1011 Z
0t
0V
b11 3
b11 :
b11 S
0^
1`
1a
0g
1i
1j
1p
0r
0s
0]
0f
1o
b1100 5
b1100 D
b1100 F
b1100 R
b1100 X
b1100 B
b1100 G
b1100 M
b1100 +
b1100 0
b1100 <
b1100 L
#3196001
b1011 !"
#3197000
b1010 $
b1010 4
b1010 8
1U
b1010 2
b1010 9
b1010 Z
0b
b100 3
b100 :
b100 S
1V
1^
0`
0a
1]
b1101 5
b1101 D
b1101 F
b1101 R
b1101 X
b1101 B
b1101 G
b1101 M
b1101 +
b1101 0
b1101 <
b1101 L
#3197001
b1010 !"
#3198000
b1001 $
b1001 4
b1001 8
1b
b1001 2
b1001 9
b1001 Z
0k
0V
b101 3
b101 :
b101 S
0^
1`
1a
1g
0i
0j
0]
1f
b1110 5
b1110 D
b1110 F
b1110 R
b1110 X
b1110 B
b1110 G
b1110 M
b1110 +
b1110 0
b1110 <
b1110 L
#3198001
b1001 !"
#3199000
b1000 $
b1000 4
b1000 8
b1000 2
b1000 9
b1000 Z
0b
b110 3
b110 :
b110 S
1V
1^
0`
0a
1]
b1111 5
b1111 D
b1111 F
b1111 R
b1111 X
b1111 B
b1111 G
b1111 M
b1111 +
b1111 0
b1111 <
b1111 L
#3199001
b1000 !"
#3200000
0#
b1000 3
b1000 :
b1000 S
0U
0T
1a
1j
1s
1|
0V
0^
0_
0g
0h
0p
0q
0]
0f
0o
0x
0\
0e
0n
1w
b0 5
b0 D
b0 F
b0 R
b0 X
b1000 6
b1000 E
b1000 P
b1000 Q
b1000 W
b0 B
b0 G
b0 M
b1000 *
b1000 /
b1000 ;
b1000 K
b1000 O
b0 +
b0 0
b0 <
b0 L
#3201000
b1001 $
b1001 4
b1001 8
b1001 2
b1001 9
b1001 Z
1b
b1001 3
b1001 :
b1001 S
1_
1`
0a
1]
b1 5
b1 D
b1 F
b1 R
b1 X
b1 B
b1 G
b1 M
b1 +
b1 0
b1 <
b1 L
#3201001
b1001 !"
#3202000
b1010 $
b1010 4
b1010 8
0b
b1010 2
b1010 9
b1010 Z
1k
b1010 3
b1010 :
b1010 S
0_
0`
1a
1h
1i
0j
0]
1f
b10 5
b10 D
b10 F
b10 R
b10 X
b10 B
b10 G
b10 M
b10 +
b10 0
b10 <
b10 L
#3202001
b1010 !"
#3203000
b1011 $
b1011 4
b1011 8
b1011 2
b1011 9
b1011 Z
1b
b1011 3
b1011 :
b1011 S
1_
1`
0a
1]
b11 5
b11 D
b11 F
b11 R
b11 X
b11 B
b11 G
b11 M
b11 +
b11 0
b11 <
b11 L
#3203001
b1011 !"
#3204000
b1100 $
b1100 4
b1100 8
0b
0k
b1100 2
b1100 9
b1100 Z
1t
b1100 3
b1100 :
b1100 S
0_
0`
1a
0h
0i
1j
1q
1r
0s
0]
0f
1o
b100 5
b100 D
b100 F
b100 R
b100 X
b100 B
b100 G
b100 M
b100 +
b100 0
b100 <
b100 L
#3204001
b1100 !"
#3205000
b1101 $
b1101 4
b1101 8
b1101 2
b1101 9
b1101 Z
1b
b1101 3
b1101 :
b1101 S
1_
1`
0a
1]
b101 5
b101 D
b101 F
b101 R
b101 X
b101 B
b101 G
b101 M
b101 +
b101 0
b101 <
b101 L
#3205001
b1101 !"
#3206000
b1110 $
b1110 4
b1110 8
0b
b1110 2
b1110 9
b1110 Z
1k
b1110 3
b1110 :
b1110 S
0_
0`
1a
1h
1i
0j
0]
1f
b110 5
b110 D
b110 F
b110 R
b110 X
b110 B
b110 G
b110 M
b110 +
b110 0
b110 <
b110 L
#3206001
b1110 !"
#3207000
b1111 $
b1111 4
b1111 8
b1111 2
b1111 9
b1111 Z
1b
b1111 3
b1111 :
b1111 S
1_
1`
0a
1]
b111 5
b111 D
b111 F
b111 R
b111 X
b111 B
b111 G
b111 M
b111 +
b111 0
b111 <
b111 L
#3207001
b1111 !"
#3208000
0"
1!
b0 $
b0 4
b0 8
0b
0k
0t
b0 2
b0 9
b0 Z
0}
b0 3
b0 :
b0 S
1#
0_
0`
1a
0h
0i
1j
0q
0r
1s
1y
0{
0|
0]
0f
0o
1x
b1000 5
b1000 D
b1000 F
b1000 R
b1000 X
b1000 B
b1000 G
b1000 M
b1000 +
b1000 0
b1000 <
b1000 L
#3208001
1$"
0#"
b0 !"
#3209000
0!
b1 $
b1 4
b1 8
b1 2
b1 9
b1 Z
1b
b1 3
b1 :
b1 S
1_
1`
0a
1]
b1001 5
b1001 D
b1001 F
b1001 R
b1001 X
b1001 B
b1001 G
b1001 M
b1001 +
b1001 0
b1001 <
b1001 L
#3209001
0$"
b1 !"
#3210000
b10 $
b10 4
b10 8
0b
b10 2
b10 9
b10 Z
1k
b10 3
b10 :
b10 S
0_
0`
1a
1h
1i
0j
0]
1f
b1010 5
b1010 D
b1010 F
b1010 R
b1010 X
b1010 B
b1010 G
b1010 M
b1010 +
b1010 0
b1010 <
b1010 L
#3210001
b10 !"
#3211000
b11 $
b11 4
b11 8
b11 2
b11 9
b11 Z
1b
b11 3
b11 :
b11 S
1_
1`
0a
1]
b1011 5
b1011 D
b1011 F
b1011 R
b1011 X
b1011 B
b1011 G
b1011 M
b1011 +
b1011 0
b1011 <
b1011 L
#3211001
b11 !"
#3212000
b100 $
b100 4
b100 8
0b
0k
b100 2
b100 9
b100 Z
1t
b100 3
b100 :
b100 S
0_
0`
1a
0h
0i
1j
1q
1r
0s
0]
0f
1o
b1100 5
b1100 D
b1100 F
b1100 R
b1100 X
b1100 B
b1100 G
b1100 M
b1100 +
b1100 0
b1100 <
b1100 L
#3212001
b100 !"
#3213000
b101 $
b101 4
b101 8
b101 2
b101 9
b101 Z
1b
b101 3
b101 :
b101 S
1_
1`
0a
1]
b1101 5
b1101 D
b1101 F
b1101 R
b1101 X
b1101 B
b1101 G
b1101 M
b1101 +
b1101 0
b1101 <
b1101 L
#3213001
b101 !"
#3214000
b110 $
b110 4
b110 8
0b
b110 2
b110 9
b110 Z
1k
b110 3
b110 :
b110 S
0_
0`
1a
1h
1i
0j
0]
1f
b1110 5
b1110 D
b1110 F
b1110 R
b1110 X
b1110 B
b1110 G
b1110 M
b1110 +
b1110 0
b1110 <
b1110 L
#3214001
b110 !"
#3215000
b111 $
b111 4
b111 8
b111 2
b111 9
b111 Z
1b
b111 3
b111 :
b111 S
1_
1`
0a
1]
b1111 5
b1111 D
b1111 F
b1111 R
b1111 X
b1111 B
b1111 G
b1111 M
b1111 +
b1111 0
b1111 <
b1111 L
#3215001
b111 !"
#3216000
1"
b1001 $
b1001 4
b1001 8
0k
0t
b1001 2
b1001 9
b1001 Z
1}
b1001 3
b1001 :
b1001 S
0#
1a
0h
0i
1j
0q
0r
1s
0y
1{
1|
0]
0f
0o
0x
1\
b0 5
b0 D
b0 F
b0 R
b0 X
b1001 6
b1001 E
b1001 P
b1001 Q
b1001 W
b0 B
b0 G
b0 M
b1001 *
b1001 /
b1001 ;
b1001 K
b1001 O
b0 +
b0 0
b0 <
b0 L
#3216001
1#"
b1001 !"
#3217000
b1000 $
b1000 4
b1000 8
b1000 2
b1000 9
b1000 Z
0b
b1010 3
b1010 :
b1010 S
1V
1^
0`
0a
1]
b1 5
b1 D
b1 F
b1 R
b1 X
b1 B
b1 G
b1 M
b1 +
b1 0
b1 <
b1 L
#3217001
b1000 !"
#3218000
b1011 $
b1011 4
b1011 8
1b
b1011 2
b1011 9
b1011 Z
1k
0V
b1011 3
b1011 :
b1011 S
0U
0^
1`
1a
1h
1i
0j
0]
1f
b10 5
b10 D
b10 F
b10 R
b10 X
b10 B
b10 G
b10 M
b10 +
b10 0
b10 <
b10 L
#3218001
b1011 !"
#3219000
b1010 $
b1010 4
b1010 8
1U
b1010 2
b1010 9
b1010 Z
0b
b1100 3
b1100 :
b1100 S
1V
1^
0`
0a
1]
b11 5
b11 D
b11 F
b11 R
b11 X
b11 B
b11 G
b11 M
b11 +
b11 0
b11 <
b11 L
#3219001
b1010 !"
#3220000
b1101 $
b1101 4
b1101 8
0#
1b
0k
b1101 2
b1101 9
b1101 Z
1t
0V
0U
b1101 3
b1101 :
b1101 S
0T
0^
1`
1a
0h
0i
1j
1q
1r
0s
0]
0f
1o
b100 5
b100 D
b100 F
b100 R
b100 X
b100 B
b100 G
b100 M
b100 +
b100 0
b100 <
b100 L
#3220001
b1101 !"
#3221000
b1100 $
b1100 4
b1100 8
b1100 2
b1100 9
b1100 Z
0b
b1110 3
b1110 :
b1110 S
1V
1^
0`
0a
1]
b101 5
b101 D
b101 F
b101 R
b101 X
b101 B
b101 G
b101 M
b101 +
b101 0
b101 <
b101 L
#3221001
b1100 !"
#3222000
0#
b1111 $
b1111 4
b1111 8
0T
1b
b1111 2
b1111 9
b1111 Z
1k
0V
b1111 3
b1111 :
b1111 S
0U
0^
1`
1a
1h
1i
0j
0]
1f
b110 5
b110 D
b110 F
b110 R
b110 X
b110 B
b110 G
b110 M
b110 +
b110 0
b110 <
b110 L
#3222001
b1111 !"
#3223000
1#
1T
b1110 $
b1110 4
b1110 8
1U
b1110 2
b1110 9
b1110 Z
0b
b0 3
b0 :
b0 S
1V
1^
0`
0a
1]
b111 5
b111 D
b111 F
b111 R
b111 X
b111 B
b111 G
b111 M
b111 +
b111 0
b111 <
b111 L
#3223001
b1110 !"
#3224000
0"
b1 $
b1 4
b1 8
1b
0k
0t
b1 2
b1 9
b1 Z
0}
0V
0U
0T
b1 3
b1 :
b1 S
0^
1`
1a
0h
0i
1j
0q
0r
1s
1y
0{
0|
0]
0f
0o
1x
b1000 5
b1000 D
b1000 F
b1000 R
b1000 X
b1000 B
b1000 G
b1000 M
b1000 +
b1000 0
b1000 <
b1000 L
#3224001
0#"
b1 !"
#3225000
1!
b0 $
b0 4
b0 8
b0 2
b0 9
b0 Z
0b
b10 3
b10 :
b10 S
1V
1^
0`
0a
1]
b1001 5
b1001 D
b1001 F
b1001 R
b1001 X
b1001 B
b1001 G
b1001 M
b1001 +
b1001 0
b1001 <
b1001 L
#3225001
1$"
b0 !"
#3226000
0!
b11 $
b11 4
b11 8
1b
b11 2
b11 9
b11 Z
1k
0V
b11 3
b11 :
b11 S
0U
0^
1`
1a
1h
1i
0j
0]
1f
b1010 5
b1010 D
b1010 F
b1010 R
b1010 X
b1010 B
b1010 G
b1010 M
b1010 +
b1010 0
b1010 <
b1010 L
#3226001
0$"
b11 !"
#3227000
b10 $
b10 4
b10 8
1U
b10 2
b10 9
b10 Z
0b
b100 3
b100 :
b100 S
1V
1^
0`
0a
1]
b1011 5
b1011 D
b1011 F
b1011 R
b1011 X
b1011 B
b1011 G
b1011 M
b1011 +
b1011 0
b1011 <
b1011 L
#3227001
b10 !"
#3228000
b101 $
b101 4
b101 8
1b
0k
b101 2
b101 9
b101 Z
1t
0V
0U
b101 3
b101 :
b101 S
0T
0^
1`
1a
0h
0i
1j
1q
1r
0s
0]
0f
1o
b1100 5
b1100 D
b1100 F
b1100 R
b1100 X
b1100 B
b1100 G
b1100 M
b1100 +
b1100 0
b1100 <
b1100 L
#3228001
b101 !"
#3229000
b100 $
b100 4
b100 8
b100 2
b100 9
b100 Z
0b
b110 3
b110 :
b110 S
1V
1^
0`
0a
1]
b1101 5
b1101 D
b1101 F
b1101 R
b1101 X
b1101 B
b1101 G
b1101 M
b1101 +
b1101 0
b1101 <
b1101 L
#3229001
b100 !"
#3230000
b111 $
b111 4
b111 8
0T
1b
b111 2
b111 9
b111 Z
1k
0V
b111 3
b111 :
b111 S
0U
0^
1`
1a
1h
1i
0j
0]
1f
b1110 5
b1110 D
b1110 F
b1110 R
b1110 X
b1110 B
b1110 G
b1110 M
b1110 +
b1110 0
b1110 <
b1110 L
#3230001
b111 !"
#3231000
1T
b110 $
b110 4
b110 8
1U
b110 2
b110 9
b110 Z
0b
b1000 3
b1000 :
b1000 S
1V
1^
0`
0a
1]
b1111 5
b1111 D
b1111 F
b1111 R
b1111 X
b1111 B
b1111 G
b1111 M
b1111 +
b1111 0
b1111 <
b1111 L
#3231001
b110 !"
#3232000
1"
b1010 $
b1010 4
b1010 8
0#
0t
b1010 2
b1010 9
b1010 Z
1}
0U
0T
b1010 3
b1010 :
b1010 S
1a
1j
0q
0r
1s
0y
1{
1|
0V
0^
0_
0]
0f
0o
0x
0\
1e
b0 5
b0 D
b0 F
b0 R
b0 X
b1010 6
b1010 E
b1010 P
b1010 Q
b1010 W
b0 B
b0 G
b0 M
b1010 *
b1010 /
b1010 ;
b1010 K
b1010 O
b0 +
b0 0
b0 <
b0 L
#3232001
1#"
b1010 !"
#3233000
b1011 $
b1011 4
b1011 8
b1011 2
b1011 9
b1011 Z
1b
b1011 3
b1011 :
b1011 S
1_
1`
0a
1]
b1 5
b1 D
b1 F
b1 R
b1 X
b1 B
b1 G
b1 M
b1 +
b1 0
b1 <
b1 L
#3233001
b1011 !"
#3234000
b1000 $
b1000 4
b1000 8
0b
b1000 2
b1000 9
b1000 Z
0k
b1100 3
b1100 :
b1100 S
1U
0_
0`
1a
1g
0i
0j
0]
1f
b10 5
b10 D
b10 F
b10 R
b10 X
b10 B
b10 G
b10 M
b10 +
b10 0
b10 <
b10 L
#3234001
b1000 !"
#3235000
b1001 $
b1001 4
b1001 8
b1001 2
b1001 9
b1001 Z
1b
b1101 3
b1101 :
b1101 S
1_
1`
0a
1]
b11 5
b11 D
b11 F
b11 R
b11 X
b11 B
b11 G
b11 M
b11 +
b11 0
b11 <
b11 L
#3235001
b1001 !"
#3236000
b1110 $
b1110 4
b1110 8
0#
0b
1k
b1110 2
b1110 9
b1110 Z
1t
0U
b1110 3
b1110 :
b1110 S
0T
0_
0`
1a
0g
1i
1j
1q
1r
0s
0]
0f
1o
b100 5
b100 D
b100 F
b100 R
b100 X
b100 B
b100 G
b100 M
b100 +
b100 0
b100 <
b100 L
#3236001
b1110 !"
#3237000
b1111 $
b1111 4
b1111 8
b1111 2
b1111 9
b1111 Z
1b
b1111 3
b1111 :
b1111 S
1_
1`
0a
1]
b101 5
b101 D
b101 F
b101 R
b101 X
b101 B
b101 G
b101 M
b101 +
b101 0
b101 <
b101 L
#3237001
b1111 !"
#3238000
1#
b1100 $
b1100 4
b1100 8
1T
0b
b1100 2
b1100 9
b1100 Z
0k
b0 3
b0 :
b0 S
1U
0_
0`
1a
1g
0i
0j
0]
1f
b110 5
b110 D
b110 F
b110 R
b110 X
b110 B
b110 G
b110 M
b110 +
b110 0
b110 <
b110 L
#3238001
b1100 !"
#3239000
b1101 $
b1101 4
b1101 8
b1101 2
b1101 9
b1101 Z
1b
b1 3
b1 :
b1 S
1_
1`
0a
1]
b111 5
b111 D
b111 F
b111 R
b111 X
b111 B
b111 G
b111 M
b111 +
b111 0
b111 <
b111 L
#3239001
b1101 !"
#3240000
0"
b10 $
b10 4
b10 8
0b
1k
0t
b10 2
b10 9
b10 Z
0}
0U
0T
b10 3
b10 :
b10 S
0_
0`
1a
0g
1i
1j
0q
0r
1s
1y
0{
0|
0]
0f
0o
1x
b1000 5
b1000 D
b1000 F
b1000 R
b1000 X
b1000 B
b1000 G
b1000 M
b1000 +
b1000 0
b1000 <
b1000 L
#3240001
0#"
b10 !"
#3241000
b11 $
b11 4
b11 8
b11 2
b11 9
b11 Z
1b
b11 3
b11 :
b11 S
1_
1`
0a
1]
b1001 5
b1001 D
b1001 F
b1001 R
b1001 X
b1001 B
b1001 G
b1001 M
b1001 +
b1001 0
b1001 <
b1001 L
#3241001
b11 !"
#3242000
1!
b0 $
b0 4
b0 8
0b
b0 2
b0 9
b0 Z
0k
b100 3
b100 :
b100 S
1U
0_
0`
1a
1g
0i
0j
0]
1f
b1010 5
b1010 D
b1010 F
b1010 R
b1010 X
b1010 B
b1010 G
b1010 M
b1010 +
b1010 0
b1010 <
b1010 L
#3242001
1$"
b0 !"
#3243000
0!
b1 $
b1 4
b1 8
b1 2
b1 9
b1 Z
1b
b101 3
b101 :
b101 S
1_
1`
0a
1]
b1011 5
b1011 D
b1011 F
b1011 R
b1011 X
b1011 B
b1011 G
b1011 M
b1011 +
b1011 0
b1011 <
b1011 L
#3243001
0$"
b1 !"
#3244000
b110 $
b110 4
b110 8
0b
1k
b110 2
b110 9
b110 Z
1t
0U
b110 3
b110 :
b110 S
0T
0_
0`
1a
0g
1i
1j
1q
1r
0s
0]
0f
1o
b1100 5
b1100 D
b1100 F
b1100 R
b1100 X
b1100 B
b1100 G
b1100 M
b1100 +
b1100 0
b1100 <
b1100 L
#3244001
b110 !"
#3245000
b111 $
b111 4
b111 8
b111 2
b111 9
b111 Z
1b
b111 3
b111 :
b111 S
1_
1`
0a
1]
b1101 5
b1101 D
b1101 F
b1101 R
b1101 X
b1101 B
b1101 G
b1101 M
b1101 +
b1101 0
b1101 <
b1101 L
#3245001
b111 !"
#3246000
b100 $
b100 4
b100 8
1T
0b
b100 2
b100 9
b100 Z
0k
b1000 3
b1000 :
b1000 S
1U
0_
0`
1a
1g
0i
0j
0]
1f
b1110 5
b1110 D
b1110 F
b1110 R
b1110 X
b1110 B
b1110 G
b1110 M
b1110 +
b1110 0
b1110 <
b1110 L
#3246001
b100 !"
#3247000
b101 $
b101 4
b101 8
b101 2
b101 9
b101 Z
1b
b1001 3
b1001 :
b1001 S
1_
1`
0a
1]
b1111 5
b1111 D
b1111 F
b1111 R
b1111 X
b1111 B
b1111 G
b1111 M
b1111 +
b1111 0
b1111 <
b1111 L
#3247001
b101 !"
#3248000
1"
b1011 $
b1011 4
b1011 8
0#
1k
0t
b1011 2
b1011 9
b1011 Z
1}
0U
0T
b1011 3
b1011 :
b1011 S
1a
0g
1i
1j
0q
0r
1s
0y
1{
1|
0]
0f
0o
0x
1\
b0 5
b0 D
b0 F
b0 R
b0 X
b1011 6
b1011 E
b1011 P
b1011 Q
b1011 W
b0 B
b0 G
b0 M
b1011 *
b1011 /
b1011 ;
b1011 K
b1011 O
b0 +
b0 0
b0 <
b0 L
#3248001
1#"
b1011 !"
#3249000
b1010 $
b1010 4
b1010 8
1U
b1010 2
b1010 9
b1010 Z
0b
b1100 3
b1100 :
b1100 S
1V
1^
0`
0a
1]
b1 5
b1 D
b1 F
b1 R
b1 X
b1 B
b1 G
b1 M
b1 +
b1 0
b1 <
b1 L
#3249001
b1010 !"
#3250000
b1001 $
b1001 4
b1001 8
1b
b1001 2
b1001 9
b1001 Z
0k
0V
b1101 3
b1101 :
b1101 S
0^
1`
1a
1g
0i
0j
0]
1f
b10 5
b10 D
b10 F
b10 R
b10 X
b10 B
b10 G
b10 M
b10 +
b10 0
b10 <
b10 L
#3250001
b1001 !"
#3251000
b1000 $
b1000 4
b1000 8
b1000 2
b1000 9
b1000 Z
0b
b1110 3
b1110 :
b1110 S
1V
1^
0`
0a
1]
b11 5
b11 D
b11 F
b11 R
b11 X
b11 B
b11 G
b11 M
b11 +
b11 0
b11 <
b11 L
#3251001
b1000 !"
#3252000
b1111 $
b1111 4
b1111 8
0U
0#
1b
1k
b1111 2
b1111 9
b1111 Z
1t
0V
b1111 3
b1111 :
b1111 S
0T
0^
1`
1a
0g
1i
1j
1q
1r
0s
0]
0f
1o
b100 5
b100 D
b100 F
b100 R
b100 X
b100 B
b100 G
b100 M
b100 +
b100 0
b100 <
b100 L
#3252001
b1111 !"
#3253000
1#
1T
b1110 $
b1110 4
b1110 8
1U
b1110 2
b1110 9
b1110 Z
0b
b0 3
b0 :
b0 S
1V
1^
0`
0a
1]
b101 5
b101 D
b101 F
b101 R
b101 X
b101 B
b101 G
b101 M
b101 +
b101 0
b101 <
b101 L
#3253001
b1110 !"
#3254000
b1101 $
b1101 4
b1101 8
1b
b1101 2
b1101 9
b1101 Z
0k
0V
b1 3
b1 :
b1 S
0^
1`
1a
1g
0i
0j
0]
1f
b110 5
b110 D
b110 F
b110 R
b110 X
b110 B
b110 G
b110 M
b110 +
b110 0
b110 <
b110 L
#3254001
b1101 !"
#3255000
b1100 $
b1100 4
b1100 8
b1100 2
b1100 9
b1100 Z
0b
b10 3
b10 :
b10 S
1V
1^
0`
0a
1]
b111 5
b111 D
b111 F
b111 R
b111 X
b111 B
b111 G
b111 M
b111 +
b111 0
b111 <
b111 L
#3255001
b1100 !"
#3256000
0"
b11 $
b11 4
b11 8
0U
1b
1k
0t
b11 2
b11 9
b11 Z
0}
0V
0T
b11 3
b11 :
b11 S
0^
1`
1a
0g
1i
1j
0q
0r
1s
1y
0{
0|
0]
0f
0o
1x
b1000 5
b1000 D
b1000 F
b1000 R
b1000 X
b1000 B
b1000 G
b1000 M
b1000 +
b1000 0
b1000 <
b1000 L
#3256001
0#"
b11 !"
#3257000
b10 $
b10 4
b10 8
1U
b10 2
b10 9
b10 Z
0b
b100 3
b100 :
b100 S
1V
1^
0`
0a
1]
b1001 5
b1001 D
b1001 F
b1001 R
b1001 X
b1001 B
b1001 G
b1001 M
b1001 +
b1001 0
b1001 <
b1001 L
#3257001
b10 !"
#3258000
b1 $
b1 4
b1 8
1b
b1 2
b1 9
b1 Z
0k
0V
b101 3
b101 :
b101 S
0^
1`
1a
1g
0i
0j
0]
1f
b1010 5
b1010 D
b1010 F
b1010 R
b1010 X
b1010 B
b1010 G
b1010 M
b1010 +
b1010 0
b1010 <
b1010 L
#3258001
b1 !"
#3259000
1!
b0 $
b0 4
b0 8
b0 2
b0 9
b0 Z
0b
b110 3
b110 :
b110 S
1V
1^
0`
0a
1]
b1011 5
b1011 D
b1011 F
b1011 R
b1011 X
b1011 B
b1011 G
b1011 M
b1011 +
b1011 0
b1011 <
b1011 L
#3259001
1$"
b0 !"
#3260000
0!
b111 $
b111 4
b111 8
0U
1b
1k
b111 2
b111 9
b111 Z
1t
0V
b111 3
b111 :
b111 S
0T
0^
1`
1a
0g
1i
1j
1q
1r
0s
0]
0f
1o
b1100 5
b1100 D
b1100 F
b1100 R
b1100 X
b1100 B
b1100 G
b1100 M
b1100 +
b1100 0
b1100 <
b1100 L
#3260001
0$"
b111 !"
#3261000
1T
b110 $
b110 4
b110 8
1U
b110 2
b110 9
b110 Z
0b
b1000 3
b1000 :
b1000 S
1V
1^
0`
0a
1]
b1101 5
b1101 D
b1101 F
b1101 R
b1101 X
b1101 B
b1101 G
b1101 M
b1101 +
b1101 0
b1101 <
b1101 L
#3261001
b110 !"
#3262000
b101 $
b101 4
b101 8
1b
b101 2
b101 9
b101 Z
0k
0V
b1001 3
b1001 :
b1001 S
0^
1`
1a
1g
0i
0j
0]
1f
b1110 5
b1110 D
b1110 F
b1110 R
b1110 X
b1110 B
b1110 G
b1110 M
b1110 +
b1110 0
b1110 <
b1110 L
#3262001
b101 !"
#3263000
b100 $
b100 4
b100 8
b100 2
b100 9
b100 Z
0b
b1010 3
b1010 :
b1010 S
1V
1^
0`
0a
1]
b1111 5
b1111 D
b1111 F
b1111 R
b1111 X
b1111 B
b1111 G
b1111 M
b1111 +
b1111 0
b1111 <
b1111 L
#3263001
b100 !"
#3264000
1"
0#
b1100 $
b1100 4
b1100 8
0T
b1100 2
b1100 9
b1100 Z
1}
0U
b1100 3
b1100 :
b1100 S
1a
1j
1s
0y
1{
1|
0V
0^
0_
0g
0h
0]
0f
0o
0x
0\
0e
1n
b0 5
b0 D
b0 F
b0 R
b0 X
b1100 6
b1100 E
b1100 P
b1100 Q
b1100 W
b0 B
b0 G
b0 M
b1100 *
b1100 /
b1100 ;
b1100 K
b1100 O
b0 +
b0 0
b0 <
b0 L
#3264001
1#"
b1100 !"
#3265000
b1101 $
b1101 4
b1101 8
b1101 2
b1101 9
b1101 Z
1b
b1101 3
b1101 :
b1101 S
1_
1`
0a
1]
b1 5
b1 D
b1 F
b1 R
b1 X
b1 B
b1 G
b1 M
b1 +
b1 0
b1 <
b1 L
#3265001
b1101 !"
#3266000
b1110 $
b1110 4
b1110 8
0b
b1110 2
b1110 9
b1110 Z
1k
b1110 3
b1110 :
b1110 S
0_
0`
1a
1h
1i
0j
0]
1f
b10 5
b10 D
b10 F
b10 R
b10 X
b10 B
b10 G
b10 M
b10 +
b10 0
b10 <
b10 L
#3266001
b1110 !"
#3267000
b1111 $
b1111 4
b1111 8
b1111 2
b1111 9
b1111 Z
1b
b1111 3
b1111 :
b1111 S
1_
1`
0a
1]
b11 5
b11 D
b11 F
b11 R
b11 X
b11 B
b11 G
b11 M
b11 +
b11 0
b11 <
b11 L
#3267001
b1111 !"
#3268000
b1000 $
b1000 4
b1000 8
1#
0b
0k
b1000 2
b1000 9
b1000 Z
0t
b0 3
b0 :
b0 S
1T
0_
0`
1a
0h
0i
1j
1p
0r
0s
0]
0f
1o
b100 5
b100 D
b100 F
b100 R
b100 X
b100 B
b100 G
b100 M
b100 +
b100 0
b100 <
b100 L
#3268001
b1000 !"
#3269000
b1001 $
b1001 4
b1001 8
b1001 2
b1001 9
b1001 Z
1b
b1 3
b1 :
b1 S
1_
1`
0a
1]
b101 5
b101 D
b101 F
b101 R
b101 X
b101 B
b101 G
b101 M
b101 +
b101 0
b101 <
b101 L
#3269001
b1001 !"
#3270000
b1010 $
b1010 4
b1010 8
0b
b1010 2
b1010 9
b1010 Z
1k
b10 3
b10 :
b10 S
0_
0`
1a
1h
1i
0j
0]
1f
b110 5
b110 D
b110 F
b110 R
b110 X
b110 B
b110 G
b110 M
b110 +
b110 0
b110 <
b110 L
#3270001
b1010 !"
#3271000
b1011 $
b1011 4
b1011 8
b1011 2
b1011 9
b1011 Z
1b
b11 3
b11 :
b11 S
1_
1`
0a
1]
b111 5
b111 D
b111 F
b111 R
b111 X
b111 B
b111 G
b111 M
b111 +
b111 0
b111 <
b111 L
#3271001
b1011 !"
#3272000
0"
b100 $
b100 4
b100 8
0b
0k
1t
b100 2
b100 9
b100 Z
0}
0T
b100 3
b100 :
b100 S
0_
0`
1a
0h
0i
1j
0p
1r
1s
1y
0{
0|
0]
0f
0o
1x
b1000 5
b1000 D
b1000 F
b1000 R
b1000 X
b1000 B
b1000 G
b1000 M
b1000 +
b1000 0
b1000 <
b1000 L
#3272001
0#"
b100 !"
#3273000
b101 $
b101 4
b101 8
b101 2
b101 9
b101 Z
1b
b101 3
b101 :
b101 S
1_
1`
0a
1]
b1001 5
b1001 D
b1001 F
b1001 R
b1001 X
b1001 B
b1001 G
b1001 M
b1001 +
b1001 0
b1001 <
b1001 L
#3273001
b101 !"
#3274000
b110 $
b110 4
b110 8
0b
b110 2
b110 9
b110 Z
1k
b110 3
b110 :
b110 S
0_
0`
1a
1h
1i
0j
0]
1f
b1010 5
b1010 D
b1010 F
b1010 R
b1010 X
b1010 B
b1010 G
b1010 M
b1010 +
b1010 0
b1010 <
b1010 L
#3274001
b110 !"
#3275000
b111 $
b111 4
b111 8
b111 2
b111 9
b111 Z
1b
b111 3
b111 :
b111 S
1_
1`
0a
1]
b1011 5
b1011 D
b1011 F
b1011 R
b1011 X
b1011 B
b1011 G
b1011 M
b1011 +
b1011 0
b1011 <
b1011 L
#3275001
b111 !"
#3276000
1!
b0 $
b0 4
b0 8
0b
0k
b0 2
b0 9
b0 Z
0t
b1000 3
b1000 :
b1000 S
1T
0_
0`
1a
0h
0i
1j
1p
0r
0s
0]
0f
1o
b1100 5
b1100 D
b1100 F
b1100 R
b1100 X
b1100 B
b1100 G
b1100 M
b1100 +
b1100 0
b1100 <
b1100 L
#3276001
1$"
b0 !"
#3277000
0!
b1 $
b1 4
b1 8
b1 2
b1 9
b1 Z
1b
b1001 3
b1001 :
b1001 S
1_
1`
0a
1]
b1101 5
b1101 D
b1101 F
b1101 R
b1101 X
b1101 B
b1101 G
b1101 M
b1101 +
b1101 0
b1101 <
b1101 L
#3277001
0$"
b1 !"
#3278000
b10 $
b10 4
b10 8
0b
b10 2
b10 9
b10 Z
1k
b1010 3
b1010 :
b1010 S
0_
0`
1a
1h
1i
0j
0]
1f
b1110 5
b1110 D
b1110 F
b1110 R
b1110 X
b1110 B
b1110 G
b1110 M
b1110 +
b1110 0
b1110 <
b1110 L
#3278001
b10 !"
#3279000
b11 $
b11 4
b11 8
b11 2
b11 9
b11 Z
1b
b1011 3
b1011 :
b1011 S
1_
1`
0a
1]
b1111 5
b1111 D
b1111 F
b1111 R
b1111 X
b1111 B
b1111 G
b1111 M
b1111 +
b1111 0
b1111 <
b1111 L
#3279001
b11 !"
#3280000
1"
b1101 $
b1101 4
b1101 8
0#
0k
1t
b1101 2
b1101 9
b1101 Z
1}
0T
b1101 3
b1101 :
b1101 S
1a
0h
0i
1j
0p
1r
1s
0y
1{
1|
0]
0f
0o
0x
1\
b0 5
b0 D
b0 F
b0 R
b0 X
b1101 6
b1101 E
b1101 P
b1101 Q
b1101 W
b0 B
b0 G
b0 M
b1101 *
b1101 /
b1101 ;
b1101 K
b1101 O
b0 +
b0 0
b0 <
b0 L
#3280001
1#"
b1101 !"
#3281000
b1100 $
b1100 4
b1100 8
b1100 2
b1100 9
b1100 Z
0b
b1110 3
b1110 :
b1110 S
1V
1^
0`
0a
1]
b1 5
b1 D
b1 F
b1 R
b1 X
b1 B
b1 G
b1 M
b1 +
b1 0
b1 <
b1 L
#3281001
b1100 !"
#3282000
0#
b1111 $
b1111 4
b1111 8
0T
1b
b1111 2
b1111 9
b1111 Z
1k
0V
b1111 3
b1111 :
b1111 S
0U
0^
1`
1a
1h
1i
0j
0]
1f
b10 5
b10 D
b10 F
b10 R
b10 X
b10 B
b10 G
b10 M
b10 +
b10 0
b10 <
b10 L
#3282001
b1111 !"
#3283000
1#
1T
b1110 $
b1110 4
b1110 8
1U
b1110 2
b1110 9
b1110 Z
0b
b0 3
b0 :
b0 S
1V
1^
0`
0a
1]
b11 5
b11 D
b11 F
b11 R
b11 X
b11 B
b11 G
b11 M
b11 +
b11 0
b11 <
b11 L
#3283001
b1110 !"
#3284000
b1001 $
b1001 4
b1001 8
1b
0k
b1001 2
b1001 9
b1001 Z
0t
0V
0U
b1 3
b1 :
b1 S
0^
1`
1a
0h
0i
1j
1p
0r
0s
0]
0f
1o
b100 5
b100 D
b100 F
b100 R
b100 X
b100 B
b100 G
b100 M
b100 +
b100 0
b100 <
b100 L
#3284001
b1001 !"
#3285000
b1000 $
b1000 4
b1000 8
b1000 2
b1000 9
b1000 Z
0b
b10 3
b10 :
b10 S
1V
1^
0`
0a
1]
b101 5
b101 D
b101 F
b101 R
b101 X
b101 B
b101 G
b101 M
b101 +
b101 0
b101 <
b101 L
#3285001
b1000 !"
#3286000
b1011 $
b1011 4
b1011 8
1b
b1011 2
b1011 9
b1011 Z
1k
0V
b11 3
b11 :
b11 S
0U
0^
1`
1a
1h
1i
0j
0]
1f
b110 5
b110 D
b110 F
b110 R
b110 X
b110 B
b110 G
b110 M
b110 +
b110 0
b110 <
b110 L
#3286001
b1011 !"
#3287000
b1010 $
b1010 4
b1010 8
1U
b1010 2
b1010 9
b1010 Z
0b
b100 3
b100 :
b100 S
1V
1^
0`
0a
1]
b111 5
b111 D
b111 F
b111 R
b111 X
b111 B
b111 G
b111 M
b111 +
b111 0
b111 <
b111 L
#3287001
b1010 !"
#3288000
0"
b101 $
b101 4
b101 8
0T
1b
0k
1t
b101 2
b101 9
b101 Z
0}
0V
0U
b101 3
b101 :
b101 S
0^
1`
1a
0h
0i
1j
0p
1r
1s
1y
0{
0|
0]
0f
0o
1x
b1000 5
b1000 D
b1000 F
b1000 R
b1000 X
b1000 B
b1000 G
b1000 M
b1000 +
b1000 0
b1000 <
b1000 L
#3288001
0#"
b101 !"
#3289000
b100 $
b100 4
b100 8
b100 2
b100 9
b100 Z
0b
b110 3
b110 :
b110 S
1V
1^
0`
0a
1]
b1001 5
b1001 D
b1001 F
b1001 R
b1001 X
b1001 B
b1001 G
b1001 M
b1001 +
b1001 0
b1001 <
b1001 L
#3289001
b100 !"
#3290000
b111 $
b111 4
b111 8
0T
1b
b111 2
b111 9
b111 Z
1k
0V
b111 3
b111 :
b111 S
0U
0^
1`
1a
1h
1i
0j
0]
1f
b1010 5
b1010 D
b1010 F
b1010 R
b1010 X
b1010 B
b1010 G
b1010 M
b1010 +
b1010 0
b1010 <
b1010 L
#3290001
b111 !"
#3291000
1T
b110 $
b110 4
b110 8
1U
b110 2
b110 9
b110 Z
0b
b1000 3
b1000 :
b1000 S
1V
1^
0`
0a
1]
b1011 5
b1011 D
b1011 F
b1011 R
b1011 X
b1011 B
b1011 G
b1011 M
b1011 +
b1011 0
b1011 <
b1011 L
#3291001
b110 !"
#3292000
b1 $
b1 4
b1 8
1b
0k
b1 2
b1 9
b1 Z
0t
0V
0U
b1001 3
b1001 :
b1001 S
0^
1`
1a
0h
0i
1j
1p
0r
0s
0]
0f
1o
b1100 5
b1100 D
b1100 F
b1100 R
b1100 X
b1100 B
b1100 G
b1100 M
b1100 +
b1100 0
b1100 <
b1100 L
#3292001
b1 !"
#3293000
1!
b0 $
b0 4
b0 8
b0 2
b0 9
b0 Z
0b
b1010 3
b1010 :
b1010 S
1V
1^
0`
0a
1]
b1101 5
b1101 D
b1101 F
b1101 R
b1101 X
b1101 B
b1101 G
b1101 M
b1101 +
b1101 0
b1101 <
b1101 L
#3293001
1$"
b0 !"
#3294000
0!
b11 $
b11 4
b11 8
1b
b11 2
b11 9
b11 Z
1k
0V
b1011 3
b1011 :
b1011 S
0U
0^
1`
1a
1h
1i
0j
0]
1f
b1110 5
b1110 D
b1110 F
b1110 R
b1110 X
b1110 B
b1110 G
b1110 M
b1110 +
b1110 0
b1110 <
b1110 L
#3294001
0$"
b11 !"
#3295000
b10 $
b10 4
b10 8
1U
b10 2
b10 9
b10 Z
0b
b1100 3
b1100 :
b1100 S
1V
1^
0`
0a
1]
b1111 5
b1111 D
b1111 F
b1111 R
b1111 X
b1111 B
b1111 G
b1111 M
b1111 +
b1111 0
b1111 <
b1111 L
#3295001
b10 !"
#3296000
1"
0#
b1110 $
b1110 4
b1110 8
0T
1t
b1110 2
b1110 9
b1110 Z
1}
0U
b1110 3
b1110 :
b1110 S
1a
1j
0p
1r
1s
0y
1{
1|
0V
0^
0_
0]
0f
0o
0x
0\
1e
b0 5
b0 D
b0 F
b0 R
b0 X
b1110 6
b1110 E
b1110 P
b1110 Q
b1110 W
b0 B
b0 G
b0 M
b1110 *
b1110 /
b1110 ;
b1110 K
b1110 O
b0 +
b0 0
b0 <
b0 L
#3296001
1#"
b1110 !"
#3297000
b1111 $
b1111 4
b1111 8
b1111 2
b1111 9
b1111 Z
1b
b1111 3
b1111 :
b1111 S
1_
1`
0a
1]
b1 5
b1 D
b1 F
b1 R
b1 X
b1 B
b1 G
b1 M
b1 +
b1 0
b1 <
b1 L
#3297001
b1111 !"
#3298000
1#
b1100 $
b1100 4
b1100 8
1T
0b
b1100 2
b1100 9
b1100 Z
0k
b0 3
b0 :
b0 S
1U
0_
0`
1a
1g
0i
0j
0]
1f
b10 5
b10 D
b10 F
b10 R
b10 X
b10 B
b10 G
b10 M
b10 +
b10 0
b10 <
b10 L
#3298001
b1100 !"
#3299000
b1101 $
b1101 4
b1101 8
b1101 2
b1101 9
b1101 Z
1b
b1 3
b1 :
b1 S
1_
1`
0a
1]
b11 5
b11 D
b11 F
b11 R
b11 X
b11 B
b11 G
b11 M
b11 +
b11 0
b11 <
b11 L
#3299001
b1101 !"
#3300000
b1010 $
b1010 4
b1010 8
0b
1k
b1010 2
b1010 9
b1010 Z
0t
0U
b10 3
b10 :
b10 S
0_
0`
1a
0g
1i
1j
1p
0r
0s
0]
0f
1o
b100 5
b100 D
b100 F
b100 R
b100 X
b100 B
b100 G
b100 M
b100 +
b100 0
b100 <
b100 L
#3300001
b1010 !"
#3301000
b1011 $
b1011 4
b1011 8
b1011 2
b1011 9
b1011 Z
1b
b11 3
b11 :
b11 S
1_
1`
0a
1]
b101 5
b101 D
b101 F
b101 R
b101 X
b101 B
b101 G
b101 M
b101 +
b101 0
b101 <
b101 L
#3301001
b1011 !"
#3302000
b1000 $
b1000 4
b1000 8
0b
b1000 2
b1000 9
b1000 Z
0k
b100 3
b100 :
b100 S
1U
0_
0`
1a
1g
0i
0j
0]
1f
b110 5
b110 D
b110 F
b110 R
b110 X
b110 B
b110 G
b110 M
b110 +
b110 0
b110 <
b110 L
#3302001
b1000 !"
#3303000
b1001 $
b1001 4
b1001 8
b1001 2
b1001 9
b1001 Z
1b
b101 3
b101 :
b101 S
1_
1`
0a
1]
b111 5
b111 D
b111 F
b111 R
b111 X
b111 B
b111 G
b111 M
b111 +
b111 0
b111 <
b111 L
#3303001
b1001 !"
#3304000
0"
b110 $
b110 4
b110 8
0T
0b
1k
1t
b110 2
b110 9
b110 Z
0}
0U
b110 3
b110 :
b110 S
0_
0`
1a
0g
1i
1j
0p
1r
1s
1y
0{
0|
0]
0f
0o
1x
b1000 5
b1000 D
b1000 F
b1000 R
b1000 X
b1000 B
b1000 G
b1000 M
b1000 +
b1000 0
b1000 <
b1000 L
#3304001
0#"
b110 !"
#3305000
b111 $
b111 4
b111 8
b111 2
b111 9
b111 Z
1b
b111 3
b111 :
b111 S
1_
1`
0a
1]
b1001 5
b1001 D
b1001 F
b1001 R
b1001 X
b1001 B
b1001 G
b1001 M
b1001 +
b1001 0
b1001 <
b1001 L
#3305001
b111 !"
#3306000
b100 $
b100 4
b100 8
1T
0b
b100 2
b100 9
b100 Z
0k
b1000 3
b1000 :
b1000 S
1U
0_
0`
1a
1g
0i
0j
0]
1f
b1010 5
b1010 D
b1010 F
b1010 R
b1010 X
b1010 B
b1010 G
b1010 M
b1010 +
b1010 0
b1010 <
b1010 L
#3306001
b100 !"
#3307000
b101 $
b101 4
b101 8
b101 2
b101 9
b101 Z
1b
b1001 3
b1001 :
b1001 S
1_
1`
0a
1]
b1011 5
b1011 D
b1011 F
b1011 R
b1011 X
b1011 B
b1011 G
b1011 M
b1011 +
b1011 0
b1011 <
b1011 L
#3307001
b101 !"
#3308000
b10 $
b10 4
b10 8
0b
1k
b10 2
b10 9
b10 Z
0t
0U
b1010 3
b1010 :
b1010 S
0_
0`
1a
0g
1i
1j
1p
0r
0s
0]
0f
1o
b1100 5
b1100 D
b1100 F
b1100 R
b1100 X
b1100 B
b1100 G
b1100 M
b1100 +
b1100 0
b1100 <
b1100 L
#3308001
b10 !"
#3309000
b11 $
b11 4
b11 8
b11 2
b11 9
b11 Z
1b
b1011 3
b1011 :
b1011 S
1_
1`
0a
1]
b1101 5
b1101 D
b1101 F
b1101 R
b1101 X
b1101 B
b1101 G
b1101 M
b1101 +
b1101 0
b1101 <
b1101 L
#3309001
b11 !"
#3310000
1!
b0 $
b0 4
b0 8
0b
b0 2
b0 9
b0 Z
0k
b1100 3
b1100 :
b1100 S
1U
0_
0`
1a
1g
0i
0j
0]
1f
b1110 5
b1110 D
b1110 F
b1110 R
b1110 X
b1110 B
b1110 G
b1110 M
b1110 +
b1110 0
b1110 <
b1110 L
#3310001
1$"
b0 !"
#3311000
0!
b1 $
b1 4
b1 8
b1 2
b1 9
b1 Z
1b
b1101 3
b1101 :
b1101 S
1_
1`
0a
1]
b1111 5
b1111 D
b1111 F
b1111 R
b1111 X
b1111 B
b1111 G
b1111 M
b1111 +
b1111 0
b1111 <
b1111 L
#3311001
0$"
b1 !"
#3312000
1"
0#
b1111 $
b1111 4
b1111 8
0T
1k
1t
b1111 2
b1111 9
b1111 Z
1}
0U
b1111 3
b1111 :
b1111 S
1a
0g
1i
1j
0p
1r
1s
0y
1{
1|
0]
0f
0o
0x
1\
b0 5
b0 D
b0 F
b0 R
b0 X
b1111 6
b1111 E
b1111 P
b1111 Q
b1111 W
b0 B
b0 G
b0 M
b1111 *
b1111 /
b1111 ;
b1111 K
b1111 O
b0 +
b0 0
b0 <
b0 L
#3312001
1#"
b1111 !"
#3313000
1#
1T
b1110 $
b1110 4
b1110 8
1U
b1110 2
b1110 9
b1110 Z
0b
b0 3
b0 :
b0 S
1V
1^
0`
0a
1]
b1 5
b1 D
b1 F
b1 R
b1 X
b1 B
b1 G
b1 M
b1 +
b1 0
b1 <
b1 L
#3313001
b1110 !"
#3314000
b1101 $
b1101 4
b1101 8
1b
b1101 2
b1101 9
b1101 Z
0k
0V
b1 3
b1 :
b1 S
0^
1`
1a
1g
0i
0j
0]
1f
b10 5
b10 D
b10 F
b10 R
b10 X
b10 B
b10 G
b10 M
b10 +
b10 0
b10 <
b10 L
#3314001
b1101 !"
#3315000
b1100 $
b1100 4
b1100 8
b1100 2
b1100 9
b1100 Z
0b
b10 3
b10 :
b10 S
1V
1^
0`
0a
1]
b11 5
b11 D
b11 F
b11 R
b11 X
b11 B
b11 G
b11 M
b11 +
b11 0
b11 <
b11 L
#3315001
b1100 !"
#3316000
b1011 $
b1011 4
b1011 8
0U
1b
1k
b1011 2
b1011 9
b1011 Z
0t
0V
b11 3
b11 :
b11 S
0^
1`
1a
0g
1i
1j
1p
0r
0s
0]
0f
1o
b100 5
b100 D
b100 F
b100 R
b100 X
b100 B
b100 G
b100 M
b100 +
b100 0
b100 <
b100 L
#3316001
b1011 !"
#3317000
b1010 $
b1010 4
b1010 8
1U
b1010 2
b1010 9
b1010 Z
0b
b100 3
b100 :
b100 S
1V
1^
0`
0a
1]
b101 5
b101 D
b101 F
b101 R
b101 X
b101 B
b101 G
b101 M
b101 +
b101 0
b101 <
b101 L
#3317001
b1010 !"
#3318000
b1001 $
b1001 4
b1001 8
1b
b1001 2
b1001 9
b1001 Z
0k
0V
b101 3
b101 :
b101 S
0^
1`
1a
1g
0i
0j
0]
1f
b110 5
b110 D
b110 F
b110 R
b110 X
b110 B
b110 G
b110 M
b110 +
b110 0
b110 <
b110 L
#3318001
b1001 !"
#3319000
b1000 $
b1000 4
b1000 8
b1000 2
b1000 9
b1000 Z
0b
b110 3
b110 :
b110 S
1V
1^
0`
0a
1]
b111 5
b111 D
b111 F
b111 R
b111 X
b111 B
b111 G
b111 M
b111 +
b111 0
b111 <
b111 L
#3319001
b1000 !"
#3320000
0"
0T
b111 $
b111 4
b111 8
0U
1b
1k
1t
b111 2
b111 9
b111 Z
0}
0V
b111 3
b111 :
b111 S
0^
1`
1a
0g
1i
1j
0p
1r
1s
1y
0{
0|
0]
0f
0o
1x
b1000 5
b1000 D
b1000 F
b1000 R
b1000 X
b1000 B
b1000 G
b1000 M
b1000 +
b1000 0
b1000 <
b1000 L
#3320001
0#"
b111 !"
#3321000
1T
b110 $
b110 4
b110 8
1U
b110 2
b110 9
b110 Z
0b
b1000 3
b1000 :
b1000 S
1V
1^
0`
0a
1]
b1001 5
b1001 D
b1001 F
b1001 R
b1001 X
b1001 B
b1001 G
b1001 M
b1001 +
b1001 0
b1001 <
b1001 L
#3321001
b110 !"
#3322000
b101 $
b101 4
b101 8
1b
b101 2
b101 9
b101 Z
0k
0V
b1001 3
b1001 :
b1001 S
0^
1`
1a
1g
0i
0j
0]
1f
b1010 5
b1010 D
b1010 F
b1010 R
b1010 X
b1010 B
b1010 G
b1010 M
b1010 +
b1010 0
b1010 <
b1010 L
#3322001
b101 !"
#3323000
b100 $
b100 4
b100 8
b100 2
b100 9
b100 Z
0b
b1010 3
b1010 :
b1010 S
1V
1^
0`
0a
1]
b1011 5
b1011 D
b1011 F
b1011 R
b1011 X
b1011 B
b1011 G
b1011 M
b1011 +
b1011 0
b1011 <
b1011 L
#3323001
b100 !"
#3324000
b11 $
b11 4
b11 8
0U
1b
1k
b11 2
b11 9
b11 Z
0t
0V
b1011 3
b1011 :
b1011 S
0^
1`
1a
0g
1i
1j
1p
0r
0s
0]
0f
1o
b1100 5
b1100 D
b1100 F
b1100 R
b1100 X
b1100 B
b1100 G
b1100 M
b1100 +
b1100 0
b1100 <
b1100 L
#3324001
b11 !"
#3325000
b10 $
b10 4
b10 8
1U
b10 2
b10 9
b10 Z
0b
b1100 3
b1100 :
b1100 S
1V
1^
0`
0a
1]
b1101 5
b1101 D
b1101 F
b1101 R
b1101 X
b1101 B
b1101 G
b1101 M
b1101 +
b1101 0
b1101 <
b1101 L
#3325001
b10 !"
#3326000
b1 $
b1 4
b1 8
1b
b1 2
b1 9
b1 Z
0k
0V
b1101 3
b1101 :
b1101 S
0^
1`
1a
1g
0i
0j
0]
1f
b1110 5
b1110 D
b1110 F
b1110 R
b1110 X
b1110 B
b1110 G
b1110 M
b1110 +
b1110 0
b1110 <
b1110 L
#3326001
b1 !"
#3327000
1!
b0 $
b0 4
b0 8
b0 2
b0 9
b0 Z
0b
b1110 3
b1110 :
b1110 S
1V
1^
0`
0a
1]
b1111 5
b1111 D
b1111 F
b1111 R
b1111 X
b1111 B
b1111 G
b1111 M
b1111 +
b1111 0
b1111 <
b1111 L
#3327001
1$"
b0 !"
#3328000
0V
0U
0T
0#
1a
1j
1s
1|
0^
0_
0g
0h
0p
0q
0y
0z
0]
0f
0o
0x
0\
0e
0n
0w
b0 5
b0 D
b0 F
b0 R
b0 X
b1 3
b1 :
b1 S
b0 6
b0 E
b0 P
b0 Q
b0 W
b0 B
b0 G
b0 M
1-
b0 *
b0 /
b0 ;
b0 K
b0 O
b0 +
b0 0
b0 <
b0 L
#3329000
0!
b1 $
b1 4
b1 8
b1 2
b1 9
b1 Z
1b
b10 3
b10 :
b10 S
1V
1_
1`
0a
1]
b1 5
b1 D
b1 F
b1 R
b1 X
b1 B
b1 G
b1 M
b1 +
b1 0
b1 <
b1 L
#3329001
0$"
b1 !"
#3330000
b10 $
b10 4
b10 8
0b
b10 2
b10 9
b10 Z
1k
0V
b11 3
b11 :
b11 S
0U
0_
0`
1a
1h
1i
0j
0]
1f
b10 5
b10 D
b10 F
b10 R
b10 X
b10 B
b10 G
b10 M
b10 +
b10 0
b10 <
b10 L
#3330001
b10 !"
#3331000
b11 $
b11 4
b11 8
1U
b11 2
b11 9
b11 Z
1b
b100 3
b100 :
b100 S
1V
1_
1`
0a
1]
b11 5
b11 D
b11 F
b11 R
b11 X
b11 B
b11 G
b11 M
b11 +
b11 0
b11 <
b11 L
#3331001
b11 !"
#3332000
b100 $
b100 4
b100 8
0b
0k
b100 2
b100 9
b100 Z
1t
0V
0U
b101 3
b101 :
b101 S
0T
0_
0`
1a
0h
0i
1j
1q
1r
0s
0]
0f
1o
b100 5
b100 D
b100 F
b100 R
b100 X
b100 B
b100 G
b100 M
b100 +
b100 0
b100 <
b100 L
#3332001
b100 !"
#3333000
b101 $
b101 4
b101 8
b101 2
b101 9
b101 Z
1b
b110 3
b110 :
b110 S
1V
1_
1`
0a
1]
b101 5
b101 D
b101 F
b101 R
b101 X
b101 B
b101 G
b101 M
b101 +
b101 0
b101 <
b101 L
#3333001
b101 !"
#3334000
b110 $
b110 4
b110 8
0T
0b
b110 2
b110 9
b110 Z
1k
0V
b111 3
b111 :
b111 S
0U
0_
0`
1a
1h
1i
0j
0]
1f
b110 5
b110 D
b110 F
b110 R
b110 X
b110 B
b110 G
b110 M
b110 +
b110 0
b110 <
b110 L
#3334001
b110 !"
#3335000
1T
b111 $
b111 4
b111 8
1U
b111 2
b111 9
b111 Z
1b
b1000 3
b1000 :
b1000 S
1V
1_
1`
0a
1]
b111 5
b111 D
b111 F
b111 R
b111 X
b111 B
b111 G
b111 M
b111 +
b111 0
b111 <
b111 L
#3335001
b111 !"
#3336000
1"
b1000 $
b1000 4
b1000 8
0b
0k
0t
b1000 2
b1000 9
b1000 Z
1}
0V
0U
0T
b1001 3
b1001 :
b1001 S
0#
0_
0`
1a
0h
0i
1j
0q
0r
1s
1z
1{
0|
0]
0f
0o
1x
b1000 5
b1000 D
b1000 F
b1000 R
b1000 X
b1000 B
b1000 G
b1000 M
b1000 +
b1000 0
b1000 <
b1000 L
#3336001
1#"
b1000 !"
#3337000
b1001 $
b1001 4
b1001 8
b1001 2
b1001 9
b1001 Z
1b
b1010 3
b1010 :
b1010 S
1V
1_
1`
0a
1]
b1001 5
b1001 D
b1001 F
b1001 R
b1001 X
b1001 B
b1001 G
b1001 M
b1001 +
b1001 0
b1001 <
b1001 L
#3337001
b1001 !"
#3338000
b1010 $
b1010 4
b1010 8
0b
b1010 2
b1010 9
b1010 Z
1k
0V
b1011 3
b1011 :
b1011 S
0U
0_
0`
1a
1h
1i
0j
0]
1f
b1010 5
b1010 D
b1010 F
b1010 R
b1010 X
b1010 B
b1010 G
b1010 M
b1010 +
b1010 0
b1010 <
b1010 L
#3338001
b1010 !"
#3339000
b1011 $
b1011 4
b1011 8
1U
b1011 2
b1011 9
b1011 Z
1b
b1100 3
b1100 :
b1100 S
1V
1_
1`
0a
1]
b1011 5
b1011 D
b1011 F
b1011 R
b1011 X
b1011 B
b1011 G
b1011 M
b1011 +
b1011 0
b1011 <
b1011 L
#3339001
b1011 !"
#3340000
b1100 $
b1100 4
b1100 8
0#
0b
0k
b1100 2
b1100 9
b1100 Z
1t
0V
0U
b1101 3
b1101 :
b1101 S
0T
0_
0`
1a
0h
0i
1j
1q
1r
0s
0]
0f
1o
b1100 5
b1100 D
b1100 F
b1100 R
b1100 X
b1100 B
b1100 G
b1100 M
b1100 +
b1100 0
b1100 <
b1100 L
#3340001
b1100 !"
#3341000
b1101 $
b1101 4
b1101 8
b1101 2
b1101 9
b1101 Z
1b
b1110 3
b1110 :
b1110 S
1V
1_
1`
0a
1]
b1101 5
b1101 D
b1101 F
b1101 R
b1101 X
b1101 B
b1101 G
b1101 M
b1101 +
b1101 0
b1101 <
b1101 L
#3341001
b1101 !"
#3342000
0#
b1110 $
b1110 4
b1110 8
0T
0b
b1110 2
b1110 9
b1110 Z
1k
0V
b1111 3
b1111 :
b1111 S
0U
0_
0`
1a
1h
1i
0j
0]
1f
b1110 5
b1110 D
b1110 F
b1110 R
b1110 X
b1110 B
b1110 G
b1110 M
b1110 +
b1110 0
b1110 <
b1110 L
#3342001
b1110 !"
#3343000
1#
1T
b1111 $
b1111 4
b1111 8
1U
b1111 2
b1111 9
b1111 Z
1b
b0 3
b0 :
b0 S
1V
1_
1`
0a
1]
b1111 5
b1111 D
b1111 F
b1111 R
b1111 X
b1111 B
b1111 G
b1111 M
b1111 +
b1111 0
b1111 <
b1111 L
#3343001
b1111 !"
#3344000
0"
b1 $
b1 4
b1 8
0k
0t
b1 2
b1 9
b1 Z
0}
0U
0T
b10 3
b10 :
b10 S
0#
1a
0h
0i
1j
0q
0r
1s
0z
0{
1|
0]
0f
0o
0x
1\
b0 5
b0 D
b0 F
b0 R
b0 X
b1 6
b1 E
b1 P
b1 Q
b1 W
b0 B
b0 G
b0 M
b1 *
b1 /
b1 ;
b1 K
b1 O
b0 +
b0 0
b0 <
b0 L
#3344001
0#"
b1 !"
#3345000
1!
b0 $
b0 4
b0 8
b0 2
b0 9
b0 Z
0b
b11 3
b11 :
b11 S
1^
0`
0a
1]
b1 5
b1 D
b1 F
b1 R
b1 X
b1 B
b1 G
b1 M
b1 +
b1 0
b1 <
b1 L
#3345001
1$"
b0 !"
#3346000
0!
b11 $
b11 4
b11 8
1b
b11 2
b11 9
b11 Z
1k
b100 3
b100 :
b100 S
1U
0^
1`
1a
1h
1i
0j
0]
1f
b10 5
b10 D
b10 F
b10 R
b10 X
b10 B
b10 G
b10 M
b10 +
b10 0
b10 <
b10 L
#3346001
0$"
b11 !"
#3347000
b10 $
b10 4
b10 8
b10 2
b10 9
b10 Z
0b
b101 3
b101 :
b101 S
1^
0`
0a
1]
b11 5
b11 D
b11 F
b11 R
b11 X
b11 B
b11 G
b11 M
b11 +
b11 0
b11 <
b11 L
#3347001
b10 !"
#3348000
b101 $
b101 4
b101 8
1b
0k
b101 2
b101 9
b101 Z
1t
0U
b110 3
b110 :
b110 S
0T
0^
1`
1a
0h
0i
1j
1q
1r
0s
0]
0f
1o
b100 5
b100 D
b100 F
b100 R
b100 X
b100 B
b100 G
b100 M
b100 +
b100 0
b100 <
b100 L
#3348001
b101 !"
#3349000
b100 $
b100 4
b100 8
b100 2
b100 9
b100 Z
0b
b111 3
b111 :
b111 S
1^
0`
0a
1]
b101 5
b101 D
b101 F
b101 R
b101 X
b101 B
b101 G
b101 M
b101 +
b101 0
b101 <
b101 L
#3349001
b100 !"
#3350000
b111 $
b111 4
b111 8
1T
1b
b111 2
b111 9
b111 Z
1k
b1000 3
b1000 :
b1000 S
1U
0^
1`
1a
1h
1i
0j
0]
1f
b110 5
b110 D
b110 F
b110 R
b110 X
b110 B
b110 G
b110 M
b110 +
b110 0
b110 <
b110 L
#3350001
b111 !"
#3351000
b110 $
b110 4
b110 8
b110 2
b110 9
b110 Z
0b
b1001 3
b1001 :
b1001 S
1^
0`
0a
1]
b111 5
b111 D
b111 F
b111 R
b111 X
b111 B
b111 G
b111 M
b111 +
b111 0
b111 <
b111 L
#3351001
b110 !"
#3352000
1"
b1001 $
b1001 4
b1001 8
1b
0k
0t
b1001 2
b1001 9
b1001 Z
1}
0U
0T
b1010 3
b1010 :
b1010 S
0#
0^
1`
1a
0h
0i
1j
0q
0r
1s
1z
1{
0|
0]
0f
0o
1x
b1000 5
b1000 D
b1000 F
b1000 R
b1000 X
b1000 B
b1000 G
b1000 M
b1000 +
b1000 0
b1000 <
b1000 L
#3352001
1#"
b1001 !"
#3353000
b1000 $
b1000 4
b1000 8
b1000 2
b1000 9
b1000 Z
0b
b1011 3
b1011 :
b1011 S
1^
0`
0a
1]
b1001 5
b1001 D
b1001 F
b1001 R
b1001 X
b1001 B
b1001 G
b1001 M
b1001 +
b1001 0
b1001 <
b1001 L
#3353001
b1000 !"
#3354000
b1011 $
b1011 4
b1011 8
1b
b1011 2
b1011 9
b1011 Z
1k
b1100 3
b1100 :
b1100 S
1U
0^
1`
1a
1h
1i
0j
0]
1f
b1010 5
b1010 D
b1010 F
b1010 R
b1010 X
b1010 B
b1010 G
b1010 M
b1010 +
b1010 0
b1010 <
b1010 L
#3354001
b1011 !"
#3355000
b1010 $
b1010 4
b1010 8
b1010 2
b1010 9
b1010 Z
0b
b1101 3
b1101 :
b1101 S
1^
0`
0a
1]
b1011 5
b1011 D
b1011 F
b1011 R
b1011 X
b1011 B
b1011 G
b1011 M
b1011 +
b1011 0
b1011 <
b1011 L
#3355001
b1010 !"
#3356000
b1101 $
b1101 4
b1101 8
0#
1b
0k
b1101 2
b1101 9
b1101 Z
1t
0U
b1110 3
b1110 :
b1110 S
0T
0^
1`
1a
0h
0i
1j
1q
1r
0s
0]
0f
1o
b1100 5
b1100 D
b1100 F
b1100 R
b1100 X
b1100 B
b1100 G
b1100 M
b1100 +
b1100 0
b1100 <
b1100 L
#3356001
b1101 !"
#3357000
b1100 $
b1100 4
b1100 8
b1100 2
b1100 9
b1100 Z
0b
b1111 3
b1111 :
b1111 S
1^
0`
0a
1]
b1101 5
b1101 D
b1101 F
b1101 R
b1101 X
b1101 B
b1101 G
b1101 M
b1101 +
b1101 0
b1101 <
b1101 L
#3357001
b1100 !"
#3358000
1#
b1111 $
b1111 4
b1111 8
1T
1b
b1111 2
b1111 9
b1111 Z
1k
b0 3
b0 :
b0 S
1U
0^
1`
1a
1h
1i
0j
0]
1f
b1110 5
b1110 D
b1110 F
b1110 R
b1110 X
b1110 B
b1110 G
b1110 M
b1110 +
b1110 0
b1110 <
b1110 L
#3358001
b1111 !"
#3359000
b1110 $
b1110 4
b1110 8
b1110 2
b1110 9
b1110 Z
0b
b1 3
b1 :
b1 S
1^
0`
0a
1]
b1111 5
b1111 D
b1111 F
b1111 R
b1111 X
b1111 B
b1111 G
b1111 M
b1111 +
b1111 0
b1111 <
b1111 L
#3359001
b1110 !"
#3360000
0"
b10 $
b10 4
b10 8
0U
0t
b10 2
b10 9
b10 Z
0}
0V
0T
b11 3
b11 :
b11 S
0#
1a
1j
0q
0r
1s
0z
0{
1|
0^
0_
0]
0f
0o
0x
0\
1e
b0 5
b0 D
b0 F
b0 R
b0 X
b10 6
b10 E
b10 P
b10 Q
b10 W
b0 B
b0 G
b0 M
b10 *
b10 /
b10 ;
b10 K
b10 O
b0 +
b0 0
b0 <
b0 L
#3360001
0#"
b10 !"
#3361000
b11 $
b11 4
b11 8
1U
b11 2
b11 9
b11 Z
1b
b100 3
b100 :
b100 S
1V
1_
1`
0a
1]
b1 5
b1 D
b1 F
b1 R
b1 X
b1 B
b1 G
b1 M
b1 +
b1 0
b1 <
b1 L
#3361001
b11 !"
#3362000
1!
b0 $
b0 4
b0 8
0b
b0 2
b0 9
b0 Z
0k
0V
b101 3
b101 :
b101 S
0_
0`
1a
1g
0i
0j
0]
1f
b10 5
b10 D
b10 F
b10 R
b10 X
b10 B
b10 G
b10 M
b10 +
b10 0
b10 <
b10 L
#3362001
1$"
b0 !"
#3363000
0!
b1 $
b1 4
b1 8
b1 2
b1 9
b1 Z
1b
b110 3
b110 :
b110 S
1V
1_
1`
0a
1]
b11 5
b11 D
b11 F
b11 R
b11 X
b11 B
b11 G
b11 M
b11 +
b11 0
b11 <
b11 L
#3363001
0$"
b1 !"
#3364000
b110 $
b110 4
b110 8
0U
0b
1k
b110 2
b110 9
b110 Z
1t
0V
b111 3
b111 :
b111 S
0T
0_
0`
1a
0g
1i
1j
1q
1r
0s
0]
0f
1o
b100 5
b100 D
b100 F
b100 R
b100 X
b100 B
b100 G
b100 M
b100 +
b100 0
b100 <
b100 L
#3364001
b110 !"
#3365000
1T
b111 $
b111 4
b111 8
1U
b111 2
b111 9
b111 Z
1b
b1000 3
b1000 :
b1000 S
1V
1_
1`
0a
1]
b101 5
b101 D
b101 F
b101 R
b101 X
b101 B
b101 G
b101 M
b101 +
b101 0
b101 <
b101 L
#3365001
b111 !"
#3366000
b100 $
b100 4
b100 8
0b
b100 2
b100 9
b100 Z
0k
0V
b1001 3
b1001 :
b1001 S
0_
0`
1a
1g
0i
0j
0]
1f
b110 5
b110 D
b110 F
b110 R
b110 X
b110 B
b110 G
b110 M
b110 +
b110 0
b110 <
b110 L
#3366001
b100 !"
#3367000
b101 $
b101 4
b101 8
b101 2
b101 9
b101 Z
1b
b1010 3
b1010 :
b1010 S
1V
1_
1`
0a
1]
b111 5
b111 D
b111 F
b111 R
b111 X
b111 B
b111 G
b111 M
b111 +
b111 0
b111 <
b111 L
#3367001
b101 !"
#3368000
1"
b1010 $
b1010 4
b1010 8
0U
0b
1k
0t
b1010 2
b1010 9
b1010 Z
1}
0V
0T
b1011 3
b1011 :
b1011 S
0#
0_
0`
1a
0g
1i
1j
0q
0r
1s
1z
1{
0|
0]
0f
0o
1x
b1000 5
b1000 D
b1000 F
b1000 R
b1000 X
b1000 B
b1000 G
b1000 M
b1000 +
b1000 0
b1000 <
b1000 L
#3368001
1#"
b1010 !"
#3369000
b1011 $
b1011 4
b1011 8
1U
b1011 2
b1011 9
b1011 Z
1b
b1100 3
b1100 :
b1100 S
1V
1_
1`
0a
1]
b1001 5
b1001 D
b1001 F
b1001 R
b1001 X
b1001 B
b1001 G
b1001 M
b1001 +
b1001 0
b1001 <
b1001 L
#3369001
b1011 !"
#3370000
b1000 $
b1000 4
b1000 8
0b
b1000 2
b1000 9
b1000 Z
0k
0V
b1101 3
b1101 :
b1101 S
0_
0`
1a
1g
0i
0j
0]
1f
b1010 5
b1010 D
b1010 F
b1010 R
b1010 X
b1010 B
b1010 G
b1010 M
b1010 +
b1010 0
b1010 <
b1010 L
#3370001
b1000 !"
#3371000
b1001 $
b1001 4
b1001 8
b1001 2
b1001 9
b1001 Z
1b
b1110 3
b1110 :
b1110 S
1V
1_
1`
0a
1]
b1011 5
b1011 D
b1011 F
b1011 R
b1011 X
b1011 B
b1011 G
b1011 M
b1011 +
b1011 0
b1011 <
b1011 L
#3371001
b1001 !"
#3372000
b1110 $
b1110 4
b1110 8
0U
0#
0b
1k
b1110 2
b1110 9
b1110 Z
1t
0V
b1111 3
b1111 :
b1111 S
0T
0_
0`
1a
0g
1i
1j
1q
1r
0s
0]
0f
1o
b1100 5
b1100 D
b1100 F
b1100 R
b1100 X
b1100 B
b1100 G
b1100 M
b1100 +
b1100 0
b1100 <
b1100 L
#3372001
b1110 !"
#3373000
1#
1T
b1111 $
b1111 4
b1111 8
1U
b1111 2
b1111 9
b1111 Z
1b
b0 3
b0 :
b0 S
1V
1_
1`
0a
1]
b1101 5
b1101 D
b1101 F
b1101 R
b1101 X
b1101 B
b1101 G
b1101 M
b1101 +
b1101 0
b1101 <
b1101 L
#3373001
b1111 !"
#3374000
b1100 $
b1100 4
b1100 8
0b
b1100 2
b1100 9
b1100 Z
0k
0V
b1 3
b1 :
b1 S
0_
0`
1a
1g
0i
0j
0]
1f
b1110 5
b1110 D
b1110 F
b1110 R
b1110 X
b1110 B
b1110 G
b1110 M
b1110 +
b1110 0
b1110 <
b1110 L
#3374001
b1100 !"
#3375000
b1101 $
b1101 4
b1101 8
b1101 2
b1101 9
b1101 Z
1b
b10 3
b10 :
b10 S
1V
1_
1`
0a
1]
b1111 5
b1111 D
b1111 F
b1111 R
b1111 X
b1111 B
b1111 G
b1111 M
b1111 +
b1111 0
b1111 <
b1111 L
#3375001
b1101 !"
#3376000
0"
b11 $
b11 4
b11 8
1k
0t
b11 2
b11 9
b11 Z
0}
0T
b100 3
b100 :
b100 S
0#
1a
0g
1i
1j
0q
0r
1s
0z
0{
1|
0]
0f
0o
0x
1\
b0 5
b0 D
b0 F
b0 R
b0 X
b11 6
b11 E
b11 P
b11 Q
b11 W
b0 B
b0 G
b0 M
b11 *
b11 /
b11 ;
b11 K
b11 O
b0 +
b0 0
b0 <
b0 L
#3376001
0#"
b11 !"
#3377000
b10 $
b10 4
b10 8
b10 2
b10 9
b10 Z
0b
b101 3
b101 :
b101 S
1^
0`
0a
1]
b1 5
b1 D
b1 F
b1 R
b1 X
b1 B
b1 G
b1 M
b1 +
b1 0
b1 <
b1 L
#3377001
b10 !"
#3378000
b1 $
b1 4
b1 8
1b
b1 2
b1 9
b1 Z
0k
b110 3
b110 :
b110 S
0^
1`
1a
1g
0i
0j
0]
1f
b10 5
b10 D
b10 F
b10 R
b10 X
b10 B
b10 G
b10 M
b10 +
b10 0
b10 <
b10 L
#3378001
b1 !"
#3379000
1!
b0 $
b0 4
b0 8
b0 2
b0 9
b0 Z
0b
b111 3
b111 :
b111 S
1^
0`
0a
1]
b11 5
b11 D
b11 F
b11 R
b11 X
b11 B
b11 G
b11 M
b11 +
b11 0
b11 <
b11 L
#3379001
1$"
b0 !"
#3380000
0!
b111 $
b111 4
b111 8
1b
1k
b111 2
b111 9
b111 Z
1t
b1000 3
b1000 :
b1000 S
1T
0^
1`
1a
0g
1i
1j
1q
1r
0s
0]
0f
1o
b100 5
b100 D
b100 F
b100 R
b100 X
b100 B
b100 G
b100 M
b100 +
b100 0
b100 <
b100 L
#3380001
0$"
b111 !"
#3381000
b110 $
b110 4
b110 8
b110 2
b110 9
b110 Z
0b
b1001 3
b1001 :
b1001 S
1^
0`
0a
1]
b101 5
b101 D
b101 F
b101 R
b101 X
b101 B
b101 G
b101 M
b101 +
b101 0
b101 <
b101 L
#3381001
b110 !"
#3382000
b101 $
b101 4
b101 8
1b
b101 2
b101 9
b101 Z
0k
b1010 3
b1010 :
b1010 S
0^
1`
1a
1g
0i
0j
0]
1f
b110 5
b110 D
b110 F
b110 R
b110 X
b110 B
b110 G
b110 M
b110 +
b110 0
b110 <
b110 L
#3382001
b101 !"
#3383000
b100 $
b100 4
b100 8
b100 2
b100 9
b100 Z
0b
b1011 3
b1011 :
b1011 S
1^
0`
0a
1]
b111 5
b111 D
b111 F
b111 R
b111 X
b111 B
b111 G
b111 M
b111 +
b111 0
b111 <
b111 L
#3383001
b100 !"
#3384000
1"
b1011 $
b1011 4
b1011 8
1b
1k
0t
b1011 2
b1011 9
b1011 Z
1}
0T
b1100 3
b1100 :
b1100 S
0#
0^
1`
1a
0g
1i
1j
0q
0r
1s
1z
1{
0|
0]
0f
0o
1x
b1000 5
b1000 D
b1000 F
b1000 R
b1000 X
b1000 B
b1000 G
b1000 M
b1000 +
b1000 0
b1000 <
b1000 L
#3384001
1#"
b1011 !"
#3385000
b1010 $
b1010 4
b1010 8
b1010 2
b1010 9
b1010 Z
0b
b1101 3
b1101 :
b1101 S
1^
0`
0a
1]
b1001 5
b1001 D
b1001 F
b1001 R
b1001 X
b1001 B
b1001 G
b1001 M
b1001 +
b1001 0
b1001 <
b1001 L
#3385001
b1010 !"
#3386000
b1001 $
b1001 4
b1001 8
1b
b1001 2
b1001 9
b1001 Z
0k
b1110 3
b1110 :
b1110 S
0^
1`
1a
1g
0i
0j
0]
1f
b1010 5
b1010 D
b1010 F
b1010 R
b1010 X
b1010 B
b1010 G
b1010 M
b1010 +
b1010 0
b1010 <
b1010 L
#3386001
b1001 !"
#3387000
b1000 $
b1000 4
b1000 8
b1000 2
b1000 9
b1000 Z
0b
b1111 3
b1111 :
b1111 S
1^
0`
0a
1]
b1011 5
b1011 D
b1011 F
b1011 R
b1011 X
b1011 B
b1011 G
b1011 M
b1011 +
b1011 0
b1011 <
b1011 L
#3387001
b1000 !"
#3388000
b1111 $
b1111 4
b1111 8
1#
1b
1k
b1111 2
b1111 9
b1111 Z
1t
b0 3
b0 :
b0 S
1T
0^
1`
1a
0g
1i
1j
1q
1r
0s
0]
0f
1o
b1100 5
b1100 D
b1100 F
b1100 R
b1100 X
b1100 B
b1100 G
b1100 M
b1100 +
b1100 0
b1100 <
b1100 L
#3388001
b1111 !"
#3389000
b1110 $
b1110 4
b1110 8
b1110 2
b1110 9
b1110 Z
0b
b1 3
b1 :
b1 S
1^
0`
0a
1]
b1101 5
b1101 D
b1101 F
b1101 R
b1101 X
b1101 B
b1101 G
b1101 M
b1101 +
b1101 0
b1101 <
b1101 L
#3389001
b1110 !"
#3390000
b1101 $
b1101 4
b1101 8
1b
b1101 2
b1101 9
b1101 Z
0k
b10 3
b10 :
b10 S
0^
1`
1a
1g
0i
0j
0]
1f
b1110 5
b1110 D
b1110 F
b1110 R
b1110 X
b1110 B
b1110 G
b1110 M
b1110 +
b1110 0
b1110 <
b1110 L
#3390001
b1101 !"
#3391000
b1100 $
b1100 4
b1100 8
b1100 2
b1100 9
b1100 Z
0b
b11 3
b11 :
b11 S
1^
0`
0a
1]
b1111 5
b1111 D
b1111 F
b1111 R
b1111 X
b1111 B
b1111 G
b1111 M
b1111 +
b1111 0
b1111 <
b1111 L
#3391001
b1100 !"
#3392000
0"
b100 $
b100 4
b100 8
0T
b100 2
b100 9
b100 Z
0}
0V
0U
b101 3
b101 :
b101 S
0#
1a
1j
1s
0z
0{
1|
0^
0_
0g
0h
0]
0f
0o
0x
0\
0e
1n
b0 5
b0 D
b0 F
b0 R
b0 X
b100 6
b100 E
b100 P
b100 Q
b100 W
b0 B
b0 G
b0 M
b100 *
b100 /
b100 ;
b100 K
b100 O
b0 +
b0 0
b0 <
b0 L
#3392001
0#"
b100 !"
#3393000
b101 $
b101 4
b101 8
b101 2
b101 9
b101 Z
1b
b110 3
b110 :
b110 S
1V
1_
1`
0a
1]
b1 5
b1 D
b1 F
b1 R
b1 X
b1 B
b1 G
b1 M
b1 +
b1 0
b1 <
b1 L
#3393001
b101 !"
#3394000
b110 $
b110 4
b110 8
0T
0b
b110 2
b110 9
b110 Z
1k
0V
b111 3
b111 :
b111 S
0U
0_
0`
1a
1h
1i
0j
0]
1f
b10 5
b10 D
b10 F
b10 R
b10 X
b10 B
b10 G
b10 M
b10 +
b10 0
b10 <
b10 L
#3394001
b110 !"
#3395000
1T
b111 $
b111 4
b111 8
1U
b111 2
b111 9
b111 Z
1b
b1000 3
b1000 :
b1000 S
1V
1_
1`
0a
1]
b11 5
b11 D
b11 F
b11 R
b11 X
b11 B
b11 G
b11 M
b11 +
b11 0
b11 <
b11 L
#3395001
b111 !"
#3396000
1!
b0 $
b0 4
b0 8
0b
0k
b0 2
b0 9
b0 Z
0t
0V
0U
b1001 3
b1001 :
b1001 S
0_
0`
1a
0h
0i
1j
1p
0r
0s
0]
0f
1o
b100 5
b100 D
b100 F
b100 R
b100 X
b100 B
b100 G
b100 M
b100 +
b100 0
b100 <
b100 L
#3396001
1$"
b0 !"
#3397000
0!
b1 $
b1 4
b1 8
b1 2
b1 9
b1 Z
1b
b1010 3
b1010 :
b1010 S
1V
1_
1`
0a
1]
b101 5
b101 D
b101 F
b101 R
b101 X
b101 B
b101 G
b101 M
b101 +
b101 0
b101 <
b101 L
#3397001
0$"
b1 !"
#3398000
b10 $
b10 4
b10 8
0b
b10 2
b10 9
b10 Z
1k
0V
b1011 3
b1011 :
b1011 S
0U
0_
0`
1a
1h
1i
0j
0]
1f
b110 5
b110 D
b110 F
b110 R
b110 X
b110 B
b110 G
b110 M
b110 +
b110 0
b110 <
b110 L
#3398001
b10 !"
#3399000
b11 $
b11 4
b11 8
1U
b11 2
b11 9
b11 Z
1b
b1100 3
b1100 :
b1100 S
1V
1_
1`
0a
1]
b111 5
b111 D
b111 F
b111 R
b111 X
b111 B
b111 G
b111 M
b111 +
b111 0
b111 <
b111 L
#3399001
b11 !"
#3400000
1"
b1100 $
b1100 4
b1100 8
0T
0b
0k
1t
b1100 2
b1100 9
b1100 Z
1}
0V
0U
b1101 3
b1101 :
b1101 S
0#
0_
0`
1a
0h
0i
1j
0p
1r
1s
1z
1{
0|
0]
0f
0o
1x
b1000 5
b1000 D
b1000 F
b1000 R
b1000 X
b1000 B
b1000 G
b1000 M
b1000 +
b1000 0
b1000 <
b1000 L
#3400001
1#"
b1100 !"
#3401000
b1101 $
b1101 4
b1101 8
b1101 2
b1101 9
b1101 Z
1b
b1110 3
b1110 :
b1110 S
1V
1_
1`
0a
1]
b1001 5
b1001 D
b1001 F
b1001 R
b1001 X
b1001 B
b1001 G
b1001 M
b1001 +
b1001 0
b1001 <
b1001 L
#3401001
b1101 !"
#3402000
0#
b1110 $
b1110 4
b1110 8
0T
0b
b1110 2
b1110 9
b1110 Z
1k
0V
b1111 3
b1111 :
b1111 S
0U
0_
0`
1a
1h
1i
0j
0]
1f
b1010 5
b1010 D
b1010 F
b1010 R
b1010 X
b1010 B
b1010 G
b1010 M
b1010 +
b1010 0
b1010 <
b1010 L
#3402001
b1110 !"
#3403000
1#
1T
b1111 $
b1111 4
b1111 8
1U
b1111 2
b1111 9
b1111 Z
1b
b0 3
b0 :
b0 S
1V
1_
1`
0a
1]
b1011 5
b1011 D
b1011 F
b1011 R
b1011 X
b1011 B
b1011 G
b1011 M
b1011 +
b1011 0
b1011 <
b1011 L
#3403001
b1111 !"
#3404000
b1000 $
b1000 4
b1000 8
0b
0k
b1000 2
b1000 9
b1000 Z
0t
0V
0U
b1 3
b1 :
b1 S
0_
0`
1a
0h
0i
1j
1p
0r
0s
0]
0f
1o
b1100 5
b1100 D
b1100 F
b1100 R
b1100 X
b1100 B
b1100 G
b1100 M
b1100 +
b1100 0
b1100 <
b1100 L
#3404001
b1000 !"
#3405000
b1001 $
b1001 4
b1001 8
b1001 2
b1001 9
b1001 Z
1b
b10 3
b10 :
b10 S
1V
1_
1`
0a
1]
b1101 5
b1101 D
b1101 F
b1101 R
b1101 X
b1101 B
b1101 G
b1101 M
b1101 +
b1101 0
b1101 <
b1101 L
#3405001
b1001 !"
#3406000
b1010 $
b1010 4
b1010 8
0b
b1010 2
b1010 9
b1010 Z
1k
0V
b11 3
b11 :
b11 S
0U
0_
0`
1a
1h
1i
0j
0]
1f
b1110 5
b1110 D
b1110 F
b1110 R
b1110 X
b1110 B
b1110 G
b1110 M
b1110 +
b1110 0
b1110 <
b1110 L
#3406001
b1010 !"
#3407000
b1011 $
b1011 4
b1011 8
1U
b1011 2
b1011 9
b1011 Z
1b
b100 3
b100 :
b100 S
1V
1_
1`
0a
1]
b1111 5
b1111 D
b1111 F
b1111 R
b1111 X
b1111 B
b1111 G
b1111 M
b1111 +
b1111 0
b1111 <
b1111 L
#3407001
b1011 !"
#3408000
0"
b101 $
b101 4
b101 8
0T
0k
1t
b101 2
b101 9
b101 Z
0}
0U
b110 3
b110 :
b110 S
0#
1a
0h
0i
1j
0p
1r
1s
0z
0{
1|
0]
0f
0o
0x
1\
b0 5
b0 D
b0 F
b0 R
b0 X
b101 6
b101 E
b101 P
b101 Q
b101 W
b0 B
b0 G
b0 M
b101 *
b101 /
b101 ;
b101 K
b101 O
b0 +
b0 0
b0 <
b0 L
#3408001
0#"
b101 !"
#3409000
b100 $
b100 4
b100 8
b100 2
b100 9
b100 Z
0b
b111 3
b111 :
b111 S
1^
0`
0a
1]
b1 5
b1 D
b1 F
b1 R
b1 X
b1 B
b1 G
b1 M
b1 +
b1 0
b1 <
b1 L
#3409001
b100 !"
#3410000
b111 $
b111 4
b111 8
1T
1b
b111 2
b111 9
b111 Z
1k
b1000 3
b1000 :
b1000 S
1U
0^
1`
1a
1h
1i
0j
0]
1f
b10 5
b10 D
b10 F
b10 R
b10 X
b10 B
b10 G
b10 M
b10 +
b10 0
b10 <
b10 L
#3410001
b111 !"
#3411000
b110 $
b110 4
b110 8
b110 2
b110 9
b110 Z
0b
b1001 3
b1001 :
b1001 S
1^
0`
0a
1]
b11 5
b11 D
b11 F
b11 R
b11 X
b11 B
b11 G
b11 M
b11 +
b11 0
b11 <
b11 L
#3411001
b110 !"
#3412000
b1 $
b1 4
b1 8
1b
0k
b1 2
b1 9
b1 Z
0t
0U
b1010 3
b1010 :
b1010 S
0^
1`
1a
0h
0i
1j
1p
0r
0s
0]
0f
1o
b100 5
b100 D
b100 F
b100 R
b100 X
b100 B
b100 G
b100 M
b100 +
b100 0
b100 <
b100 L
#3412001
b1 !"
#3413000
1!
b0 $
b0 4
b0 8
b0 2
b0 9
b0 Z
0b
b1011 3
b1011 :
b1011 S
1^
0`
0a
1]
b101 5
b101 D
b101 F
b101 R
b101 X
b101 B
b101 G
b101 M
b101 +
b101 0
b101 <
b101 L
#3413001
1$"
b0 !"
#3414000
0!
b11 $
b11 4
b11 8
1b
b11 2
b11 9
b11 Z
1k
b1100 3
b1100 :
b1100 S
1U
0^
1`
1a
1h
1i
0j
0]
1f
b110 5
b110 D
b110 F
b110 R
b110 X
b110 B
b110 G
b110 M
b110 +
b110 0
b110 <
b110 L
#3414001
0$"
b11 !"
#3415000
b10 $
b10 4
b10 8
b10 2
b10 9
b10 Z
0b
b1101 3
b1101 :
b1101 S
1^
0`
0a
1]
b111 5
b111 D
b111 F
b111 R
b111 X
b111 B
b111 G
b111 M
b111 +
b111 0
b111 <
b111 L
#3415001
b10 !"
#3416000
1"
b1101 $
b1101 4
b1101 8
0T
1b
0k
1t
b1101 2
b1101 9
b1101 Z
1}
0U
b1110 3
b1110 :
b1110 S
0#
0^
1`
1a
0h
0i
1j
0p
1r
1s
1z
1{
0|
0]
0f
0o
1x
b1000 5
b1000 D
b1000 F
b1000 R
b1000 X
b1000 B
b1000 G
b1000 M
b1000 +
b1000 0
b1000 <
b1000 L
#3416001
1#"
b1101 !"
#3417000
b1100 $
b1100 4
b1100 8
b1100 2
b1100 9
b1100 Z
0b
b1111 3
b1111 :
b1111 S
1^
0`
0a
1]
b1001 5
b1001 D
b1001 F
b1001 R
b1001 X
b1001 B
b1001 G
b1001 M
b1001 +
b1001 0
b1001 <
b1001 L
#3417001
b1100 !"
#3418000
1#
b1111 $
b1111 4
b1111 8
1T
1b
b1111 2
b1111 9
b1111 Z
1k
b0 3
b0 :
b0 S
1U
0^
1`
1a
1h
1i
0j
0]
1f
b1010 5
b1010 D
b1010 F
b1010 R
b1010 X
b1010 B
b1010 G
b1010 M
b1010 +
b1010 0
b1010 <
b1010 L
#3418001
b1111 !"
#3419000
b1110 $
b1110 4
b1110 8
b1110 2
b1110 9
b1110 Z
0b
b1 3
b1 :
b1 S
1^
0`
0a
1]
b1011 5
b1011 D
b1011 F
b1011 R
b1011 X
b1011 B
b1011 G
b1011 M
b1011 +
b1011 0
b1011 <
b1011 L
#3419001
b1110 !"
#3420000
b1001 $
b1001 4
b1001 8
1b
0k
b1001 2
b1001 9
b1001 Z
0t
0U
b10 3
b10 :
b10 S
0^
1`
1a
0h
0i
1j
1p
0r
0s
0]
0f
1o
b1100 5
b1100 D
b1100 F
b1100 R
b1100 X
b1100 B
b1100 G
b1100 M
b1100 +
b1100 0
b1100 <
b1100 L
#3420001
b1001 !"
#3421000
b1000 $
b1000 4
b1000 8
b1000 2
b1000 9
b1000 Z
0b
b11 3
b11 :
b11 S
1^
0`
0a
1]
b1101 5
b1101 D
b1101 F
b1101 R
b1101 X
b1101 B
b1101 G
b1101 M
b1101 +
b1101 0
b1101 <
b1101 L
#3421001
b1000 !"
#3422000
b1011 $
b1011 4
b1011 8
1b
b1011 2
b1011 9
b1011 Z
1k
b100 3
b100 :
b100 S
1U
0^
1`
1a
1h
1i
0j
0]
1f
b1110 5
b1110 D
b1110 F
b1110 R
b1110 X
b1110 B
b1110 G
b1110 M
b1110 +
b1110 0
b1110 <
b1110 L
#3422001
b1011 !"
#3423000
b1010 $
b1010 4
b1010 8
b1010 2
b1010 9
b1010 Z
0b
b101 3
b101 :
b101 S
1^
0`
0a
1]
b1111 5
b1111 D
b1111 F
b1111 R
b1111 X
b1111 B
b1111 G
b1111 M
b1111 +
b1111 0
b1111 <
b1111 L
#3423001
b1010 !"
#3424000
0"
0T
b110 $
b110 4
b110 8
0U
1t
b110 2
b110 9
b110 Z
0}
0V
b111 3
b111 :
b111 S
0#
1a
1j
0p
1r
1s
0z
0{
1|
0^
0_
0]
0f
0o
0x
0\
1e
b0 5
b0 D
b0 F
b0 R
b0 X
b110 6
b110 E
b110 P
b110 Q
b110 W
b0 B
b0 G
b0 M
b110 *
b110 /
b110 ;
b110 K
b110 O
b0 +
b0 0
b0 <
b0 L
#3424001
0#"
b110 !"
#3425000
1T
b111 $
b111 4
b111 8
1U
b111 2
b111 9
b111 Z
1b
b1000 3
b1000 :
b1000 S
1V
1_
1`
0a
1]
b1 5
b1 D
b1 F
b1 R
b1 X
b1 B
b1 G
b1 M
b1 +
b1 0
b1 <
b1 L
#3425001
b111 !"
#3426000
b100 $
b100 4
b100 8
0b
b100 2
b100 9
b100 Z
0k
0V
b1001 3
b1001 :
b1001 S
0_
0`
1a
1g
0i
0j
0]
1f
b10 5
b10 D
b10 F
b10 R
b10 X
b10 B
b10 G
b10 M
b10 +
b10 0
b10 <
b10 L
#3426001
b100 !"
#3427000
b101 $
b101 4
b101 8
b101 2
b101 9
b101 Z
1b
b1010 3
b1010 :
b1010 S
1V
1_
1`
0a
1]
b11 5
b11 D
b11 F
b11 R
b11 X
b11 B
b11 G
b11 M
b11 +
b11 0
b11 <
b11 L
#3427001
b101 !"
#3428000
b10 $
b10 4
b10 8
0U
0b
1k
b10 2
b10 9
b10 Z
0t
0V
b1011 3
b1011 :
b1011 S
0_
0`
1a
0g
1i
1j
1p
0r
0s
0]
0f
1o
b100 5
b100 D
b100 F
b100 R
b100 X
b100 B
b100 G
b100 M
b100 +
b100 0
b100 <
b100 L
#3428001
b10 !"
#3429000
b11 $
b11 4
b11 8
1U
b11 2
b11 9
b11 Z
1b
b1100 3
b1100 :
b1100 S
1V
1_
1`
0a
1]
b101 5
b101 D
b101 F
b101 R
b101 X
b101 B
b101 G
b101 M
b101 +
b101 0
b101 <
b101 L
#3429001
b11 !"
#3430000
1!
b0 $
b0 4
b0 8
0b
b0 2
b0 9
b0 Z
0k
0V
b1101 3
b1101 :
b1101 S
0_
0`
1a
1g
0i
0j
0]
1f
b110 5
b110 D
b110 F
b110 R
b110 X
b110 B
b110 G
b110 M
b110 +
b110 0
b110 <
b110 L
#3430001
1$"
b0 !"
#3431000
0!
b1 $
b1 4
b1 8
b1 2
b1 9
b1 Z
1b
b1110 3
b1110 :
b1110 S
1V
1_
1`
0a
1]
b111 5
b111 D
b111 F
b111 R
b111 X
b111 B
b111 G
b111 M
b111 +
b111 0
b111 <
b111 L
#3431001
0$"
b1 !"
#3432000
1"
0T
b1110 $
b1110 4
b1110 8
0U
0b
1k
1t
b1110 2
b1110 9
b1110 Z
1}
0V
b1111 3
b1111 :
b1111 S
0#
0_
0`
1a
0g
1i
1j
0p
1r
1s
1z
1{
0|
0]
0f
0o
1x
b1000 5
b1000 D
b1000 F
b1000 R
b1000 X
b1000 B
b1000 G
b1000 M
b1000 +
b1000 0
b1000 <
b1000 L
#3432001
1#"
b1110 !"
#3433000
1#
1T
b1111 $
b1111 4
b1111 8
1U
b1111 2
b1111 9
b1111 Z
1b
b0 3
b0 :
b0 S
1V
1_
1`
0a
1]
b1001 5
b1001 D
b1001 F
b1001 R
b1001 X
b1001 B
b1001 G
b1001 M
b1001 +
b1001 0
b1001 <
b1001 L
#3433001
b1111 !"
#3434000
b1100 $
b1100 4
b1100 8
0b
b1100 2
b1100 9
b1100 Z
0k
0V
b1 3
b1 :
b1 S
0_
0`
1a
1g
0i
0j
0]
1f
b1010 5
b1010 D
b1010 F
b1010 R
b1010 X
b1010 B
b1010 G
b1010 M
b1010 +
b1010 0
b1010 <
b1010 L
#3434001
b1100 !"
#3435000
b1101 $
b1101 4
b1101 8
b1101 2
b1101 9
b1101 Z
1b
b10 3
b10 :
b10 S
1V
1_
1`
0a
1]
b1011 5
b1011 D
b1011 F
b1011 R
b1011 X
b1011 B
b1011 G
b1011 M
b1011 +
b1011 0
b1011 <
b1011 L
#3435001
b1101 !"
#3436000
b1010 $
b1010 4
b1010 8
0U
0b
1k
b1010 2
b1010 9
b1010 Z
0t
0V
b11 3
b11 :
b11 S
0_
0`
1a
0g
1i
1j
1p
0r
0s
0]
0f
1o
b1100 5
b1100 D
b1100 F
b1100 R
b1100 X
b1100 B
b1100 G
b1100 M
b1100 +
b1100 0
b1100 <
b1100 L
#3436001
b1010 !"
#3437000
b1011 $
b1011 4
b1011 8
1U
b1011 2
b1011 9
b1011 Z
1b
b100 3
b100 :
b100 S
1V
1_
1`
0a
1]
b1101 5
b1101 D
b1101 F
b1101 R
b1101 X
b1101 B
b1101 G
b1101 M
b1101 +
b1101 0
b1101 <
b1101 L
#3437001
b1011 !"
#3438000
b1000 $
b1000 4
b1000 8
0b
b1000 2
b1000 9
b1000 Z
0k
0V
b101 3
b101 :
b101 S
0_
0`
1a
1g
0i
0j
0]
1f
b1110 5
b1110 D
b1110 F
b1110 R
b1110 X
b1110 B
b1110 G
b1110 M
b1110 +
b1110 0
b1110 <
b1110 L
#3438001
b1000 !"
#3439000
b1001 $
b1001 4
b1001 8
b1001 2
b1001 9
b1001 Z
1b
b110 3
b110 :
b110 S
1V
1_
1`
0a
1]
b1111 5
b1111 D
b1111 F
b1111 R
b1111 X
b1111 B
b1111 G
b1111 M
b1111 +
b1111 0
b1111 <
b1111 L
#3439001
b1001 !"
#3440000
0"
b111 $
b111 4
b111 8
1k
1t
b111 2
b111 9
b111 Z
0}
b1000 3
b1000 :
b1000 S
0#
1a
0g
1i
1j
0p
1r
1s
0z
0{
1|
0]
0f
0o
0x
1\
b0 5
b0 D
b0 F
b0 R
b0 X
b111 6
b111 E
b111 P
b111 Q
b111 W
b0 B
b0 G
b0 M
b111 *
b111 /
b111 ;
b111 K
b111 O
b0 +
b0 0
b0 <
b0 L
#3440001
0#"
b111 !"
#3441000
b110 $
b110 4
b110 8
b110 2
b110 9
b110 Z
0b
b1001 3
b1001 :
b1001 S
1^
0`
0a
1]
b1 5
b1 D
b1 F
b1 R
b1 X
b1 B
b1 G
b1 M
b1 +
b1 0
b1 <
b1 L
#3441001
b110 !"
#3442000
b101 $
b101 4
b101 8
1b
b101 2
b101 9
b101 Z
0k
b1010 3
b1010 :
b1010 S
0^
1`
1a
1g
0i
0j
0]
1f
b10 5
b10 D
b10 F
b10 R
b10 X
b10 B
b10 G
b10 M
b10 +
b10 0
b10 <
b10 L
#3442001
b101 !"
#3443000
b100 $
b100 4
b100 8
b100 2
b100 9
b100 Z
0b
b1011 3
b1011 :
b1011 S
1^
0`
0a
1]
b11 5
b11 D
b11 F
b11 R
b11 X
b11 B
b11 G
b11 M
b11 +
b11 0
b11 <
b11 L
#3443001
b100 !"
#3444000
b11 $
b11 4
b11 8
1b
1k
b11 2
b11 9
b11 Z
0t
b1100 3
b1100 :
b1100 S
0^
1`
1a
0g
1i
1j
1p
0r
0s
0]
0f
1o
b100 5
b100 D
b100 F
b100 R
b100 X
b100 B
b100 G
b100 M
b100 +
b100 0
b100 <
b100 L
#3444001
b11 !"
#3445000
b10 $
b10 4
b10 8
b10 2
b10 9
b10 Z
0b
b1101 3
b1101 :
b1101 S
1^
0`
0a
1]
b101 5
b101 D
b101 F
b101 R
b101 X
b101 B
b101 G
b101 M
b101 +
b101 0
b101 <
b101 L
#3445001
b10 !"
#3446000
b1 $
b1 4
b1 8
1b
b1 2
b1 9
b1 Z
0k
b1110 3
b1110 :
b1110 S
0^
1`
1a
1g
0i
0j
0]
1f
b110 5
b110 D
b110 F
b110 R
b110 X
b110 B
b110 G
b110 M
b110 +
b110 0
b110 <
b110 L
#3446001
b1 !"
#3447000
1!
b0 $
b0 4
b0 8
b0 2
b0 9
b0 Z
0b
b1111 3
b1111 :
b1111 S
1^
0`
0a
1]
b111 5
b111 D
b111 F
b111 R
b111 X
b111 B
b111 G
b111 M
b111 +
b111 0
b111 <
b111 L
#3447001
1$"
b0 !"
#3448000
1"
0!
b1111 $
b1111 4
b1111 8
1b
1k
1t
b1111 2
b1111 9
b1111 Z
1}
b0 3
b0 :
b0 S
1#
0^
1`
1a
0g
1i
1j
0p
1r
1s
1z
1{
0|
0]
0f
0o
1x
b1000 5
b1000 D
b1000 F
b1000 R
b1000 X
b1000 B
b1000 G
b1000 M
b1000 +
b1000 0
b1000 <
b1000 L
#3448001
0$"
1#"
b1111 !"
#3449000
b1110 $
b1110 4
b1110 8
b1110 2
b1110 9
b1110 Z
0b
b1 3
b1 :
b1 S
1^
0`
0a
1]
b1001 5
b1001 D
b1001 F
b1001 R
b1001 X
b1001 B
b1001 G
b1001 M
b1001 +
b1001 0
b1001 <
b1001 L
#3449001
b1110 !"
#3450000
b1101 $
b1101 4
b1101 8
1b
b1101 2
b1101 9
b1101 Z
0k
b10 3
b10 :
b10 S
0^
1`
1a
1g
0i
0j
0]
1f
b1010 5
b1010 D
b1010 F
b1010 R
b1010 X
b1010 B
b1010 G
b1010 M
b1010 +
b1010 0
b1010 <
b1010 L
#3450001
b1101 !"
#3451000
b1100 $
b1100 4
b1100 8
b1100 2
b1100 9
b1100 Z
0b
b11 3
b11 :
b11 S
1^
0`
0a
1]
b1011 5
b1011 D
b1011 F
b1011 R
b1011 X
b1011 B
b1011 G
b1011 M
b1011 +
b1011 0
b1011 <
b1011 L
#3451001
b1100 !"
#3452000
b1011 $
b1011 4
b1011 8
1b
1k
b1011 2
b1011 9
b1011 Z
0t
b100 3
b100 :
b100 S
0^
1`
1a
0g
1i
1j
1p
0r
0s
0]
0f
1o
b1100 5
b1100 D
b1100 F
b1100 R
b1100 X
b1100 B
b1100 G
b1100 M
b1100 +
b1100 0
b1100 <
b1100 L
#3452001
b1011 !"
#3453000
b1010 $
b1010 4
b1010 8
b1010 2
b1010 9
b1010 Z
0b
b101 3
b101 :
b101 S
1^
0`
0a
1]
b1101 5
b1101 D
b1101 F
b1101 R
b1101 X
b1101 B
b1101 G
b1101 M
b1101 +
b1101 0
b1101 <
b1101 L
#3453001
b1010 !"
#3454000
b1001 $
b1001 4
b1001 8
1b
b1001 2
b1001 9
b1001 Z
0k
b110 3
b110 :
b110 S
0^
1`
1a
1g
0i
0j
0]
1f
b1110 5
b1110 D
b1110 F
b1110 R
b1110 X
b1110 B
b1110 G
b1110 M
b1110 +
b1110 0
b1110 <
b1110 L
#3454001
b1001 !"
#3455000
b1000 $
b1000 4
b1000 8
b1000 2
b1000 9
b1000 Z
0b
b111 3
b111 :
b111 S
1^
0`
0a
1]
b1111 5
b1111 D
b1111 F
b1111 R
b1111 X
b1111 B
b1111 G
b1111 M
b1111 +
b1111 0
b1111 <
b1111 L
#3455001
b1000 !"
#3456000
b1001 3
b1001 :
b1001 S
0#
0V
0U
0T
1a
1j
1s
1|
0^
0_
0g
0h
0p
0q
0]
0f
0o
0x
0\
0e
0n
1w
b0 5
b0 D
b0 F
b0 R
b0 X
b1000 6
b1000 E
b1000 P
b1000 Q
b1000 W
b0 B
b0 G
b0 M
b1000 *
b1000 /
b1000 ;
b1000 K
b1000 O
b0 +
b0 0
b0 <
b0 L
#3457000
b1001 $
b1001 4
b1001 8
b1001 2
b1001 9
b1001 Z
1b
b1010 3
b1010 :
b1010 S
1V
1_
1`
0a
1]
b1 5
b1 D
b1 F
b1 R
b1 X
b1 B
b1 G
b1 M
b1 +
b1 0
b1 <
b1 L
#3457001
b1001 !"
#3458000
b1010 $
b1010 4
b1010 8
0b
b1010 2
b1010 9
b1010 Z
1k
0V
b1011 3
b1011 :
b1011 S
0U
0_
0`
1a
1h
1i
0j
0]
1f
b10 5
b10 D
b10 F
b10 R
b10 X
b10 B
b10 G
b10 M
b10 +
b10 0
b10 <
b10 L
#3458001
b1010 !"
#3459000
b1011 $
b1011 4
b1011 8
1U
b1011 2
b1011 9
b1011 Z
1b
b1100 3
b1100 :
b1100 S
1V
1_
1`
0a
1]
b11 5
b11 D
b11 F
b11 R
b11 X
b11 B
b11 G
b11 M
b11 +
b11 0
b11 <
b11 L
#3459001
b1011 !"
#3460000
b1100 $
b1100 4
b1100 8
0#
0b
0k
b1100 2
b1100 9
b1100 Z
1t
0V
0U
b1101 3
b1101 :
b1101 S
0T
0_
0`
1a
0h
0i
1j
1q
1r
0s
0]
0f
1o
b100 5
b100 D
b100 F
b100 R
b100 X
b100 B
b100 G
b100 M
b100 +
b100 0
b100 <
b100 L
#3460001
b1100 !"
#3461000
b1101 $
b1101 4
b1101 8
b1101 2
b1101 9
b1101 Z
1b
b1110 3
b1110 :
b1110 S
1V
1_
1`
0a
1]
b101 5
b101 D
b101 F
b101 R
b101 X
b101 B
b101 G
b101 M
b101 +
b101 0
b101 <
b101 L
#3461001
b1101 !"
#3462000
0#
b1110 $
b1110 4
b1110 8
0T
0b
b1110 2
b1110 9
b1110 Z
1k
0V
b1111 3
b1111 :
b1111 S
0U
0_
0`
1a
1h
1i
0j
0]
1f
b110 5
b110 D
b110 F
b110 R
b110 X
b110 B
b110 G
b110 M
b110 +
b110 0
b110 <
b110 L
#3462001
b1110 !"
#3463000
1#
1T
b1111 $
b1111 4
b1111 8
1U
b1111 2
b1111 9
b1111 Z
1b
b0 3
b0 :
b0 S
1V
1_
1`
0a
1]
b111 5
b111 D
b111 F
b111 R
b111 X
b111 B
b111 G
b111 M
b111 +
b111 0
b111 <
b111 L
#3463001
b1111 !"
#3464000
0"
1!
b0 $
b0 4
b0 8
0b
0k
0t
b0 2
b0 9
b0 Z
0}
0V
0U
0T
b1 3
b1 :
b1 S
0_
0`
1a
0h
0i
1j
0q
0r
1s
1y
0{
0|
0]
0f
0o
1x
b1000 5
b1000 D
b1000 F
b1000 R
b1000 X
b1000 B
b1000 G
b1000 M
b1000 +
b1000 0
b1000 <
b1000 L
#3464001
1$"
0#"
b0 !"
#3465000
0!
b1 $
b1 4
b1 8
b1 2
b1 9
b1 Z
1b
b10 3
b10 :
b10 S
1V
1_
1`
0a
1]
b1001 5
b1001 D
b1001 F
b1001 R
b1001 X
b1001 B
b1001 G
b1001 M
b1001 +
b1001 0
b1001 <
b1001 L
#3465001
0$"
b1 !"
#3466000
b10 $
b10 4
b10 8
0b
b10 2
b10 9
b10 Z
1k
0V
b11 3
b11 :
b11 S
0U
0_
0`
1a
1h
1i
0j
0]
1f
b1010 5
b1010 D
b1010 F
b1010 R
b1010 X
b1010 B
b1010 G
b1010 M
b1010 +
b1010 0
b1010 <
b1010 L
#3466001
b10 !"
#3467000
b11 $
b11 4
b11 8
1U
b11 2
b11 9
b11 Z
1b
b100 3
b100 :
b100 S
1V
1_
1`
0a
1]
b1011 5
b1011 D
b1011 F
b1011 R
b1011 X
b1011 B
b1011 G
b1011 M
b1011 +
b1011 0
b1011 <
b1011 L
#3467001
b11 !"
#3468000
b100 $
b100 4
b100 8
0b
0k
b100 2
b100 9
b100 Z
1t
0V
0U
b101 3
b101 :
b101 S
0T
0_
0`
1a
0h
0i
1j
1q
1r
0s
0]
0f
1o
b1100 5
b1100 D
b1100 F
b1100 R
b1100 X
b1100 B
b1100 G
b1100 M
b1100 +
b1100 0
b1100 <
b1100 L
#3468001
b100 !"
#3469000
b101 $
b101 4
b101 8
b101 2
b101 9
b101 Z
1b
b110 3
b110 :
b110 S
1V
1_
1`
0a
1]
b1101 5
b1101 D
b1101 F
b1101 R
b1101 X
b1101 B
b1101 G
b1101 M
b1101 +
b1101 0
b1101 <
b1101 L
#3469001
b101 !"
#3470000
b110 $
b110 4
b110 8
0T
0b
b110 2
b110 9
b110 Z
1k
0V
b111 3
b111 :
b111 S
0U
0_
0`
1a
1h
1i
0j
0]
1f
b1110 5
b1110 D
b1110 F
b1110 R
b1110 X
b1110 B
b1110 G
b1110 M
b1110 +
b1110 0
b1110 <
b1110 L
#3470001
b110 !"
#3471000
1T
b111 $
b111 4
b111 8
1U
b111 2
b111 9
b111 Z
1b
b1000 3
b1000 :
b1000 S
1V
1_
1`
0a
1]
b1111 5
b1111 D
b1111 F
b1111 R
b1111 X
b1111 B
b1111 G
b1111 M
b1111 +
b1111 0
b1111 <
b1111 L
#3471001
b111 !"
#3472000
1"
b1001 $
b1001 4
b1001 8
0#
0k
0t
b1001 2
b1001 9
b1001 Z
1}
0U
0T
b1010 3
b1010 :
b1010 S
1a
0h
0i
1j
0q
0r
1s
0y
1{
1|
0]
0f
0o
0x
1\
b0 5
b0 D
b0 F
b0 R
b0 X
b1001 6
b1001 E
b1001 P
b1001 Q
b1001 W
b0 B
b0 G
b0 M
b1001 *
b1001 /
b1001 ;
b1001 K
b1001 O
b0 +
b0 0
b0 <
b0 L
#3472001
1#"
b1001 !"
#3473000
b1000 $
b1000 4
b1000 8
b1000 2
b1000 9
b1000 Z
0b
b1011 3
b1011 :
b1011 S
1^
0`
0a
1]
b1 5
b1 D
b1 F
b1 R
b1 X
b1 B
b1 G
b1 M
b1 +
b1 0
b1 <
b1 L
#3473001
b1000 !"
#3474000
b1011 $
b1011 4
b1011 8
1b
b1011 2
b1011 9
b1011 Z
1k
b1100 3
b1100 :
b1100 S
1U
0^
1`
1a
1h
1i
0j
0]
1f
b10 5
b10 D
b10 F
b10 R
b10 X
b10 B
b10 G
b10 M
b10 +
b10 0
b10 <
b10 L
#3474001
b1011 !"
#3475000
b1010 $
b1010 4
b1010 8
b1010 2
b1010 9
b1010 Z
0b
b1101 3
b1101 :
b1101 S
1^
0`
0a
1]
b11 5
b11 D
b11 F
b11 R
b11 X
b11 B
b11 G
b11 M
b11 +
b11 0
b11 <
b11 L
#3475001
b1010 !"
#3476000
b1101 $
b1101 4
b1101 8
0#
1b
0k
b1101 2
b1101 9
b1101 Z
1t
0U
b1110 3
b1110 :
b1110 S
0T
0^
1`
1a
0h
0i
1j
1q
1r
0s
0]
0f
1o
b100 5
b100 D
b100 F
b100 R
b100 X
b100 B
b100 G
b100 M
b100 +
b100 0
b100 <
b100 L
#3476001
b1101 !"
#3477000
b1100 $
b1100 4
b1100 8
b1100 2
b1100 9
b1100 Z
0b
b1111 3
b1111 :
b1111 S
1^
0`
0a
1]
b101 5
b101 D
b101 F
b101 R
b101 X
b101 B
b101 G
b101 M
b101 +
b101 0
b101 <
b101 L
#3477001
b1100 !"
#3478000
1#
b1111 $
b1111 4
b1111 8
1T
1b
b1111 2
b1111 9
b1111 Z
1k
b0 3
b0 :
b0 S
1U
0^
1`
1a
1h
1i
0j
0]
1f
b110 5
b110 D
b110 F
b110 R
b110 X
b110 B
b110 G
b110 M
b110 +
b110 0
b110 <
b110 L
#3478001
b1111 !"
#3479000
b1110 $
b1110 4
b1110 8
b1110 2
b1110 9
b1110 Z
0b
b1 3
b1 :
b1 S
1^
0`
0a
1]
b111 5
b111 D
b111 F
b111 R
b111 X
b111 B
b111 G
b111 M
b111 +
b111 0
b111 <
b111 L
#3479001
b1110 !"
#3480000
0"
b1 $
b1 4
b1 8
1b
0k
0t
b1 2
b1 9
b1 Z
0}
0U
0T
b10 3
b10 :
b10 S
0^
1`
1a
0h
0i
1j
0q
0r
1s
1y
0{
0|
0]
0f
0o
1x
b1000 5
b1000 D
b1000 F
b1000 R
b1000 X
b1000 B
b1000 G
b1000 M
b1000 +
b1000 0
b1000 <
b1000 L
#3480001
0#"
b1 !"
#3481000
1!
b0 $
b0 4
b0 8
b0 2
b0 9
b0 Z
0b
b11 3
b11 :
b11 S
1^
0`
0a
1]
b1001 5
b1001 D
b1001 F
b1001 R
b1001 X
b1001 B
b1001 G
b1001 M
b1001 +
b1001 0
b1001 <
b1001 L
#3481001
1$"
b0 !"
#3482000
0!
b11 $
b11 4
b11 8
1b
b11 2
b11 9
b11 Z
1k
b100 3
b100 :
b100 S
1U
0^
1`
1a
1h
1i
0j
0]
1f
b1010 5
b1010 D
b1010 F
b1010 R
b1010 X
b1010 B
b1010 G
b1010 M
b1010 +
b1010 0
b1010 <
b1010 L
#3482001
0$"
b11 !"
#3483000
b10 $
b10 4
b10 8
b10 2
b10 9
b10 Z
0b
b101 3
b101 :
b101 S
1^
0`
0a
1]
b1011 5
b1011 D
b1011 F
b1011 R
b1011 X
b1011 B
b1011 G
b1011 M
b1011 +
b1011 0
b1011 <
b1011 L
#3483001
b10 !"
#3484000
b101 $
b101 4
b101 8
1b
0k
b101 2
b101 9
b101 Z
1t
0U
b110 3
b110 :
b110 S
0T
0^
1`
1a
0h
0i
1j
1q
1r
0s
0]
0f
1o
b1100 5
b1100 D
b1100 F
b1100 R
b1100 X
b1100 B
b1100 G
b1100 M
b1100 +
b1100 0
b1100 <
b1100 L
#3484001
b101 !"
#3485000
b100 $
b100 4
b100 8
b100 2
b100 9
b100 Z
0b
b111 3
b111 :
b111 S
1^
0`
0a
1]
b1101 5
b1101 D
b1101 F
b1101 R
b1101 X
b1101 B
b1101 G
b1101 M
b1101 +
b1101 0
b1101 <
b1101 L
#3485001
b100 !"
#3486000
b111 $
b111 4
b111 8
1T
1b
b111 2
b111 9
b111 Z
1k
b1000 3
b1000 :
b1000 S
1U
0^
1`
1a
1h
1i
0j
0]
1f
b1110 5
b1110 D
b1110 F
b1110 R
b1110 X
b1110 B
b1110 G
b1110 M
b1110 +
b1110 0
b1110 <
b1110 L
#3486001
b111 !"
#3487000
b110 $
b110 4
b110 8
b110 2
b110 9
b110 Z
0b
b1001 3
b1001 :
b1001 S
1^
0`
0a
1]
b1111 5
b1111 D
b1111 F
b1111 R
b1111 X
b1111 B
b1111 G
b1111 M
b1111 +
b1111 0
b1111 <
b1111 L
#3487001
b110 !"
#3488000
1"
b1010 $
b1010 4
b1010 8
0U
0#
0t
b1010 2
b1010 9
b1010 Z
1}
0V
0T
b1011 3
b1011 :
b1011 S
1a
1j
0q
0r
1s
0y
1{
1|
0^
0_
0]
0f
0o
0x
0\
1e
b0 5
b0 D
b0 F
b0 R
b0 X
b1010 6
b1010 E
b1010 P
b1010 Q
b1010 W
b0 B
b0 G
b0 M
b1010 *
b1010 /
b1010 ;
b1010 K
b1010 O
b0 +
b0 0
b0 <
b0 L
#3488001
1#"
b1010 !"
#3489000
b1011 $
b1011 4
b1011 8
1U
b1011 2
b1011 9
b1011 Z
1b
b1100 3
b1100 :
b1100 S
1V
1_
1`
0a
1]
b1 5
b1 D
b1 F
b1 R
b1 X
b1 B
b1 G
b1 M
b1 +
b1 0
b1 <
b1 L
#3489001
b1011 !"
#3490000
b1000 $
b1000 4
b1000 8
0b
b1000 2
b1000 9
b1000 Z
0k
0V
b1101 3
b1101 :
b1101 S
0_
0`
1a
1g
0i
0j
0]
1f
b10 5
b10 D
b10 F
b10 R
b10 X
b10 B
b10 G
b10 M
b10 +
b10 0
b10 <
b10 L
#3490001
b1000 !"
#3491000
b1001 $
b1001 4
b1001 8
b1001 2
b1001 9
b1001 Z
1b
b1110 3
b1110 :
b1110 S
1V
1_
1`
0a
1]
b11 5
b11 D
b11 F
b11 R
b11 X
b11 B
b11 G
b11 M
b11 +
b11 0
b11 <
b11 L
#3491001
b1001 !"
#3492000
b1110 $
b1110 4
b1110 8
0U
0#
0b
1k
b1110 2
b1110 9
b1110 Z
1t
0V
b1111 3
b1111 :
b1111 S
0T
0_
0`
1a
0g
1i
1j
1q
1r
0s
0]
0f
1o
b100 5
b100 D
b100 F
b100 R
b100 X
b100 B
b100 G
b100 M
b100 +
b100 0
b100 <
b100 L
#3492001
b1110 !"
#3493000
1#
1T
b1111 $
b1111 4
b1111 8
1U
b1111 2
b1111 9
b1111 Z
1b
b0 3
b0 :
b0 S
1V
1_
1`
0a
1]
b101 5
b101 D
b101 F
b101 R
b101 X
b101 B
b101 G
b101 M
b101 +
b101 0
b101 <
b101 L
#3493001
b1111 !"
#3494000
b1100 $
b1100 4
b1100 8
0b
b1100 2
b1100 9
b1100 Z
0k
0V
b1 3
b1 :
b1 S
0_
0`
1a
1g
0i
0j
0]
1f
b110 5
b110 D
b110 F
b110 R
b110 X
b110 B
b110 G
b110 M
b110 +
b110 0
b110 <
b110 L
#3494001
b1100 !"
#3495000
b1101 $
b1101 4
b1101 8
b1101 2
b1101 9
b1101 Z
1b
b10 3
b10 :
b10 S
1V
1_
1`
0a
1]
b111 5
b111 D
b111 F
b111 R
b111 X
b111 B
b111 G
b111 M
b111 +
b111 0
b111 <
b111 L
#3495001
b1101 !"
#3496000
0"
b10 $
b10 4
b10 8
0U
0b
1k
0t
b10 2
b10 9
b10 Z
0}
0V
0T
b11 3
b11 :
b11 S
0_
0`
1a
0g
1i
1j
0q
0r
1s
1y
0{
0|
0]
0f
0o
1x
b1000 5
b1000 D
b1000 F
b1000 R
b1000 X
b1000 B
b1000 G
b1000 M
b1000 +
b1000 0
b1000 <
b1000 L
#3496001
0#"
b10 !"
#3497000
b11 $
b11 4
b11 8
1U
b11 2
b11 9
b11 Z
1b
b100 3
b100 :
b100 S
1V
1_
1`
0a
1]
b1001 5
b1001 D
b1001 F
b1001 R
b1001 X
b1001 B
b1001 G
b1001 M
b1001 +
b1001 0
b1001 <
b1001 L
#3497001
b11 !"
#3498000
1!
b0 $
b0 4
b0 8
0b
b0 2
b0 9
b0 Z
0k
0V
b101 3
b101 :
b101 S
0_
0`
1a
1g
0i
0j
0]
1f
b1010 5
b1010 D
b1010 F
b1010 R
b1010 X
b1010 B
b1010 G
b1010 M
b1010 +
b1010 0
b1010 <
b1010 L
#3498001
1$"
b0 !"
#3499000
0!
b1 $
b1 4
b1 8
b1 2
b1 9
b1 Z
1b
b110 3
b110 :
b110 S
1V
1_
1`
0a
1]
b1011 5
b1011 D
b1011 F
b1011 R
b1011 X
b1011 B
b1011 G
b1011 M
b1011 +
b1011 0
b1011 <
b1011 L
#3499001
0$"
b1 !"
#3500000
b110 $
b110 4
b110 8
0U
0b
1k
b110 2
b110 9
b110 Z
1t
0V
b111 3
b111 :
b111 S
0T
0_
0`
1a
0g
1i
1j
1q
1r
0s
0]
0f
1o
b1100 5
b1100 D
b1100 F
b1100 R
b1100 X
b1100 B
b1100 G
b1100 M
b1100 +
b1100 0
b1100 <
b1100 L
#3500001
b110 !"
#3501000
1T
b111 $
b111 4
b111 8
1U
b111 2
b111 9
b111 Z
1b
b1000 3
b1000 :
b1000 S
1V
1_
1`
0a
1]
b1101 5
b1101 D
b1101 F
b1101 R
b1101 X
b1101 B
b1101 G
b1101 M
b1101 +
b1101 0
b1101 <
b1101 L
#3501001
b111 !"
#3502000
b100 $
b100 4
b100 8
0b
b100 2
b100 9
b100 Z
0k
0V
b1001 3
b1001 :
b1001 S
0_
0`
1a
1g
0i
0j
0]
1f
b1110 5
b1110 D
b1110 F
b1110 R
b1110 X
b1110 B
b1110 G
b1110 M
b1110 +
b1110 0
b1110 <
b1110 L
#3502001
b100 !"
#3503000
b101 $
b101 4
b101 8
b101 2
b101 9
b101 Z
1b
b1010 3
b1010 :
b1010 S
1V
1_
1`
0a
1]
b1111 5
b1111 D
b1111 F
b1111 R
b1111 X
b1111 B
b1111 G
b1111 M
b1111 +
b1111 0
b1111 <
b1111 L
#3503001
b101 !"
#3504000
1"
b1011 $
b1011 4
b1011 8
0#
1k
0t
b1011 2
b1011 9
b1011 Z
1}
0T
b1100 3
b1100 :
b1100 S
1a
0g
1i
1j
0q
0r
1s
0y
1{
1|
0]
0f
0o
0x
1\
b0 5
b0 D
b0 F
b0 R
b0 X
b1011 6
b1011 E
b1011 P
b1011 Q
b1011 W
b0 B
b0 G
b0 M
b1011 *
b1011 /
b1011 ;
b1011 K
b1011 O
b0 +
b0 0
b0 <
b0 L
#3504001
1#"
b1011 !"
#3505000
b1010 $
b1010 4
b1010 8
b1010 2
b1010 9
b1010 Z
0b
b1101 3
b1101 :
b1101 S
1^
0`
0a
1]
b1 5
b1 D
b1 F
b1 R
b1 X
b1 B
b1 G
b1 M
b1 +
b1 0
b1 <
b1 L
#3505001
b1010 !"
#3506000
b1001 $
b1001 4
b1001 8
1b
b1001 2
b1001 9
b1001 Z
0k
b1110 3
b1110 :
b1110 S
0^
1`
1a
1g
0i
0j
0]
1f
b10 5
b10 D
b10 F
b10 R
b10 X
b10 B
b10 G
b10 M
b10 +
b10 0
b10 <
b10 L
#3506001
b1001 !"
#3507000
b1000 $
b1000 4
b1000 8
b1000 2
b1000 9
b1000 Z
0b
b1111 3
b1111 :
b1111 S
1^
0`
0a
1]
b11 5
b11 D
b11 F
b11 R
b11 X
b11 B
b11 G
b11 M
b11 +
b11 0
b11 <
b11 L
#3507001
b1000 !"
#3508000
b1111 $
b1111 4
b1111 8
1#
1b
1k
b1111 2
b1111 9
b1111 Z
1t
b0 3
b0 :
b0 S
1T
0^
1`
1a
0g
1i
1j
1q
1r
0s
0]
0f
1o
b100 5
b100 D
b100 F
b100 R
b100 X
b100 B
b100 G
b100 M
b100 +
b100 0
b100 <
b100 L
#3508001
b1111 !"
#3509000
b1110 $
b1110 4
b1110 8
b1110 2
b1110 9
b1110 Z
0b
b1 3
b1 :
b1 S
1^
0`
0a
1]
b101 5
b101 D
b101 F
b101 R
b101 X
b101 B
b101 G
b101 M
b101 +
b101 0
b101 <
b101 L
#3509001
b1110 !"
#3510000
b1101 $
b1101 4
b1101 8
1b
b1101 2
b1101 9
b1101 Z
0k
b10 3
b10 :
b10 S
0^
1`
1a
1g
0i
0j
0]
1f
b110 5
b110 D
b110 F
b110 R
b110 X
b110 B
b110 G
b110 M
b110 +
b110 0
b110 <
b110 L
#3510001
b1101 !"
#3511000
b1100 $
b1100 4
b1100 8
b1100 2
b1100 9
b1100 Z
0b
b11 3
b11 :
b11 S
1^
0`
0a
1]
b111 5
b111 D
b111 F
b111 R
b111 X
b111 B
b111 G
b111 M
b111 +
b111 0
b111 <
b111 L
#3511001
b1100 !"
#3512000
0"
b11 $
b11 4
b11 8
1b
1k
0t
b11 2
b11 9
b11 Z
0}
0T
b100 3
b100 :
b100 S
0^
1`
1a
0g
1i
1j
0q
0r
1s
1y
0{
0|
0]
0f
0o
1x
b1000 5
b1000 D
b1000 F
b1000 R
b1000 X
b1000 B
b1000 G
b1000 M
b1000 +
b1000 0
b1000 <
b1000 L
#3512001
0#"
b11 !"
#3513000
b10 $
b10 4
b10 8
b10 2
b10 9
b10 Z
0b
b101 3
b101 :
b101 S
1^
0`
0a
1]
b1001 5
b1001 D
b1001 F
b1001 R
b1001 X
b1001 B
b1001 G
b1001 M
b1001 +
b1001 0
b1001 <
b1001 L
#3513001
b10 !"
#3514000
b1 $
b1 4
b1 8
1b
b1 2
b1 9
b1 Z
0k
b110 3
b110 :
b110 S
0^
1`
1a
1g
0i
0j
0]
1f
b1010 5
b1010 D
b1010 F
b1010 R
b1010 X
b1010 B
b1010 G
b1010 M
b1010 +
b1010 0
b1010 <
b1010 L
#3514001
b1 !"
#3515000
1!
b0 $
b0 4
b0 8
b0 2
b0 9
b0 Z
0b
b111 3
b111 :
b111 S
1^
0`
0a
1]
b1011 5
b1011 D
b1011 F
b1011 R
b1011 X
b1011 B
b1011 G
b1011 M
b1011 +
b1011 0
b1011 <
b1011 L
#3515001
1$"
b0 !"
#3516000
0!
b111 $
b111 4
b111 8
1b
1k
b111 2
b111 9
b111 Z
1t
b1000 3
b1000 :
b1000 S
1T
0^
1`
1a
0g
1i
1j
1q
1r
0s
0]
0f
1o
b1100 5
b1100 D
b1100 F
b1100 R
b1100 X
b1100 B
b1100 G
b1100 M
b1100 +
b1100 0
b1100 <
b1100 L
#3516001
0$"
b111 !"
#3517000
b110 $
b110 4
b110 8
b110 2
b110 9
b110 Z
0b
b1001 3
b1001 :
b1001 S
1^
0`
0a
1]
b1101 5
b1101 D
b1101 F
b1101 R
b1101 X
b1101 B
b1101 G
b1101 M
b1101 +
b1101 0
b1101 <
b1101 L
#3517001
b110 !"
#3518000
b101 $
b101 4
b101 8
1b
b101 2
b101 9
b101 Z
0k
b1010 3
b1010 :
b1010 S
0^
1`
1a
1g
0i
0j
0]
1f
b1110 5
b1110 D
b1110 F
b1110 R
b1110 X
b1110 B
b1110 G
b1110 M
b1110 +
b1110 0
b1110 <
b1110 L
#3518001
b101 !"
#3519000
b100 $
b100 4
b100 8
b100 2
b100 9
b100 Z
0b
b1011 3
b1011 :
b1011 S
1^
0`
0a
1]
b1111 5
b1111 D
b1111 F
b1111 R
b1111 X
b1111 B
b1111 G
b1111 M
b1111 +
b1111 0
b1111 <
b1111 L
#3519001
b100 !"
#3520000
1"
0#
b1100 $
b1100 4
b1100 8
0T
b1100 2
b1100 9
b1100 Z
1}
0V
0U
b1101 3
b1101 :
b1101 S
1a
1j
1s
0y
1{
1|
0^
0_
0g
0h
0]
0f
0o
0x
0\
0e
1n
b0 5
b0 D
b0 F
b0 R
b0 X
b1100 6
b1100 E
b1100 P
b1100 Q
b1100 W
b0 B
b0 G
b0 M
b1100 *
b1100 /
b1100 ;
b1100 K
b1100 O
b0 +
b0 0
b0 <
b0 L
#3520001
1#"
b1100 !"
#3521000
b1101 $
b1101 4
b1101 8
b1101 2
b1101 9
b1101 Z
1b
b1110 3
b1110 :
b1110 S
1V
1_
1`
0a
1]
b1 5
b1 D
b1 F
b1 R
b1 X
b1 B
b1 G
b1 M
b1 +
b1 0
b1 <
b1 L
#3521001
b1101 !"
#3522000
0#
b1110 $
b1110 4
b1110 8
0T
0b
b1110 2
b1110 9
b1110 Z
1k
0V
b1111 3
b1111 :
b1111 S
0U
0_
0`
1a
1h
1i
0j
0]
1f
b10 5
b10 D
b10 F
b10 R
b10 X
b10 B
b10 G
b10 M
b10 +
b10 0
b10 <
b10 L
#3522001
b1110 !"
#3523000
1#
1T
b1111 $
b1111 4
b1111 8
1U
b1111 2
b1111 9
b1111 Z
1b
b0 3
b0 :
b0 S
1V
1_
1`
0a
1]
b11 5
b11 D
b11 F
b11 R
b11 X
b11 B
b11 G
b11 M
b11 +
b11 0
b11 <
b11 L
#3523001
b1111 !"
#3524000
b1000 $
b1000 4
b1000 8
0b
0k
b1000 2
b1000 9
b1000 Z
0t
0V
0U
b1 3
b1 :
b1 S
0_
0`
1a
0h
0i
1j
1p
0r
0s
0]
0f
1o
b100 5
b100 D
b100 F
b100 R
b100 X
b100 B
b100 G
b100 M
b100 +
b100 0
b100 <
b100 L
#3524001
b1000 !"
#3525000
b1001 $
b1001 4
b1001 8
b1001 2
b1001 9
b1001 Z
1b
b10 3
b10 :
b10 S
1V
1_
1`
0a
1]
b101 5
b101 D
b101 F
b101 R
b101 X
b101 B
b101 G
b101 M
b101 +
b101 0
b101 <
b101 L
#3525001
b1001 !"
#3526000
b1010 $
b1010 4
b1010 8
0b
b1010 2
b1010 9
b1010 Z
1k
0V
b11 3
b11 :
b11 S
0U
0_
0`
1a
1h
1i
0j
0]
1f
b110 5
b110 D
b110 F
b110 R
b110 X
b110 B
b110 G
b110 M
b110 +
b110 0
b110 <
b110 L
#3526001
b1010 !"
#3527000
b1011 $
b1011 4
b1011 8
1U
b1011 2
b1011 9
b1011 Z
1b
b100 3
b100 :
b100 S
1V
1_
1`
0a
1]
b111 5
b111 D
b111 F
b111 R
b111 X
b111 B
b111 G
b111 M
b111 +
b111 0
b111 <
b111 L
#3527001
b1011 !"
#3528000
0"
b100 $
b100 4
b100 8
0T
0b
0k
1t
b100 2
b100 9
b100 Z
0}
0V
0U
b101 3
b101 :
b101 S
0_
0`
1a
0h
0i
1j
0p
1r
1s
1y
0{
0|
0]
0f
0o
1x
b1000 5
b1000 D
b1000 F
b1000 R
b1000 X
b1000 B
b1000 G
b1000 M
b1000 +
b1000 0
b1000 <
b1000 L
#3528001
0#"
b100 !"
#3529000
b101 $
b101 4
b101 8
b101 2
b101 9
b101 Z
1b
b110 3
b110 :
b110 S
1V
1_
1`
0a
1]
b1001 5
b1001 D
b1001 F
b1001 R
b1001 X
b1001 B
b1001 G
b1001 M
b1001 +
b1001 0
b1001 <
b1001 L
#3529001
b101 !"
#3530000
b110 $
b110 4
b110 8
0T
0b
b110 2
b110 9
b110 Z
1k
0V
b111 3
b111 :
b111 S
0U
0_
0`
1a
1h
1i
0j
0]
1f
b1010 5
b1010 D
b1010 F
b1010 R
b1010 X
b1010 B
b1010 G
b1010 M
b1010 +
b1010 0
b1010 <
b1010 L
#3530001
b110 !"
#3531000
1T
b111 $
b111 4
b111 8
1U
b111 2
b111 9
b111 Z
1b
b1000 3
b1000 :
b1000 S
1V
1_
1`
0a
1]
b1011 5
b1011 D
b1011 F
b1011 R
b1011 X
b1011 B
b1011 G
b1011 M
b1011 +
b1011 0
b1011 <
b1011 L
#3531001
b111 !"
#3532000
1!
b0 $
b0 4
b0 8
0b
0k
b0 2
b0 9
b0 Z
0t
0V
0U
b1001 3
b1001 :
b1001 S
0_
0`
1a
0h
0i
1j
1p
0r
0s
0]
0f
1o
b1100 5
b1100 D
b1100 F
b1100 R
b1100 X
b1100 B
b1100 G
b1100 M
b1100 +
b1100 0
b1100 <
b1100 L
#3532001
1$"
b0 !"
#3533000
0!
b1 $
b1 4
b1 8
b1 2
b1 9
b1 Z
1b
b1010 3
b1010 :
b1010 S
1V
1_
1`
0a
1]
b1101 5
b1101 D
b1101 F
b1101 R
b1101 X
b1101 B
b1101 G
b1101 M
b1101 +
b1101 0
b1101 <
b1101 L
#3533001
0$"
b1 !"
#3534000
b10 $
b10 4
b10 8
0b
b10 2
b10 9
b10 Z
1k
0V
b1011 3
b1011 :
b1011 S
0U
0_
0`
1a
1h
1i
0j
0]
1f
b1110 5
b1110 D
b1110 F
b1110 R
b1110 X
b1110 B
b1110 G
b1110 M
b1110 +
b1110 0
b1110 <
b1110 L
#3534001
b10 !"
#3535000
b11 $
b11 4
b11 8
1U
b11 2
b11 9
b11 Z
1b
b1100 3
b1100 :
b1100 S
1V
1_
1`
0a
1]
b1111 5
b1111 D
b1111 F
b1111 R
b1111 X
b1111 B
b1111 G
b1111 M
b1111 +
b1111 0
b1111 <
b1111 L
#3535001
b11 !"
#3536000
1"
0#
b1101 $
b1101 4
b1101 8
0T
0k
1t
b1101 2
b1101 9
b1101 Z
1}
0U
b1110 3
b1110 :
b1110 S
1a
0h
0i
1j
0p
1r
1s
0y
1{
1|
0]
0f
0o
0x
1\
b0 5
b0 D
b0 F
b0 R
b0 X
b1101 6
b1101 E
b1101 P
b1101 Q
b1101 W
b0 B
b0 G
b0 M
b1101 *
b1101 /
b1101 ;
b1101 K
b1101 O
b0 +
b0 0
b0 <
b0 L
#3536001
1#"
b1101 !"
#3537000
b1100 $
b1100 4
b1100 8
b1100 2
b1100 9
b1100 Z
0b
b1111 3
b1111 :
b1111 S
1^
0`
0a
1]
b1 5
b1 D
b1 F
b1 R
b1 X
b1 B
b1 G
b1 M
b1 +
b1 0
b1 <
b1 L
#3537001
b1100 !"
#3538000
1#
b1111 $
b1111 4
b1111 8
1T
1b
b1111 2
b1111 9
b1111 Z
1k
b0 3
b0 :
b0 S
1U
0^
1`
1a
1h
1i
0j
0]
1f
b10 5
b10 D
b10 F
b10 R
b10 X
b10 B
b10 G
b10 M
b10 +
b10 0
b10 <
b10 L
#3538001
b1111 !"
#3539000
b1110 $
b1110 4
b1110 8
b1110 2
b1110 9
b1110 Z
0b
b1 3
b1 :
b1 S
1^
0`
0a
1]
b11 5
b11 D
b11 F
b11 R
b11 X
b11 B
b11 G
b11 M
b11 +
b11 0
b11 <
b11 L
#3539001
b1110 !"
#3540000
b1001 $
b1001 4
b1001 8
1b
0k
b1001 2
b1001 9
b1001 Z
0t
0U
b10 3
b10 :
b10 S
0^
1`
1a
0h
0i
1j
1p
0r
0s
0]
0f
1o
b100 5
b100 D
b100 F
b100 R
b100 X
b100 B
b100 G
b100 M
b100 +
b100 0
b100 <
b100 L
#3540001
b1001 !"
#3541000
b1000 $
b1000 4
b1000 8
b1000 2
b1000 9
b1000 Z
0b
b11 3
b11 :
b11 S
1^
0`
0a
1]
b101 5
b101 D
b101 F
b101 R
b101 X
b101 B
b101 G
b101 M
b101 +
b101 0
b101 <
b101 L
#3541001
b1000 !"
#3542000
b1011 $
b1011 4
b1011 8
1b
b1011 2
b1011 9
b1011 Z
1k
b100 3
b100 :
b100 S
1U
0^
1`
1a
1h
1i
0j
0]
1f
b110 5
b110 D
b110 F
b110 R
b110 X
b110 B
b110 G
b110 M
b110 +
b110 0
b110 <
b110 L
#3542001
b1011 !"
#3543000
b1010 $
b1010 4
b1010 8
b1010 2
b1010 9
b1010 Z
0b
b101 3
b101 :
b101 S
1^
0`
0a
1]
b111 5
b111 D
b111 F
b111 R
b111 X
b111 B
b111 G
b111 M
b111 +
b111 0
b111 <
b111 L
#3543001
b1010 !"
#3544000
0"
b101 $
b101 4
b101 8
0T
1b
0k
1t
b101 2
b101 9
b101 Z
0}
0U
b110 3
b110 :
b110 S
0^
1`
1a
0h
0i
1j
0p
1r
1s
1y
0{
0|
0]
0f
0o
1x
b1000 5
b1000 D
b1000 F
b1000 R
b1000 X
b1000 B
b1000 G
b1000 M
b1000 +
b1000 0
b1000 <
b1000 L
#3544001
0#"
b101 !"
#3545000
b100 $
b100 4
b100 8
b100 2
b100 9
b100 Z
0b
b111 3
b111 :
b111 S
1^
0`
0a
1]
b1001 5
b1001 D
b1001 F
b1001 R
b1001 X
b1001 B
b1001 G
b1001 M
b1001 +
b1001 0
b1001 <
b1001 L
#3545001
b100 !"
#3546000
b111 $
b111 4
b111 8
1T
1b
b111 2
b111 9
b111 Z
1k
b1000 3
b1000 :
b1000 S
1U
0^
1`
1a
1h
1i
0j
0]
1f
b1010 5
b1010 D
b1010 F
b1010 R
b1010 X
b1010 B
b1010 G
b1010 M
b1010 +
b1010 0
b1010 <
b1010 L
#3546001
b111 !"
#3547000
b110 $
b110 4
b110 8
b110 2
b110 9
b110 Z
0b
b1001 3
b1001 :
b1001 S
1^
0`
0a
1]
b1011 5
b1011 D
b1011 F
b1011 R
b1011 X
b1011 B
b1011 G
b1011 M
b1011 +
b1011 0
b1011 <
b1011 L
#3547001
b110 !"
#3548000
b1 $
b1 4
b1 8
1b
0k
b1 2
b1 9
b1 Z
0t
0U
b1010 3
b1010 :
b1010 S
0^
1`
1a
0h
0i
1j
1p
0r
0s
0]
0f
1o
b1100 5
b1100 D
b1100 F
b1100 R
b1100 X
b1100 B
b1100 G
b1100 M
b1100 +
b1100 0
b1100 <
b1100 L
#3548001
b1 !"
#3549000
1!
b0 $
b0 4
b0 8
b0 2
b0 9
b0 Z
0b
b1011 3
b1011 :
b1011 S
1^
0`
0a
1]
b1101 5
b1101 D
b1101 F
b1101 R
b1101 X
b1101 B
b1101 G
b1101 M
b1101 +
b1101 0
b1101 <
b1101 L
#3549001
1$"
b0 !"
#3550000
0!
b11 $
b11 4
b11 8
1b
b11 2
b11 9
b11 Z
1k
b1100 3
b1100 :
b1100 S
1U
0^
1`
1a
1h
1i
0j
0]
1f
b1110 5
b1110 D
b1110 F
b1110 R
b1110 X
b1110 B
b1110 G
b1110 M
b1110 +
b1110 0
b1110 <
b1110 L
#3550001
0$"
b11 !"
#3551000
b10 $
b10 4
b10 8
b10 2
b10 9
b10 Z
0b
b1101 3
b1101 :
b1101 S
1^
0`
0a
1]
b1111 5
b1111 D
b1111 F
b1111 R
b1111 X
b1111 B
b1111 G
b1111 M
b1111 +
b1111 0
b1111 <
b1111 L
#3551001
b10 !"
#3552000
0#
1"
0T
b1110 $
b1110 4
b1110 8
0U
1t
b1110 2
b1110 9
b1110 Z
1}
0V
b1111 3
b1111 :
b1111 S
1a
1j
0p
1r
1s
0y
1{
1|
0^
0_
0]
0f
0o
0x
0\
1e
b0 5
b0 D
b0 F
b0 R
b0 X
b1110 6
b1110 E
b1110 P
b1110 Q
b1110 W
b0 B
b0 G
b0 M
b1110 *
b1110 /
b1110 ;
b1110 K
b1110 O
b0 +
b0 0
b0 <
b0 L
#3552001
1#"
b1110 !"
#3553000
1#
1T
b1111 $
b1111 4
b1111 8
1U
b1111 2
b1111 9
b1111 Z
1b
b0 3
b0 :
b0 S
1V
1_
1`
0a
1]
b1 5
b1 D
b1 F
b1 R
b1 X
b1 B
b1 G
b1 M
b1 +
b1 0
b1 <
b1 L
#3553001
b1111 !"
#3554000
b1100 $
b1100 4
b1100 8
0b
b1100 2
b1100 9
b1100 Z
0k
0V
b1 3
b1 :
b1 S
0_
0`
1a
1g
0i
0j
0]
1f
b10 5
b10 D
b10 F
b10 R
b10 X
b10 B
b10 G
b10 M
b10 +
b10 0
b10 <
b10 L
#3554001
b1100 !"
#3555000
b1101 $
b1101 4
b1101 8
b1101 2
b1101 9
b1101 Z
1b
b10 3
b10 :
b10 S
1V
1_
1`
0a
1]
b11 5
b11 D
b11 F
b11 R
b11 X
b11 B
b11 G
b11 M
b11 +
b11 0
b11 <
b11 L
#3555001
b1101 !"
#3556000
b1010 $
b1010 4
b1010 8
0U
0b
1k
b1010 2
b1010 9
b1010 Z
0t
0V
b11 3
b11 :
b11 S
0_
0`
1a
0g
1i
1j
1p
0r
0s
0]
0f
1o
b100 5
b100 D
b100 F
b100 R
b100 X
b100 B
b100 G
b100 M
b100 +
b100 0
b100 <
b100 L
#3556001
b1010 !"
#3557000
b1011 $
b1011 4
b1011 8
1U
b1011 2
b1011 9
b1011 Z
1b
b100 3
b100 :
b100 S
1V
1_
1`
0a
1]
b101 5
b101 D
b101 F
b101 R
b101 X
b101 B
b101 G
b101 M
b101 +
b101 0
b101 <
b101 L
#3557001
b1011 !"
#3558000
b1000 $
b1000 4
b1000 8
0b
b1000 2
b1000 9
b1000 Z
0k
0V
b101 3
b101 :
b101 S
0_
0`
1a
1g
0i
0j
0]
1f
b110 5
b110 D
b110 F
b110 R
b110 X
b110 B
b110 G
b110 M
b110 +
b110 0
b110 <
b110 L
#3558001
b1000 !"
#3559000
b1001 $
b1001 4
b1001 8
b1001 2
b1001 9
b1001 Z
1b
b110 3
b110 :
b110 S
1V
1_
1`
0a
1]
b111 5
b111 D
b111 F
b111 R
b111 X
b111 B
b111 G
b111 M
b111 +
b111 0
b111 <
b111 L
#3559001
b1001 !"
#3560000
0"
0T
b110 $
b110 4
b110 8
0U
0b
1k
1t
b110 2
b110 9
b110 Z
0}
0V
b111 3
b111 :
b111 S
0_
0`
1a
0g
1i
1j
0p
1r
1s
1y
0{
0|
0]
0f
0o
1x
b1000 5
b1000 D
b1000 F
b1000 R
b1000 X
b1000 B
b1000 G
b1000 M
b1000 +
b1000 0
b1000 <
b1000 L
#3560001
0#"
b110 !"
#3561000
1T
b111 $
b111 4
b111 8
1U
b111 2
b111 9
b111 Z
1b
b1000 3
b1000 :
b1000 S
1V
1_
1`
0a
1]
b1001 5
b1001 D
b1001 F
b1001 R
b1001 X
b1001 B
b1001 G
b1001 M
b1001 +
b1001 0
b1001 <
b1001 L
#3561001
b111 !"
#3562000
b100 $
b100 4
b100 8
0b
b100 2
b100 9
b100 Z
0k
0V
b1001 3
b1001 :
b1001 S
0_
0`
1a
1g
0i
0j
0]
1f
b1010 5
b1010 D
b1010 F
b1010 R
b1010 X
b1010 B
b1010 G
b1010 M
b1010 +
b1010 0
b1010 <
b1010 L
#3562001
b100 !"
#3563000
b101 $
b101 4
b101 8
b101 2
b101 9
b101 Z
1b
b1010 3
b1010 :
b1010 S
1V
1_
1`
0a
1]
b1011 5
b1011 D
b1011 F
b1011 R
b1011 X
b1011 B
b1011 G
b1011 M
b1011 +
b1011 0
b1011 <
b1011 L
#3563001
b101 !"
#3564000
b10 $
b10 4
b10 8
0U
0b
1k
b10 2
b10 9
b10 Z
0t
0V
b1011 3
b1011 :
b1011 S
0_
0`
1a
0g
1i
1j
1p
0r
0s
0]
0f
1o
b1100 5
b1100 D
b1100 F
b1100 R
b1100 X
b1100 B
b1100 G
b1100 M
b1100 +
b1100 0
b1100 <
b1100 L
#3564001
b10 !"
#3565000
b11 $
b11 4
b11 8
1U
b11 2
b11 9
b11 Z
1b
b1100 3
b1100 :
b1100 S
1V
1_
1`
0a
1]
b1101 5
b1101 D
b1101 F
b1101 R
b1101 X
b1101 B
b1101 G
b1101 M
b1101 +
b1101 0
b1101 <
b1101 L
#3565001
b11 !"
#3566000
1!
b0 $
b0 4
b0 8
0b
b0 2
b0 9
b0 Z
0k
0V
b1101 3
b1101 :
b1101 S
0_
0`
1a
1g
0i
0j
0]
1f
b1110 5
b1110 D
b1110 F
b1110 R
b1110 X
b1110 B
b1110 G
b1110 M
b1110 +
b1110 0
b1110 <
b1110 L
#3566001
1$"
b0 !"
#3567000
0!
b1 $
b1 4
b1 8
b1 2
b1 9
b1 Z
1b
b1110 3
b1110 :
b1110 S
1V
1_
1`
0a
1]
b1111 5
b1111 D
b1111 F
b1111 R
b1111 X
b1111 B
b1111 G
b1111 M
b1111 +
b1111 0
b1111 <
b1111 L
#3567001
0$"
b1 !"
#3568000
1"
b1111 $
b1111 4
b1111 8
1k
1t
b1111 2
b1111 9
b1111 Z
1}
b0 3
b0 :
b0 S
1a
0g
1i
1j
0p
1r
1s
0y
1{
1|
0]
0f
0o
0x
1\
b0 5
b0 D
b0 F
b0 R
b0 X
b1111 6
b1111 E
b1111 P
b1111 Q
b1111 W
b0 B
b0 G
b0 M
b1111 *
b1111 /
b1111 ;
b1111 K
b1111 O
b0 +
b0 0
b0 <
b0 L
#3568001
1#"
b1111 !"
#3569000
b1110 $
b1110 4
b1110 8
b1110 2
b1110 9
b1110 Z
0b
b1 3
b1 :
b1 S
1^
0`
0a
1]
b1 5
b1 D
b1 F
b1 R
b1 X
b1 B
b1 G
b1 M
b1 +
b1 0
b1 <
b1 L
#3569001
b1110 !"
#3570000
b1101 $
b1101 4
b1101 8
1b
b1101 2
b1101 9
b1101 Z
0k
b10 3
b10 :
b10 S
0^
1`
1a
1g
0i
0j
0]
1f
b10 5
b10 D
b10 F
b10 R
b10 X
b10 B
b10 G
b10 M
b10 +
b10 0
b10 <
b10 L
#3570001
b1101 !"
#3571000
b1100 $
b1100 4
b1100 8
b1100 2
b1100 9
b1100 Z
0b
b11 3
b11 :
b11 S
1^
0`
0a
1]
b11 5
b11 D
b11 F
b11 R
b11 X
b11 B
b11 G
b11 M
b11 +
b11 0
b11 <
b11 L
#3571001
b1100 !"
#3572000
b1011 $
b1011 4
b1011 8
1b
1k
b1011 2
b1011 9
b1011 Z
0t
b100 3
b100 :
b100 S
0^
1`
1a
0g
1i
1j
1p
0r
0s
0]
0f
1o
b100 5
b100 D
b100 F
b100 R
b100 X
b100 B
b100 G
b100 M
b100 +
b100 0
b100 <
b100 L
#3572001
b1011 !"
#3573000
b1010 $
b1010 4
b1010 8
b1010 2
b1010 9
b1010 Z
0b
b101 3
b101 :
b101 S
1^
0`
0a
1]
b101 5
b101 D
b101 F
b101 R
b101 X
b101 B
b101 G
b101 M
b101 +
b101 0
b101 <
b101 L
#3573001
b1010 !"
#3574000
b1001 $
b1001 4
b1001 8
1b
b1001 2
b1001 9
b1001 Z
0k
b110 3
b110 :
b110 S
0^
1`
1a
1g
0i
0j
0]
1f
b110 5
b110 D
b110 F
b110 R
b110 X
b110 B
b110 G
b110 M
b110 +
b110 0
b110 <
b110 L
#3574001
b1001 !"
#3575000
b1000 $
b1000 4
b1000 8
b1000 2
b1000 9
b1000 Z
0b
b111 3
b111 :
b111 S
1^
0`
0a
1]
b111 5
b111 D
b111 F
b111 R
b111 X
b111 B
b111 G
b111 M
b111 +
b111 0
b111 <
b111 L
#3575001
b1000 !"
#3576000
0"
b111 $
b111 4
b111 8
1b
1k
1t
b111 2
b111 9
b111 Z
0}
b1000 3
b1000 :
b1000 S
0^
1`
1a
0g
1i
1j
0p
1r
1s
1y
0{
0|
0]
0f
0o
1x
b1000 5
b1000 D
b1000 F
b1000 R
b1000 X
b1000 B
b1000 G
b1000 M
b1000 +
b1000 0
b1000 <
b1000 L
#3576001
0#"
b111 !"
#3577000
b110 $
b110 4
b110 8
b110 2
b110 9
b110 Z
0b
b1001 3
b1001 :
b1001 S
1^
0`
0a
1]
b1001 5
b1001 D
b1001 F
b1001 R
b1001 X
b1001 B
b1001 G
b1001 M
b1001 +
b1001 0
b1001 <
b1001 L
#3577001
b110 !"
#3578000
b101 $
b101 4
b101 8
1b
b101 2
b101 9
b101 Z
0k
b1010 3
b1010 :
b1010 S
0^
1`
1a
1g
0i
0j
0]
1f
b1010 5
b1010 D
b1010 F
b1010 R
b1010 X
b1010 B
b1010 G
b1010 M
b1010 +
b1010 0
b1010 <
b1010 L
#3578001
b101 !"
#3579000
b100 $
b100 4
b100 8
b100 2
b100 9
b100 Z
0b
b1011 3
b1011 :
b1011 S
1^
0`
0a
1]
b1011 5
b1011 D
b1011 F
b1011 R
b1011 X
b1011 B
b1011 G
b1011 M
b1011 +
b1011 0
b1011 <
b1011 L
#3579001
b100 !"
#3580000
b11 $
b11 4
b11 8
1b
1k
b11 2
b11 9
b11 Z
0t
b1100 3
b1100 :
b1100 S
0^
1`
1a
0g
1i
1j
1p
0r
0s
0]
0f
1o
b1100 5
b1100 D
b1100 F
b1100 R
b1100 X
b1100 B
b1100 G
b1100 M
b1100 +
b1100 0
b1100 <
b1100 L
#3580001
b11 !"
#3581000
b10 $
b10 4
b10 8
b10 2
b10 9
b10 Z
0b
b1101 3
b1101 :
b1101 S
1^
0`
0a
1]
b1101 5
b1101 D
b1101 F
b1101 R
b1101 X
b1101 B
b1101 G
b1101 M
b1101 +
b1101 0
b1101 <
b1101 L
#3581001
b10 !"
#3582000
b1 $
b1 4
b1 8
1b
b1 2
b1 9
b1 Z
0k
b1110 3
b1110 :
b1110 S
0^
1`
1a
1g
0i
0j
0]
1f
b1110 5
b1110 D
b1110 F
b1110 R
b1110 X
b1110 B
b1110 G
b1110 M
b1110 +
b1110 0
b1110 <
b1110 L
#3582001
b1 !"
#3583000
1!
b0 $
b0 4
b0 8
b0 2
b0 9
b0 Z
0b
b1111 3
b1111 :
b1111 S
1^
0`
0a
1]
b1111 5
b1111 D
b1111 F
b1111 R
b1111 X
b1111 B
b1111 G
b1111 M
b1111 +
b1111 0
b1111 <
b1111 L
#3583001
1$"
b0 !"
#3584000
1"
0!
b1111 $
b1111 4
b1111 8
0@
0A
1b
1k
1t
b1111 2
b1111 9
b1111 Z
1}
0U
0T
0#
1a
1j
1s
1|
0V
0^
0_
0g
0h
0p
0q
0y
0z
0]
0f
0o
0x
0\
0e
0n
0w
b0 5
b0 D
b0 F
b0 R
b0 X
b11 Y
b11 [
b11 c
b11 d
b11 l
b11 m
b11 u
b11 v
b11 ~
b0 3
b0 :
b0 S
b0 6
b0 E
b0 P
b0 Q
b0 W
b0 B
b0 G
b0 M
b111 ,
b111 1
b111 =
0-
b0 *
b0 /
b0 ;
b0 K
b0 O
b0 +
b0 0
b0 <
b0 L
#3584001
0$"
1#"
b1111 !"
#3585000
b1 +
b1 0
b1 <
b1 L
#3586000
b10 +
b10 0
b10 <
b10 L
#3587000
b11 +
b11 0
b11 <
b11 L
#3588000
b100 +
b100 0
b100 <
b100 L
#3589000
b101 +
b101 0
b101 <
b101 L
#3590000
b110 +
b110 0
b110 <
b110 L
#3591000
b111 +
b111 0
b111 <
b111 L
#3592000
b1000 +
b1000 0
b1000 <
b1000 L
#3593000
b1001 +
b1001 0
b1001 <
b1001 L
#3594000
b1010 +
b1010 0
b1010 <
b1010 L
#3595000
b1011 +
b1011 0
b1011 <
b1011 L
#3596000
b1100 +
b1100 0
b1100 <
b1100 L
#3597000
b1101 +
b1101 0
b1101 <
b1101 L
#3598000
b1110 +
b1110 0
b1110 <
b1110 L
#3599000
b1111 +
b1111 0
b1111 <
b1111 L
#3600000
b1110 $
b1110 4
b1110 8
b1110 2
b1110 9
b1110 Z
0b
b1 3
b1 :
b1 S
1_
1`
0a
1]
b1 5
b1 D
b1 F
b1 R
b1 X
b1 B
b1 G
b1 M
b1 *
b1 /
b1 ;
b1 K
b1 O
b0 +
b0 0
b0 <
b0 L
#3600001
b1110 !"
#3601000
b1 +
b1 0
b1 <
b1 L
#3602000
b10 +
b10 0
b10 <
b10 L
#3603000
b11 +
b11 0
b11 <
b11 L
#3604000
b100 +
b100 0
b100 <
b100 L
#3605000
b101 +
b101 0
b101 <
b101 L
#3606000
b110 +
b110 0
b110 <
b110 L
#3607000
b111 +
b111 0
b111 <
b111 L
#3608000
b1000 +
b1000 0
b1000 <
b1000 L
#3609000
b1001 +
b1001 0
b1001 <
b1001 L
#3610000
b1010 +
b1010 0
b1010 <
b1010 L
#3611000
b1011 +
b1011 0
b1011 <
b1011 L
#3612000
b1100 +
b1100 0
b1100 <
b1100 L
#3613000
b1101 +
b1101 0
b1101 <
b1101 L
#3614000
b1110 +
b1110 0
b1110 <
b1110 L
#3615000
b1111 +
b1111 0
b1111 <
b1111 L
#3616000
b1101 $
b1101 4
b1101 8
1b
b1101 2
b1101 9
b1101 Z
0k
b10 3
b10 :
b10 S
0_
0`
1a
1h
1i
0j
0]
1f
b10 5
b10 D
b10 F
b10 R
b10 X
b10 B
b10 G
b10 M
b10 *
b10 /
b10 ;
b10 K
b10 O
b0 +
b0 0
b0 <
b0 L
#3616001
b1101 !"
#3617000
b1 +
b1 0
b1 <
b1 L
#3618000
b10 +
b10 0
b10 <
b10 L
#3619000
b11 +
b11 0
b11 <
b11 L
#3620000
b100 +
b100 0
b100 <
b100 L
#3621000
b101 +
b101 0
b101 <
b101 L
#3622000
b110 +
b110 0
b110 <
b110 L
#3623000
b111 +
b111 0
b111 <
b111 L
#3624000
b1000 +
b1000 0
b1000 <
b1000 L
#3625000
b1001 +
b1001 0
b1001 <
b1001 L
#3626000
b1010 +
b1010 0
b1010 <
b1010 L
#3627000
b1011 +
b1011 0
b1011 <
b1011 L
#3628000
b1100 +
b1100 0
b1100 <
b1100 L
#3629000
b1101 +
b1101 0
b1101 <
b1101 L
#3630000
b1110 +
b1110 0
b1110 <
b1110 L
#3631000
b1111 +
b1111 0
b1111 <
b1111 L
#3632000
b1100 $
b1100 4
b1100 8
b1100 2
b1100 9
b1100 Z
0b
b11 3
b11 :
b11 S
1_
1`
0a
1]
b11 5
b11 D
b11 F
b11 R
b11 X
b11 B
b11 G
b11 M
b11 *
b11 /
b11 ;
b11 K
b11 O
b0 +
b0 0
b0 <
b0 L
#3632001
b1100 !"
#3633000
b1 +
b1 0
b1 <
b1 L
#3634000
b10 +
b10 0
b10 <
b10 L
#3635000
b11 +
b11 0
b11 <
b11 L
#3636000
b100 +
b100 0
b100 <
b100 L
#3637000
b101 +
b101 0
b101 <
b101 L
#3638000
b110 +
b110 0
b110 <
b110 L
#3639000
b111 +
b111 0
b111 <
b111 L
#3640000
b1000 +
b1000 0
b1000 <
b1000 L
#3641000
b1001 +
b1001 0
b1001 <
b1001 L
#3642000
b1010 +
b1010 0
b1010 <
b1010 L
#3643000
b1011 +
b1011 0
b1011 <
b1011 L
#3644000
b1100 +
b1100 0
b1100 <
b1100 L
#3645000
b1101 +
b1101 0
b1101 <
b1101 L
#3646000
b1110 +
b1110 0
b1110 <
b1110 L
#3647000
b1111 +
b1111 0
b1111 <
b1111 L
#3648000
b1011 $
b1011 4
b1011 8
1b
1k
b1011 2
b1011 9
b1011 Z
0t
b100 3
b100 :
b100 S
0_
0`
1a
0h
0i
1j
1q
1r
0s
0]
0f
1o
b100 5
b100 D
b100 F
b100 R
b100 X
b100 B
b100 G
b100 M
b100 *
b100 /
b100 ;
b100 K
b100 O
b0 +
b0 0
b0 <
b0 L
#3648001
b1011 !"
#3649000
b1 +
b1 0
b1 <
b1 L
#3650000
b10 +
b10 0
b10 <
b10 L
#3651000
b11 +
b11 0
b11 <
b11 L
#3652000
b100 +
b100 0
b100 <
b100 L
#3653000
b101 +
b101 0
b101 <
b101 L
#3654000
b110 +
b110 0
b110 <
b110 L
#3655000
b111 +
b111 0
b111 <
b111 L
#3656000
b1000 +
b1000 0
b1000 <
b1000 L
#3657000
b1001 +
b1001 0
b1001 <
b1001 L
#3658000
b1010 +
b1010 0
b1010 <
b1010 L
#3659000
b1011 +
b1011 0
b1011 <
b1011 L
#3660000
b1100 +
b1100 0
b1100 <
b1100 L
#3661000
b1101 +
b1101 0
b1101 <
b1101 L
#3662000
b1110 +
b1110 0
b1110 <
b1110 L
#3663000
b1111 +
b1111 0
b1111 <
b1111 L
#3664000
b1010 $
b1010 4
b1010 8
b1010 2
b1010 9
b1010 Z
0b
b101 3
b101 :
b101 S
1_
1`
0a
1]
b101 5
b101 D
b101 F
b101 R
b101 X
b101 B
b101 G
b101 M
b101 *
b101 /
b101 ;
b101 K
b101 O
b0 +
b0 0
b0 <
b0 L
#3664001
b1010 !"
#3665000
b1 +
b1 0
b1 <
b1 L
#3666000
b10 +
b10 0
b10 <
b10 L
#3667000
b11 +
b11 0
b11 <
b11 L
#3668000
b100 +
b100 0
b100 <
b100 L
#3669000
b101 +
b101 0
b101 <
b101 L
#3670000
b110 +
b110 0
b110 <
b110 L
#3671000
b111 +
b111 0
b111 <
b111 L
#3672000
b1000 +
b1000 0
b1000 <
b1000 L
#3673000
b1001 +
b1001 0
b1001 <
b1001 L
#3674000
b1010 +
b1010 0
b1010 <
b1010 L
#3675000
b1011 +
b1011 0
b1011 <
b1011 L
#3676000
b1100 +
b1100 0
b1100 <
b1100 L
#3677000
b1101 +
b1101 0
b1101 <
b1101 L
#3678000
b1110 +
b1110 0
b1110 <
b1110 L
#3679000
b1111 +
b1111 0
b1111 <
b1111 L
#3680000
b1001 $
b1001 4
b1001 8
1b
b1001 2
b1001 9
b1001 Z
0k
b110 3
b110 :
b110 S
0_
0`
1a
1h
1i
0j
0]
1f
b110 5
b110 D
b110 F
b110 R
b110 X
b110 B
b110 G
b110 M
b110 *
b110 /
b110 ;
b110 K
b110 O
b0 +
b0 0
b0 <
b0 L
#3680001
b1001 !"
#3681000
b1 +
b1 0
b1 <
b1 L
#3682000
b10 +
b10 0
b10 <
b10 L
#3683000
b11 +
b11 0
b11 <
b11 L
#3684000
b100 +
b100 0
b100 <
b100 L
#3685000
b101 +
b101 0
b101 <
b101 L
#3686000
b110 +
b110 0
b110 <
b110 L
#3687000
b111 +
b111 0
b111 <
b111 L
#3688000
b1000 +
b1000 0
b1000 <
b1000 L
#3689000
b1001 +
b1001 0
b1001 <
b1001 L
#3690000
b1010 +
b1010 0
b1010 <
b1010 L
#3691000
b1011 +
b1011 0
b1011 <
b1011 L
#3692000
b1100 +
b1100 0
b1100 <
b1100 L
#3693000
b1101 +
b1101 0
b1101 <
b1101 L
#3694000
b1110 +
b1110 0
b1110 <
b1110 L
#3695000
b1111 +
b1111 0
b1111 <
b1111 L
#3696000
b1000 $
b1000 4
b1000 8
b1000 2
b1000 9
b1000 Z
0b
b111 3
b111 :
b111 S
1_
1`
0a
1]
b111 5
b111 D
b111 F
b111 R
b111 X
b111 B
b111 G
b111 M
b111 *
b111 /
b111 ;
b111 K
b111 O
b0 +
b0 0
b0 <
b0 L
#3696001
b1000 !"
#3697000
b1 +
b1 0
b1 <
b1 L
#3698000
b10 +
b10 0
b10 <
b10 L
#3699000
b11 +
b11 0
b11 <
b11 L
#3700000
b100 +
b100 0
b100 <
b100 L
#3701000
b101 +
b101 0
b101 <
b101 L
#3702000
b110 +
b110 0
b110 <
b110 L
#3703000
b111 +
b111 0
b111 <
b111 L
#3704000
b1000 +
b1000 0
b1000 <
b1000 L
#3705000
b1001 +
b1001 0
b1001 <
b1001 L
#3706000
b1010 +
b1010 0
b1010 <
b1010 L
#3707000
b1011 +
b1011 0
b1011 <
b1011 L
#3708000
b1100 +
b1100 0
b1100 <
b1100 L
#3709000
b1101 +
b1101 0
b1101 <
b1101 L
#3710000
b1110 +
b1110 0
b1110 <
b1110 L
#3711000
b1111 +
b1111 0
b1111 <
b1111 L
#3712000
0"
b111 $
b111 4
b111 8
1b
1k
1t
b111 2
b111 9
b111 Z
0}
b1000 3
b1000 :
b1000 S
0_
0`
1a
0h
0i
1j
0q
0r
1s
1z
1{
0|
0]
0f
0o
1x
b1000 5
b1000 D
b1000 F
b1000 R
b1000 X
b1000 B
b1000 G
b1000 M
b1000 *
b1000 /
b1000 ;
b1000 K
b1000 O
b0 +
b0 0
b0 <
b0 L
#3712001
0#"
b111 !"
#3713000
b1 +
b1 0
b1 <
b1 L
#3714000
b10 +
b10 0
b10 <
b10 L
#3715000
b11 +
b11 0
b11 <
b11 L
#3716000
b100 +
b100 0
b100 <
b100 L
#3717000
b101 +
b101 0
b101 <
b101 L
#3718000
b110 +
b110 0
b110 <
b110 L
#3719000
b111 +
b111 0
b111 <
b111 L
#3720000
b1000 +
b1000 0
b1000 <
b1000 L
#3721000
b1001 +
b1001 0
b1001 <
b1001 L
#3722000
b1010 +
b1010 0
b1010 <
b1010 L
#3723000
b1011 +
b1011 0
b1011 <
b1011 L
#3724000
b1100 +
b1100 0
b1100 <
b1100 L
#3725000
b1101 +
b1101 0
b1101 <
b1101 L
#3726000
b1110 +
b1110 0
b1110 <
b1110 L
#3727000
b1111 +
b1111 0
b1111 <
b1111 L
#3728000
b110 $
b110 4
b110 8
b110 2
b110 9
b110 Z
0b
b1001 3
b1001 :
b1001 S
1_
1`
0a
1]
b1001 5
b1001 D
b1001 F
b1001 R
b1001 X
b1001 B
b1001 G
b1001 M
b1001 *
b1001 /
b1001 ;
b1001 K
b1001 O
b0 +
b0 0
b0 <
b0 L
#3728001
b110 !"
#3729000
b1 +
b1 0
b1 <
b1 L
#3730000
b10 +
b10 0
b10 <
b10 L
#3731000
b11 +
b11 0
b11 <
b11 L
#3732000
b100 +
b100 0
b100 <
b100 L
#3733000
b101 +
b101 0
b101 <
b101 L
#3734000
b110 +
b110 0
b110 <
b110 L
#3735000
b111 +
b111 0
b111 <
b111 L
#3736000
b1000 +
b1000 0
b1000 <
b1000 L
#3737000
b1001 +
b1001 0
b1001 <
b1001 L
#3738000
b1010 +
b1010 0
b1010 <
b1010 L
#3739000
b1011 +
b1011 0
b1011 <
b1011 L
#3740000
b1100 +
b1100 0
b1100 <
b1100 L
#3741000
b1101 +
b1101 0
b1101 <
b1101 L
#3742000
b1110 +
b1110 0
b1110 <
b1110 L
#3743000
b1111 +
b1111 0
b1111 <
b1111 L
#3744000
b101 $
b101 4
b101 8
1b
b101 2
b101 9
b101 Z
0k
b1010 3
b1010 :
b1010 S
0_
0`
1a
1h
1i
0j
0]
1f
b1010 5
b1010 D
b1010 F
b1010 R
b1010 X
b1010 B
b1010 G
b1010 M
b1010 *
b1010 /
b1010 ;
b1010 K
b1010 O
b0 +
b0 0
b0 <
b0 L
#3744001
b101 !"
#3745000
b1 +
b1 0
b1 <
b1 L
#3746000
b10 +
b10 0
b10 <
b10 L
#3747000
b11 +
b11 0
b11 <
b11 L
#3748000
b100 +
b100 0
b100 <
b100 L
#3749000
b101 +
b101 0
b101 <
b101 L
#3750000
b110 +
b110 0
b110 <
b110 L
#3751000
b111 +
b111 0
b111 <
b111 L
#3752000
b1000 +
b1000 0
b1000 <
b1000 L
#3753000
b1001 +
b1001 0
b1001 <
b1001 L
#3754000
b1010 +
b1010 0
b1010 <
b1010 L
#3755000
b1011 +
b1011 0
b1011 <
b1011 L
#3756000
b1100 +
b1100 0
b1100 <
b1100 L
#3757000
b1101 +
b1101 0
b1101 <
b1101 L
#3758000
b1110 +
b1110 0
b1110 <
b1110 L
#3759000
b1111 +
b1111 0
b1111 <
b1111 L
#3760000
b100 $
b100 4
b100 8
b100 2
b100 9
b100 Z
0b
b1011 3
b1011 :
b1011 S
1_
1`
0a
1]
b1011 5
b1011 D
b1011 F
b1011 R
b1011 X
b1011 B
b1011 G
b1011 M
b1011 *
b1011 /
b1011 ;
b1011 K
b1011 O
b0 +
b0 0
b0 <
b0 L
#3760001
b100 !"
#3761000
b1 +
b1 0
b1 <
b1 L
#3762000
b10 +
b10 0
b10 <
b10 L
#3763000
b11 +
b11 0
b11 <
b11 L
#3764000
b100 +
b100 0
b100 <
b100 L
#3765000
b101 +
b101 0
b101 <
b101 L
#3766000
b110 +
b110 0
b110 <
b110 L
#3767000
b111 +
b111 0
b111 <
b111 L
#3768000
b1000 +
b1000 0
b1000 <
b1000 L
#3769000
b1001 +
b1001 0
b1001 <
b1001 L
#3770000
b1010 +
b1010 0
b1010 <
b1010 L
#3771000
b1011 +
b1011 0
b1011 <
b1011 L
#3772000
b1100 +
b1100 0
b1100 <
b1100 L
#3773000
b1101 +
b1101 0
b1101 <
b1101 L
#3774000
b1110 +
b1110 0
b1110 <
b1110 L
#3775000
b1111 +
b1111 0
b1111 <
b1111 L
#3776000
b11 $
b11 4
b11 8
1b
1k
b11 2
b11 9
b11 Z
0t
b1100 3
b1100 :
b1100 S
0_
0`
1a
0h
0i
1j
1q
1r
0s
0]
0f
1o
b1100 5
b1100 D
b1100 F
b1100 R
b1100 X
b1100 B
b1100 G
b1100 M
b1100 *
b1100 /
b1100 ;
b1100 K
b1100 O
b0 +
b0 0
b0 <
b0 L
#3776001
b11 !"
#3777000
b1 +
b1 0
b1 <
b1 L
#3778000
b10 +
b10 0
b10 <
b10 L
#3779000
b11 +
b11 0
b11 <
b11 L
#3780000
b100 +
b100 0
b100 <
b100 L
#3781000
b101 +
b101 0
b101 <
b101 L
#3782000
b110 +
b110 0
b110 <
b110 L
#3783000
b111 +
b111 0
b111 <
b111 L
#3784000
b1000 +
b1000 0
b1000 <
b1000 L
#3785000
b1001 +
b1001 0
b1001 <
b1001 L
#3786000
b1010 +
b1010 0
b1010 <
b1010 L
#3787000
b1011 +
b1011 0
b1011 <
b1011 L
#3788000
b1100 +
b1100 0
b1100 <
b1100 L
#3789000
b1101 +
b1101 0
b1101 <
b1101 L
#3790000
b1110 +
b1110 0
b1110 <
b1110 L
#3791000
b1111 +
b1111 0
b1111 <
b1111 L
#3792000
b10 $
b10 4
b10 8
b10 2
b10 9
b10 Z
0b
b1101 3
b1101 :
b1101 S
1_
1`
0a
1]
b1101 5
b1101 D
b1101 F
b1101 R
b1101 X
b1101 B
b1101 G
b1101 M
b1101 *
b1101 /
b1101 ;
b1101 K
b1101 O
b0 +
b0 0
b0 <
b0 L
#3792001
b10 !"
#3793000
b1 +
b1 0
b1 <
b1 L
#3794000
b10 +
b10 0
b10 <
b10 L
#3795000
b11 +
b11 0
b11 <
b11 L
#3796000
b100 +
b100 0
b100 <
b100 L
#3797000
b101 +
b101 0
b101 <
b101 L
#3798000
b110 +
b110 0
b110 <
b110 L
#3799000
b111 +
b111 0
b111 <
b111 L
#3800000
b1000 +
b1000 0
b1000 <
b1000 L
#3801000
b1001 +
b1001 0
b1001 <
b1001 L
#3802000
b1010 +
b1010 0
b1010 <
b1010 L
#3803000
b1011 +
b1011 0
b1011 <
b1011 L
#3804000
b1100 +
b1100 0
b1100 <
b1100 L
#3805000
b1101 +
b1101 0
b1101 <
b1101 L
#3806000
b1110 +
b1110 0
b1110 <
b1110 L
#3807000
b1111 +
b1111 0
b1111 <
b1111 L
#3808000
b1 $
b1 4
b1 8
1b
b1 2
b1 9
b1 Z
0k
b1110 3
b1110 :
b1110 S
0_
0`
1a
1h
1i
0j
0]
1f
b1110 5
b1110 D
b1110 F
b1110 R
b1110 X
b1110 B
b1110 G
b1110 M
b1110 *
b1110 /
b1110 ;
b1110 K
b1110 O
b0 +
b0 0
b0 <
b0 L
#3808001
b1 !"
#3809000
b1 +
b1 0
b1 <
b1 L
#3810000
b10 +
b10 0
b10 <
b10 L
#3811000
b11 +
b11 0
b11 <
b11 L
#3812000
b100 +
b100 0
b100 <
b100 L
#3813000
b101 +
b101 0
b101 <
b101 L
#3814000
b110 +
b110 0
b110 <
b110 L
#3815000
b111 +
b111 0
b111 <
b111 L
#3816000
b1000 +
b1000 0
b1000 <
b1000 L
#3817000
b1001 +
b1001 0
b1001 <
b1001 L
#3818000
b1010 +
b1010 0
b1010 <
b1010 L
#3819000
b1011 +
b1011 0
b1011 <
b1011 L
#3820000
b1100 +
b1100 0
b1100 <
b1100 L
#3821000
b1101 +
b1101 0
b1101 <
b1101 L
#3822000
b1110 +
b1110 0
b1110 <
b1110 L
#3823000
b1111 +
b1111 0
b1111 <
b1111 L
#3824000
1!
b0 $
b0 4
b0 8
b0 2
b0 9
b0 Z
0b
b1111 3
b1111 :
b1111 S
1_
1`
0a
1]
b1111 5
b1111 D
b1111 F
b1111 R
b1111 X
b1111 B
b1111 G
b1111 M
b1111 *
b1111 /
b1111 ;
b1111 K
b1111 O
b0 +
b0 0
b0 <
b0 L
#3824001
1$"
b0 !"
#3825000
b1 +
b1 0
b1 <
b1 L
#3826000
b10 +
b10 0
b10 <
b10 L
#3827000
b11 +
b11 0
b11 <
b11 L
#3828000
b100 +
b100 0
b100 <
b100 L
#3829000
b101 +
b101 0
b101 <
b101 L
#3830000
b110 +
b110 0
b110 <
b110 L
#3831000
b111 +
b111 0
b111 <
b111 L
#3832000
b1000 +
b1000 0
b1000 <
b1000 L
#3833000
b1001 +
b1001 0
b1001 <
b1001 L
#3834000
b1010 +
b1010 0
b1010 <
b1010 L
#3835000
b1011 +
b1011 0
b1011 <
b1011 L
#3836000
b1100 +
b1100 0
b1100 <
b1100 L
#3837000
b1101 +
b1101 0
b1101 <
b1101 L
#3838000
b1110 +
b1110 0
b1110 <
b1110 L
#3839000
b1111 +
b1111 0
b1111 <
b1111 L
#3840000
1"
0!
b1111 $
b1111 4
b1111 8
1b
1k
1t
b1111 2
b1111 9
b1111 Z
1}
0_
0`
1a
0h
0i
1j
0q
0r
1s
0z
0{
1|
0]
0f
0o
0x
0U
b0 5
b0 D
b0 F
b0 R
b0 X
b1 3
b1 :
b1 S
0V
b0 B
b0 G
b0 M
1-
b0 *
b0 /
b0 ;
b0 K
b0 O
b0 +
b0 0
b0 <
b0 L
#3840001
0$"
1#"
b1111 !"
#3841000
b1 +
b1 0
b1 <
b1 L
#3842000
b10 +
b10 0
b10 <
b10 L
#3843000
b11 +
b11 0
b11 <
b11 L
#3844000
b100 +
b100 0
b100 <
b100 L
#3845000
b101 +
b101 0
b101 <
b101 L
#3846000
b110 +
b110 0
b110 <
b110 L
#3847000
b111 +
b111 0
b111 <
b111 L
#3848000
b1000 +
b1000 0
b1000 <
b1000 L
#3849000
b1001 +
b1001 0
b1001 <
b1001 L
#3850000
b1010 +
b1010 0
b1010 <
b1010 L
#3851000
b1011 +
b1011 0
b1011 <
b1011 L
#3852000
b1100 +
b1100 0
b1100 <
b1100 L
#3853000
b1101 +
b1101 0
b1101 <
b1101 L
#3854000
b1110 +
b1110 0
b1110 <
b1110 L
#3855000
b1111 +
b1111 0
b1111 <
b1111 L
#3856000
b1110 $
b1110 4
b1110 8
b1110 2
b1110 9
b1110 Z
0b
b10 3
b10 :
b10 S
1V
1_
1`
0a
1]
b1 5
b1 D
b1 F
b1 R
b1 X
b1 B
b1 G
b1 M
b1 *
b1 /
b1 ;
b1 K
b1 O
b0 +
b0 0
b0 <
b0 L
#3856001
b1110 !"
#3857000
b1 +
b1 0
b1 <
b1 L
#3858000
b10 +
b10 0
b10 <
b10 L
#3859000
b11 +
b11 0
b11 <
b11 L
#3860000
b100 +
b100 0
b100 <
b100 L
#3861000
b101 +
b101 0
b101 <
b101 L
#3862000
b110 +
b110 0
b110 <
b110 L
#3863000
b111 +
b111 0
b111 <
b111 L
#3864000
b1000 +
b1000 0
b1000 <
b1000 L
#3865000
b1001 +
b1001 0
b1001 <
b1001 L
#3866000
b1010 +
b1010 0
b1010 <
b1010 L
#3867000
b1011 +
b1011 0
b1011 <
b1011 L
#3868000
b1100 +
b1100 0
b1100 <
b1100 L
#3869000
b1101 +
b1101 0
b1101 <
b1101 L
#3870000
b1110 +
b1110 0
b1110 <
b1110 L
#3871000
b1111 +
b1111 0
b1111 <
b1111 L
#3872000
b1101 $
b1101 4
b1101 8
1b
b1101 2
b1101 9
b1101 Z
0k
0V
b11 3
b11 :
b11 S
0U
0_
0`
1a
1h
1i
0j
0]
1f
b10 5
b10 D
b10 F
b10 R
b10 X
b10 B
b10 G
b10 M
b10 *
b10 /
b10 ;
b10 K
b10 O
b0 +
b0 0
b0 <
b0 L
#3872001
b1101 !"
#3873000
b1 +
b1 0
b1 <
b1 L
#3874000
b10 +
b10 0
b10 <
b10 L
#3875000
b11 +
b11 0
b11 <
b11 L
#3876000
b100 +
b100 0
b100 <
b100 L
#3877000
b101 +
b101 0
b101 <
b101 L
#3878000
b110 +
b110 0
b110 <
b110 L
#3879000
b111 +
b111 0
b111 <
b111 L
#3880000
b1000 +
b1000 0
b1000 <
b1000 L
#3881000
b1001 +
b1001 0
b1001 <
b1001 L
#3882000
b1010 +
b1010 0
b1010 <
b1010 L
#3883000
b1011 +
b1011 0
b1011 <
b1011 L
#3884000
b1100 +
b1100 0
b1100 <
b1100 L
#3885000
b1101 +
b1101 0
b1101 <
b1101 L
#3886000
b1110 +
b1110 0
b1110 <
b1110 L
#3887000
b1111 +
b1111 0
b1111 <
b1111 L
#3888000
b1100 $
b1100 4
b1100 8
1U
b1100 2
b1100 9
b1100 Z
0b
b100 3
b100 :
b100 S
1V
1_
1`
0a
1]
b11 5
b11 D
b11 F
b11 R
b11 X
b11 B
b11 G
b11 M
b11 *
b11 /
b11 ;
b11 K
b11 O
b0 +
b0 0
b0 <
b0 L
#3888001
b1100 !"
#3889000
b1 +
b1 0
b1 <
b1 L
#3890000
b10 +
b10 0
b10 <
b10 L
#3891000
b11 +
b11 0
b11 <
b11 L
#3892000
b100 +
b100 0
b100 <
b100 L
#3893000
b101 +
b101 0
b101 <
b101 L
#3894000
b110 +
b110 0
b110 <
b110 L
#3895000
b111 +
b111 0
b111 <
b111 L
#3896000
b1000 +
b1000 0
b1000 <
b1000 L
#3897000
b1001 +
b1001 0
b1001 <
b1001 L
#3898000
b1010 +
b1010 0
b1010 <
b1010 L
#3899000
b1011 +
b1011 0
b1011 <
b1011 L
#3900000
b1100 +
b1100 0
b1100 <
b1100 L
#3901000
b1101 +
b1101 0
b1101 <
b1101 L
#3902000
b1110 +
b1110 0
b1110 <
b1110 L
#3903000
b1111 +
b1111 0
b1111 <
b1111 L
#3904000
b1011 $
b1011 4
b1011 8
1b
1k
b1011 2
b1011 9
b1011 Z
0t
0V
0U
b101 3
b101 :
b101 S
0T
0_
0`
1a
0h
0i
1j
1q
1r
0s
0]
0f
1o
b100 5
b100 D
b100 F
b100 R
b100 X
b100 B
b100 G
b100 M
b100 *
b100 /
b100 ;
b100 K
b100 O
b0 +
b0 0
b0 <
b0 L
#3904001
b1011 !"
#3905000
b1 +
b1 0
b1 <
b1 L
#3906000
b10 +
b10 0
b10 <
b10 L
#3907000
b11 +
b11 0
b11 <
b11 L
#3908000
b100 +
b100 0
b100 <
b100 L
#3909000
b101 +
b101 0
b101 <
b101 L
#3910000
b110 +
b110 0
b110 <
b110 L
#3911000
b111 +
b111 0
b111 <
b111 L
#3912000
b1000 +
b1000 0
b1000 <
b1000 L
#3913000
b1001 +
b1001 0
b1001 <
b1001 L
#3914000
b1010 +
b1010 0
b1010 <
b1010 L
#3915000
b1011 +
b1011 0
b1011 <
b1011 L
#3916000
b1100 +
b1100 0
b1100 <
b1100 L
#3917000
b1101 +
b1101 0
b1101 <
b1101 L
#3918000
b1110 +
b1110 0
b1110 <
b1110 L
#3919000
b1111 +
b1111 0
b1111 <
b1111 L
#3920000
b1010 $
b1010 4
b1010 8
b1010 2
b1010 9
b1010 Z
0b
b110 3
b110 :
b110 S
1V
1_
1`
0a
1]
b101 5
b101 D
b101 F
b101 R
b101 X
b101 B
b101 G
b101 M
b101 *
b101 /
b101 ;
b101 K
b101 O
b0 +
b0 0
b0 <
b0 L
#3920001
b1010 !"
#3921000
b1 +
b1 0
b1 <
b1 L
#3922000
b10 +
b10 0
b10 <
b10 L
#3923000
b11 +
b11 0
b11 <
b11 L
#3924000
b100 +
b100 0
b100 <
b100 L
#3925000
b101 +
b101 0
b101 <
b101 L
#3926000
b110 +
b110 0
b110 <
b110 L
#3927000
b111 +
b111 0
b111 <
b111 L
#3928000
b1000 +
b1000 0
b1000 <
b1000 L
#3929000
b1001 +
b1001 0
b1001 <
b1001 L
#3930000
b1010 +
b1010 0
b1010 <
b1010 L
#3931000
b1011 +
b1011 0
b1011 <
b1011 L
#3932000
b1100 +
b1100 0
b1100 <
b1100 L
#3933000
b1101 +
b1101 0
b1101 <
b1101 L
#3934000
b1110 +
b1110 0
b1110 <
b1110 L
#3935000
b1111 +
b1111 0
b1111 <
b1111 L
#3936000
b1001 $
b1001 4
b1001 8
0T
1b
b1001 2
b1001 9
b1001 Z
0k
0V
b111 3
b111 :
b111 S
0U
0_
0`
1a
1h
1i
0j
0]
1f
b110 5
b110 D
b110 F
b110 R
b110 X
b110 B
b110 G
b110 M
b110 *
b110 /
b110 ;
b110 K
b110 O
b0 +
b0 0
b0 <
b0 L
#3936001
b1001 !"
#3937000
b1 +
b1 0
b1 <
b1 L
#3938000
b10 +
b10 0
b10 <
b10 L
#3939000
b11 +
b11 0
b11 <
b11 L
#3940000
b100 +
b100 0
b100 <
b100 L
#3941000
b101 +
b101 0
b101 <
b101 L
#3942000
b110 +
b110 0
b110 <
b110 L
#3943000
b111 +
b111 0
b111 <
b111 L
#3944000
b1000 +
b1000 0
b1000 <
b1000 L
#3945000
b1001 +
b1001 0
b1001 <
b1001 L
#3946000
b1010 +
b1010 0
b1010 <
b1010 L
#3947000
b1011 +
b1011 0
b1011 <
b1011 L
#3948000
b1100 +
b1100 0
b1100 <
b1100 L
#3949000
b1101 +
b1101 0
b1101 <
b1101 L
#3950000
b1110 +
b1110 0
b1110 <
b1110 L
#3951000
b1111 +
b1111 0
b1111 <
b1111 L
#3952000
1T
b1000 $
b1000 4
b1000 8
1U
b1000 2
b1000 9
b1000 Z
0b
b1000 3
b1000 :
b1000 S
1V
1_
1`
0a
1]
b111 5
b111 D
b111 F
b111 R
b111 X
b111 B
b111 G
b111 M
b111 *
b111 /
b111 ;
b111 K
b111 O
b0 +
b0 0
b0 <
b0 L
#3952001
b1000 !"
#3953000
b1 +
b1 0
b1 <
b1 L
#3954000
b10 +
b10 0
b10 <
b10 L
#3955000
b11 +
b11 0
b11 <
b11 L
#3956000
b100 +
b100 0
b100 <
b100 L
#3957000
b101 +
b101 0
b101 <
b101 L
#3958000
b110 +
b110 0
b110 <
b110 L
#3959000
b111 +
b111 0
b111 <
b111 L
#3960000
b1000 +
b1000 0
b1000 <
b1000 L
#3961000
b1001 +
b1001 0
b1001 <
b1001 L
#3962000
b1010 +
b1010 0
b1010 <
b1010 L
#3963000
b1011 +
b1011 0
b1011 <
b1011 L
#3964000
b1100 +
b1100 0
b1100 <
b1100 L
#3965000
b1101 +
b1101 0
b1101 <
b1101 L
#3966000
b1110 +
b1110 0
b1110 <
b1110 L
#3967000
b1111 +
b1111 0
b1111 <
b1111 L
#3968000
0"
b111 $
b111 4
b111 8
1b
1k
1t
b111 2
b111 9
b111 Z
0}
0V
0U
0T
b1001 3
b1001 :
b1001 S
0#
0_
0`
1a
0h
0i
1j
0q
0r
1s
1z
1{
0|
0]
0f
0o
1x
b1000 5
b1000 D
b1000 F
b1000 R
b1000 X
b1000 B
b1000 G
b1000 M
b1000 *
b1000 /
b1000 ;
b1000 K
b1000 O
b0 +
b0 0
b0 <
b0 L
#3968001
0#"
b111 !"
#3969000
b1 +
b1 0
b1 <
b1 L
#3970000
b10 +
b10 0
b10 <
b10 L
#3971000
b11 +
b11 0
b11 <
b11 L
#3972000
b100 +
b100 0
b100 <
b100 L
#3973000
b101 +
b101 0
b101 <
b101 L
#3974000
b110 +
b110 0
b110 <
b110 L
#3975000
b111 +
b111 0
b111 <
b111 L
#3976000
b1000 +
b1000 0
b1000 <
b1000 L
#3977000
b1001 +
b1001 0
b1001 <
b1001 L
#3978000
b1010 +
b1010 0
b1010 <
b1010 L
#3979000
b1011 +
b1011 0
b1011 <
b1011 L
#3980000
b1100 +
b1100 0
b1100 <
b1100 L
#3981000
b1101 +
b1101 0
b1101 <
b1101 L
#3982000
b1110 +
b1110 0
b1110 <
b1110 L
#3983000
b1111 +
b1111 0
b1111 <
b1111 L
#3984000
b110 $
b110 4
b110 8
b110 2
b110 9
b110 Z
0b
b1010 3
b1010 :
b1010 S
1V
1_
1`
0a
1]
b1001 5
b1001 D
b1001 F
b1001 R
b1001 X
b1001 B
b1001 G
b1001 M
b1001 *
b1001 /
b1001 ;
b1001 K
b1001 O
b0 +
b0 0
b0 <
b0 L
#3984001
b110 !"
#3985000
b1 +
b1 0
b1 <
b1 L
#3986000
b10 +
b10 0
b10 <
b10 L
#3987000
b11 +
b11 0
b11 <
b11 L
#3988000
b100 +
b100 0
b100 <
b100 L
#3989000
b101 +
b101 0
b101 <
b101 L
#3990000
b110 +
b110 0
b110 <
b110 L
#3991000
b111 +
b111 0
b111 <
b111 L
#3992000
b1000 +
b1000 0
b1000 <
b1000 L
#3993000
b1001 +
b1001 0
b1001 <
b1001 L
#3994000
b1010 +
b1010 0
b1010 <
b1010 L
#3995000
b1011 +
b1011 0
b1011 <
b1011 L
#3996000
b1100 +
b1100 0
b1100 <
b1100 L
#3997000
b1101 +
b1101 0
b1101 <
b1101 L
#3998000
b1110 +
b1110 0
b1110 <
b1110 L
#3999000
b1111 +
b1111 0
b1111 <
b1111 L
#4000000
b101 $
b101 4
b101 8
1b
b101 2
b101 9
b101 Z
0k
0V
b1011 3
b1011 :
b1011 S
0U
0_
0`
1a
1h
1i
0j
0]
1f
b1010 5
b1010 D
b1010 F
b1010 R
b1010 X
b1010 B
b1010 G
b1010 M
b1010 *
b1010 /
b1010 ;
b1010 K
b1010 O
b0 +
b0 0
b0 <
b0 L
#4000001
b101 !"
#4001000
b1 +
b1 0
b1 <
b1 L
#4002000
b10 +
b10 0
b10 <
b10 L
#4003000
b11 +
b11 0
b11 <
b11 L
#4004000
b100 +
b100 0
b100 <
b100 L
#4005000
b101 +
b101 0
b101 <
b101 L
#4006000
b110 +
b110 0
b110 <
b110 L
#4007000
b111 +
b111 0
b111 <
b111 L
#4008000
b1000 +
b1000 0
b1000 <
b1000 L
#4009000
b1001 +
b1001 0
b1001 <
b1001 L
#4010000
b1010 +
b1010 0
b1010 <
b1010 L
#4011000
b1011 +
b1011 0
b1011 <
b1011 L
#4012000
b1100 +
b1100 0
b1100 <
b1100 L
#4013000
b1101 +
b1101 0
b1101 <
b1101 L
#4014000
b1110 +
b1110 0
b1110 <
b1110 L
#4015000
b1111 +
b1111 0
b1111 <
b1111 L
#4016000
b100 $
b100 4
b100 8
1U
b100 2
b100 9
b100 Z
0b
b1100 3
b1100 :
b1100 S
1V
1_
1`
0a
1]
b1011 5
b1011 D
b1011 F
b1011 R
b1011 X
b1011 B
b1011 G
b1011 M
b1011 *
b1011 /
b1011 ;
b1011 K
b1011 O
b0 +
b0 0
b0 <
b0 L
#4016001
b100 !"
#4017000
b1 +
b1 0
b1 <
b1 L
#4018000
b10 +
b10 0
b10 <
b10 L
#4019000
b11 +
b11 0
b11 <
b11 L
#4020000
b100 +
b100 0
b100 <
b100 L
#4021000
b101 +
b101 0
b101 <
b101 L
#4022000
b110 +
b110 0
b110 <
b110 L
#4023000
b111 +
b111 0
b111 <
b111 L
#4024000
b1000 +
b1000 0
b1000 <
b1000 L
#4025000
b1001 +
b1001 0
b1001 <
b1001 L
#4026000
b1010 +
b1010 0
b1010 <
b1010 L
#4027000
b1011 +
b1011 0
b1011 <
b1011 L
#4028000
b1100 +
b1100 0
b1100 <
b1100 L
#4029000
b1101 +
b1101 0
b1101 <
b1101 L
#4030000
b1110 +
b1110 0
b1110 <
b1110 L
#4031000
b1111 +
b1111 0
b1111 <
b1111 L
#4032000
b11 $
b11 4
b11 8
0#
1b
1k
b11 2
b11 9
b11 Z
0t
0V
0U
b1101 3
b1101 :
b1101 S
0T
0_
0`
1a
0h
0i
1j
1q
1r
0s
0]
0f
1o
b1100 5
b1100 D
b1100 F
b1100 R
b1100 X
b1100 B
b1100 G
b1100 M
b1100 *
b1100 /
b1100 ;
b1100 K
b1100 O
b0 +
b0 0
b0 <
b0 L
#4032001
b11 !"
#4033000
b1 +
b1 0
b1 <
b1 L
#4034000
b10 +
b10 0
b10 <
b10 L
#4035000
b11 +
b11 0
b11 <
b11 L
#4036000
b100 +
b100 0
b100 <
b100 L
#4037000
b101 +
b101 0
b101 <
b101 L
#4038000
b110 +
b110 0
b110 <
b110 L
#4039000
b111 +
b111 0
b111 <
b111 L
#4040000
b1000 +
b1000 0
b1000 <
b1000 L
#4041000
b1001 +
b1001 0
b1001 <
b1001 L
#4042000
b1010 +
b1010 0
b1010 <
b1010 L
#4043000
b1011 +
b1011 0
b1011 <
b1011 L
#4044000
b1100 +
b1100 0
b1100 <
b1100 L
#4045000
b1101 +
b1101 0
b1101 <
b1101 L
#4046000
b1110 +
b1110 0
b1110 <
b1110 L
#4047000
b1111 +
b1111 0
b1111 <
b1111 L
#4048000
b10 $
b10 4
b10 8
b10 2
b10 9
b10 Z
0b
b1110 3
b1110 :
b1110 S
1V
1_
1`
0a
1]
b1101 5
b1101 D
b1101 F
b1101 R
b1101 X
b1101 B
b1101 G
b1101 M
b1101 *
b1101 /
b1101 ;
b1101 K
b1101 O
b0 +
b0 0
b0 <
b0 L
#4048001
b10 !"
#4049000
b1 +
b1 0
b1 <
b1 L
#4050000
b10 +
b10 0
b10 <
b10 L
#4051000
b11 +
b11 0
b11 <
b11 L
#4052000
b100 +
b100 0
b100 <
b100 L
#4053000
b101 +
b101 0
b101 <
b101 L
#4054000
b110 +
b110 0
b110 <
b110 L
#4055000
b111 +
b111 0
b111 <
b111 L
#4056000
b1000 +
b1000 0
b1000 <
b1000 L
#4057000
b1001 +
b1001 0
b1001 <
b1001 L
#4058000
b1010 +
b1010 0
b1010 <
b1010 L
#4059000
b1011 +
b1011 0
b1011 <
b1011 L
#4060000
b1100 +
b1100 0
b1100 <
b1100 L
#4061000
b1101 +
b1101 0
b1101 <
b1101 L
#4062000
b1110 +
b1110 0
b1110 <
b1110 L
#4063000
b1111 +
b1111 0
b1111 <
b1111 L
#4064000
0#
b1 $
b1 4
b1 8
0T
1b
b1 2
b1 9
b1 Z
0k
0V
b1111 3
b1111 :
b1111 S
0U
0_
0`
1a
1h
1i
0j
0]
1f
b1110 5
b1110 D
b1110 F
b1110 R
b1110 X
b1110 B
b1110 G
b1110 M
b1110 *
b1110 /
b1110 ;
b1110 K
b1110 O
b0 +
b0 0
b0 <
b0 L
#4064001
b1 !"
#4065000
b1 +
b1 0
b1 <
b1 L
#4066000
b10 +
b10 0
b10 <
b10 L
#4067000
b11 +
b11 0
b11 <
b11 L
#4068000
b100 +
b100 0
b100 <
b100 L
#4069000
b101 +
b101 0
b101 <
b101 L
#4070000
b110 +
b110 0
b110 <
b110 L
#4071000
b111 +
b111 0
b111 <
b111 L
#4072000
b1000 +
b1000 0
b1000 <
b1000 L
#4073000
b1001 +
b1001 0
b1001 <
b1001 L
#4074000
b1010 +
b1010 0
b1010 <
b1010 L
#4075000
b1011 +
b1011 0
b1011 <
b1011 L
#4076000
b1100 +
b1100 0
b1100 <
b1100 L
#4077000
b1101 +
b1101 0
b1101 <
b1101 L
#4078000
b1110 +
b1110 0
b1110 <
b1110 L
#4079000
b1111 +
b1111 0
b1111 <
b1111 L
#4080000
1#
1T
1!
b0 $
b0 4
b0 8
1U
b0 2
b0 9
b0 Z
0b
b0 3
b0 :
b0 S
1V
1_
1`
0a
1]
b1111 5
b1111 D
b1111 F
b1111 R
b1111 X
b1111 B
b1111 G
b1111 M
b1111 *
b1111 /
b1111 ;
b1111 K
b1111 O
b0 +
b0 0
b0 <
b0 L
#4080001
1$"
b0 !"
#4081000
b1 +
b1 0
b1 <
b1 L
#4082000
b10 +
b10 0
b10 <
b10 L
#4083000
b11 +
b11 0
b11 <
b11 L
#4084000
b100 +
b100 0
b100 <
b100 L
#4085000
b101 +
b101 0
b101 <
b101 L
#4086000
b110 +
b110 0
b110 <
b110 L
#4087000
b111 +
b111 0
b111 <
b111 L
#4088000
b1000 +
b1000 0
b1000 <
b1000 L
#4089000
b1001 +
b1001 0
b1001 <
b1001 L
#4090000
b1010 +
b1010 0
b1010 <
b1010 L
#4091000
b1011 +
b1011 0
b1011 <
b1011 L
#4092000
b1100 +
b1100 0
b1100 <
b1100 L
#4093000
b1101 +
b1101 0
b1101 <
b1101 L
#4094000
b1110 +
b1110 0
b1110 <
b1110 L
#4095000
b1111 +
b1111 0
b1111 <
b1111 L
#4096000
0#
0_
0`
1a
0h
0i
1j
0q
0r
1s
0z
0{
1|
0T
0]
0f
0o
0x
1!
b0 $
b0 4
b0 8
0U
b0 5
b0 D
b0 F
b0 R
b0 X
b0 Y
b0 [
b0 c
b0 d
b0 l
b0 m
b0 u
b0 v
b0 ~
07
b0 3
b0 :
b0 S
0V
b0 B
b0 G
b0 M
b0 ,
b0 1
b0 =
0-
b0 *
b0 /
b0 ;
b0 K
b0 O
b0 +
b0 0
b0 <
b0 L
