$date
	Mon Oct 21 08:52:25 2024
$end
$version
	Icarus Verilog
$end
$timescale
	10ps
$end
$scope module alu_tb $end
$var wire 1 ! t_z $end
$var wire 1 " t_s $end
$var wire 1 # t_c $end
$var wire 4 $ t_R [3:0] $end
$var reg 1 % error $end
$var reg 1 & error_R $end
$var reg 1 ' error_c $end
$var reg 1 ( error_s $end
$var reg 1 ) error_z $end
$var reg 4 * t_A [3:0] $end
$var reg 4 + t_B [3:0] $end
$var reg 3 , t_Op [2:0] $end
$var reg 1 - t_cin $end
$var integer 32 . errores [31:0] $end
$scope module mat $end
$var wire 4 / A [3:0] $end
$var wire 4 0 B [3:0] $end
$var wire 3 1 Op [2:0] $end
$var wire 1 - c_in $end
$var wire 1 ! zero $end
$var wire 4 2 ul4_wire [3:0] $end
$var wire 4 3 sum4_wire [3:0] $end
$var wire 1 " sign $end
$var wire 1 # carry $end
$var wire 4 4 R [3:0] $end
$var wire 4 5 OP2 [3:0] $end
$var wire 4 6 OP1 [3:0] $end
$scope module mux2_4_1 $end
$var wire 1 7 s $end
$var wire 4 8 Out [3:0] $end
$var wire 4 9 B [3:0] $end
$var wire 4 : A [3:0] $end
$upscope $end
$scope module preprocess_1 $end
$var wire 4 ; A [3:0] $end
$var wire 4 < B [3:0] $end
$var wire 3 = Op [2:0] $end
$var wire 4 > wiremux2 [3:0] $end
$var wire 4 ? wiremux1 [3:0] $end
$var wire 1 @ op2_B $end
$var wire 1 A op1_A $end
$var wire 1 B cpl $end
$var wire 1 C add1 $end
$var wire 4 D BMod [3:0] $end
$var wire 4 E AMod [3:0] $end
$scope module control_1 $end
$var wire 3 F Op [2:0] $end
$var wire 1 C add1 $end
$var wire 1 B cpl $end
$var wire 1 A op1_A $end
$var wire 1 @ op2_B $end
$upscope $end
$scope module cpl_1 $end
$var wire 1 B cpl $end
$var wire 4 G Out [3:0] $end
$var wire 4 H Inp [3:0] $end
$upscope $end
$scope module mux2_1 $end
$var wire 4 I A [3:0] $end
$var wire 4 J B [3:0] $end
$var wire 1 C s $end
$var wire 4 K Out [3:0] $end
$upscope $end
$scope module mux2_2 $end
$var wire 4 L A [3:0] $end
$var wire 4 M B [3:0] $end
$var wire 1 @ s $end
$var wire 4 N Out [3:0] $end
$upscope $end
$scope module mux2_3 $end
$var wire 4 O A [3:0] $end
$var wire 4 P B [3:0] $end
$var wire 1 A s $end
$var wire 4 Q Out [3:0] $end
$upscope $end
$upscope $end
$scope module sum4_1 $end
$var wire 4 R A [3:0] $end
$var wire 4 S B [3:0] $end
$var wire 1 - c_in $end
$var wire 1 # c_out $end
$var wire 4 T S [3:0] $end
$var wire 1 U C3 $end
$var wire 1 V C2 $end
$var wire 1 W C1 $end
$scope module fa1 $end
$var wire 1 X a $end
$var wire 1 Y b $end
$var wire 1 - c_in $end
$var wire 1 Z sum $end
$var wire 1 W c_out $end
$upscope $end
$scope module fa2 $end
$var wire 1 [ a $end
$var wire 1 \ b $end
$var wire 1 W c_in $end
$var wire 1 ] sum $end
$var wire 1 V c_out $end
$upscope $end
$scope module fa3 $end
$var wire 1 ^ a $end
$var wire 1 _ b $end
$var wire 1 V c_in $end
$var wire 1 ` sum $end
$var wire 1 U c_out $end
$upscope $end
$scope module fa4 $end
$var wire 1 a a $end
$var wire 1 b b $end
$var wire 1 U c_in $end
$var wire 1 c sum $end
$var wire 1 # c_out $end
$upscope $end
$upscope $end
$scope module ul4_1 $end
$var wire 4 d A [3:0] $end
$var wire 4 e B [3:0] $end
$var wire 2 f S [1:0] $end
$var wire 4 g Out [3:0] $end
$scope module cl1 $end
$var wire 2 h S [1:0] $end
$var wire 1 i a $end
$var wire 1 j b $end
$var wire 1 k wire1 $end
$var wire 1 l wire2 $end
$var wire 1 m wire3 $end
$var wire 1 n wire4 $end
$var wire 1 o out $end
$scope module mux4_1_1 $end
$var wire 2 p S [1:0] $end
$var wire 1 k a $end
$var wire 1 l b $end
$var wire 1 m c $end
$var wire 1 n d $end
$var reg 1 o out $end
$upscope $end
$upscope $end
$scope module cl2 $end
$var wire 2 q S [1:0] $end
$var wire 1 r a $end
$var wire 1 s b $end
$var wire 1 t wire1 $end
$var wire 1 u wire2 $end
$var wire 1 v wire3 $end
$var wire 1 w wire4 $end
$var wire 1 x out $end
$scope module mux4_1_1 $end
$var wire 2 y S [1:0] $end
$var wire 1 t a $end
$var wire 1 u b $end
$var wire 1 v c $end
$var wire 1 w d $end
$var reg 1 x out $end
$upscope $end
$upscope $end
$scope module cl3 $end
$var wire 2 z S [1:0] $end
$var wire 1 { a $end
$var wire 1 | b $end
$var wire 1 } wire1 $end
$var wire 1 ~ wire2 $end
$var wire 1 !" wire3 $end
$var wire 1 "" wire4 $end
$var wire 1 #" out $end
$scope module mux4_1_1 $end
$var wire 2 $" S [1:0] $end
$var wire 1 } a $end
$var wire 1 ~ b $end
$var wire 1 !" c $end
$var wire 1 "" d $end
$var reg 1 #" out $end
$upscope $end
$upscope $end
$scope module cl4 $end
$var wire 2 %" S [1:0] $end
$var wire 1 &" a $end
$var wire 1 '" b $end
$var wire 1 (" wire1 $end
$var wire 1 )" wire2 $end
$var wire 1 *" wire3 $end
$var wire 1 +" wire4 $end
$var wire 1 ," out $end
$scope module mux4_1_1 $end
$var wire 2 -" S [1:0] $end
$var wire 1 (" a $end
$var wire 1 )" b $end
$var wire 1 *" c $end
$var wire 1 +" d $end
$var reg 1 ," out $end
$upscope $end
$upscope $end
$upscope $end
$upscope $end
$scope task check $end
$var reg 5 ." expected_R [4:0] $end
$var reg 1 /" expected_c $end
$var reg 1 0" expected_s $end
$var reg 1 1" expected_z $end
$upscope $end
$upscope $end
$enddefinitions $end
$comment Show the parameter values. $end
$dumpall
$end
#0
$dumpvars
x1"
x0"
x/"
bx ."
b0 -"
0,"
0+"
1*"
1)"
0("
1'"
0&"
b0 %"
b0 $"
0#"
0""
1!"
1~
0}
1|
0{
b0 z
b0 y
0x
0w
1v
1u
0t
1s
0r
b0 q
b0 p
1o
0n
0m
1l
1k
1j
1i
b0 h
b1 g
b0 f
b1111 e
b1 d
0c
1b
0a
0`
1_
0^
0]
1\
0[
0Z
1Y
1X
1W
1V
1U
b0 T
b1111 S
b1 R
b1 Q
b0 P
b1 O
b0 N
b0 M
b0 L
b1 K
b1 J
b0 I
b0 H
b1111 G
b0 F
b1 E
b1111 D
1C
1B
0A
0@
b1 ?
b0 >
b0 =
b0 <
b0 ;
b0 :
b1 9
b0 8
07
b1 6
b1111 5
b0 4
b0 3
b1 2
b0 1
b0 0
b0 /
b0 .
0-
b0 ,
b0 +
b0 *
x)
x(
x'
x&
x%
b0 $
1#
0"
1!
$end
#1
0%
0)
0&
11"
0'
0(
00"
1/"
b10000 ."
#1000
b1 +
b1 0
b1 <
b1 M
#2000
b10 +
b10 0
b10 <
b10 M
#3000
b11 +
b11 0
b11 <
b11 M
#4000
b100 +
b100 0
b100 <
b100 M
#5000
b101 +
b101 0
b101 <
b101 M
#6000
b110 +
b110 0
b110 <
b110 M
#7000
b111 +
b111 0
b111 <
b111 M
#8000
b1000 +
b1000 0
b1000 <
b1000 M
#9000
b1001 +
b1001 0
b1001 <
b1001 M
#10000
b1010 +
b1010 0
b1010 <
b1010 M
#11000
b1011 +
b1011 0
b1011 <
b1011 M
#12000
b1100 +
b1100 0
b1100 <
b1100 M
#13000
b1101 +
b1101 0
b1101 <
b1101 M
#14000
b1110 +
b1110 0
b1110 <
b1110 M
#15000
b1111 +
b1111 0
b1111 <
b1111 M
#16000
1"
1c
0#
1`
0U
0!
b1111 $
b1111 4
b1111 8
1]
0V
b0 2
b0 9
b0 g
0o
b1111 3
b1111 :
b1111 T
1Z
0W
0k
1m
1n
0Y
0j
b1110 5
b1110 D
b1110 G
b1110 S
b1110 e
b1 >
b1 H
b1 N
b1 *
b1 /
b1 ;
b1 L
b1 P
b0 +
b0 0
b0 <
b0 M
#16001
01"
10"
0/"
b1111 ."
#17000
b1 +
b1 0
b1 <
b1 M
#18000
b10 +
b10 0
b10 <
b10 M
#19000
b11 +
b11 0
b11 <
b11 M
#20000
b100 +
b100 0
b100 <
b100 M
#21000
b101 +
b101 0
b101 <
b101 M
#22000
b110 +
b110 0
b110 <
b110 M
#23000
b111 +
b111 0
b111 <
b111 M
#24000
b1000 +
b1000 0
b1000 <
b1000 M
#25000
b1001 +
b1001 0
b1001 <
b1001 M
#26000
b1010 +
b1010 0
b1010 <
b1010 M
#27000
b1011 +
b1011 0
b1011 <
b1011 M
#28000
b1100 +
b1100 0
b1100 <
b1100 M
#29000
b1101 +
b1101 0
b1101 <
b1101 M
#30000
b1110 +
b1110 0
b1110 <
b1110 M
#31000
b1111 +
b1111 0
b1111 <
b1111 M
#32000
b1110 $
b1110 4
b1110 8
b1 2
b1 9
b1 g
1o
0Z
1W
b1110 3
b1110 :
b1110 T
1]
1k
0m
0n
0u
0v
1w
1Y
0\
1j
0s
b1101 5
b1101 D
b1101 G
b1101 S
b1101 e
b10 >
b10 H
b10 N
b10 *
b10 /
b10 ;
b10 L
b10 P
b0 +
b0 0
b0 <
b0 M
#32001
b1110 ."
#33000
b1 +
b1 0
b1 <
b1 M
#34000
b10 +
b10 0
b10 <
b10 M
#35000
b11 +
b11 0
b11 <
b11 M
#36000
b100 +
b100 0
b100 <
b100 M
#37000
b101 +
b101 0
b101 <
b101 M
#38000
b110 +
b110 0
b110 <
b110 M
#39000
b111 +
b111 0
b111 <
b111 M
#40000
b1000 +
b1000 0
b1000 <
b1000 M
#41000
b1001 +
b1001 0
b1001 <
b1001 M
#42000
b1010 +
b1010 0
b1010 <
b1010 M
#43000
b1011 +
b1011 0
b1011 <
b1011 M
#44000
b1100 +
b1100 0
b1100 <
b1100 M
#45000
b1101 +
b1101 0
b1101 <
b1101 M
#46000
b1110 +
b1110 0
b1110 <
b1110 M
#47000
b1111 +
b1111 0
b1111 <
b1111 M
#48000
b1101 $
b1101 4
b1101 8
0]
b0 2
b0 9
b0 g
0o
b1101 3
b1101 :
b1101 T
1Z
0W
0k
1m
1n
0Y
0j
b1100 5
b1100 D
b1100 G
b1100 S
b1100 e
b11 >
b11 H
b11 N
b11 *
b11 /
b11 ;
b11 L
b11 P
b0 +
b0 0
b0 <
b0 M
#48001
b1101 ."
#49000
b1 +
b1 0
b1 <
b1 M
#50000
b10 +
b10 0
b10 <
b10 M
#51000
b11 +
b11 0
b11 <
b11 M
#52000
b100 +
b100 0
b100 <
b100 M
#53000
b101 +
b101 0
b101 <
b101 M
#54000
b110 +
b110 0
b110 <
b110 M
#55000
b111 +
b111 0
b111 <
b111 M
#56000
b1000 +
b1000 0
b1000 <
b1000 M
#57000
b1001 +
b1001 0
b1001 <
b1001 M
#58000
b1010 +
b1010 0
b1010 <
b1010 M
#59000
b1011 +
b1011 0
b1011 <
b1011 M
#60000
b1100 +
b1100 0
b1100 <
b1100 M
#61000
b1101 +
b1101 0
b1101 <
b1101 M
#62000
b1110 +
b1110 0
b1110 <
b1110 M
#63000
b1111 +
b1111 0
b1111 <
b1111 M
#64000
1V
b1100 $
b1100 4
b1100 8
b1 2
b1 9
b1 g
1o
0Z
1W
0]
b1100 3
b1100 :
b1100 T
1`
1k
0m
0n
1u
1v
0w
0~
0!"
1""
1Y
1\
0_
1j
1s
0|
b1011 5
b1011 D
b1011 G
b1011 S
b1011 e
b100 >
b100 H
b100 N
b100 *
b100 /
b100 ;
b100 L
b100 P
b0 +
b0 0
b0 <
b0 M
#64001
b1100 ."
#65000
b1 +
b1 0
b1 <
b1 M
#66000
b10 +
b10 0
b10 <
b10 M
#67000
b11 +
b11 0
b11 <
b11 M
#68000
b100 +
b100 0
b100 <
b100 M
#69000
b101 +
b101 0
b101 <
b101 M
#70000
b110 +
b110 0
b110 <
b110 M
#71000
b111 +
b111 0
b111 <
b111 M
#72000
b1000 +
b1000 0
b1000 <
b1000 M
#73000
b1001 +
b1001 0
b1001 <
b1001 M
#74000
b1010 +
b1010 0
b1010 <
b1010 M
#75000
b1011 +
b1011 0
b1011 <
b1011 M
#76000
b1100 +
b1100 0
b1100 <
b1100 M
#77000
b1101 +
b1101 0
b1101 <
b1101 M
#78000
b1110 +
b1110 0
b1110 <
b1110 M
#79000
b1111 +
b1111 0
b1111 <
b1111 M
#80000
0`
b1011 $
b1011 4
b1011 8
1]
0V
b0 2
b0 9
b0 g
0o
b1011 3
b1011 :
b1011 T
1Z
0W
0k
1m
1n
0Y
0j
b1010 5
b1010 D
b1010 G
b1010 S
b1010 e
b101 >
b101 H
b101 N
b101 *
b101 /
b101 ;
b101 L
b101 P
b0 +
b0 0
b0 <
b0 M
#80001
b1011 ."
#81000
b1 +
b1 0
b1 <
b1 M
#82000
b10 +
b10 0
b10 <
b10 M
#83000
b11 +
b11 0
b11 <
b11 M
#84000
b100 +
b100 0
b100 <
b100 M
#85000
b101 +
b101 0
b101 <
b101 M
#86000
b110 +
b110 0
b110 <
b110 M
#87000
b111 +
b111 0
b111 <
b111 M
#88000
b1000 +
b1000 0
b1000 <
b1000 M
#89000
b1001 +
b1001 0
b1001 <
b1001 M
#90000
b1010 +
b1010 0
b1010 <
b1010 M
#91000
b1011 +
b1011 0
b1011 <
b1011 M
#92000
b1100 +
b1100 0
b1100 <
b1100 M
#93000
b1101 +
b1101 0
b1101 <
b1101 M
#94000
b1110 +
b1110 0
b1110 <
b1110 M
#95000
b1111 +
b1111 0
b1111 <
b1111 M
#96000
b1010 $
b1010 4
b1010 8
b1 2
b1 9
b1 g
1o
0Z
1W
b1010 3
b1010 :
b1010 T
1]
1k
0m
0n
0u
0v
1w
1Y
0\
1j
0s
b1001 5
b1001 D
b1001 G
b1001 S
b1001 e
b110 >
b110 H
b110 N
b110 *
b110 /
b110 ;
b110 L
b110 P
b0 +
b0 0
b0 <
b0 M
#96001
b1010 ."
#97000
b1 +
b1 0
b1 <
b1 M
#98000
b10 +
b10 0
b10 <
b10 M
#99000
b11 +
b11 0
b11 <
b11 M
#100000
b100 +
b100 0
b100 <
b100 M
#101000
b101 +
b101 0
b101 <
b101 M
#102000
b110 +
b110 0
b110 <
b110 M
#103000
b111 +
b111 0
b111 <
b111 M
#104000
b1000 +
b1000 0
b1000 <
b1000 M
#105000
b1001 +
b1001 0
b1001 <
b1001 M
#106000
b1010 +
b1010 0
b1010 <
b1010 M
#107000
b1011 +
b1011 0
b1011 <
b1011 M
#108000
b1100 +
b1100 0
b1100 <
b1100 M
#109000
b1101 +
b1101 0
b1101 <
b1101 M
#110000
b1110 +
b1110 0
b1110 <
b1110 M
#111000
b1111 +
b1111 0
b1111 <
b1111 M
#112000
b1001 $
b1001 4
b1001 8
0]
b0 2
b0 9
b0 g
0o
b1001 3
b1001 :
b1001 T
1Z
0W
0k
1m
1n
0Y
0j
b1000 5
b1000 D
b1000 G
b1000 S
b1000 e
b111 >
b111 H
b111 N
b111 *
b111 /
b111 ;
b111 L
b111 P
b0 +
b0 0
b0 <
b0 M
#112001
b1001 ."
#113000
b1 +
b1 0
b1 <
b1 M
#114000
b10 +
b10 0
b10 <
b10 M
#115000
b11 +
b11 0
b11 <
b11 M
#116000
b100 +
b100 0
b100 <
b100 M
#117000
b101 +
b101 0
b101 <
b101 M
#118000
b110 +
b110 0
b110 <
b110 M
#119000
b111 +
b111 0
b111 <
b111 M
#120000
b1000 +
b1000 0
b1000 <
b1000 M
#121000
b1001 +
b1001 0
b1001 <
b1001 M
#122000
b1010 +
b1010 0
b1010 <
b1010 M
#123000
b1011 +
b1011 0
b1011 <
b1011 M
#124000
b1100 +
b1100 0
b1100 <
b1100 M
#125000
b1101 +
b1101 0
b1101 <
b1101 M
#126000
b1110 +
b1110 0
b1110 <
b1110 M
#127000
b1111 +
b1111 0
b1111 <
b1111 M
#128000
0!
1U
1"
1V
b1000 $
b1000 4
b1000 8
b1 2
b1 9
b1 g
1o
0Z
1W
0]
0`
b1000 3
b1000 :
b1000 T
1c
1k
0m
0n
1u
1v
0w
1~
1!"
0""
0)"
0*"
1+"
1Y
1\
1_
0b
1j
1s
1|
0'"
b111 5
b111 D
b111 G
b111 S
b111 e
b1000 >
b1000 H
b1000 N
b1000 *
b1000 /
b1000 ;
b1000 L
b1000 P
b0 +
b0 0
b0 <
b0 M
#128001
b1000 ."
#129000
b1 +
b1 0
b1 <
b1 M
#130000
b10 +
b10 0
b10 <
b10 M
#131000
b11 +
b11 0
b11 <
b11 M
#132000
b100 +
b100 0
b100 <
b100 M
#133000
b101 +
b101 0
b101 <
b101 M
#134000
b110 +
b110 0
b110 <
b110 M
#135000
b111 +
b111 0
b111 <
b111 M
#136000
b1000 +
b1000 0
b1000 <
b1000 M
#137000
b1001 +
b1001 0
b1001 <
b1001 M
#138000
b1010 +
b1010 0
b1010 <
b1010 M
#139000
b1011 +
b1011 0
b1011 <
b1011 M
#140000
b1100 +
b1100 0
b1100 <
b1100 M
#141000
b1101 +
b1101 0
b1101 <
b1101 M
#142000
b1110 +
b1110 0
b1110 <
b1110 M
#143000
b1111 +
b1111 0
b1111 <
b1111 M
#144000
0"
0c
1`
0U
b111 $
b111 4
b111 8
1]
0V
b0 2
b0 9
b0 g
0o
b111 3
b111 :
b111 T
1Z
0W
0k
1m
1n
0Y
0j
b110 5
b110 D
b110 G
b110 S
b110 e
b1001 >
b1001 H
b1001 N
b1001 *
b1001 /
b1001 ;
b1001 L
b1001 P
b0 +
b0 0
b0 <
b0 M
#144001
00"
b111 ."
#145000
b1 +
b1 0
b1 <
b1 M
#146000
b10 +
b10 0
b10 <
b10 M
#147000
b11 +
b11 0
b11 <
b11 M
#148000
b100 +
b100 0
b100 <
b100 M
#149000
b101 +
b101 0
b101 <
b101 M
#150000
b110 +
b110 0
b110 <
b110 M
#151000
b111 +
b111 0
b111 <
b111 M
#152000
b1000 +
b1000 0
b1000 <
b1000 M
#153000
b1001 +
b1001 0
b1001 <
b1001 M
#154000
b1010 +
b1010 0
b1010 <
b1010 M
#155000
b1011 +
b1011 0
b1011 <
b1011 M
#156000
b1100 +
b1100 0
b1100 <
b1100 M
#157000
b1101 +
b1101 0
b1101 <
b1101 M
#158000
b1110 +
b1110 0
b1110 <
b1110 M
#159000
b1111 +
b1111 0
b1111 <
b1111 M
#160000
b110 $
b110 4
b110 8
b1 2
b1 9
b1 g
1o
0Z
1W
b110 3
b110 :
b110 T
1]
1k
0m
0n
0u
0v
1w
1Y
0\
1j
0s
b101 5
b101 D
b101 G
b101 S
b101 e
b1010 >
b1010 H
b1010 N
b1010 *
b1010 /
b1010 ;
b1010 L
b1010 P
b0 +
b0 0
b0 <
b0 M
#160001
b110 ."
#161000
b1 +
b1 0
b1 <
b1 M
#162000
b10 +
b10 0
b10 <
b10 M
#163000
b11 +
b11 0
b11 <
b11 M
#164000
b100 +
b100 0
b100 <
b100 M
#165000
b101 +
b101 0
b101 <
b101 M
#166000
b110 +
b110 0
b110 <
b110 M
#167000
b111 +
b111 0
b111 <
b111 M
#168000
b1000 +
b1000 0
b1000 <
b1000 M
#169000
b1001 +
b1001 0
b1001 <
b1001 M
#170000
b1010 +
b1010 0
b1010 <
b1010 M
#171000
b1011 +
b1011 0
b1011 <
b1011 M
#172000
b1100 +
b1100 0
b1100 <
b1100 M
#173000
b1101 +
b1101 0
b1101 <
b1101 M
#174000
b1110 +
b1110 0
b1110 <
b1110 M
#175000
b1111 +
b1111 0
b1111 <
b1111 M
#176000
b101 $
b101 4
b101 8
0]
b0 2
b0 9
b0 g
0o
b101 3
b101 :
b101 T
1Z
0W
0k
1m
1n
0Y
0j
b100 5
b100 D
b100 G
b100 S
b100 e
b1011 >
b1011 H
b1011 N
b1011 *
b1011 /
b1011 ;
b1011 L
b1011 P
b0 +
b0 0
b0 <
b0 M
#176001
b101 ."
#177000
b1 +
b1 0
b1 <
b1 M
#178000
b10 +
b10 0
b10 <
b10 M
#179000
b11 +
b11 0
b11 <
b11 M
#180000
b100 +
b100 0
b100 <
b100 M
#181000
b101 +
b101 0
b101 <
b101 M
#182000
b110 +
b110 0
b110 <
b110 M
#183000
b111 +
b111 0
b111 <
b111 M
#184000
b1000 +
b1000 0
b1000 <
b1000 M
#185000
b1001 +
b1001 0
b1001 <
b1001 M
#186000
b1010 +
b1010 0
b1010 <
b1010 M
#187000
b1011 +
b1011 0
b1011 <
b1011 M
#188000
b1100 +
b1100 0
b1100 <
b1100 M
#189000
b1101 +
b1101 0
b1101 <
b1101 M
#190000
b1110 +
b1110 0
b1110 <
b1110 M
#191000
b1111 +
b1111 0
b1111 <
b1111 M
#192000
1V
b100 $
b100 4
b100 8
b1 2
b1 9
b1 g
1o
0Z
1W
0]
b100 3
b100 :
b100 T
1`
1k
0m
0n
1u
1v
0w
0~
0!"
1""
1Y
1\
0_
1j
1s
0|
b11 5
b11 D
b11 G
b11 S
b11 e
b1100 >
b1100 H
b1100 N
b1100 *
b1100 /
b1100 ;
b1100 L
b1100 P
b0 +
b0 0
b0 <
b0 M
#192001
b100 ."
#193000
b1 +
b1 0
b1 <
b1 M
#194000
b10 +
b10 0
b10 <
b10 M
#195000
b11 +
b11 0
b11 <
b11 M
#196000
b100 +
b100 0
b100 <
b100 M
#197000
b101 +
b101 0
b101 <
b101 M
#198000
b110 +
b110 0
b110 <
b110 M
#199000
b111 +
b111 0
b111 <
b111 M
#200000
b1000 +
b1000 0
b1000 <
b1000 M
#201000
b1001 +
b1001 0
b1001 <
b1001 M
#202000
b1010 +
b1010 0
b1010 <
b1010 M
#203000
b1011 +
b1011 0
b1011 <
b1011 M
#204000
b1100 +
b1100 0
b1100 <
b1100 M
#205000
b1101 +
b1101 0
b1101 <
b1101 M
#206000
b1110 +
b1110 0
b1110 <
b1110 M
#207000
b1111 +
b1111 0
b1111 <
b1111 M
#208000
0`
b11 $
b11 4
b11 8
1]
0V
b0 2
b0 9
b0 g
0o
b11 3
b11 :
b11 T
1Z
0W
0k
1m
1n
0Y
0j
b10 5
b10 D
b10 G
b10 S
b10 e
b1101 >
b1101 H
b1101 N
b1101 *
b1101 /
b1101 ;
b1101 L
b1101 P
b0 +
b0 0
b0 <
b0 M
#208001
b11 ."
#209000
b1 +
b1 0
b1 <
b1 M
#210000
b10 +
b10 0
b10 <
b10 M
#211000
b11 +
b11 0
b11 <
b11 M
#212000
b100 +
b100 0
b100 <
b100 M
#213000
b101 +
b101 0
b101 <
b101 M
#214000
b110 +
b110 0
b110 <
b110 M
#215000
b111 +
b111 0
b111 <
b111 M
#216000
b1000 +
b1000 0
b1000 <
b1000 M
#217000
b1001 +
b1001 0
b1001 <
b1001 M
#218000
b1010 +
b1010 0
b1010 <
b1010 M
#219000
b1011 +
b1011 0
b1011 <
b1011 M
#220000
b1100 +
b1100 0
b1100 <
b1100 M
#221000
b1101 +
b1101 0
b1101 <
b1101 M
#222000
b1110 +
b1110 0
b1110 <
b1110 M
#223000
b1111 +
b1111 0
b1111 <
b1111 M
#224000
0!
b10 $
b10 4
b10 8
b1 2
b1 9
b1 g
1o
0Z
1W
b10 3
b10 :
b10 T
1]
1k
0m
0n
0u
0v
1w
1Y
0\
1j
0s
b1 5
b1 D
b1 G
b1 S
b1 e
b1110 >
b1110 H
b1110 N
b1110 *
b1110 /
b1110 ;
b1110 L
b1110 P
b0 +
b0 0
b0 <
b0 M
#224001
b10 ."
#225000
b1 +
b1 0
b1 <
b1 M
#226000
b10 +
b10 0
b10 <
b10 M
#227000
b11 +
b11 0
b11 <
b11 M
#228000
b100 +
b100 0
b100 <
b100 M
#229000
b101 +
b101 0
b101 <
b101 M
#230000
b110 +
b110 0
b110 <
b110 M
#231000
b111 +
b111 0
b111 <
b111 M
#232000
b1000 +
b1000 0
b1000 <
b1000 M
#233000
b1001 +
b1001 0
b1001 <
b1001 M
#234000
b1010 +
b1010 0
b1010 <
b1010 M
#235000
b1011 +
b1011 0
b1011 <
b1011 M
#236000
b1100 +
b1100 0
b1100 <
b1100 M
#237000
b1101 +
b1101 0
b1101 <
b1101 M
#238000
b1110 +
b1110 0
b1110 <
b1110 M
#239000
b1111 +
b1111 0
b1111 <
b1111 M
#240000
b1 $
b1 4
b1 8
0]
b0 2
b0 9
b0 g
0o
b1 3
b1 :
b1 T
1Z
0W
0k
1m
1n
0Y
0j
b0 5
b0 D
b0 G
b0 S
b0 e
b1111 >
b1111 H
b1111 N
b1111 *
b1111 /
b1111 ;
b1111 L
b1111 P
b0 +
b0 0
b0 <
b0 M
#240001
b1 ."
#241000
b1 +
b1 0
b1 <
b1 M
#242000
b10 +
b10 0
b10 <
b10 M
#243000
b11 +
b11 0
b11 <
b11 M
#244000
b100 +
b100 0
b100 <
b100 M
#245000
b101 +
b101 0
b101 <
b101 M
#246000
b110 +
b110 0
b110 <
b110 M
#247000
b111 +
b111 0
b111 <
b111 M
#248000
b1000 +
b1000 0
b1000 <
b1000 M
#249000
b1001 +
b1001 0
b1001 <
b1001 M
#250000
b1010 +
b1010 0
b1010 <
b1010 M
#251000
b1011 +
b1011 0
b1011 <
b1011 M
#252000
b1100 +
b1100 0
b1100 <
b1100 M
#253000
b1101 +
b1101 0
b1101 <
b1101 M
#254000
b1110 +
b1110 0
b1110 <
b1110 M
#255000
b1111 +
b1111 0
b1111 <
b1111 M
#256000
1#
0"
1U
b1 2
b1 9
b1 g
1o
1V
0`
0c
1k
0m
0n
1u
1v
0w
1~
1!"
0""
1)"
1*"
0+"
1Y
1\
1_
1b
1j
1s
1|
1'"
b1111 5
b1111 D
b1111 G
b1111 S
b1111 e
b1 $
b1 4
b1 8
0]
b1 3
b1 :
b1 T
1Z
1W
b0 >
b0 H
b0 N
1-
b0 *
b0 /
b0 ;
b0 L
b0 P
b0 +
b0 0
b0 <
b0 M
#256001
1/"
b10001 ."
#257000
b1 +
b1 0
b1 <
b1 M
#258000
b10 +
b10 0
b10 <
b10 M
#259000
b11 +
b11 0
b11 <
b11 M
#260000
b100 +
b100 0
b100 <
b100 M
#261000
b101 +
b101 0
b101 <
b101 M
#262000
b110 +
b110 0
b110 <
b110 M
#263000
b111 +
b111 0
b111 <
b111 M
#264000
b1000 +
b1000 0
b1000 <
b1000 M
#265000
b1001 +
b1001 0
b1001 <
b1001 M
#266000
b1010 +
b1010 0
b1010 <
b1010 M
#267000
b1011 +
b1011 0
b1011 <
b1011 M
#268000
b1100 +
b1100 0
b1100 <
b1100 M
#269000
b1101 +
b1101 0
b1101 <
b1101 M
#270000
b1110 +
b1110 0
b1110 <
b1110 M
#271000
b1111 +
b1111 0
b1111 <
b1111 M
#272000
1!
b0 $
b0 4
b0 8
b0 2
b0 9
b0 g
0o
b0 3
b0 :
b0 T
0Z
0k
1m
1n
0Y
0j
b1110 5
b1110 D
b1110 G
b1110 S
b1110 e
b1 >
b1 H
b1 N
b1 *
b1 /
b1 ;
b1 L
b1 P
b0 +
b0 0
b0 <
b0 M
#272001
11"
b10000 ."
#273000
b1 +
b1 0
b1 <
b1 M
#274000
b10 +
b10 0
b10 <
b10 M
#275000
b11 +
b11 0
b11 <
b11 M
#276000
b100 +
b100 0
b100 <
b100 M
#277000
b101 +
b101 0
b101 <
b101 M
#278000
b110 +
b110 0
b110 <
b110 M
#279000
b111 +
b111 0
b111 <
b111 M
#280000
b1000 +
b1000 0
b1000 <
b1000 M
#281000
b1001 +
b1001 0
b1001 <
b1001 M
#282000
b1010 +
b1010 0
b1010 <
b1010 M
#283000
b1011 +
b1011 0
b1011 <
b1011 M
#284000
b1100 +
b1100 0
b1100 <
b1100 M
#285000
b1101 +
b1101 0
b1101 <
b1101 M
#286000
b1110 +
b1110 0
b1110 <
b1110 M
#287000
b1111 +
b1111 0
b1111 <
b1111 M
#288000
1"
1c
0#
0!
b1111 $
b1111 4
b1111 8
1`
0U
b1 2
b1 9
b1 g
1o
1Z
b1111 3
b1111 :
b1111 T
1]
0V
1k
0m
0n
0u
0v
1w
1Y
0\
1j
0s
b1101 5
b1101 D
b1101 G
b1101 S
b1101 e
b10 >
b10 H
b10 N
b10 *
b10 /
b10 ;
b10 L
b10 P
b0 +
b0 0
b0 <
b0 M
#288001
01"
10"
0/"
b1111 ."
#289000
b1 +
b1 0
b1 <
b1 M
#290000
b10 +
b10 0
b10 <
b10 M
#291000
b11 +
b11 0
b11 <
b11 M
#292000
b100 +
b100 0
b100 <
b100 M
#293000
b101 +
b101 0
b101 <
b101 M
#294000
b110 +
b110 0
b110 <
b110 M
#295000
b111 +
b111 0
b111 <
b111 M
#296000
b1000 +
b1000 0
b1000 <
b1000 M
#297000
b1001 +
b1001 0
b1001 <
b1001 M
#298000
b1010 +
b1010 0
b1010 <
b1010 M
#299000
b1011 +
b1011 0
b1011 <
b1011 M
#300000
b1100 +
b1100 0
b1100 <
b1100 M
#301000
b1101 +
b1101 0
b1101 <
b1101 M
#302000
b1110 +
b1110 0
b1110 <
b1110 M
#303000
b1111 +
b1111 0
b1111 <
b1111 M
#304000
b1110 $
b1110 4
b1110 8
b0 2
b0 9
b0 g
0o
b1110 3
b1110 :
b1110 T
0Z
0k
1m
1n
0Y
0j
b1100 5
b1100 D
b1100 G
b1100 S
b1100 e
b11 >
b11 H
b11 N
b11 *
b11 /
b11 ;
b11 L
b11 P
b0 +
b0 0
b0 <
b0 M
#304001
b1110 ."
#305000
b1 +
b1 0
b1 <
b1 M
#306000
b10 +
b10 0
b10 <
b10 M
#307000
b11 +
b11 0
b11 <
b11 M
#308000
b100 +
b100 0
b100 <
b100 M
#309000
b101 +
b101 0
b101 <
b101 M
#310000
b110 +
b110 0
b110 <
b110 M
#311000
b111 +
b111 0
b111 <
b111 M
#312000
b1000 +
b1000 0
b1000 <
b1000 M
#313000
b1001 +
b1001 0
b1001 <
b1001 M
#314000
b1010 +
b1010 0
b1010 <
b1010 M
#315000
b1011 +
b1011 0
b1011 <
b1011 M
#316000
b1100 +
b1100 0
b1100 <
b1100 M
#317000
b1101 +
b1101 0
b1101 <
b1101 M
#318000
b1110 +
b1110 0
b1110 <
b1110 M
#319000
b1111 +
b1111 0
b1111 <
b1111 M
#320000
b1101 $
b1101 4
b1101 8
b1 2
b1 9
b1 g
1o
1Z
0]
1V
b1101 3
b1101 :
b1101 T
1`
1k
0m
0n
1u
1v
0w
0~
0!"
1""
1Y
1\
0_
1j
1s
0|
b1011 5
b1011 D
b1011 G
b1011 S
b1011 e
b100 >
b100 H
b100 N
b100 *
b100 /
b100 ;
b100 L
b100 P
b0 +
b0 0
b0 <
b0 M
#320001
b1101 ."
#321000
b1 +
b1 0
b1 <
b1 M
#322000
b10 +
b10 0
b10 <
b10 M
#323000
b11 +
b11 0
b11 <
b11 M
#324000
b100 +
b100 0
b100 <
b100 M
#325000
b101 +
b101 0
b101 <
b101 M
#326000
b110 +
b110 0
b110 <
b110 M
#327000
b111 +
b111 0
b111 <
b111 M
#328000
b1000 +
b1000 0
b1000 <
b1000 M
#329000
b1001 +
b1001 0
b1001 <
b1001 M
#330000
b1010 +
b1010 0
b1010 <
b1010 M
#331000
b1011 +
b1011 0
b1011 <
b1011 M
#332000
b1100 +
b1100 0
b1100 <
b1100 M
#333000
b1101 +
b1101 0
b1101 <
b1101 M
#334000
b1110 +
b1110 0
b1110 <
b1110 M
#335000
b1111 +
b1111 0
b1111 <
b1111 M
#336000
b1100 $
b1100 4
b1100 8
b0 2
b0 9
b0 g
0o
b1100 3
b1100 :
b1100 T
0Z
0k
1m
1n
0Y
0j
b1010 5
b1010 D
b1010 G
b1010 S
b1010 e
b101 >
b101 H
b101 N
b101 *
b101 /
b101 ;
b101 L
b101 P
b0 +
b0 0
b0 <
b0 M
#336001
b1100 ."
#337000
b1 +
b1 0
b1 <
b1 M
#338000
b10 +
b10 0
b10 <
b10 M
#339000
b11 +
b11 0
b11 <
b11 M
#340000
b100 +
b100 0
b100 <
b100 M
#341000
b101 +
b101 0
b101 <
b101 M
#342000
b110 +
b110 0
b110 <
b110 M
#343000
b111 +
b111 0
b111 <
b111 M
#344000
b1000 +
b1000 0
b1000 <
b1000 M
#345000
b1001 +
b1001 0
b1001 <
b1001 M
#346000
b1010 +
b1010 0
b1010 <
b1010 M
#347000
b1011 +
b1011 0
b1011 <
b1011 M
#348000
b1100 +
b1100 0
b1100 <
b1100 M
#349000
b1101 +
b1101 0
b1101 <
b1101 M
#350000
b1110 +
b1110 0
b1110 <
b1110 M
#351000
b1111 +
b1111 0
b1111 <
b1111 M
#352000
b1011 $
b1011 4
b1011 8
0`
b1 2
b1 9
b1 g
1o
1Z
b1011 3
b1011 :
b1011 T
1]
0V
1k
0m
0n
0u
0v
1w
1Y
0\
1j
0s
b1001 5
b1001 D
b1001 G
b1001 S
b1001 e
b110 >
b110 H
b110 N
b110 *
b110 /
b110 ;
b110 L
b110 P
b0 +
b0 0
b0 <
b0 M
#352001
b1011 ."
#353000
b1 +
b1 0
b1 <
b1 M
#354000
b10 +
b10 0
b10 <
b10 M
#355000
b11 +
b11 0
b11 <
b11 M
#356000
b100 +
b100 0
b100 <
b100 M
#357000
b101 +
b101 0
b101 <
b101 M
#358000
b110 +
b110 0
b110 <
b110 M
#359000
b111 +
b111 0
b111 <
b111 M
#360000
b1000 +
b1000 0
b1000 <
b1000 M
#361000
b1001 +
b1001 0
b1001 <
b1001 M
#362000
b1010 +
b1010 0
b1010 <
b1010 M
#363000
b1011 +
b1011 0
b1011 <
b1011 M
#364000
b1100 +
b1100 0
b1100 <
b1100 M
#365000
b1101 +
b1101 0
b1101 <
b1101 M
#366000
b1110 +
b1110 0
b1110 <
b1110 M
#367000
b1111 +
b1111 0
b1111 <
b1111 M
#368000
b1010 $
b1010 4
b1010 8
b0 2
b0 9
b0 g
0o
b1010 3
b1010 :
b1010 T
0Z
0k
1m
1n
0Y
0j
b1000 5
b1000 D
b1000 G
b1000 S
b1000 e
b111 >
b111 H
b111 N
b111 *
b111 /
b111 ;
b111 L
b111 P
b0 +
b0 0
b0 <
b0 M
#368001
b1010 ."
#369000
b1 +
b1 0
b1 <
b1 M
#370000
b10 +
b10 0
b10 <
b10 M
#371000
b11 +
b11 0
b11 <
b11 M
#372000
b100 +
b100 0
b100 <
b100 M
#373000
b101 +
b101 0
b101 <
b101 M
#374000
b110 +
b110 0
b110 <
b110 M
#375000
b111 +
b111 0
b111 <
b111 M
#376000
b1000 +
b1000 0
b1000 <
b1000 M
#377000
b1001 +
b1001 0
b1001 <
b1001 M
#378000
b1010 +
b1010 0
b1010 <
b1010 M
#379000
b1011 +
b1011 0
b1011 <
b1011 M
#380000
b1100 +
b1100 0
b1100 <
b1100 M
#381000
b1101 +
b1101 0
b1101 <
b1101 M
#382000
b1110 +
b1110 0
b1110 <
b1110 M
#383000
b1111 +
b1111 0
b1111 <
b1111 M
#384000
1"
1U
b1001 $
b1001 4
b1001 8
b1 2
b1 9
b1 g
1o
1Z
0]
1V
0`
b1001 3
b1001 :
b1001 T
1c
1k
0m
0n
1u
1v
0w
1~
1!"
0""
0)"
0*"
1+"
1Y
1\
1_
0b
1j
1s
1|
0'"
b111 5
b111 D
b111 G
b111 S
b111 e
b1000 >
b1000 H
b1000 N
b1000 *
b1000 /
b1000 ;
b1000 L
b1000 P
b0 +
b0 0
b0 <
b0 M
#384001
b1001 ."
#385000
b1 +
b1 0
b1 <
b1 M
#386000
b10 +
b10 0
b10 <
b10 M
#387000
b11 +
b11 0
b11 <
b11 M
#388000
b100 +
b100 0
b100 <
b100 M
#389000
b101 +
b101 0
b101 <
b101 M
#390000
b110 +
b110 0
b110 <
b110 M
#391000
b111 +
b111 0
b111 <
b111 M
#392000
b1000 +
b1000 0
b1000 <
b1000 M
#393000
b1001 +
b1001 0
b1001 <
b1001 M
#394000
b1010 +
b1010 0
b1010 <
b1010 M
#395000
b1011 +
b1011 0
b1011 <
b1011 M
#396000
b1100 +
b1100 0
b1100 <
b1100 M
#397000
b1101 +
b1101 0
b1101 <
b1101 M
#398000
b1110 +
b1110 0
b1110 <
b1110 M
#399000
b1111 +
b1111 0
b1111 <
b1111 M
#400000
b1000 $
b1000 4
b1000 8
b0 2
b0 9
b0 g
0o
b1000 3
b1000 :
b1000 T
0Z
0k
1m
1n
0Y
0j
b110 5
b110 D
b110 G
b110 S
b110 e
b1001 >
b1001 H
b1001 N
b1001 *
b1001 /
b1001 ;
b1001 L
b1001 P
b0 +
b0 0
b0 <
b0 M
#400001
b1000 ."
#401000
b1 +
b1 0
b1 <
b1 M
#402000
b10 +
b10 0
b10 <
b10 M
#403000
b11 +
b11 0
b11 <
b11 M
#404000
b100 +
b100 0
b100 <
b100 M
#405000
b101 +
b101 0
b101 <
b101 M
#406000
b110 +
b110 0
b110 <
b110 M
#407000
b111 +
b111 0
b111 <
b111 M
#408000
b1000 +
b1000 0
b1000 <
b1000 M
#409000
b1001 +
b1001 0
b1001 <
b1001 M
#410000
b1010 +
b1010 0
b1010 <
b1010 M
#411000
b1011 +
b1011 0
b1011 <
b1011 M
#412000
b1100 +
b1100 0
b1100 <
b1100 M
#413000
b1101 +
b1101 0
b1101 <
b1101 M
#414000
b1110 +
b1110 0
b1110 <
b1110 M
#415000
b1111 +
b1111 0
b1111 <
b1111 M
#416000
0"
0c
b111 $
b111 4
b111 8
1`
0U
b1 2
b1 9
b1 g
1o
1Z
b111 3
b111 :
b111 T
1]
0V
1k
0m
0n
0u
0v
1w
1Y
0\
1j
0s
b101 5
b101 D
b101 G
b101 S
b101 e
b1010 >
b1010 H
b1010 N
b1010 *
b1010 /
b1010 ;
b1010 L
b1010 P
b0 +
b0 0
b0 <
b0 M
#416001
00"
b111 ."
#417000
b1 +
b1 0
b1 <
b1 M
#418000
b10 +
b10 0
b10 <
b10 M
#419000
b11 +
b11 0
b11 <
b11 M
#420000
b100 +
b100 0
b100 <
b100 M
#421000
b101 +
b101 0
b101 <
b101 M
#422000
b110 +
b110 0
b110 <
b110 M
#423000
b111 +
b111 0
b111 <
b111 M
#424000
b1000 +
b1000 0
b1000 <
b1000 M
#425000
b1001 +
b1001 0
b1001 <
b1001 M
#426000
b1010 +
b1010 0
b1010 <
b1010 M
#427000
b1011 +
b1011 0
b1011 <
b1011 M
#428000
b1100 +
b1100 0
b1100 <
b1100 M
#429000
b1101 +
b1101 0
b1101 <
b1101 M
#430000
b1110 +
b1110 0
b1110 <
b1110 M
#431000
b1111 +
b1111 0
b1111 <
b1111 M
#432000
b110 $
b110 4
b110 8
b0 2
b0 9
b0 g
0o
b110 3
b110 :
b110 T
0Z
0k
1m
1n
0Y
0j
b100 5
b100 D
b100 G
b100 S
b100 e
b1011 >
b1011 H
b1011 N
b1011 *
b1011 /
b1011 ;
b1011 L
b1011 P
b0 +
b0 0
b0 <
b0 M
#432001
b110 ."
#433000
b1 +
b1 0
b1 <
b1 M
#434000
b10 +
b10 0
b10 <
b10 M
#435000
b11 +
b11 0
b11 <
b11 M
#436000
b100 +
b100 0
b100 <
b100 M
#437000
b101 +
b101 0
b101 <
b101 M
#438000
b110 +
b110 0
b110 <
b110 M
#439000
b111 +
b111 0
b111 <
b111 M
#440000
b1000 +
b1000 0
b1000 <
b1000 M
#441000
b1001 +
b1001 0
b1001 <
b1001 M
#442000
b1010 +
b1010 0
b1010 <
b1010 M
#443000
b1011 +
b1011 0
b1011 <
b1011 M
#444000
b1100 +
b1100 0
b1100 <
b1100 M
#445000
b1101 +
b1101 0
b1101 <
b1101 M
#446000
b1110 +
b1110 0
b1110 <
b1110 M
#447000
b1111 +
b1111 0
b1111 <
b1111 M
#448000
b101 $
b101 4
b101 8
b1 2
b1 9
b1 g
1o
1Z
0]
1V
b101 3
b101 :
b101 T
1`
1k
0m
0n
1u
1v
0w
0~
0!"
1""
1Y
1\
0_
1j
1s
0|
b11 5
b11 D
b11 G
b11 S
b11 e
b1100 >
b1100 H
b1100 N
b1100 *
b1100 /
b1100 ;
b1100 L
b1100 P
b0 +
b0 0
b0 <
b0 M
#448001
b101 ."
#449000
b1 +
b1 0
b1 <
b1 M
#450000
b10 +
b10 0
b10 <
b10 M
#451000
b11 +
b11 0
b11 <
b11 M
#452000
b100 +
b100 0
b100 <
b100 M
#453000
b101 +
b101 0
b101 <
b101 M
#454000
b110 +
b110 0
b110 <
b110 M
#455000
b111 +
b111 0
b111 <
b111 M
#456000
b1000 +
b1000 0
b1000 <
b1000 M
#457000
b1001 +
b1001 0
b1001 <
b1001 M
#458000
b1010 +
b1010 0
b1010 <
b1010 M
#459000
b1011 +
b1011 0
b1011 <
b1011 M
#460000
b1100 +
b1100 0
b1100 <
b1100 M
#461000
b1101 +
b1101 0
b1101 <
b1101 M
#462000
b1110 +
b1110 0
b1110 <
b1110 M
#463000
b1111 +
b1111 0
b1111 <
b1111 M
#464000
b100 $
b100 4
b100 8
b0 2
b0 9
b0 g
0o
b100 3
b100 :
b100 T
0Z
0k
1m
1n
0Y
0j
b10 5
b10 D
b10 G
b10 S
b10 e
b1101 >
b1101 H
b1101 N
b1101 *
b1101 /
b1101 ;
b1101 L
b1101 P
b0 +
b0 0
b0 <
b0 M
#464001
b100 ."
#465000
b1 +
b1 0
b1 <
b1 M
#466000
b10 +
b10 0
b10 <
b10 M
#467000
b11 +
b11 0
b11 <
b11 M
#468000
b100 +
b100 0
b100 <
b100 M
#469000
b101 +
b101 0
b101 <
b101 M
#470000
b110 +
b110 0
b110 <
b110 M
#471000
b111 +
b111 0
b111 <
b111 M
#472000
b1000 +
b1000 0
b1000 <
b1000 M
#473000
b1001 +
b1001 0
b1001 <
b1001 M
#474000
b1010 +
b1010 0
b1010 <
b1010 M
#475000
b1011 +
b1011 0
b1011 <
b1011 M
#476000
b1100 +
b1100 0
b1100 <
b1100 M
#477000
b1101 +
b1101 0
b1101 <
b1101 M
#478000
b1110 +
b1110 0
b1110 <
b1110 M
#479000
b1111 +
b1111 0
b1111 <
b1111 M
#480000
b11 $
b11 4
b11 8
0`
b1 2
b1 9
b1 g
1o
1Z
b11 3
b11 :
b11 T
1]
0V
1k
0m
0n
0u
0v
1w
1Y
0\
1j
0s
b1 5
b1 D
b1 G
b1 S
b1 e
b1110 >
b1110 H
b1110 N
b1110 *
b1110 /
b1110 ;
b1110 L
b1110 P
b0 +
b0 0
b0 <
b0 M
#480001
b11 ."
#481000
b1 +
b1 0
b1 <
b1 M
#482000
b10 +
b10 0
b10 <
b10 M
#483000
b11 +
b11 0
b11 <
b11 M
#484000
b100 +
b100 0
b100 <
b100 M
#485000
b101 +
b101 0
b101 <
b101 M
#486000
b110 +
b110 0
b110 <
b110 M
#487000
b111 +
b111 0
b111 <
b111 M
#488000
b1000 +
b1000 0
b1000 <
b1000 M
#489000
b1001 +
b1001 0
b1001 <
b1001 M
#490000
b1010 +
b1010 0
b1010 <
b1010 M
#491000
b1011 +
b1011 0
b1011 <
b1011 M
#492000
b1100 +
b1100 0
b1100 <
b1100 M
#493000
b1101 +
b1101 0
b1101 <
b1101 M
#494000
b1110 +
b1110 0
b1110 <
b1110 M
#495000
b1111 +
b1111 0
b1111 <
b1111 M
#496000
b10 $
b10 4
b10 8
b0 2
b0 9
b0 g
0o
b10 3
b10 :
b10 T
0Z
0k
1m
1n
0Y
0j
b0 5
b0 D
b0 G
b0 S
b0 e
b1111 >
b1111 H
b1111 N
b1111 *
b1111 /
b1111 ;
b1111 L
b1111 P
b0 +
b0 0
b0 <
b0 M
#496001
b10 ."
#497000
b1 +
b1 0
b1 <
b1 M
#498000
b10 +
b10 0
b10 <
b10 M
#499000
b11 +
b11 0
b11 <
b11 M
#500000
b100 +
b100 0
b100 <
b100 M
#501000
b101 +
b101 0
b101 <
b101 M
#502000
b110 +
b110 0
b110 <
b110 M
#503000
b111 +
b111 0
b111 <
b111 M
#504000
b1000 +
b1000 0
b1000 <
b1000 M
#505000
b1001 +
b1001 0
b1001 <
b1001 M
#506000
b1010 +
b1010 0
b1010 <
b1010 M
#507000
b1011 +
b1011 0
b1011 <
b1011 M
#508000
b1100 +
b1100 0
b1100 <
b1100 M
#509000
b1101 +
b1101 0
b1101 <
b1101 M
#510000
b1110 +
b1110 0
b1110 <
b1110 M
#511000
b1111 +
b1111 0
b1111 <
b1111 M
#512000
1!
0l
0"
0X
0i
0x
0#"
0,"
b0 6
b0 E
b0 Q
b0 R
b0 d
0`
0c
0k
0m
1n
0u
0v
1w
0~
0!"
1""
0)"
0*"
1+"
b0 ?
b0 K
b0 O
0Y
0\
0_
0b
0j
0s
0|
0'"
0C
0B
b0 5
b0 D
b0 G
b0 S
b0 e
b0 2
b0 9
b0 g
0o
b0 $
b0 4
b0 8
0]
b1 f
b1 h
b1 p
b1 q
b1 y
b1 z
b1 $"
b1 %"
b1 -"
b0 3
b0 :
b0 T
0Z
0W
b0 >
b0 H
b0 N
b1 ,
b1 1
b1 =
b1 F
0-
b0 *
b0 /
b0 ;
b0 L
b0 P
b0 +
b0 0
b0 <
b0 M
#512001
11"
b0 ."
#513000
b1 +
b1 0
b1 <
b1 M
#514000
b10 +
b10 0
b10 <
b10 M
#515000
b11 +
b11 0
b11 <
b11 M
#516000
b100 +
b100 0
b100 <
b100 M
#517000
b101 +
b101 0
b101 <
b101 M
#518000
b110 +
b110 0
b110 <
b110 M
#519000
b111 +
b111 0
b111 <
b111 M
#520000
b1000 +
b1000 0
b1000 <
b1000 M
#521000
b1001 +
b1001 0
b1001 <
b1001 M
#522000
b1010 +
b1010 0
b1010 <
b1010 M
#523000
b1011 +
b1011 0
b1011 <
b1011 M
#524000
b1100 +
b1100 0
b1100 <
b1100 M
#525000
b1101 +
b1101 0
b1101 <
b1101 M
#526000
b1110 +
b1110 0
b1110 <
b1110 M
#527000
b1111 +
b1111 0
b1111 <
b1111 M
#528000
0!
b1 $
b1 4
b1 8
b1 2
b1 9
b1 g
1o
b1 3
b1 :
b1 T
1Z
1l
1m
0n
1Y
1j
b1 5
b1 D
b1 G
b1 S
b1 e
b1 >
b1 H
b1 N
b1 *
b1 /
b1 ;
b1 L
b1 P
b0 +
b0 0
b0 <
b0 M
#528001
01"
b1 ."
#529000
b1 +
b1 0
b1 <
b1 M
#530000
b10 +
b10 0
b10 <
b10 M
#531000
b11 +
b11 0
b11 <
b11 M
#532000
b100 +
b100 0
b100 <
b100 M
#533000
b101 +
b101 0
b101 <
b101 M
#534000
b110 +
b110 0
b110 <
b110 M
#535000
b111 +
b111 0
b111 <
b111 M
#536000
b1000 +
b1000 0
b1000 <
b1000 M
#537000
b1001 +
b1001 0
b1001 <
b1001 M
#538000
b1010 +
b1010 0
b1010 <
b1010 M
#539000
b1011 +
b1011 0
b1011 <
b1011 M
#540000
b1100 +
b1100 0
b1100 <
b1100 M
#541000
b1101 +
b1101 0
b1101 <
b1101 M
#542000
b1110 +
b1110 0
b1110 <
b1110 M
#543000
b1111 +
b1111 0
b1111 <
b1111 M
#544000
b10 $
b10 4
b10 8
0o
b10 2
b10 9
b10 g
1x
0Z
b10 3
b10 :
b10 T
1]
0l
0m
1n
1u
1v
0w
0Y
1\
0j
1s
b10 5
b10 D
b10 G
b10 S
b10 e
b10 >
b10 H
b10 N
b10 *
b10 /
b10 ;
b10 L
b10 P
b0 +
b0 0
b0 <
b0 M
#544001
b10 ."
#545000
b1 +
b1 0
b1 <
b1 M
#546000
b10 +
b10 0
b10 <
b10 M
#547000
b11 +
b11 0
b11 <
b11 M
#548000
b100 +
b100 0
b100 <
b100 M
#549000
b101 +
b101 0
b101 <
b101 M
#550000
b110 +
b110 0
b110 <
b110 M
#551000
b111 +
b111 0
b111 <
b111 M
#552000
b1000 +
b1000 0
b1000 <
b1000 M
#553000
b1001 +
b1001 0
b1001 <
b1001 M
#554000
b1010 +
b1010 0
b1010 <
b1010 M
#555000
b1011 +
b1011 0
b1011 <
b1011 M
#556000
b1100 +
b1100 0
b1100 <
b1100 M
#557000
b1101 +
b1101 0
b1101 <
b1101 M
#558000
b1110 +
b1110 0
b1110 <
b1110 M
#559000
b1111 +
b1111 0
b1111 <
b1111 M
#560000
b11 $
b11 4
b11 8
b11 2
b11 9
b11 g
1o
b11 3
b11 :
b11 T
1Z
1l
1m
0n
1Y
1j
b11 5
b11 D
b11 G
b11 S
b11 e
b11 >
b11 H
b11 N
b11 *
b11 /
b11 ;
b11 L
b11 P
b0 +
b0 0
b0 <
b0 M
#560001
b11 ."
#561000
b1 +
b1 0
b1 <
b1 M
#562000
b10 +
b10 0
b10 <
b10 M
#563000
b11 +
b11 0
b11 <
b11 M
#564000
b100 +
b100 0
b100 <
b100 M
#565000
b101 +
b101 0
b101 <
b101 M
#566000
b110 +
b110 0
b110 <
b110 M
#567000
b111 +
b111 0
b111 <
b111 M
#568000
b1000 +
b1000 0
b1000 <
b1000 M
#569000
b1001 +
b1001 0
b1001 <
b1001 M
#570000
b1010 +
b1010 0
b1010 <
b1010 M
#571000
b1011 +
b1011 0
b1011 <
b1011 M
#572000
b1100 +
b1100 0
b1100 <
b1100 M
#573000
b1101 +
b1101 0
b1101 <
b1101 M
#574000
b1110 +
b1110 0
b1110 <
b1110 M
#575000
b1111 +
b1111 0
b1111 <
b1111 M
#576000
b100 $
b100 4
b100 8
0o
0x
b100 2
b100 9
b100 g
1#"
0Z
0]
b100 3
b100 :
b100 T
1`
0l
0m
1n
0u
0v
1w
1~
1!"
0""
0Y
0\
1_
0j
0s
1|
b100 5
b100 D
b100 G
b100 S
b100 e
b100 >
b100 H
b100 N
b100 *
b100 /
b100 ;
b100 L
b100 P
b0 +
b0 0
b0 <
b0 M
#576001
b100 ."
#577000
b1 +
b1 0
b1 <
b1 M
#578000
b10 +
b10 0
b10 <
b10 M
#579000
b11 +
b11 0
b11 <
b11 M
#580000
b100 +
b100 0
b100 <
b100 M
#581000
b101 +
b101 0
b101 <
b101 M
#582000
b110 +
b110 0
b110 <
b110 M
#583000
b111 +
b111 0
b111 <
b111 M
#584000
b1000 +
b1000 0
b1000 <
b1000 M
#585000
b1001 +
b1001 0
b1001 <
b1001 M
#586000
b1010 +
b1010 0
b1010 <
b1010 M
#587000
b1011 +
b1011 0
b1011 <
b1011 M
#588000
b1100 +
b1100 0
b1100 <
b1100 M
#589000
b1101 +
b1101 0
b1101 <
b1101 M
#590000
b1110 +
b1110 0
b1110 <
b1110 M
#591000
b1111 +
b1111 0
b1111 <
b1111 M
#592000
b101 $
b101 4
b101 8
b101 2
b101 9
b101 g
1o
b101 3
b101 :
b101 T
1Z
1l
1m
0n
1Y
1j
b101 5
b101 D
b101 G
b101 S
b101 e
b101 >
b101 H
b101 N
b101 *
b101 /
b101 ;
b101 L
b101 P
b0 +
b0 0
b0 <
b0 M
#592001
b101 ."
#593000
b1 +
b1 0
b1 <
b1 M
#594000
b10 +
b10 0
b10 <
b10 M
#595000
b11 +
b11 0
b11 <
b11 M
#596000
b100 +
b100 0
b100 <
b100 M
#597000
b101 +
b101 0
b101 <
b101 M
#598000
b110 +
b110 0
b110 <
b110 M
#599000
b111 +
b111 0
b111 <
b111 M
#600000
b1000 +
b1000 0
b1000 <
b1000 M
#601000
b1001 +
b1001 0
b1001 <
b1001 M
#602000
b1010 +
b1010 0
b1010 <
b1010 M
#603000
b1011 +
b1011 0
b1011 <
b1011 M
#604000
b1100 +
b1100 0
b1100 <
b1100 M
#605000
b1101 +
b1101 0
b1101 <
b1101 M
#606000
b1110 +
b1110 0
b1110 <
b1110 M
#607000
b1111 +
b1111 0
b1111 <
b1111 M
#608000
b110 $
b110 4
b110 8
0o
b110 2
b110 9
b110 g
1x
0Z
b110 3
b110 :
b110 T
1]
0l
0m
1n
1u
1v
0w
0Y
1\
0j
1s
b110 5
b110 D
b110 G
b110 S
b110 e
b110 >
b110 H
b110 N
b110 *
b110 /
b110 ;
b110 L
b110 P
b0 +
b0 0
b0 <
b0 M
#608001
b110 ."
#609000
b1 +
b1 0
b1 <
b1 M
#610000
b10 +
b10 0
b10 <
b10 M
#611000
b11 +
b11 0
b11 <
b11 M
#612000
b100 +
b100 0
b100 <
b100 M
#613000
b101 +
b101 0
b101 <
b101 M
#614000
b110 +
b110 0
b110 <
b110 M
#615000
b111 +
b111 0
b111 <
b111 M
#616000
b1000 +
b1000 0
b1000 <
b1000 M
#617000
b1001 +
b1001 0
b1001 <
b1001 M
#618000
b1010 +
b1010 0
b1010 <
b1010 M
#619000
b1011 +
b1011 0
b1011 <
b1011 M
#620000
b1100 +
b1100 0
b1100 <
b1100 M
#621000
b1101 +
b1101 0
b1101 <
b1101 M
#622000
b1110 +
b1110 0
b1110 <
b1110 M
#623000
b1111 +
b1111 0
b1111 <
b1111 M
#624000
b111 $
b111 4
b111 8
b111 2
b111 9
b111 g
1o
b111 3
b111 :
b111 T
1Z
1l
1m
0n
1Y
1j
b111 5
b111 D
b111 G
b111 S
b111 e
b111 >
b111 H
b111 N
b111 *
b111 /
b111 ;
b111 L
b111 P
b0 +
b0 0
b0 <
b0 M
#624001
b111 ."
#625000
b1 +
b1 0
b1 <
b1 M
#626000
b10 +
b10 0
b10 <
b10 M
#627000
b11 +
b11 0
b11 <
b11 M
#628000
b100 +
b100 0
b100 <
b100 M
#629000
b101 +
b101 0
b101 <
b101 M
#630000
b110 +
b110 0
b110 <
b110 M
#631000
b111 +
b111 0
b111 <
b111 M
#632000
b1000 +
b1000 0
b1000 <
b1000 M
#633000
b1001 +
b1001 0
b1001 <
b1001 M
#634000
b1010 +
b1010 0
b1010 <
b1010 M
#635000
b1011 +
b1011 0
b1011 <
b1011 M
#636000
b1100 +
b1100 0
b1100 <
b1100 M
#637000
b1101 +
b1101 0
b1101 <
b1101 M
#638000
b1110 +
b1110 0
b1110 <
b1110 M
#639000
b1111 +
b1111 0
b1111 <
b1111 M
#640000
1"
b1000 $
b1000 4
b1000 8
0o
0x
0#"
b1000 2
b1000 9
b1000 g
1,"
0Z
0]
0`
b1000 3
b1000 :
b1000 T
1c
0l
0m
1n
0u
0v
1w
0~
0!"
1""
1)"
1*"
0+"
0Y
0\
0_
1b
0j
0s
0|
1'"
b1000 5
b1000 D
b1000 G
b1000 S
b1000 e
b1000 >
b1000 H
b1000 N
b1000 *
b1000 /
b1000 ;
b1000 L
b1000 P
b0 +
b0 0
b0 <
b0 M
#640001
10"
b1000 ."
#641000
b1 +
b1 0
b1 <
b1 M
#642000
b10 +
b10 0
b10 <
b10 M
#643000
b11 +
b11 0
b11 <
b11 M
#644000
b100 +
b100 0
b100 <
b100 M
#645000
b101 +
b101 0
b101 <
b101 M
#646000
b110 +
b110 0
b110 <
b110 M
#647000
b111 +
b111 0
b111 <
b111 M
#648000
b1000 +
b1000 0
b1000 <
b1000 M
#649000
b1001 +
b1001 0
b1001 <
b1001 M
#650000
b1010 +
b1010 0
b1010 <
b1010 M
#651000
b1011 +
b1011 0
b1011 <
b1011 M
#652000
b1100 +
b1100 0
b1100 <
b1100 M
#653000
b1101 +
b1101 0
b1101 <
b1101 M
#654000
b1110 +
b1110 0
b1110 <
b1110 M
#655000
b1111 +
b1111 0
b1111 <
b1111 M
#656000
b1001 $
b1001 4
b1001 8
b1001 2
b1001 9
b1001 g
1o
b1001 3
b1001 :
b1001 T
1Z
1l
1m
0n
1Y
1j
b1001 5
b1001 D
b1001 G
b1001 S
b1001 e
b1001 >
b1001 H
b1001 N
b1001 *
b1001 /
b1001 ;
b1001 L
b1001 P
b0 +
b0 0
b0 <
b0 M
#656001
b1001 ."
#657000
b1 +
b1 0
b1 <
b1 M
#658000
b10 +
b10 0
b10 <
b10 M
#659000
b11 +
b11 0
b11 <
b11 M
#660000
b100 +
b100 0
b100 <
b100 M
#661000
b101 +
b101 0
b101 <
b101 M
#662000
b110 +
b110 0
b110 <
b110 M
#663000
b111 +
b111 0
b111 <
b111 M
#664000
b1000 +
b1000 0
b1000 <
b1000 M
#665000
b1001 +
b1001 0
b1001 <
b1001 M
#666000
b1010 +
b1010 0
b1010 <
b1010 M
#667000
b1011 +
b1011 0
b1011 <
b1011 M
#668000
b1100 +
b1100 0
b1100 <
b1100 M
#669000
b1101 +
b1101 0
b1101 <
b1101 M
#670000
b1110 +
b1110 0
b1110 <
b1110 M
#671000
b1111 +
b1111 0
b1111 <
b1111 M
#672000
b1010 $
b1010 4
b1010 8
0o
b1010 2
b1010 9
b1010 g
1x
0Z
b1010 3
b1010 :
b1010 T
1]
0l
0m
1n
1u
1v
0w
0Y
1\
0j
1s
b1010 5
b1010 D
b1010 G
b1010 S
b1010 e
b1010 >
b1010 H
b1010 N
b1010 *
b1010 /
b1010 ;
b1010 L
b1010 P
b0 +
b0 0
b0 <
b0 M
#672001
b1010 ."
#673000
b1 +
b1 0
b1 <
b1 M
#674000
b10 +
b10 0
b10 <
b10 M
#675000
b11 +
b11 0
b11 <
b11 M
#676000
b100 +
b100 0
b100 <
b100 M
#677000
b101 +
b101 0
b101 <
b101 M
#678000
b110 +
b110 0
b110 <
b110 M
#679000
b111 +
b111 0
b111 <
b111 M
#680000
b1000 +
b1000 0
b1000 <
b1000 M
#681000
b1001 +
b1001 0
b1001 <
b1001 M
#682000
b1010 +
b1010 0
b1010 <
b1010 M
#683000
b1011 +
b1011 0
b1011 <
b1011 M
#684000
b1100 +
b1100 0
b1100 <
b1100 M
#685000
b1101 +
b1101 0
b1101 <
b1101 M
#686000
b1110 +
b1110 0
b1110 <
b1110 M
#687000
b1111 +
b1111 0
b1111 <
b1111 M
#688000
b1011 $
b1011 4
b1011 8
b1011 2
b1011 9
b1011 g
1o
b1011 3
b1011 :
b1011 T
1Z
1l
1m
0n
1Y
1j
b1011 5
b1011 D
b1011 G
b1011 S
b1011 e
b1011 >
b1011 H
b1011 N
b1011 *
b1011 /
b1011 ;
b1011 L
b1011 P
b0 +
b0 0
b0 <
b0 M
#688001
b1011 ."
#689000
b1 +
b1 0
b1 <
b1 M
#690000
b10 +
b10 0
b10 <
b10 M
#691000
b11 +
b11 0
b11 <
b11 M
#692000
b100 +
b100 0
b100 <
b100 M
#693000
b101 +
b101 0
b101 <
b101 M
#694000
b110 +
b110 0
b110 <
b110 M
#695000
b111 +
b111 0
b111 <
b111 M
#696000
b1000 +
b1000 0
b1000 <
b1000 M
#697000
b1001 +
b1001 0
b1001 <
b1001 M
#698000
b1010 +
b1010 0
b1010 <
b1010 M
#699000
b1011 +
b1011 0
b1011 <
b1011 M
#700000
b1100 +
b1100 0
b1100 <
b1100 M
#701000
b1101 +
b1101 0
b1101 <
b1101 M
#702000
b1110 +
b1110 0
b1110 <
b1110 M
#703000
b1111 +
b1111 0
b1111 <
b1111 M
#704000
b1100 $
b1100 4
b1100 8
0o
0x
b1100 2
b1100 9
b1100 g
1#"
0Z
0]
b1100 3
b1100 :
b1100 T
1`
0l
0m
1n
0u
0v
1w
1~
1!"
0""
0Y
0\
1_
0j
0s
1|
b1100 5
b1100 D
b1100 G
b1100 S
b1100 e
b1100 >
b1100 H
b1100 N
b1100 *
b1100 /
b1100 ;
b1100 L
b1100 P
b0 +
b0 0
b0 <
b0 M
#704001
b1100 ."
#705000
b1 +
b1 0
b1 <
b1 M
#706000
b10 +
b10 0
b10 <
b10 M
#707000
b11 +
b11 0
b11 <
b11 M
#708000
b100 +
b100 0
b100 <
b100 M
#709000
b101 +
b101 0
b101 <
b101 M
#710000
b110 +
b110 0
b110 <
b110 M
#711000
b111 +
b111 0
b111 <
b111 M
#712000
b1000 +
b1000 0
b1000 <
b1000 M
#713000
b1001 +
b1001 0
b1001 <
b1001 M
#714000
b1010 +
b1010 0
b1010 <
b1010 M
#715000
b1011 +
b1011 0
b1011 <
b1011 M
#716000
b1100 +
b1100 0
b1100 <
b1100 M
#717000
b1101 +
b1101 0
b1101 <
b1101 M
#718000
b1110 +
b1110 0
b1110 <
b1110 M
#719000
b1111 +
b1111 0
b1111 <
b1111 M
#720000
b1101 $
b1101 4
b1101 8
b1101 2
b1101 9
b1101 g
1o
b1101 3
b1101 :
b1101 T
1Z
1l
1m
0n
1Y
1j
b1101 5
b1101 D
b1101 G
b1101 S
b1101 e
b1101 >
b1101 H
b1101 N
b1101 *
b1101 /
b1101 ;
b1101 L
b1101 P
b0 +
b0 0
b0 <
b0 M
#720001
b1101 ."
#721000
b1 +
b1 0
b1 <
b1 M
#722000
b10 +
b10 0
b10 <
b10 M
#723000
b11 +
b11 0
b11 <
b11 M
#724000
b100 +
b100 0
b100 <
b100 M
#725000
b101 +
b101 0
b101 <
b101 M
#726000
b110 +
b110 0
b110 <
b110 M
#727000
b111 +
b111 0
b111 <
b111 M
#728000
b1000 +
b1000 0
b1000 <
b1000 M
#729000
b1001 +
b1001 0
b1001 <
b1001 M
#730000
b1010 +
b1010 0
b1010 <
b1010 M
#731000
b1011 +
b1011 0
b1011 <
b1011 M
#732000
b1100 +
b1100 0
b1100 <
b1100 M
#733000
b1101 +
b1101 0
b1101 <
b1101 M
#734000
b1110 +
b1110 0
b1110 <
b1110 M
#735000
b1111 +
b1111 0
b1111 <
b1111 M
#736000
b1110 $
b1110 4
b1110 8
0o
b1110 2
b1110 9
b1110 g
1x
0Z
b1110 3
b1110 :
b1110 T
1]
0l
0m
1n
1u
1v
0w
0Y
1\
0j
1s
b1110 5
b1110 D
b1110 G
b1110 S
b1110 e
b1110 >
b1110 H
b1110 N
b1110 *
b1110 /
b1110 ;
b1110 L
b1110 P
b0 +
b0 0
b0 <
b0 M
#736001
b1110 ."
#737000
b1 +
b1 0
b1 <
b1 M
#738000
b10 +
b10 0
b10 <
b10 M
#739000
b11 +
b11 0
b11 <
b11 M
#740000
b100 +
b100 0
b100 <
b100 M
#741000
b101 +
b101 0
b101 <
b101 M
#742000
b110 +
b110 0
b110 <
b110 M
#743000
b111 +
b111 0
b111 <
b111 M
#744000
b1000 +
b1000 0
b1000 <
b1000 M
#745000
b1001 +
b1001 0
b1001 <
b1001 M
#746000
b1010 +
b1010 0
b1010 <
b1010 M
#747000
b1011 +
b1011 0
b1011 <
b1011 M
#748000
b1100 +
b1100 0
b1100 <
b1100 M
#749000
b1101 +
b1101 0
b1101 <
b1101 M
#750000
b1110 +
b1110 0
b1110 <
b1110 M
#751000
b1111 +
b1111 0
b1111 <
b1111 M
#752000
b1111 $
b1111 4
b1111 8
b1111 2
b1111 9
b1111 g
1o
b1111 3
b1111 :
b1111 T
1Z
1l
1m
0n
1Y
1j
b1111 5
b1111 D
b1111 G
b1111 S
b1111 e
b1111 >
b1111 H
b1111 N
b1111 *
b1111 /
b1111 ;
b1111 L
b1111 P
b0 +
b0 0
b0 <
b0 M
#752001
b1111 ."
#753000
b1 +
b1 0
b1 <
b1 M
#754000
b10 +
b10 0
b10 <
b10 M
#755000
b11 +
b11 0
b11 <
b11 M
#756000
b100 +
b100 0
b100 <
b100 M
#757000
b101 +
b101 0
b101 <
b101 M
#758000
b110 +
b110 0
b110 <
b110 M
#759000
b111 +
b111 0
b111 <
b111 M
#760000
b1000 +
b1000 0
b1000 <
b1000 M
#761000
b1001 +
b1001 0
b1001 <
b1001 M
#762000
b1010 +
b1010 0
b1010 <
b1010 M
#763000
b1011 +
b1011 0
b1011 <
b1011 M
#764000
b1100 +
b1100 0
b1100 <
b1100 M
#765000
b1101 +
b1101 0
b1101 <
b1101 M
#766000
b1110 +
b1110 0
b1110 <
b1110 M
#767000
b1111 +
b1111 0
b1111 <
b1111 M
#768000
0"
0`
0o
0x
0#"
b0 2
b0 9
b0 g
0,"
0c
0l
0m
1n
0u
0v
1w
0~
0!"
1""
0)"
0*"
1+"
0Y
0\
0_
0b
0j
0s
0|
0'"
b1 $
b1 4
b1 8
0]
0V
b0 5
b0 D
b0 G
b0 S
b0 e
b1 3
b1 :
b1 T
1Z
0W
b0 >
b0 H
b0 N
1-
b0 *
b0 /
b0 ;
b0 L
b0 P
b0 +
b0 0
b0 <
b0 M
#768001
00"
b1 ."
#769000
b1 +
b1 0
b1 <
b1 M
#770000
b10 +
b10 0
b10 <
b10 M
#771000
b11 +
b11 0
b11 <
b11 M
#772000
b100 +
b100 0
b100 <
b100 M
#773000
b101 +
b101 0
b101 <
b101 M
#774000
b110 +
b110 0
b110 <
b110 M
#775000
b111 +
b111 0
b111 <
b111 M
#776000
b1000 +
b1000 0
b1000 <
b1000 M
#777000
b1001 +
b1001 0
b1001 <
b1001 M
#778000
b1010 +
b1010 0
b1010 <
b1010 M
#779000
b1011 +
b1011 0
b1011 <
b1011 M
#780000
b1100 +
b1100 0
b1100 <
b1100 M
#781000
b1101 +
b1101 0
b1101 <
b1101 M
#782000
b1110 +
b1110 0
b1110 <
b1110 M
#783000
b1111 +
b1111 0
b1111 <
b1111 M
#784000
b10 $
b10 4
b10 8
1]
b1 2
b1 9
b1 g
1o
b10 3
b10 :
b10 T
0Z
1W
1l
1m
0n
1Y
1j
b1 5
b1 D
b1 G
b1 S
b1 e
b1 >
b1 H
b1 N
b1 *
b1 /
b1 ;
b1 L
b1 P
b0 +
b0 0
b0 <
b0 M
#784001
b10 ."
#785000
b1 +
b1 0
b1 <
b1 M
#786000
b10 +
b10 0
b10 <
b10 M
#787000
b11 +
b11 0
b11 <
b11 M
#788000
b100 +
b100 0
b100 <
b100 M
#789000
b101 +
b101 0
b101 <
b101 M
#790000
b110 +
b110 0
b110 <
b110 M
#791000
b111 +
b111 0
b111 <
b111 M
#792000
b1000 +
b1000 0
b1000 <
b1000 M
#793000
b1001 +
b1001 0
b1001 <
b1001 M
#794000
b1010 +
b1010 0
b1010 <
b1010 M
#795000
b1011 +
b1011 0
b1011 <
b1011 M
#796000
b1100 +
b1100 0
b1100 <
b1100 M
#797000
b1101 +
b1101 0
b1101 <
b1101 M
#798000
b1110 +
b1110 0
b1110 <
b1110 M
#799000
b1111 +
b1111 0
b1111 <
b1111 M
#800000
b11 $
b11 4
b11 8
0`
0o
b10 2
b10 9
b10 g
1x
1Z
0W
b11 3
b11 :
b11 T
1]
0V
0l
0m
1n
1u
1v
0w
0Y
1\
0j
1s
b10 5
b10 D
b10 G
b10 S
b10 e
b10 >
b10 H
b10 N
b10 *
b10 /
b10 ;
b10 L
b10 P
b0 +
b0 0
b0 <
b0 M
#800001
b11 ."
#801000
b1 +
b1 0
b1 <
b1 M
#802000
b10 +
b10 0
b10 <
b10 M
#803000
b11 +
b11 0
b11 <
b11 M
#804000
b100 +
b100 0
b100 <
b100 M
#805000
b101 +
b101 0
b101 <
b101 M
#806000
b110 +
b110 0
b110 <
b110 M
#807000
b111 +
b111 0
b111 <
b111 M
#808000
b1000 +
b1000 0
b1000 <
b1000 M
#809000
b1001 +
b1001 0
b1001 <
b1001 M
#810000
b1010 +
b1010 0
b1010 <
b1010 M
#811000
b1011 +
b1011 0
b1011 <
b1011 M
#812000
b1100 +
b1100 0
b1100 <
b1100 M
#813000
b1101 +
b1101 0
b1101 <
b1101 M
#814000
b1110 +
b1110 0
b1110 <
b1110 M
#815000
b1111 +
b1111 0
b1111 <
b1111 M
#816000
1`
0!
b100 $
b100 4
b100 8
0]
1V
b11 2
b11 9
b11 g
1o
b100 3
b100 :
b100 T
0Z
1W
1l
1m
0n
1Y
1j
b11 5
b11 D
b11 G
b11 S
b11 e
b11 >
b11 H
b11 N
b11 *
b11 /
b11 ;
b11 L
b11 P
b0 +
b0 0
b0 <
b0 M
#816001
b100 ."
#817000
b1 +
b1 0
b1 <
b1 M
#818000
b10 +
b10 0
b10 <
b10 M
#819000
b11 +
b11 0
b11 <
b11 M
#820000
b100 +
b100 0
b100 <
b100 M
#821000
b101 +
b101 0
b101 <
b101 M
#822000
b110 +
b110 0
b110 <
b110 M
#823000
b111 +
b111 0
b111 <
b111 M
#824000
b1000 +
b1000 0
b1000 <
b1000 M
#825000
b1001 +
b1001 0
b1001 <
b1001 M
#826000
b1010 +
b1010 0
b1010 <
b1010 M
#827000
b1011 +
b1011 0
b1011 <
b1011 M
#828000
b1100 +
b1100 0
b1100 <
b1100 M
#829000
b1101 +
b1101 0
b1101 <
b1101 M
#830000
b1110 +
b1110 0
b1110 <
b1110 M
#831000
b1111 +
b1111 0
b1111 <
b1111 M
#832000
0"
b101 $
b101 4
b101 8
0c
0o
0x
b100 2
b100 9
b100 g
1#"
1Z
0W
0]
0V
b101 3
b101 :
b101 T
1`
0U
0l
0m
1n
0u
0v
1w
1~
1!"
0""
0Y
0\
1_
0j
0s
1|
b100 5
b100 D
b100 G
b100 S
b100 e
b100 >
b100 H
b100 N
b100 *
b100 /
b100 ;
b100 L
b100 P
b0 +
b0 0
b0 <
b0 M
#832001
b101 ."
#833000
b1 +
b1 0
b1 <
b1 M
#834000
b10 +
b10 0
b10 <
b10 M
#835000
b11 +
b11 0
b11 <
b11 M
#836000
b100 +
b100 0
b100 <
b100 M
#837000
b101 +
b101 0
b101 <
b101 M
#838000
b110 +
b110 0
b110 <
b110 M
#839000
b111 +
b111 0
b111 <
b111 M
#840000
b1000 +
b1000 0
b1000 <
b1000 M
#841000
b1001 +
b1001 0
b1001 <
b1001 M
#842000
b1010 +
b1010 0
b1010 <
b1010 M
#843000
b1011 +
b1011 0
b1011 <
b1011 M
#844000
b1100 +
b1100 0
b1100 <
b1100 M
#845000
b1101 +
b1101 0
b1101 <
b1101 M
#846000
b1110 +
b1110 0
b1110 <
b1110 M
#847000
b1111 +
b1111 0
b1111 <
b1111 M
#848000
b110 $
b110 4
b110 8
1]
b101 2
b101 9
b101 g
1o
b110 3
b110 :
b110 T
0Z
1W
1l
1m
0n
1Y
1j
b101 5
b101 D
b101 G
b101 S
b101 e
b101 >
b101 H
b101 N
b101 *
b101 /
b101 ;
b101 L
b101 P
b0 +
b0 0
b0 <
b0 M
#848001
b110 ."
#849000
b1 +
b1 0
b1 <
b1 M
#850000
b10 +
b10 0
b10 <
b10 M
#851000
b11 +
b11 0
b11 <
b11 M
#852000
b100 +
b100 0
b100 <
b100 M
#853000
b101 +
b101 0
b101 <
b101 M
#854000
b110 +
b110 0
b110 <
b110 M
#855000
b111 +
b111 0
b111 <
b111 M
#856000
b1000 +
b1000 0
b1000 <
b1000 M
#857000
b1001 +
b1001 0
b1001 <
b1001 M
#858000
b1010 +
b1010 0
b1010 <
b1010 M
#859000
b1011 +
b1011 0
b1011 <
b1011 M
#860000
b1100 +
b1100 0
b1100 <
b1100 M
#861000
b1101 +
b1101 0
b1101 <
b1101 M
#862000
b1110 +
b1110 0
b1110 <
b1110 M
#863000
b1111 +
b1111 0
b1111 <
b1111 M
#864000
0"
0c
b111 $
b111 4
b111 8
1`
0U
0o
b110 2
b110 9
b110 g
1x
1Z
0W
b111 3
b111 :
b111 T
1]
0V
0l
0m
1n
1u
1v
0w
0Y
1\
0j
1s
b110 5
b110 D
b110 G
b110 S
b110 e
b110 >
b110 H
b110 N
b110 *
b110 /
b110 ;
b110 L
b110 P
b0 +
b0 0
b0 <
b0 M
#864001
b111 ."
#865000
b1 +
b1 0
b1 <
b1 M
#866000
b10 +
b10 0
b10 <
b10 M
#867000
b11 +
b11 0
b11 <
b11 M
#868000
b100 +
b100 0
b100 <
b100 M
#869000
b101 +
b101 0
b101 <
b101 M
#870000
b110 +
b110 0
b110 <
b110 M
#871000
b111 +
b111 0
b111 <
b111 M
#872000
b1000 +
b1000 0
b1000 <
b1000 M
#873000
b1001 +
b1001 0
b1001 <
b1001 M
#874000
b1010 +
b1010 0
b1010 <
b1010 M
#875000
b1011 +
b1011 0
b1011 <
b1011 M
#876000
b1100 +
b1100 0
b1100 <
b1100 M
#877000
b1101 +
b1101 0
b1101 <
b1101 M
#878000
b1110 +
b1110 0
b1110 <
b1110 M
#879000
b1111 +
b1111 0
b1111 <
b1111 M
#880000
1"
1c
0`
1U
b1000 $
b1000 4
b1000 8
0]
1V
b111 2
b111 9
b111 g
1o
b1000 3
b1000 :
b1000 T
0Z
1W
1l
1m
0n
1Y
1j
b111 5
b111 D
b111 G
b111 S
b111 e
b111 >
b111 H
b111 N
b111 *
b111 /
b111 ;
b111 L
b111 P
b0 +
b0 0
b0 <
b0 M
#880001
10"
b1000 ."
#881000
b1 +
b1 0
b1 <
b1 M
#882000
b10 +
b10 0
b10 <
b10 M
#883000
b11 +
b11 0
b11 <
b11 M
#884000
b100 +
b100 0
b100 <
b100 M
#885000
b101 +
b101 0
b101 <
b101 M
#886000
b110 +
b110 0
b110 <
b110 M
#887000
b111 +
b111 0
b111 <
b111 M
#888000
b1000 +
b1000 0
b1000 <
b1000 M
#889000
b1001 +
b1001 0
b1001 <
b1001 M
#890000
b1010 +
b1010 0
b1010 <
b1010 M
#891000
b1011 +
b1011 0
b1011 <
b1011 M
#892000
b1100 +
b1100 0
b1100 <
b1100 M
#893000
b1101 +
b1101 0
b1101 <
b1101 M
#894000
b1110 +
b1110 0
b1110 <
b1110 M
#895000
b1111 +
b1111 0
b1111 <
b1111 M
#896000
1"
b1001 $
b1001 4
b1001 8
0o
0x
0#"
b1000 2
b1000 9
b1000 g
1,"
1Z
0W
0]
0V
0`
0U
b1001 3
b1001 :
b1001 T
1c
0#
0l
0m
1n
0u
0v
1w
0~
0!"
1""
1)"
1*"
0+"
0Y
0\
0_
1b
0j
0s
0|
1'"
b1000 5
b1000 D
b1000 G
b1000 S
b1000 e
b1000 >
b1000 H
b1000 N
b1000 *
b1000 /
b1000 ;
b1000 L
b1000 P
b0 +
b0 0
b0 <
b0 M
#896001
b1001 ."
#897000
b1 +
b1 0
b1 <
b1 M
#898000
b10 +
b10 0
b10 <
b10 M
#899000
b11 +
b11 0
b11 <
b11 M
#900000
b100 +
b100 0
b100 <
b100 M
#901000
b101 +
b101 0
b101 <
b101 M
#902000
b110 +
b110 0
b110 <
b110 M
#903000
b111 +
b111 0
b111 <
b111 M
#904000
b1000 +
b1000 0
b1000 <
b1000 M
#905000
b1001 +
b1001 0
b1001 <
b1001 M
#906000
b1010 +
b1010 0
b1010 <
b1010 M
#907000
b1011 +
b1011 0
b1011 <
b1011 M
#908000
b1100 +
b1100 0
b1100 <
b1100 M
#909000
b1101 +
b1101 0
b1101 <
b1101 M
#910000
b1110 +
b1110 0
b1110 <
b1110 M
#911000
b1111 +
b1111 0
b1111 <
b1111 M
#912000
b1010 $
b1010 4
b1010 8
1]
b1001 2
b1001 9
b1001 g
1o
b1010 3
b1010 :
b1010 T
0Z
1W
1l
1m
0n
1Y
1j
b1001 5
b1001 D
b1001 G
b1001 S
b1001 e
b1001 >
b1001 H
b1001 N
b1001 *
b1001 /
b1001 ;
b1001 L
b1001 P
b0 +
b0 0
b0 <
b0 M
#912001
b1010 ."
#913000
b1 +
b1 0
b1 <
b1 M
#914000
b10 +
b10 0
b10 <
b10 M
#915000
b11 +
b11 0
b11 <
b11 M
#916000
b100 +
b100 0
b100 <
b100 M
#917000
b101 +
b101 0
b101 <
b101 M
#918000
b110 +
b110 0
b110 <
b110 M
#919000
b111 +
b111 0
b111 <
b111 M
#920000
b1000 +
b1000 0
b1000 <
b1000 M
#921000
b1001 +
b1001 0
b1001 <
b1001 M
#922000
b1010 +
b1010 0
b1010 <
b1010 M
#923000
b1011 +
b1011 0
b1011 <
b1011 M
#924000
b1100 +
b1100 0
b1100 <
b1100 M
#925000
b1101 +
b1101 0
b1101 <
b1101 M
#926000
b1110 +
b1110 0
b1110 <
b1110 M
#927000
b1111 +
b1111 0
b1111 <
b1111 M
#928000
b1011 $
b1011 4
b1011 8
0`
0o
b1010 2
b1010 9
b1010 g
1x
1Z
0W
b1011 3
b1011 :
b1011 T
1]
0V
0l
0m
1n
1u
1v
0w
0Y
1\
0j
1s
b1010 5
b1010 D
b1010 G
b1010 S
b1010 e
b1010 >
b1010 H
b1010 N
b1010 *
b1010 /
b1010 ;
b1010 L
b1010 P
b0 +
b0 0
b0 <
b0 M
#928001
b1011 ."
#929000
b1 +
b1 0
b1 <
b1 M
#930000
b10 +
b10 0
b10 <
b10 M
#931000
b11 +
b11 0
b11 <
b11 M
#932000
b100 +
b100 0
b100 <
b100 M
#933000
b101 +
b101 0
b101 <
b101 M
#934000
b110 +
b110 0
b110 <
b110 M
#935000
b111 +
b111 0
b111 <
b111 M
#936000
b1000 +
b1000 0
b1000 <
b1000 M
#937000
b1001 +
b1001 0
b1001 <
b1001 M
#938000
b1010 +
b1010 0
b1010 <
b1010 M
#939000
b1011 +
b1011 0
b1011 <
b1011 M
#940000
b1100 +
b1100 0
b1100 <
b1100 M
#941000
b1101 +
b1101 0
b1101 <
b1101 M
#942000
b1110 +
b1110 0
b1110 <
b1110 M
#943000
b1111 +
b1111 0
b1111 <
b1111 M
#944000
1`
b1100 $
b1100 4
b1100 8
0]
1V
b1011 2
b1011 9
b1011 g
1o
b1100 3
b1100 :
b1100 T
0Z
1W
1l
1m
0n
1Y
1j
b1011 5
b1011 D
b1011 G
b1011 S
b1011 e
b1011 >
b1011 H
b1011 N
b1011 *
b1011 /
b1011 ;
b1011 L
b1011 P
b0 +
b0 0
b0 <
b0 M
#944001
b1100 ."
#945000
b1 +
b1 0
b1 <
b1 M
#946000
b10 +
b10 0
b10 <
b10 M
#947000
b11 +
b11 0
b11 <
b11 M
#948000
b100 +
b100 0
b100 <
b100 M
#949000
b101 +
b101 0
b101 <
b101 M
#950000
b110 +
b110 0
b110 <
b110 M
#951000
b111 +
b111 0
b111 <
b111 M
#952000
b1000 +
b1000 0
b1000 <
b1000 M
#953000
b1001 +
b1001 0
b1001 <
b1001 M
#954000
b1010 +
b1010 0
b1010 <
b1010 M
#955000
b1011 +
b1011 0
b1011 <
b1011 M
#956000
b1100 +
b1100 0
b1100 <
b1100 M
#957000
b1101 +
b1101 0
b1101 <
b1101 M
#958000
b1110 +
b1110 0
b1110 <
b1110 M
#959000
b1111 +
b1111 0
b1111 <
b1111 M
#960000
1"
b1101 $
b1101 4
b1101 8
1c
0#
0o
0x
b1100 2
b1100 9
b1100 g
1#"
1Z
0W
0]
0V
b1101 3
b1101 :
b1101 T
1`
0U
0l
0m
1n
0u
0v
1w
1~
1!"
0""
0Y
0\
1_
0j
0s
1|
b1100 5
b1100 D
b1100 G
b1100 S
b1100 e
b1100 >
b1100 H
b1100 N
b1100 *
b1100 /
b1100 ;
b1100 L
b1100 P
b0 +
b0 0
b0 <
b0 M
#960001
b1101 ."
#961000
b1 +
b1 0
b1 <
b1 M
#962000
b10 +
b10 0
b10 <
b10 M
#963000
b11 +
b11 0
b11 <
b11 M
#964000
b100 +
b100 0
b100 <
b100 M
#965000
b101 +
b101 0
b101 <
b101 M
#966000
b110 +
b110 0
b110 <
b110 M
#967000
b111 +
b111 0
b111 <
b111 M
#968000
b1000 +
b1000 0
b1000 <
b1000 M
#969000
b1001 +
b1001 0
b1001 <
b1001 M
#970000
b1010 +
b1010 0
b1010 <
b1010 M
#971000
b1011 +
b1011 0
b1011 <
b1011 M
#972000
b1100 +
b1100 0
b1100 <
b1100 M
#973000
b1101 +
b1101 0
b1101 <
b1101 M
#974000
b1110 +
b1110 0
b1110 <
b1110 M
#975000
b1111 +
b1111 0
b1111 <
b1111 M
#976000
b1110 $
b1110 4
b1110 8
1]
b1101 2
b1101 9
b1101 g
1o
b1110 3
b1110 :
b1110 T
0Z
1W
1l
1m
0n
1Y
1j
b1101 5
b1101 D
b1101 G
b1101 S
b1101 e
b1101 >
b1101 H
b1101 N
b1101 *
b1101 /
b1101 ;
b1101 L
b1101 P
b0 +
b0 0
b0 <
b0 M
#976001
b1110 ."
#977000
b1 +
b1 0
b1 <
b1 M
#978000
b10 +
b10 0
b10 <
b10 M
#979000
b11 +
b11 0
b11 <
b11 M
#980000
b100 +
b100 0
b100 <
b100 M
#981000
b101 +
b101 0
b101 <
b101 M
#982000
b110 +
b110 0
b110 <
b110 M
#983000
b111 +
b111 0
b111 <
b111 M
#984000
b1000 +
b1000 0
b1000 <
b1000 M
#985000
b1001 +
b1001 0
b1001 <
b1001 M
#986000
b1010 +
b1010 0
b1010 <
b1010 M
#987000
b1011 +
b1011 0
b1011 <
b1011 M
#988000
b1100 +
b1100 0
b1100 <
b1100 M
#989000
b1101 +
b1101 0
b1101 <
b1101 M
#990000
b1110 +
b1110 0
b1110 <
b1110 M
#991000
b1111 +
b1111 0
b1111 <
b1111 M
#992000
1"
1c
0#
b1111 $
b1111 4
b1111 8
1`
0U
0o
b1110 2
b1110 9
b1110 g
1x
1Z
0W
b1111 3
b1111 :
b1111 T
1]
0V
0l
0m
1n
1u
1v
0w
0Y
1\
0j
1s
b1110 5
b1110 D
b1110 G
b1110 S
b1110 e
b1110 >
b1110 H
b1110 N
b1110 *
b1110 /
b1110 ;
b1110 L
b1110 P
b0 +
b0 0
b0 <
b0 M
#992001
b1111 ."
#993000
b1 +
b1 0
b1 <
b1 M
#994000
b10 +
b10 0
b10 <
b10 M
#995000
b11 +
b11 0
b11 <
b11 M
#996000
b100 +
b100 0
b100 <
b100 M
#997000
b101 +
b101 0
b101 <
b101 M
#998000
b110 +
b110 0
b110 <
b110 M
#999000
b111 +
b111 0
b111 <
b111 M
#1000000
b1000 +
b1000 0
b1000 <
b1000 M
#1001000
b1001 +
b1001 0
b1001 <
b1001 M
#1002000
b1010 +
b1010 0
b1010 <
b1010 M
#1003000
b1011 +
b1011 0
b1011 <
b1011 M
#1004000
b1100 +
b1100 0
b1100 <
b1100 M
#1005000
b1101 +
b1101 0
b1101 <
b1101 M
#1006000
b1110 +
b1110 0
b1110 <
b1110 M
#1007000
b1111 +
b1111 0
b1111 <
b1111 M
#1008000
0"
1!
0c
1#
0`
1U
b0 $
b0 4
b0 8
0]
1V
b1111 2
b1111 9
b1111 g
1o
b0 3
b0 :
b0 T
0Z
1W
1l
1m
0n
1Y
1j
b1111 5
b1111 D
b1111 G
b1111 S
b1111 e
b1111 >
b1111 H
b1111 N
b1111 *
b1111 /
b1111 ;
b1111 L
b1111 P
b0 +
b0 0
b0 <
b0 M
#1008001
11"
00"
1/"
b10000 ."
#1009000
b1 +
b1 0
b1 <
b1 M
#1010000
b10 +
b10 0
b10 <
b10 M
#1011000
b11 +
b11 0
b11 <
b11 M
#1012000
b100 +
b100 0
b100 <
b100 M
#1013000
b101 +
b101 0
b101 <
b101 M
#1014000
b110 +
b110 0
b110 <
b110 M
#1015000
b111 +
b111 0
b111 <
b111 M
#1016000
b1000 +
b1000 0
b1000 <
b1000 M
#1017000
b1001 +
b1001 0
b1001 <
b1001 M
#1018000
b1010 +
b1010 0
b1010 <
b1010 M
#1019000
b1011 +
b1011 0
b1011 <
b1011 M
#1020000
b1100 +
b1100 0
b1100 <
b1100 M
#1021000
b1101 +
b1101 0
b1101 <
b1101 M
#1022000
b1110 +
b1110 0
b1110 <
b1110 M
#1023000
b1111 +
b1111 0
b1111 <
b1111 M
#1024000
0"
0`
0c
0o
0x
0#"
b0 2
b0 9
b0 g
0,"
b1 ?
b1 K
b1 O
0#
0l
0m
1n
0u
0v
1w
0~
0!"
1""
0)"
0*"
1+"
1C
1A
1@
0B
0U
0Y
0\
0_
0b
0j
0s
0|
0'"
1!
b0 $
b0 4
b0 8
0]
0V
b0 5
b0 D
b0 G
b0 S
b0 e
b10 f
b10 h
b10 p
b10 q
b10 y
b10 z
b10 $"
b10 %"
b10 -"
b0 3
b0 :
b0 T
0Z
0W
b0 >
b0 H
b0 N
b10 ,
b10 1
b10 =
b10 F
0-
b0 *
b0 /
b0 ;
b0 L
b0 P
b0 +
b0 0
b0 <
b0 M
#1024001
0/"
b0 ."
#1025000
0!
b1 $
b1 4
b1 8
b1 2
b1 9
b1 g
1o
b1 3
b1 :
b1 T
1Z
1l
1m
0n
1Y
1j
b1 5
b1 D
b1 G
b1 S
b1 e
b1 >
b1 H
b1 N
b1 +
b1 0
b1 <
b1 M
#1025001
01"
b1 ."
#1026000
b10 $
b10 4
b10 8
0o
b10 2
b10 9
b10 g
1x
0Z
b10 3
b10 :
b10 T
1]
0l
0m
1n
1u
1v
0w
0Y
1\
0j
1s
b10 5
b10 D
b10 G
b10 S
b10 e
b10 >
b10 H
b10 N
b10 +
b10 0
b10 <
b10 M
#1026001
b10 ."
#1027000
b11 $
b11 4
b11 8
b11 2
b11 9
b11 g
1o
b11 3
b11 :
b11 T
1Z
1l
1m
0n
1Y
1j
b11 5
b11 D
b11 G
b11 S
b11 e
b11 >
b11 H
b11 N
b11 +
b11 0
b11 <
b11 M
#1027001
b11 ."
#1028000
b100 $
b100 4
b100 8
0o
0x
b100 2
b100 9
b100 g
1#"
0Z
0]
b100 3
b100 :
b100 T
1`
0l
0m
1n
0u
0v
1w
1~
1!"
0""
0Y
0\
1_
0j
0s
1|
b100 5
b100 D
b100 G
b100 S
b100 e
b100 >
b100 H
b100 N
b100 +
b100 0
b100 <
b100 M
#1028001
b100 ."
#1029000
b101 $
b101 4
b101 8
b101 2
b101 9
b101 g
1o
b101 3
b101 :
b101 T
1Z
1l
1m
0n
1Y
1j
b101 5
b101 D
b101 G
b101 S
b101 e
b101 >
b101 H
b101 N
b101 +
b101 0
b101 <
b101 M
#1029001
b101 ."
#1030000
b110 $
b110 4
b110 8
0o
b110 2
b110 9
b110 g
1x
0Z
b110 3
b110 :
b110 T
1]
0l
0m
1n
1u
1v
0w
0Y
1\
0j
1s
b110 5
b110 D
b110 G
b110 S
b110 e
b110 >
b110 H
b110 N
b110 +
b110 0
b110 <
b110 M
#1030001
b110 ."
#1031000
b111 $
b111 4
b111 8
b111 2
b111 9
b111 g
1o
b111 3
b111 :
b111 T
1Z
1l
1m
0n
1Y
1j
b111 5
b111 D
b111 G
b111 S
b111 e
b111 >
b111 H
b111 N
b111 +
b111 0
b111 <
b111 M
#1031001
b111 ."
#1032000
1"
b1000 $
b1000 4
b1000 8
0o
0x
0#"
b1000 2
b1000 9
b1000 g
1,"
0Z
0]
0`
b1000 3
b1000 :
b1000 T
1c
0l
0m
1n
0u
0v
1w
0~
0!"
1""
1)"
1*"
0+"
0Y
0\
0_
1b
0j
0s
0|
1'"
b1000 5
b1000 D
b1000 G
b1000 S
b1000 e
b1000 >
b1000 H
b1000 N
b1000 +
b1000 0
b1000 <
b1000 M
#1032001
10"
b1000 ."
#1033000
b1001 $
b1001 4
b1001 8
b1001 2
b1001 9
b1001 g
1o
b1001 3
b1001 :
b1001 T
1Z
1l
1m
0n
1Y
1j
b1001 5
b1001 D
b1001 G
b1001 S
b1001 e
b1001 >
b1001 H
b1001 N
b1001 +
b1001 0
b1001 <
b1001 M
#1033001
b1001 ."
#1034000
b1010 $
b1010 4
b1010 8
0o
b1010 2
b1010 9
b1010 g
1x
0Z
b1010 3
b1010 :
b1010 T
1]
0l
0m
1n
1u
1v
0w
0Y
1\
0j
1s
b1010 5
b1010 D
b1010 G
b1010 S
b1010 e
b1010 >
b1010 H
b1010 N
b1010 +
b1010 0
b1010 <
b1010 M
#1034001
b1010 ."
#1035000
b1011 $
b1011 4
b1011 8
b1011 2
b1011 9
b1011 g
1o
b1011 3
b1011 :
b1011 T
1Z
1l
1m
0n
1Y
1j
b1011 5
b1011 D
b1011 G
b1011 S
b1011 e
b1011 >
b1011 H
b1011 N
b1011 +
b1011 0
b1011 <
b1011 M
#1035001
b1011 ."
#1036000
b1100 $
b1100 4
b1100 8
0o
0x
b1100 2
b1100 9
b1100 g
1#"
0Z
0]
b1100 3
b1100 :
b1100 T
1`
0l
0m
1n
0u
0v
1w
1~
1!"
0""
0Y
0\
1_
0j
0s
1|
b1100 5
b1100 D
b1100 G
b1100 S
b1100 e
b1100 >
b1100 H
b1100 N
b1100 +
b1100 0
b1100 <
b1100 M
#1036001
b1100 ."
#1037000
b1101 $
b1101 4
b1101 8
b1101 2
b1101 9
b1101 g
1o
b1101 3
b1101 :
b1101 T
1Z
1l
1m
0n
1Y
1j
b1101 5
b1101 D
b1101 G
b1101 S
b1101 e
b1101 >
b1101 H
b1101 N
b1101 +
b1101 0
b1101 <
b1101 M
#1037001
b1101 ."
#1038000
b1110 $
b1110 4
b1110 8
0o
b1110 2
b1110 9
b1110 g
1x
0Z
b1110 3
b1110 :
b1110 T
1]
0l
0m
1n
1u
1v
0w
0Y
1\
0j
1s
b1110 5
b1110 D
b1110 G
b1110 S
b1110 e
b1110 >
b1110 H
b1110 N
b1110 +
b1110 0
b1110 <
b1110 M
#1038001
b1110 ."
#1039000
b1111 $
b1111 4
b1111 8
b1111 2
b1111 9
b1111 g
1o
b1111 3
b1111 :
b1111 T
1Z
1l
1m
0n
1Y
1j
b1111 5
b1111 D
b1111 G
b1111 S
b1111 e
b1111 >
b1111 H
b1111 N
b1111 +
b1111 0
b1111 <
b1111 M
#1039001
b1111 ."
#1040000
0"
b1 $
b1 4
b1 8
0x
0#"
b1 2
b1 9
b1 g
0,"
0]
0`
b1 3
b1 :
b1 T
0c
1n
0u
0v
1w
0~
0!"
1""
0)"
0*"
1+"
0Y
0\
0_
0b
0j
0s
0|
0'"
1X
1i
b0 5
b0 D
b0 G
b0 S
b0 e
b1 6
b1 E
b1 Q
b1 R
b1 d
b0 >
b0 H
b0 N
b1 *
b1 /
b1 ;
b1 L
b1 P
b0 +
b0 0
b0 <
b0 M
#1040001
00"
b1 ."
#1041000
b10 $
b10 4
b10 8
1]
b0 2
b0 9
b0 g
0o
b10 3
b10 :
b10 T
0Z
1W
1k
0m
0n
1Y
1j
b1 5
b1 D
b1 G
b1 S
b1 e
b1 >
b1 H
b1 N
b1 +
b1 0
b1 <
b1 M
#1041001
b10 ."
#1042000
b11 $
b11 4
b11 8
0`
1o
b11 2
b11 9
b11 g
1x
1Z
0W
b11 3
b11 :
b11 T
1]
0V
0k
1m
1n
1u
1v
0w
0Y
1\
0j
1s
b10 5
b10 D
b10 G
b10 S
b10 e
b10 >
b10 H
b10 N
b10 +
b10 0
b10 <
b10 M
#1042001
b11 ."
#1043000
1`
0!
b100 $
b100 4
b100 8
0]
1V
b10 2
b10 9
b10 g
0o
b100 3
b100 :
b100 T
0Z
1W
1k
0m
0n
1Y
1j
b11 5
b11 D
b11 G
b11 S
b11 e
b11 >
b11 H
b11 N
b11 +
b11 0
b11 <
b11 M
#1043001
b100 ."
#1044000
0"
b101 $
b101 4
b101 8
0c
1o
0x
b101 2
b101 9
b101 g
1#"
1Z
0W
0]
0V
b101 3
b101 :
b101 T
1`
0U
0k
1m
1n
0u
0v
1w
1~
1!"
0""
0Y
0\
1_
0j
0s
1|
b100 5
b100 D
b100 G
b100 S
b100 e
b100 >
b100 H
b100 N
b100 +
b100 0
b100 <
b100 M
#1044001
b101 ."
#1045000
b110 $
b110 4
b110 8
1]
b100 2
b100 9
b100 g
0o
b110 3
b110 :
b110 T
0Z
1W
1k
0m
0n
1Y
1j
b101 5
b101 D
b101 G
b101 S
b101 e
b101 >
b101 H
b101 N
b101 +
b101 0
b101 <
b101 M
#1045001
b110 ."
#1046000
0"
0c
b111 $
b111 4
b111 8
1`
0U
1o
b111 2
b111 9
b111 g
1x
1Z
0W
b111 3
b111 :
b111 T
1]
0V
0k
1m
1n
1u
1v
0w
0Y
1\
0j
1s
b110 5
b110 D
b110 G
b110 S
b110 e
b110 >
b110 H
b110 N
b110 +
b110 0
b110 <
b110 M
#1046001
b111 ."
#1047000
1"
1c
0`
1U
b1000 $
b1000 4
b1000 8
0]
1V
b110 2
b110 9
b110 g
0o
b1000 3
b1000 :
b1000 T
0Z
1W
1k
0m
0n
1Y
1j
b111 5
b111 D
b111 G
b111 S
b111 e
b111 >
b111 H
b111 N
b111 +
b111 0
b111 <
b111 M
#1047001
10"
b1000 ."
#1048000
1"
b1001 $
b1001 4
b1001 8
1o
0x
0#"
b1001 2
b1001 9
b1001 g
1,"
1Z
0W
0]
0V
0`
0U
b1001 3
b1001 :
b1001 T
1c
0#
0k
1m
1n
0u
0v
1w
0~
0!"
1""
1)"
1*"
0+"
0Y
0\
0_
1b
0j
0s
0|
1'"
b1000 5
b1000 D
b1000 G
b1000 S
b1000 e
b1000 >
b1000 H
b1000 N
b1000 +
b1000 0
b1000 <
b1000 M
#1048001
b1001 ."
#1049000
b1010 $
b1010 4
b1010 8
1]
b1000 2
b1000 9
b1000 g
0o
b1010 3
b1010 :
b1010 T
0Z
1W
1k
0m
0n
1Y
1j
b1001 5
b1001 D
b1001 G
b1001 S
b1001 e
b1001 >
b1001 H
b1001 N
b1001 +
b1001 0
b1001 <
b1001 M
#1049001
b1010 ."
#1050000
b1011 $
b1011 4
b1011 8
0`
1o
b1011 2
b1011 9
b1011 g
1x
1Z
0W
b1011 3
b1011 :
b1011 T
1]
0V
0k
1m
1n
1u
1v
0w
0Y
1\
0j
1s
b1010 5
b1010 D
b1010 G
b1010 S
b1010 e
b1010 >
b1010 H
b1010 N
b1010 +
b1010 0
b1010 <
b1010 M
#1050001
b1011 ."
#1051000
1`
b1100 $
b1100 4
b1100 8
0]
1V
b1010 2
b1010 9
b1010 g
0o
b1100 3
b1100 :
b1100 T
0Z
1W
1k
0m
0n
1Y
1j
b1011 5
b1011 D
b1011 G
b1011 S
b1011 e
b1011 >
b1011 H
b1011 N
b1011 +
b1011 0
b1011 <
b1011 M
#1051001
b1100 ."
#1052000
1"
b1101 $
b1101 4
b1101 8
1c
0#
1o
0x
b1101 2
b1101 9
b1101 g
1#"
1Z
0W
0]
0V
b1101 3
b1101 :
b1101 T
1`
0U
0k
1m
1n
0u
0v
1w
1~
1!"
0""
0Y
0\
1_
0j
0s
1|
b1100 5
b1100 D
b1100 G
b1100 S
b1100 e
b1100 >
b1100 H
b1100 N
b1100 +
b1100 0
b1100 <
b1100 M
#1052001
b1101 ."
#1053000
b1110 $
b1110 4
b1110 8
1]
b1100 2
b1100 9
b1100 g
0o
b1110 3
b1110 :
b1110 T
0Z
1W
1k
0m
0n
1Y
1j
b1101 5
b1101 D
b1101 G
b1101 S
b1101 e
b1101 >
b1101 H
b1101 N
b1101 +
b1101 0
b1101 <
b1101 M
#1053001
b1110 ."
#1054000
1"
1c
0#
b1111 $
b1111 4
b1111 8
1`
0U
1o
b1111 2
b1111 9
b1111 g
1x
1Z
0W
b1111 3
b1111 :
b1111 T
1]
0V
0k
1m
1n
1u
1v
0w
0Y
1\
0j
1s
b1110 5
b1110 D
b1110 G
b1110 S
b1110 e
b1110 >
b1110 H
b1110 N
b1110 +
b1110 0
b1110 <
b1110 M
#1054001
b1111 ."
#1055000
0"
1!
0c
1#
0`
1U
b0 $
b0 4
b0 8
0]
1V
b1110 2
b1110 9
b1110 g
0o
b0 3
b0 :
b0 T
0Z
1W
1k
0m
0n
1Y
1j
b1111 5
b1111 D
b1111 G
b1111 S
b1111 e
b1111 >
b1111 H
b1111 N
b1111 +
b1111 0
b1111 <
b1111 M
#1055001
11"
00"
1/"
b10000 ."
#1056000
0"
0!
b10 $
b10 4
b10 8
0#"
b10 2
b10 9
b10 g
0,"
1]
0V
0`
0U
b10 3
b10 :
b10 T
0c
0#
1n
1w
0~
0!"
1""
0)"
0*"
1+"
0W
0k
0l
0Y
0\
0_
0b
0j
0s
0|
0'"
0X
1[
0i
1r
b0 5
b0 D
b0 G
b0 S
b0 e
b10 6
b10 E
b10 Q
b10 R
b10 d
b0 >
b0 H
b0 N
b10 *
b10 /
b10 ;
b10 L
b10 P
b0 +
b0 0
b0 <
b0 M
#1056001
01"
0/"
b10 ."
#1057000
b11 $
b11 4
b11 8
b11 2
b11 9
b11 g
1o
b11 3
b11 :
b11 T
1Z
1l
1m
0n
1Y
1j
b1 5
b1 D
b1 G
b1 S
b1 e
b1 >
b1 H
b1 N
b1 +
b1 0
b1 <
b1 M
#1057001
b11 ."
#1058000
b100 $
b100 4
b100 8
1`
0o
b0 2
b0 9
b0 g
0x
0Z
b100 3
b100 :
b100 T
0]
1V
0l
0m
1n
1t
0v
0w
0Y
1\
0j
1s
b10 5
b10 D
b10 G
b10 S
b10 e
b10 >
b10 H
b10 N
b10 +
b10 0
b10 <
b10 M
#1058001
b100 ."
#1059000
b101 $
b101 4
b101 8
b1 2
b1 9
b1 g
1o
b101 3
b101 :
b101 T
1Z
1l
1m
0n
1Y
1j
b11 5
b11 D
b11 G
b11 S
b11 e
b11 >
b11 H
b11 N
b11 +
b11 0
b11 <
b11 M
#1059001
b101 ."
#1060000
0"
b110 $
b110 4
b110 8
0c
0o
1x
b110 2
b110 9
b110 g
1#"
0Z
1]
0V
b110 3
b110 :
b110 T
1`
0U
0l
0m
1n
0t
1v
1w
1~
1!"
0""
0Y
0\
1_
0j
0s
1|
b100 5
b100 D
b100 G
b100 S
b100 e
b100 >
b100 H
b100 N
b100 +
b100 0
b100 <
b100 M
#1060001
b110 ."
#1061000
b111 $
b111 4
b111 8
b111 2
b111 9
b111 g
1o
b111 3
b111 :
b111 T
1Z
1l
1m
0n
1Y
1j
b101 5
b101 D
b101 G
b101 S
b101 e
b101 >
b101 H
b101 N
b101 +
b101 0
b101 <
b101 M
#1061001
b111 ."
#1062000
1"
1c
0!
b1000 $
b1000 4
b1000 8
0`
1U
0o
b100 2
b100 9
b100 g
0x
0Z
b1000 3
b1000 :
b1000 T
0]
1V
0l
0m
1n
1t
0v
0w
0Y
1\
0j
1s
b110 5
b110 D
b110 G
b110 S
b110 e
b110 >
b110 H
b110 N
b110 +
b110 0
b110 <
b110 M
#1062001
10"
b1000 ."
#1063000
b1001 $
b1001 4
b1001 8
b101 2
b101 9
b101 g
1o
b1001 3
b1001 :
b1001 T
1Z
1l
1m
0n
1Y
1j
b111 5
b111 D
b111 G
b111 S
b111 e
b111 >
b111 H
b111 N
b111 +
b111 0
b111 <
b111 M
#1063001
b1001 ."
#1064000
1"
b1010 $
b1010 4
b1010 8
0o
1x
0#"
b1010 2
b1010 9
b1010 g
1,"
0Z
1]
0V
0`
0U
b1010 3
b1010 :
b1010 T
1c
0#
0l
0m
1n
0t
1v
1w
0~
0!"
1""
1)"
1*"
0+"
0Y
0\
0_
1b
0j
0s
0|
1'"
b1000 5
b1000 D
b1000 G
b1000 S
b1000 e
b1000 >
b1000 H
b1000 N
b1000 +
b1000 0
b1000 <
b1000 M
#1064001
b1010 ."
#1065000
b1011 $
b1011 4
b1011 8
b1011 2
b1011 9
b1011 g
1o
b1011 3
b1011 :
b1011 T
1Z
1l
1m
0n
1Y
1j
b1001 5
b1001 D
b1001 G
b1001 S
b1001 e
b1001 >
b1001 H
b1001 N
b1001 +
b1001 0
b1001 <
b1001 M
#1065001
b1011 ."
#1066000
b1100 $
b1100 4
b1100 8
1`
0o
b1000 2
b1000 9
b1000 g
0x
0Z
b1100 3
b1100 :
b1100 T
0]
1V
0l
0m
1n
1t
0v
0w
0Y
1\
0j
1s
b1010 5
b1010 D
b1010 G
b1010 S
b1010 e
b1010 >
b1010 H
b1010 N
b1010 +
b1010 0
b1010 <
b1010 M
#1066001
b1100 ."
#1067000
b1101 $
b1101 4
b1101 8
b1001 2
b1001 9
b1001 g
1o
b1101 3
b1101 :
b1101 T
1Z
1l
1m
0n
1Y
1j
b1011 5
b1011 D
b1011 G
b1011 S
b1011 e
b1011 >
b1011 H
b1011 N
b1011 +
b1011 0
b1011 <
b1011 M
#1067001
b1101 ."
#1068000
1"
b1110 $
b1110 4
b1110 8
1c
0#
0o
1x
b1110 2
b1110 9
b1110 g
1#"
0Z
1]
0V
b1110 3
b1110 :
b1110 T
1`
0U
0l
0m
1n
0t
1v
1w
1~
1!"
0""
0Y
0\
1_
0j
0s
1|
b1100 5
b1100 D
b1100 G
b1100 S
b1100 e
b1100 >
b1100 H
b1100 N
b1100 +
b1100 0
b1100 <
b1100 M
#1068001
b1110 ."
#1069000
b1111 $
b1111 4
b1111 8
b1111 2
b1111 9
b1111 g
1o
b1111 3
b1111 :
b1111 T
1Z
1l
1m
0n
1Y
1j
b1101 5
b1101 D
b1101 G
b1101 S
b1101 e
b1101 >
b1101 H
b1101 N
b1101 +
b1101 0
b1101 <
b1101 M
#1069001
b1111 ."
#1070000
0"
1!
0c
1#
b0 $
b0 4
b0 8
0`
1U
0o
b1100 2
b1100 9
b1100 g
0x
0Z
b0 3
b0 :
b0 T
0]
1V
0l
0m
1n
1t
0v
0w
0Y
1\
0j
1s
b1110 5
b1110 D
b1110 G
b1110 S
b1110 e
b1110 >
b1110 H
b1110 N
b1110 +
b1110 0
b1110 <
b1110 M
#1070001
11"
00"
1/"
b10000 ."
#1071000
0!
b1 $
b1 4
b1 8
b1101 2
b1101 9
b1101 g
1o
b1 3
b1 :
b1 T
1Z
1l
1m
0n
1Y
1j
b1111 5
b1111 D
b1111 G
b1111 S
b1111 e
b1111 >
b1111 H
b1111 N
b1111 +
b1111 0
b1111 <
b1111 M
#1071001
01"
b10001 ."
#1072000
0"
b11 $
b11 4
b11 8
1x
0#"
b11 2
b11 9
b11 g
0,"
1]
0V
0`
0U
b11 3
b11 :
b11 T
0c
0#
1n
0t
1v
1w
0~
0!"
1""
0)"
0*"
1+"
0Y
0\
0_
0b
0j
0s
0|
0'"
1X
1i
b0 5
b0 D
b0 G
b0 S
b0 e
b11 6
b11 E
b11 Q
b11 R
b11 d
b0 >
b0 H
b0 N
b11 *
b11 /
b11 ;
b11 L
b11 P
b0 +
b0 0
b0 <
b0 M
#1072001
0/"
b11 ."
#1073000
1`
0!
b100 $
b100 4
b100 8
0]
1V
b10 2
b10 9
b10 g
0o
b100 3
b100 :
b100 T
0Z
1W
1k
0m
0n
1Y
1j
b1 5
b1 D
b1 G
b1 S
b1 e
b1 >
b1 H
b1 N
b1 +
b1 0
b1 <
b1 M
#1073001
b100 ."
#1074000
b101 $
b101 4
b101 8
1o
b1 2
b1 9
b1 g
0x
1Z
0W
b101 3
b101 :
b101 T
0]
0k
1m
1n
1t
0v
0w
0Y
1\
0j
1s
b10 5
b10 D
b10 G
b10 S
b10 e
b10 >
b10 H
b10 N
b10 +
b10 0
b10 <
b10 M
#1074001
b101 ."
#1075000
b110 $
b110 4
b110 8
1]
b0 2
b0 9
b0 g
0o
b110 3
b110 :
b110 T
0Z
1W
1k
0m
0n
1Y
1j
b11 5
b11 D
b11 G
b11 S
b11 e
b11 >
b11 H
b11 N
b11 +
b11 0
b11 <
b11 M
#1075001
b110 ."
#1076000
0"
0V
b111 $
b111 4
b111 8
0c
1o
1x
b111 2
b111 9
b111 g
1#"
1Z
0W
1]
b111 3
b111 :
b111 T
1`
0U
0k
1m
1n
0t
1v
1w
1~
1!"
0""
0Y
0\
1_
0j
0s
1|
b100 5
b100 D
b100 G
b100 S
b100 e
b100 >
b100 H
b100 N
b100 +
b100 0
b100 <
b100 M
#1076001
b111 ."
#1077000
1"
1c
0`
1U
b1000 $
b1000 4
b1000 8
0]
1V
b110 2
b110 9
b110 g
0o
b1000 3
b1000 :
b1000 T
0Z
1W
1k
0m
0n
1Y
1j
b101 5
b101 D
b101 G
b101 S
b101 e
b101 >
b101 H
b101 N
b101 +
b101 0
b101 <
b101 M
#1077001
10"
b1000 ."
#1078000
b1001 $
b1001 4
b1001 8
1o
b101 2
b101 9
b101 g
0x
1Z
0W
b1001 3
b1001 :
b1001 T
0]
0k
1m
1n
1t
0v
0w
0Y
1\
0j
1s
b110 5
b110 D
b110 G
b110 S
b110 e
b110 >
b110 H
b110 N
b110 +
b110 0
b110 <
b110 M
#1078001
b1001 ."
#1079000
b1010 $
b1010 4
b1010 8
1]
b100 2
b100 9
b100 g
0o
b1010 3
b1010 :
b1010 T
0Z
1W
1k
0m
0n
1Y
1j
b111 5
b111 D
b111 G
b111 S
b111 e
b111 >
b111 H
b111 N
b111 +
b111 0
b111 <
b111 M
#1079001
b1010 ."
#1080000
1"
0V
b1011 $
b1011 4
b1011 8
1o
1x
0#"
b1011 2
b1011 9
b1011 g
1,"
1Z
0W
1]
0`
0U
b1011 3
b1011 :
b1011 T
1c
0#
0k
1m
1n
0t
1v
1w
0~
0!"
1""
1)"
1*"
0+"
0Y
0\
0_
1b
0j
0s
0|
1'"
b1000 5
b1000 D
b1000 G
b1000 S
b1000 e
b1000 >
b1000 H
b1000 N
b1000 +
b1000 0
b1000 <
b1000 M
#1080001
b1011 ."
#1081000
1`
b1100 $
b1100 4
b1100 8
0]
1V
b1010 2
b1010 9
b1010 g
0o
b1100 3
b1100 :
b1100 T
0Z
1W
1k
0m
0n
1Y
1j
b1001 5
b1001 D
b1001 G
b1001 S
b1001 e
b1001 >
b1001 H
b1001 N
b1001 +
b1001 0
b1001 <
b1001 M
#1081001
b1100 ."
#1082000
b1101 $
b1101 4
b1101 8
1o
b1001 2
b1001 9
b1001 g
0x
1Z
0W
b1101 3
b1101 :
b1101 T
0]
0k
1m
1n
1t
0v
0w
0Y
1\
0j
1s
b1010 5
b1010 D
b1010 G
b1010 S
b1010 e
b1010 >
b1010 H
b1010 N
b1010 +
b1010 0
b1010 <
b1010 M
#1082001
b1101 ."
#1083000
b1110 $
b1110 4
b1110 8
1]
b1000 2
b1000 9
b1000 g
0o
b1110 3
b1110 :
b1110 T
0Z
1W
1k
0m
0n
1Y
1j
b1011 5
b1011 D
b1011 G
b1011 S
b1011 e
b1011 >
b1011 H
b1011 N
b1011 +
b1011 0
b1011 <
b1011 M
#1083001
b1110 ."
#1084000
1"
0V
b1111 $
b1111 4
b1111 8
1c
0#
1o
1x
b1111 2
b1111 9
b1111 g
1#"
1Z
0W
1]
b1111 3
b1111 :
b1111 T
1`
0U
0k
1m
1n
0t
1v
1w
1~
1!"
0""
0Y
0\
1_
0j
0s
1|
b1100 5
b1100 D
b1100 G
b1100 S
b1100 e
b1100 >
b1100 H
b1100 N
b1100 +
b1100 0
b1100 <
b1100 M
#1084001
b1111 ."
#1085000
0"
1!
0c
1#
0`
1U
b0 $
b0 4
b0 8
0]
1V
b1110 2
b1110 9
b1110 g
0o
b0 3
b0 :
b0 T
0Z
1W
1k
0m
0n
1Y
1j
b1101 5
b1101 D
b1101 G
b1101 S
b1101 e
b1101 >
b1101 H
b1101 N
b1101 +
b1101 0
b1101 <
b1101 M
#1085001
11"
00"
1/"
b10000 ."
#1086000
0!
b1 $
b1 4
b1 8
1o
b1101 2
b1101 9
b1101 g
0x
1Z
0W
b1 3
b1 :
b1 T
0]
0k
1m
1n
1t
0v
0w
0Y
1\
0j
1s
b1110 5
b1110 D
b1110 G
b1110 S
b1110 e
b1110 >
b1110 H
b1110 N
b1110 +
b1110 0
b1110 <
b1110 M
#1086001
01"
b10001 ."
#1087000
b10 $
b10 4
b10 8
1]
b1100 2
b1100 9
b1100 g
0o
b10 3
b10 :
b10 T
0Z
1W
1k
0m
0n
1Y
1j
b1111 5
b1111 D
b1111 G
b1111 S
b1111 e
b1111 >
b1111 H
b1111 N
b1111 +
b1111 0
b1111 <
b1111 M
#1087001
b10010 ."
#1088000
0"
1`
0U
b100 $
b100 4
b100 8
b100 2
b100 9
b100 g
0,"
0]
0V
b100 3
b100 :
b100 T
0c
0#
1n
1w
1""
0)"
0*"
1+"
0W
0k
0l
0t
0u
0Y
0\
0_
0b
0j
0s
0|
0'"
0X
0[
1^
0i
0r
1{
b0 5
b0 D
b0 G
b0 S
b0 e
b100 6
b100 E
b100 Q
b100 R
b100 d
b0 >
b0 H
b0 N
b100 *
b100 /
b100 ;
b100 L
b100 P
b0 +
b0 0
b0 <
b0 M
#1088001
0/"
b100 ."
#1089000
b101 $
b101 4
b101 8
b101 2
b101 9
b101 g
1o
b101 3
b101 :
b101 T
1Z
1l
1m
0n
1Y
1j
b1 5
b1 D
b1 G
b1 S
b1 e
b1 >
b1 H
b1 N
b1 +
b1 0
b1 <
b1 M
#1089001
b101 ."
#1090000
b110 $
b110 4
b110 8
0o
b110 2
b110 9
b110 g
1x
0Z
b110 3
b110 :
b110 T
1]
0l
0m
1n
1u
1v
0w
0Y
1\
0j
1s
b10 5
b10 D
b10 G
b10 S
b10 e
b10 >
b10 H
b10 N
b10 +
b10 0
b10 <
b10 M
#1090001
b110 ."
#1091000
b111 $
b111 4
b111 8
b111 2
b111 9
b111 g
1o
b111 3
b111 :
b111 T
1Z
1l
1m
0n
1Y
1j
b11 5
b11 D
b11 G
b11 S
b11 e
b11 >
b11 H
b11 N
b11 +
b11 0
b11 <
b11 M
#1091001
b111 ."
#1092000
1"
b1000 $
b1000 4
b1000 8
1c
0o
0x
b0 2
b0 9
b0 g
0#"
0Z
0]
b1000 3
b1000 :
b1000 T
0`
1U
0l
0m
1n
0u
0v
1w
1}
0!"
0""
0Y
0\
1_
0j
0s
1|
b100 5
b100 D
b100 G
b100 S
b100 e
b100 >
b100 H
b100 N
b100 +
b100 0
b100 <
b100 M
#1092001
10"
b1000 ."
#1093000
b1001 $
b1001 4
b1001 8
b1 2
b1 9
b1 g
1o
b1001 3
b1001 :
b1001 T
1Z
1l
1m
0n
1Y
1j
b101 5
b101 D
b101 G
b101 S
b101 e
b101 >
b101 H
b101 N
b101 +
b101 0
b101 <
b101 M
#1093001
b1001 ."
#1094000
b1010 $
b1010 4
b1010 8
0o
b10 2
b10 9
b10 g
1x
0Z
b1010 3
b1010 :
b1010 T
1]
0l
0m
1n
1u
1v
0w
0Y
1\
0j
1s
b110 5
b110 D
b110 G
b110 S
b110 e
b110 >
b110 H
b110 N
b110 +
b110 0
b110 <
b110 M
#1094001
b1010 ."
#1095000
b1011 $
b1011 4
b1011 8
b11 2
b11 9
b11 g
1o
b1011 3
b1011 :
b1011 T
1Z
1l
1m
0n
1Y
1j
b111 5
b111 D
b111 G
b111 S
b111 e
b111 >
b111 H
b111 N
b111 +
b111 0
b111 <
b111 M
#1095001
b1011 ."
#1096000
1"
b1100 $
b1100 4
b1100 8
0o
0x
1#"
b1100 2
b1100 9
b1100 g
1,"
0Z
0]
1`
0U
b1100 3
b1100 :
b1100 T
1c
0#
0l
0m
1n
0u
0v
1w
0}
1!"
1""
1)"
1*"
0+"
0Y
0\
0_
1b
0j
0s
0|
1'"
b1000 5
b1000 D
b1000 G
b1000 S
b1000 e
b1000 >
b1000 H
b1000 N
b1000 +
b1000 0
b1000 <
b1000 M
#1096001
b1100 ."
#1097000
b1101 $
b1101 4
b1101 8
b1101 2
b1101 9
b1101 g
1o
b1101 3
b1101 :
b1101 T
1Z
1l
1m
0n
1Y
1j
b1001 5
b1001 D
b1001 G
b1001 S
b1001 e
b1001 >
b1001 H
b1001 N
b1001 +
b1001 0
b1001 <
b1001 M
#1097001
b1101 ."
#1098000
b1110 $
b1110 4
b1110 8
0o
b1110 2
b1110 9
b1110 g
1x
0Z
b1110 3
b1110 :
b1110 T
1]
0l
0m
1n
1u
1v
0w
0Y
1\
0j
1s
b1010 5
b1010 D
b1010 G
b1010 S
b1010 e
b1010 >
b1010 H
b1010 N
b1010 +
b1010 0
b1010 <
b1010 M
#1098001
b1110 ."
#1099000
b1111 $
b1111 4
b1111 8
b1111 2
b1111 9
b1111 g
1o
b1111 3
b1111 :
b1111 T
1Z
1l
1m
0n
1Y
1j
b1011 5
b1011 D
b1011 G
b1011 S
b1011 e
b1011 >
b1011 H
b1011 N
b1011 +
b1011 0
b1011 <
b1011 M
#1099001
b1111 ."
#1100000
0"
1!
b0 $
b0 4
b0 8
0c
1#
0o
0x
b1000 2
b1000 9
b1000 g
0#"
0Z
0]
b0 3
b0 :
b0 T
0`
1U
0l
0m
1n
0u
0v
1w
1}
0!"
0""
0Y
0\
1_
0j
0s
1|
b1100 5
b1100 D
b1100 G
b1100 S
b1100 e
b1100 >
b1100 H
b1100 N
b1100 +
b1100 0
b1100 <
b1100 M
#1100001
11"
00"
1/"
b10000 ."
#1101000
0!
b1 $
b1 4
b1 8
b1001 2
b1001 9
b1001 g
1o
b1 3
b1 :
b1 T
1Z
1l
1m
0n
1Y
1j
b1101 5
b1101 D
b1101 G
b1101 S
b1101 e
b1101 >
b1101 H
b1101 N
b1101 +
b1101 0
b1101 <
b1101 M
#1101001
01"
b10001 ."
#1102000
b10 $
b10 4
b10 8
0o
b1010 2
b1010 9
b1010 g
1x
0Z
b10 3
b10 :
b10 T
1]
0l
0m
1n
1u
1v
0w
0Y
1\
0j
1s
b1110 5
b1110 D
b1110 G
b1110 S
b1110 e
b1110 >
b1110 H
b1110 N
b1110 +
b1110 0
b1110 <
b1110 M
#1102001
b10010 ."
#1103000
b11 $
b11 4
b11 8
b1011 2
b1011 9
b1011 g
1o
b11 3
b11 :
b11 T
1Z
1l
1m
0n
1Y
1j
b1111 5
b1111 D
b1111 G
b1111 S
b1111 e
b1111 >
b1111 H
b1111 N
b1111 +
b1111 0
b1111 <
b1111 M
#1103001
b10011 ."
#1104000
0"
b101 $
b101 4
b101 8
0x
1#"
b101 2
b101 9
b101 g
0,"
0]
1`
0U
b101 3
b101 :
b101 T
0c
0#
1n
0u
0v
1w
0}
1!"
1""
0)"
0*"
1+"
0Y
0\
0_
0b
0j
0s
0|
0'"
1X
1i
b0 5
b0 D
b0 G
b0 S
b0 e
b101 6
b101 E
b101 Q
b101 R
b101 d
b0 >
b0 H
b0 N
b101 *
b101 /
b101 ;
b101 L
b101 P
b0 +
b0 0
b0 <
b0 M
#1104001
0/"
b101 ."
#1105000
b110 $
b110 4
b110 8
1]
b100 2
b100 9
b100 g
0o
b110 3
b110 :
b110 T
0Z
1W
1k
0m
0n
1Y
1j
b1 5
b1 D
b1 G
b1 S
b1 e
b1 >
b1 H
b1 N
b1 +
b1 0
b1 <
b1 M
#1105001
b110 ."
#1106000
0"
0c
b111 $
b111 4
b111 8
1`
0U
1o
b111 2
b111 9
b111 g
1x
1Z
0W
b111 3
b111 :
b111 T
1]
0V
0k
1m
1n
1u
1v
0w
0Y
1\
0j
1s
b10 5
b10 D
b10 G
b10 S
b10 e
b10 >
b10 H
b10 N
b10 +
b10 0
b10 <
b10 M
#1106001
b111 ."
#1107000
1"
1c
0`
1U
b1000 $
b1000 4
b1000 8
0]
1V
b110 2
b110 9
b110 g
0o
b1000 3
b1000 :
b1000 T
0Z
1W
1k
0m
0n
1Y
1j
b11 5
b11 D
b11 G
b11 S
b11 e
b11 >
b11 H
b11 N
b11 +
b11 0
b11 <
b11 M
#1107001
10"
b1000 ."
#1108000
b1001 $
b1001 4
b1001 8
1o
0x
b1 2
b1 9
b1 g
0#"
1Z
0W
0]
0V
b1001 3
b1001 :
b1001 T
0`
0k
1m
1n
0u
0v
1w
1}
0!"
0""
0Y
0\
1_
0j
0s
1|
b100 5
b100 D
b100 G
b100 S
b100 e
b100 >
b100 H
b100 N
b100 +
b100 0
b100 <
b100 M
#1108001
b1001 ."
#1109000
b1010 $
b1010 4
b1010 8
1]
b0 2
b0 9
b0 g
0o
b1010 3
b1010 :
b1010 T
0Z
1W
1k
0m
0n
1Y
1j
b101 5
b101 D
b101 G
b101 S
b101 e
b101 >
b101 H
b101 N
b101 +
b101 0
b101 <
b101 M
#1109001
b1010 ."
#1110000
b1011 $
b1011 4
b1011 8
0`
1o
b11 2
b11 9
b11 g
1x
1Z
0W
b1011 3
b1011 :
b1011 T
1]
0V
0k
1m
1n
1u
1v
0w
0Y
1\
0j
1s
b110 5
b110 D
b110 G
b110 S
b110 e
b110 >
b110 H
b110 N
b110 +
b110 0
b110 <
b110 M
#1110001
b1011 ."
#1111000
1`
b1100 $
b1100 4
b1100 8
0]
1V
b10 2
b10 9
b10 g
0o
b1100 3
b1100 :
b1100 T
0Z
1W
1k
0m
0n
1Y
1j
b111 5
b111 D
b111 G
b111 S
b111 e
b111 >
b111 H
b111 N
b111 +
b111 0
b111 <
b111 M
#1111001
b1100 ."
#1112000
1"
0U
b1101 $
b1101 4
b1101 8
1o
0x
1#"
b1101 2
b1101 9
b1101 g
1,"
1Z
0W
0]
0V
1`
b1101 3
b1101 :
b1101 T
1c
0#
0k
1m
1n
0u
0v
1w
0}
1!"
1""
1)"
1*"
0+"
0Y
0\
0_
1b
0j
0s
0|
1'"
b1000 5
b1000 D
b1000 G
b1000 S
b1000 e
b1000 >
b1000 H
b1000 N
b1000 +
b1000 0
b1000 <
b1000 M
#1112001
b1101 ."
#1113000
b1110 $
b1110 4
b1110 8
1]
b1100 2
b1100 9
b1100 g
0o
b1110 3
b1110 :
b1110 T
0Z
1W
1k
0m
0n
1Y
1j
b1001 5
b1001 D
b1001 G
b1001 S
b1001 e
b1001 >
b1001 H
b1001 N
b1001 +
b1001 0
b1001 <
b1001 M
#1113001
b1110 ."
#1114000
1"
1c
0#
b1111 $
b1111 4
b1111 8
1`
0U
1o
b1111 2
b1111 9
b1111 g
1x
1Z
0W
b1111 3
b1111 :
b1111 T
1]
0V
0k
1m
1n
1u
1v
0w
0Y
1\
0j
1s
b1010 5
b1010 D
b1010 G
b1010 S
b1010 e
b1010 >
b1010 H
b1010 N
b1010 +
b1010 0
b1010 <
b1010 M
#1114001
b1111 ."
#1115000
0"
1!
0c
1#
0`
1U
b0 $
b0 4
b0 8
0]
1V
b1110 2
b1110 9
b1110 g
0o
b0 3
b0 :
b0 T
0Z
1W
1k
0m
0n
1Y
1j
b1011 5
b1011 D
b1011 G
b1011 S
b1011 e
b1011 >
b1011 H
b1011 N
b1011 +
b1011 0
b1011 <
b1011 M
#1115001
11"
00"
1/"
b10000 ."
#1116000
0!
b1 $
b1 4
b1 8
1o
0x
b1001 2
b1001 9
b1001 g
0#"
1Z
0W
0]
0V
b1 3
b1 :
b1 T
0`
0k
1m
1n
0u
0v
1w
1}
0!"
0""
0Y
0\
1_
0j
0s
1|
b1100 5
b1100 D
b1100 G
b1100 S
b1100 e
b1100 >
b1100 H
b1100 N
b1100 +
b1100 0
b1100 <
b1100 M
#1116001
01"
b10001 ."
#1117000
b10 $
b10 4
b10 8
1]
b1000 2
b1000 9
b1000 g
0o
b10 3
b10 :
b10 T
0Z
1W
1k
0m
0n
1Y
1j
b1101 5
b1101 D
b1101 G
b1101 S
b1101 e
b1101 >
b1101 H
b1101 N
b1101 +
b1101 0
b1101 <
b1101 M
#1117001
b10010 ."
#1118000
b11 $
b11 4
b11 8
0`
1o
b1011 2
b1011 9
b1011 g
1x
1Z
0W
b11 3
b11 :
b11 T
1]
0V
0k
1m
1n
1u
1v
0w
0Y
1\
0j
1s
b1110 5
b1110 D
b1110 G
b1110 S
b1110 e
b1110 >
b1110 H
b1110 N
b1110 +
b1110 0
b1110 <
b1110 M
#1118001
b10011 ."
#1119000
1`
0!
b100 $
b100 4
b100 8
0]
1V
b1010 2
b1010 9
b1010 g
0o
b100 3
b100 :
b100 T
0Z
1W
1k
0m
0n
1Y
1j
b1111 5
b1111 D
b1111 G
b1111 S
b1111 e
b1111 >
b1111 H
b1111 N
b1111 +
b1111 0
b1111 <
b1111 M
#1119001
b10100 ."
#1120000
0"
0U
b110 $
b110 4
b110 8
1#"
b110 2
b110 9
b110 g
0,"
1]
0V
1`
b110 3
b110 :
b110 T
0c
0#
1n
1w
0}
1!"
1""
0)"
0*"
1+"
0W
0k
0l
0Y
0\
0_
0b
0j
0s
0|
0'"
0X
1[
0i
1r
b0 5
b0 D
b0 G
b0 S
b0 e
b110 6
b110 E
b110 Q
b110 R
b110 d
b0 >
b0 H
b0 N
b110 *
b110 /
b110 ;
b110 L
b110 P
b0 +
b0 0
b0 <
b0 M
#1120001
0/"
b110 ."
#1121000
b111 $
b111 4
b111 8
b111 2
b111 9
b111 g
1o
b111 3
b111 :
b111 T
1Z
1l
1m
0n
1Y
1j
b1 5
b1 D
b1 G
b1 S
b1 e
b1 >
b1 H
b1 N
b1 +
b1 0
b1 <
b1 M
#1121001
b111 ."
#1122000
1"
1c
0!
b1000 $
b1000 4
b1000 8
0`
1U
0o
b100 2
b100 9
b100 g
0x
0Z
b1000 3
b1000 :
b1000 T
0]
1V
0l
0m
1n
1t
0v
0w
0Y
1\
0j
1s
b10 5
b10 D
b10 G
b10 S
b10 e
b10 >
b10 H
b10 N
b10 +
b10 0
b10 <
b10 M
#1122001
10"
b1000 ."
#1123000
b1001 $
b1001 4
b1001 8
b101 2
b101 9
b101 g
1o
b1001 3
b1001 :
b1001 T
1Z
1l
1m
0n
1Y
1j
b11 5
b11 D
b11 G
b11 S
b11 e
b11 >
b11 H
b11 N
b11 +
b11 0
b11 <
b11 M
#1123001
b1001 ."
#1124000
b1010 $
b1010 4
b1010 8
0o
1x
b10 2
b10 9
b10 g
0#"
0Z
1]
0V
b1010 3
b1010 :
b1010 T
0`
0l
0m
1n
0t
1v
1w
1}
0!"
0""
0Y
0\
1_
0j
0s
1|
b100 5
b100 D
b100 G
b100 S
b100 e
b100 >
b100 H
b100 N
b100 +
b100 0
b100 <
b100 M
#1124001
b1010 ."
#1125000
b1011 $
b1011 4
b1011 8
b11 2
b11 9
b11 g
1o
b1011 3
b1011 :
b1011 T
1Z
1l
1m
0n
1Y
1j
b101 5
b101 D
b101 G
b101 S
b101 e
b101 >
b101 H
b101 N
b101 +
b101 0
b101 <
b101 M
#1125001
b1011 ."
#1126000
b1100 $
b1100 4
b1100 8
1`
0o
b0 2
b0 9
b0 g
0x
0Z
b1100 3
b1100 :
b1100 T
0]
1V
0l
0m
1n
1t
0v
0w
0Y
1\
0j
1s
b110 5
b110 D
b110 G
b110 S
b110 e
b110 >
b110 H
b110 N
b110 +
b110 0
b110 <
b110 M
#1126001
b1100 ."
#1127000
b1101 $
b1101 4
b1101 8
b1 2
b1 9
b1 g
1o
b1101 3
b1101 :
b1101 T
1Z
1l
1m
0n
1Y
1j
b111 5
b111 D
b111 G
b111 S
b111 e
b111 >
b111 H
b111 N
b111 +
b111 0
b111 <
b111 M
#1127001
b1101 ."
#1128000
1"
0U
b1110 $
b1110 4
b1110 8
0o
1x
1#"
b1110 2
b1110 9
b1110 g
1,"
0Z
1]
0V
1`
b1110 3
b1110 :
b1110 T
1c
0#
0l
0m
1n
0t
1v
1w
0}
1!"
1""
1)"
1*"
0+"
0Y
0\
0_
1b
0j
0s
0|
1'"
b1000 5
b1000 D
b1000 G
b1000 S
b1000 e
b1000 >
b1000 H
b1000 N
b1000 +
b1000 0
b1000 <
b1000 M
#1128001
b1110 ."
#1129000
b1111 $
b1111 4
b1111 8
b1111 2
b1111 9
b1111 g
1o
b1111 3
b1111 :
b1111 T
1Z
1l
1m
0n
1Y
1j
b1001 5
b1001 D
b1001 G
b1001 S
b1001 e
b1001 >
b1001 H
b1001 N
b1001 +
b1001 0
b1001 <
b1001 M
#1129001
b1111 ."
#1130000
0"
1!
0c
1#
b0 $
b0 4
b0 8
0`
1U
0o
b1100 2
b1100 9
b1100 g
0x
0Z
b0 3
b0 :
b0 T
0]
1V
0l
0m
1n
1t
0v
0w
0Y
1\
0j
1s
b1010 5
b1010 D
b1010 G
b1010 S
b1010 e
b1010 >
b1010 H
b1010 N
b1010 +
b1010 0
b1010 <
b1010 M
#1130001
11"
00"
1/"
b10000 ."
#1131000
0!
b1 $
b1 4
b1 8
b1101 2
b1101 9
b1101 g
1o
b1 3
b1 :
b1 T
1Z
1l
1m
0n
1Y
1j
b1011 5
b1011 D
b1011 G
b1011 S
b1011 e
b1011 >
b1011 H
b1011 N
b1011 +
b1011 0
b1011 <
b1011 M
#1131001
01"
b10001 ."
#1132000
b10 $
b10 4
b10 8
0o
1x
b1010 2
b1010 9
b1010 g
0#"
0Z
1]
0V
b10 3
b10 :
b10 T
0`
0l
0m
1n
0t
1v
1w
1}
0!"
0""
0Y
0\
1_
0j
0s
1|
b1100 5
b1100 D
b1100 G
b1100 S
b1100 e
b1100 >
b1100 H
b1100 N
b1100 +
b1100 0
b1100 <
b1100 M
#1132001
b10010 ."
#1133000
b11 $
b11 4
b11 8
b1011 2
b1011 9
b1011 g
1o
b11 3
b11 :
b11 T
1Z
1l
1m
0n
1Y
1j
b1101 5
b1101 D
b1101 G
b1101 S
b1101 e
b1101 >
b1101 H
b1101 N
b1101 +
b1101 0
b1101 <
b1101 M
#1133001
b10011 ."
#1134000
b100 $
b100 4
b100 8
1`
0o
b1000 2
b1000 9
b1000 g
0x
0Z
b100 3
b100 :
b100 T
0]
1V
0l
0m
1n
1t
0v
0w
0Y
1\
0j
1s
b1110 5
b1110 D
b1110 G
b1110 S
b1110 e
b1110 >
b1110 H
b1110 N
b1110 +
b1110 0
b1110 <
b1110 M
#1134001
b10100 ."
#1135000
b101 $
b101 4
b101 8
b1001 2
b1001 9
b1001 g
1o
b101 3
b101 :
b101 T
1Z
1l
1m
0n
1Y
1j
b1111 5
b1111 D
b1111 G
b1111 S
b1111 e
b1111 >
b1111 H
b1111 N
b1111 +
b1111 0
b1111 <
b1111 M
#1135001
b10101 ."
#1136000
0"
0U
b111 $
b111 4
b111 8
1x
1#"
b111 2
b111 9
b111 g
0,"
1]
0V
1`
b111 3
b111 :
b111 T
0c
0#
1n
0t
1v
1w
0}
1!"
1""
0)"
0*"
1+"
0Y
0\
0_
0b
0j
0s
0|
0'"
1X
1i
b0 5
b0 D
b0 G
b0 S
b0 e
b111 6
b111 E
b111 Q
b111 R
b111 d
b0 >
b0 H
b0 N
b111 *
b111 /
b111 ;
b111 L
b111 P
b0 +
b0 0
b0 <
b0 M
#1136001
0/"
b111 ."
#1137000
1"
1c
0`
1U
b1000 $
b1000 4
b1000 8
0]
1V
b110 2
b110 9
b110 g
0o
b1000 3
b1000 :
b1000 T
0Z
1W
1k
0m
0n
1Y
1j
b1 5
b1 D
b1 G
b1 S
b1 e
b1 >
b1 H
b1 N
b1 +
b1 0
b1 <
b1 M
#1137001
10"
b1000 ."
#1138000
b1001 $
b1001 4
b1001 8
1o
b101 2
b101 9
b101 g
0x
1Z
0W
b1001 3
b1001 :
b1001 T
0]
0k
1m
1n
1t
0v
0w
0Y
1\
0j
1s
b10 5
b10 D
b10 G
b10 S
b10 e
b10 >
b10 H
b10 N
b10 +
b10 0
b10 <
b10 M
#1138001
b1001 ."
#1139000
b1010 $
b1010 4
b1010 8
1]
b100 2
b100 9
b100 g
0o
b1010 3
b1010 :
b1010 T
0Z
1W
1k
0m
0n
1Y
1j
b11 5
b11 D
b11 G
b11 S
b11 e
b11 >
b11 H
b11 N
b11 +
b11 0
b11 <
b11 M
#1139001
b1010 ."
#1140000
0V
b1011 $
b1011 4
b1011 8
1o
1x
b11 2
b11 9
b11 g
0#"
1Z
0W
1]
b1011 3
b1011 :
b1011 T
0`
0k
1m
1n
0t
1v
1w
1}
0!"
0""
0Y
0\
1_
0j
0s
1|
b100 5
b100 D
b100 G
b100 S
b100 e
b100 >
b100 H
b100 N
b100 +
b100 0
b100 <
b100 M
#1140001
b1011 ."
#1141000
1`
b1100 $
b1100 4
b1100 8
0]
1V
b10 2
b10 9
b10 g
0o
b1100 3
b1100 :
b1100 T
0Z
1W
1k
0m
0n
1Y
1j
b101 5
b101 D
b101 G
b101 S
b101 e
b101 >
b101 H
b101 N
b101 +
b101 0
b101 <
b101 M
#1141001
b1100 ."
#1142000
b1101 $
b1101 4
b1101 8
1o
b1 2
b1 9
b1 g
0x
1Z
0W
b1101 3
b1101 :
b1101 T
0]
0k
1m
1n
1t
0v
0w
0Y
1\
0j
1s
b110 5
b110 D
b110 G
b110 S
b110 e
b110 >
b110 H
b110 N
b110 +
b110 0
b110 <
b110 M
#1142001
b1101 ."
#1143000
b1110 $
b1110 4
b1110 8
1]
b0 2
b0 9
b0 g
0o
b1110 3
b1110 :
b1110 T
0Z
1W
1k
0m
0n
1Y
1j
b111 5
b111 D
b111 G
b111 S
b111 e
b111 >
b111 H
b111 N
b111 +
b111 0
b111 <
b111 M
#1143001
b1110 ."
#1144000
0U
1"
0V
b1111 $
b1111 4
b1111 8
1o
1x
1#"
b1111 2
b1111 9
b1111 g
1,"
1Z
0W
1]
1`
b1111 3
b1111 :
b1111 T
1c
0#
0k
1m
1n
0t
1v
1w
0}
1!"
1""
1)"
1*"
0+"
0Y
0\
0_
1b
0j
0s
0|
1'"
b1000 5
b1000 D
b1000 G
b1000 S
b1000 e
b1000 >
b1000 H
b1000 N
b1000 +
b1000 0
b1000 <
b1000 M
#1144001
b1111 ."
#1145000
0"
1!
0c
1#
0`
1U
b0 $
b0 4
b0 8
0]
1V
b1110 2
b1110 9
b1110 g
0o
b0 3
b0 :
b0 T
0Z
1W
1k
0m
0n
1Y
1j
b1001 5
b1001 D
b1001 G
b1001 S
b1001 e
b1001 >
b1001 H
b1001 N
b1001 +
b1001 0
b1001 <
b1001 M
#1145001
11"
00"
1/"
b10000 ."
#1146000
0!
b1 $
b1 4
b1 8
1o
b1101 2
b1101 9
b1101 g
0x
1Z
0W
b1 3
b1 :
b1 T
0]
0k
1m
1n
1t
0v
0w
0Y
1\
0j
1s
b1010 5
b1010 D
b1010 G
b1010 S
b1010 e
b1010 >
b1010 H
b1010 N
b1010 +
b1010 0
b1010 <
b1010 M
#1146001
01"
b10001 ."
#1147000
b10 $
b10 4
b10 8
1]
b1100 2
b1100 9
b1100 g
0o
b10 3
b10 :
b10 T
0Z
1W
1k
0m
0n
1Y
1j
b1011 5
b1011 D
b1011 G
b1011 S
b1011 e
b1011 >
b1011 H
b1011 N
b1011 +
b1011 0
b1011 <
b1011 M
#1147001
b10010 ."
#1148000
0V
b11 $
b11 4
b11 8
1o
1x
b1011 2
b1011 9
b1011 g
0#"
1Z
0W
1]
b11 3
b11 :
b11 T
0`
0k
1m
1n
0t
1v
1w
1}
0!"
0""
0Y
0\
1_
0j
0s
1|
b1100 5
b1100 D
b1100 G
b1100 S
b1100 e
b1100 >
b1100 H
b1100 N
b1100 +
b1100 0
b1100 <
b1100 M
#1148001
b10011 ."
#1149000
1`
0!
b100 $
b100 4
b100 8
0]
1V
b1010 2
b1010 9
b1010 g
0o
b100 3
b100 :
b100 T
0Z
1W
1k
0m
0n
1Y
1j
b1101 5
b1101 D
b1101 G
b1101 S
b1101 e
b1101 >
b1101 H
b1101 N
b1101 +
b1101 0
b1101 <
b1101 M
#1149001
b10100 ."
#1150000
b101 $
b101 4
b101 8
1o
b1001 2
b1001 9
b1001 g
0x
1Z
0W
b101 3
b101 :
b101 T
0]
0k
1m
1n
1t
0v
0w
0Y
1\
0j
1s
b1110 5
b1110 D
b1110 G
b1110 S
b1110 e
b1110 >
b1110 H
b1110 N
b1110 +
b1110 0
b1110 <
b1110 M
#1150001
b10101 ."
#1151000
b110 $
b110 4
b110 8
1]
b1000 2
b1000 9
b1000 g
0o
b110 3
b110 :
b110 T
0Z
1W
1k
0m
0n
1Y
1j
b1111 5
b1111 D
b1111 G
b1111 S
b1111 e
b1111 >
b1111 H
b1111 N
b1111 +
b1111 0
b1111 <
b1111 M
#1151001
b10110 ."
#1152000
1"
b1000 $
b1000 4
b1000 8
0`
1c
0#
b1000 3
b1000 :
b1000 T
0]
0V
0U
1n
1w
1""
1+"
0W
0k
0l
0t
0u
0}
0~
0Y
0\
0_
0b
0j
0s
0|
0'"
0X
0[
0^
1a
0i
0r
0{
1&"
b0 5
b0 D
b0 G
b0 S
b0 e
b1000 6
b1000 E
b1000 Q
b1000 R
b1000 d
b0 >
b0 H
b0 N
b1000 *
b1000 /
b1000 ;
b1000 L
b1000 P
b0 +
b0 0
b0 <
b0 M
#1152001
10"
0/"
b1000 ."
#1153000
b1001 $
b1001 4
b1001 8
b1001 2
b1001 9
b1001 g
1o
b1001 3
b1001 :
b1001 T
1Z
1l
1m
0n
1Y
1j
b1 5
b1 D
b1 G
b1 S
b1 e
b1 >
b1 H
b1 N
b1 +
b1 0
b1 <
b1 M
#1153001
b1001 ."
#1154000
b1010 $
b1010 4
b1010 8
0o
b1010 2
b1010 9
b1010 g
1x
0Z
b1010 3
b1010 :
b1010 T
1]
0l
0m
1n
1u
1v
0w
0Y
1\
0j
1s
b10 5
b10 D
b10 G
b10 S
b10 e
b10 >
b10 H
b10 N
b10 +
b10 0
b10 <
b10 M
#1154001
b1010 ."
#1155000
b1011 $
b1011 4
b1011 8
b1011 2
b1011 9
b1011 g
1o
b1011 3
b1011 :
b1011 T
1Z
1l
1m
0n
1Y
1j
b11 5
b11 D
b11 G
b11 S
b11 e
b11 >
b11 H
b11 N
b11 +
b11 0
b11 <
b11 M
#1155001
b1011 ."
#1156000
b1100 $
b1100 4
b1100 8
0o
0x
b1100 2
b1100 9
b1100 g
1#"
0Z
0]
b1100 3
b1100 :
b1100 T
1`
0l
0m
1n
0u
0v
1w
1~
1!"
0""
0Y
0\
1_
0j
0s
1|
b100 5
b100 D
b100 G
b100 S
b100 e
b100 >
b100 H
b100 N
b100 +
b100 0
b100 <
b100 M
#1156001
b1100 ."
#1157000
b1101 $
b1101 4
b1101 8
b1101 2
b1101 9
b1101 g
1o
b1101 3
b1101 :
b1101 T
1Z
1l
1m
0n
1Y
1j
b101 5
b101 D
b101 G
b101 S
b101 e
b101 >
b101 H
b101 N
b101 +
b101 0
b101 <
b101 M
#1157001
b1101 ."
#1158000
b1110 $
b1110 4
b1110 8
0o
b1110 2
b1110 9
b1110 g
1x
0Z
b1110 3
b1110 :
b1110 T
1]
0l
0m
1n
1u
1v
0w
0Y
1\
0j
1s
b110 5
b110 D
b110 G
b110 S
b110 e
b110 >
b110 H
b110 N
b110 +
b110 0
b110 <
b110 M
#1158001
b1110 ."
#1159000
b1111 $
b1111 4
b1111 8
b1111 2
b1111 9
b1111 g
1o
b1111 3
b1111 :
b1111 T
1Z
1l
1m
0n
1Y
1j
b111 5
b111 D
b111 G
b111 S
b111 e
b111 >
b111 H
b111 N
b111 +
b111 0
b111 <
b111 M
#1159001
b1111 ."
#1160000
0"
1!
b0 $
b0 4
b0 8
0o
0x
0#"
b0 2
b0 9
b0 g
0,"
0Z
0]
0`
b0 3
b0 :
b0 T
0c
1#
0l
0m
1n
0u
0v
1w
0~
0!"
1""
1("
0*"
0+"
0Y
0\
0_
1b
0j
0s
0|
1'"
b1000 5
b1000 D
b1000 G
b1000 S
b1000 e
b1000 >
b1000 H
b1000 N
b1000 +
b1000 0
b1000 <
b1000 M
#1160001
11"
00"
1/"
b10000 ."
#1161000
0!
b1 $
b1 4
b1 8
b1 2
b1 9
b1 g
1o
b1 3
b1 :
b1 T
1Z
1l
1m
0n
1Y
1j
b1001 5
b1001 D
b1001 G
b1001 S
b1001 e
b1001 >
b1001 H
b1001 N
b1001 +
b1001 0
b1001 <
b1001 M
#1161001
01"
b10001 ."
#1162000
b10 $
b10 4
b10 8
0o
b10 2
b10 9
b10 g
1x
0Z
b10 3
b10 :
b10 T
1]
0l
0m
1n
1u
1v
0w
0Y
1\
0j
1s
b1010 5
b1010 D
b1010 G
b1010 S
b1010 e
b1010 >
b1010 H
b1010 N
b1010 +
b1010 0
b1010 <
b1010 M
#1162001
b10010 ."
#1163000
b11 $
b11 4
b11 8
b11 2
b11 9
b11 g
1o
b11 3
b11 :
b11 T
1Z
1l
1m
0n
1Y
1j
b1011 5
b1011 D
b1011 G
b1011 S
b1011 e
b1011 >
b1011 H
b1011 N
b1011 +
b1011 0
b1011 <
b1011 M
#1163001
b10011 ."
#1164000
b100 $
b100 4
b100 8
0o
0x
b100 2
b100 9
b100 g
1#"
0Z
0]
b100 3
b100 :
b100 T
1`
0l
0m
1n
0u
0v
1w
1~
1!"
0""
0Y
0\
1_
0j
0s
1|
b1100 5
b1100 D
b1100 G
b1100 S
b1100 e
b1100 >
b1100 H
b1100 N
b1100 +
b1100 0
b1100 <
b1100 M
#1164001
b10100 ."
#1165000
b101 $
b101 4
b101 8
b101 2
b101 9
b101 g
1o
b101 3
b101 :
b101 T
1Z
1l
1m
0n
1Y
1j
b1101 5
b1101 D
b1101 G
b1101 S
b1101 e
b1101 >
b1101 H
b1101 N
b1101 +
b1101 0
b1101 <
b1101 M
#1165001
b10101 ."
#1166000
b110 $
b110 4
b110 8
0o
b110 2
b110 9
b110 g
1x
0Z
b110 3
b110 :
b110 T
1]
0l
0m
1n
1u
1v
0w
0Y
1\
0j
1s
b1110 5
b1110 D
b1110 G
b1110 S
b1110 e
b1110 >
b1110 H
b1110 N
b1110 +
b1110 0
b1110 <
b1110 M
#1166001
b10110 ."
#1167000
b111 $
b111 4
b111 8
b111 2
b111 9
b111 g
1o
b111 3
b111 :
b111 T
1Z
1l
1m
0n
1Y
1j
b1111 5
b1111 D
b1111 G
b1111 S
b1111 e
b1111 >
b1111 H
b1111 N
b1111 +
b1111 0
b1111 <
b1111 M
#1167001
b10111 ."
#1168000
1"
b1001 $
b1001 4
b1001 8
0x
0#"
b1001 2
b1001 9
b1001 g
1,"
0]
0`
b1001 3
b1001 :
b1001 T
1c
0#
1n
0u
0v
1w
0~
0!"
1""
0("
1*"
1+"
0Y
0\
0_
0b
0j
0s
0|
0'"
1X
1i
b0 5
b0 D
b0 G
b0 S
b0 e
b1001 6
b1001 E
b1001 Q
b1001 R
b1001 d
b0 >
b0 H
b0 N
b1001 *
b1001 /
b1001 ;
b1001 L
b1001 P
b0 +
b0 0
b0 <
b0 M
#1168001
10"
0/"
b1001 ."
#1169000
b1010 $
b1010 4
b1010 8
1]
b1000 2
b1000 9
b1000 g
0o
b1010 3
b1010 :
b1010 T
0Z
1W
1k
0m
0n
1Y
1j
b1 5
b1 D
b1 G
b1 S
b1 e
b1 >
b1 H
b1 N
b1 +
b1 0
b1 <
b1 M
#1169001
b1010 ."
#1170000
b1011 $
b1011 4
b1011 8
0`
1o
b1011 2
b1011 9
b1011 g
1x
1Z
0W
b1011 3
b1011 :
b1011 T
1]
0V
0k
1m
1n
1u
1v
0w
0Y
1\
0j
1s
b10 5
b10 D
b10 G
b10 S
b10 e
b10 >
b10 H
b10 N
b10 +
b10 0
b10 <
b10 M
#1170001
b1011 ."
#1171000
1`
b1100 $
b1100 4
b1100 8
0]
1V
b1010 2
b1010 9
b1010 g
0o
b1100 3
b1100 :
b1100 T
0Z
1W
1k
0m
0n
1Y
1j
b11 5
b11 D
b11 G
b11 S
b11 e
b11 >
b11 H
b11 N
b11 +
b11 0
b11 <
b11 M
#1171001
b1100 ."
#1172000
1"
b1101 $
b1101 4
b1101 8
1c
0#
1o
0x
b1101 2
b1101 9
b1101 g
1#"
1Z
0W
0]
0V
b1101 3
b1101 :
b1101 T
1`
0U
0k
1m
1n
0u
0v
1w
1~
1!"
0""
0Y
0\
1_
0j
0s
1|
b100 5
b100 D
b100 G
b100 S
b100 e
b100 >
b100 H
b100 N
b100 +
b100 0
b100 <
b100 M
#1172001
b1101 ."
#1173000
b1110 $
b1110 4
b1110 8
1]
b1100 2
b1100 9
b1100 g
0o
b1110 3
b1110 :
b1110 T
0Z
1W
1k
0m
0n
1Y
1j
b101 5
b101 D
b101 G
b101 S
b101 e
b101 >
b101 H
b101 N
b101 +
b101 0
b101 <
b101 M
#1173001
b1110 ."
#1174000
1"
1c
0#
b1111 $
b1111 4
b1111 8
1`
0U
1o
b1111 2
b1111 9
b1111 g
1x
1Z
0W
b1111 3
b1111 :
b1111 T
1]
0V
0k
1m
1n
1u
1v
0w
0Y
1\
0j
1s
b110 5
b110 D
b110 G
b110 S
b110 e
b110 >
b110 H
b110 N
b110 +
b110 0
b110 <
b110 M
#1174001
b1111 ."
#1175000
0"
1!
0c
1#
0`
1U
b0 $
b0 4
b0 8
0]
1V
b1110 2
b1110 9
b1110 g
0o
b0 3
b0 :
b0 T
0Z
1W
1k
0m
0n
1Y
1j
b111 5
b111 D
b111 G
b111 S
b111 e
b111 >
b111 H
b111 N
b111 +
b111 0
b111 <
b111 M
#1175001
11"
00"
1/"
b10000 ."
#1176000
0"
0!
b1 $
b1 4
b1 8
1o
0x
0#"
b1 2
b1 9
b1 g
0,"
1Z
0W
0]
0V
0`
0U
b1 3
b1 :
b1 T
0c
0k
1m
1n
0u
0v
1w
0~
0!"
1""
1("
0*"
0+"
0Y
0\
0_
1b
0j
0s
0|
1'"
b1000 5
b1000 D
b1000 G
b1000 S
b1000 e
b1000 >
b1000 H
b1000 N
b1000 +
b1000 0
b1000 <
b1000 M
#1176001
01"
b10001 ."
#1177000
b10 $
b10 4
b10 8
1]
b0 2
b0 9
b0 g
0o
b10 3
b10 :
b10 T
0Z
1W
1k
0m
0n
1Y
1j
b1001 5
b1001 D
b1001 G
b1001 S
b1001 e
b1001 >
b1001 H
b1001 N
b1001 +
b1001 0
b1001 <
b1001 M
#1177001
b10010 ."
#1178000
b11 $
b11 4
b11 8
0`
1o
b11 2
b11 9
b11 g
1x
1Z
0W
b11 3
b11 :
b11 T
1]
0V
0k
1m
1n
1u
1v
0w
0Y
1\
0j
1s
b1010 5
b1010 D
b1010 G
b1010 S
b1010 e
b1010 >
b1010 H
b1010 N
b1010 +
b1010 0
b1010 <
b1010 M
#1178001
b10011 ."
#1179000
1`
0!
b100 $
b100 4
b100 8
0]
1V
b10 2
b10 9
b10 g
0o
b100 3
b100 :
b100 T
0Z
1W
1k
0m
0n
1Y
1j
b1011 5
b1011 D
b1011 G
b1011 S
b1011 e
b1011 >
b1011 H
b1011 N
b1011 +
b1011 0
b1011 <
b1011 M
#1179001
b10100 ."
#1180000
0"
b101 $
b101 4
b101 8
0c
1o
0x
b101 2
b101 9
b101 g
1#"
1Z
0W
0]
0V
b101 3
b101 :
b101 T
1`
0U
0k
1m
1n
0u
0v
1w
1~
1!"
0""
0Y
0\
1_
0j
0s
1|
b1100 5
b1100 D
b1100 G
b1100 S
b1100 e
b1100 >
b1100 H
b1100 N
b1100 +
b1100 0
b1100 <
b1100 M
#1180001
b10101 ."
#1181000
b110 $
b110 4
b110 8
1]
b100 2
b100 9
b100 g
0o
b110 3
b110 :
b110 T
0Z
1W
1k
0m
0n
1Y
1j
b1101 5
b1101 D
b1101 G
b1101 S
b1101 e
b1101 >
b1101 H
b1101 N
b1101 +
b1101 0
b1101 <
b1101 M
#1181001
b10110 ."
#1182000
0"
0c
b111 $
b111 4
b111 8
1`
0U
1o
b111 2
b111 9
b111 g
1x
1Z
0W
b111 3
b111 :
b111 T
1]
0V
0k
1m
1n
1u
1v
0w
0Y
1\
0j
1s
b1110 5
b1110 D
b1110 G
b1110 S
b1110 e
b1110 >
b1110 H
b1110 N
b1110 +
b1110 0
b1110 <
b1110 M
#1182001
b10111 ."
#1183000
1"
1c
0`
1U
b1000 $
b1000 4
b1000 8
0]
1V
b110 2
b110 9
b110 g
0o
b1000 3
b1000 :
b1000 T
0Z
1W
1k
0m
0n
1Y
1j
b1111 5
b1111 D
b1111 G
b1111 S
b1111 e
b1111 >
b1111 H
b1111 N
b1111 +
b1111 0
b1111 <
b1111 M
#1183001
10"
b11000 ."
#1184000
1"
0#
b1010 $
b1010 4
b1010 8
0#"
b1010 2
b1010 9
b1010 g
1,"
1]
0V
0`
0U
b1010 3
b1010 :
b1010 T
1c
1n
1w
0~
0!"
1""
0("
1*"
1+"
0W
0k
0l
0Y
0\
0_
0b
0j
0s
0|
0'"
0X
1[
0i
1r
b0 5
b0 D
b0 G
b0 S
b0 e
b1010 6
b1010 E
b1010 Q
b1010 R
b1010 d
b0 >
b0 H
b0 N
b1010 *
b1010 /
b1010 ;
b1010 L
b1010 P
b0 +
b0 0
b0 <
b0 M
#1184001
0/"
b1010 ."
#1185000
b1011 $
b1011 4
b1011 8
b1011 2
b1011 9
b1011 g
1o
b1011 3
b1011 :
b1011 T
1Z
1l
1m
0n
1Y
1j
b1 5
b1 D
b1 G
b1 S
b1 e
b1 >
b1 H
b1 N
b1 +
b1 0
b1 <
b1 M
#1185001
b1011 ."
#1186000
b1100 $
b1100 4
b1100 8
1`
0o
b1000 2
b1000 9
b1000 g
0x
0Z
b1100 3
b1100 :
b1100 T
0]
1V
0l
0m
1n
1t
0v
0w
0Y
1\
0j
1s
b10 5
b10 D
b10 G
b10 S
b10 e
b10 >
b10 H
b10 N
b10 +
b10 0
b10 <
b10 M
#1186001
b1100 ."
#1187000
b1101 $
b1101 4
b1101 8
b1001 2
b1001 9
b1001 g
1o
b1101 3
b1101 :
b1101 T
1Z
1l
1m
0n
1Y
1j
b11 5
b11 D
b11 G
b11 S
b11 e
b11 >
b11 H
b11 N
b11 +
b11 0
b11 <
b11 M
#1187001
b1101 ."
#1188000
1"
b1110 $
b1110 4
b1110 8
1c
0#
0o
1x
b1110 2
b1110 9
b1110 g
1#"
0Z
1]
0V
b1110 3
b1110 :
b1110 T
1`
0U
0l
0m
1n
0t
1v
1w
1~
1!"
0""
0Y
0\
1_
0j
0s
1|
b100 5
b100 D
b100 G
b100 S
b100 e
b100 >
b100 H
b100 N
b100 +
b100 0
b100 <
b100 M
#1188001
b1110 ."
#1189000
b1111 $
b1111 4
b1111 8
b1111 2
b1111 9
b1111 g
1o
b1111 3
b1111 :
b1111 T
1Z
1l
1m
0n
1Y
1j
b101 5
b101 D
b101 G
b101 S
b101 e
b101 >
b101 H
b101 N
b101 +
b101 0
b101 <
b101 M
#1189001
b1111 ."
#1190000
0"
1!
0c
1#
b0 $
b0 4
b0 8
0`
1U
0o
b1100 2
b1100 9
b1100 g
0x
0Z
b0 3
b0 :
b0 T
0]
1V
0l
0m
1n
1t
0v
0w
0Y
1\
0j
1s
b110 5
b110 D
b110 G
b110 S
b110 e
b110 >
b110 H
b110 N
b110 +
b110 0
b110 <
b110 M
#1190001
11"
00"
1/"
b10000 ."
#1191000
0!
b1 $
b1 4
b1 8
b1101 2
b1101 9
b1101 g
1o
b1 3
b1 :
b1 T
1Z
1l
1m
0n
1Y
1j
b111 5
b111 D
b111 G
b111 S
b111 e
b111 >
b111 H
b111 N
b111 +
b111 0
b111 <
b111 M
#1191001
01"
b10001 ."
#1192000
0"
b10 $
b10 4
b10 8
0o
1x
0#"
b10 2
b10 9
b10 g
0,"
0Z
1]
0V
0`
0U
b10 3
b10 :
b10 T
0c
0l
0m
1n
0t
1v
1w
0~
0!"
1""
1("
0*"
0+"
0Y
0\
0_
1b
0j
0s
0|
1'"
b1000 5
b1000 D
b1000 G
b1000 S
b1000 e
b1000 >
b1000 H
b1000 N
b1000 +
b1000 0
b1000 <
b1000 M
#1192001
b10010 ."
#1193000
b11 $
b11 4
b11 8
b11 2
b11 9
b11 g
1o
b11 3
b11 :
b11 T
1Z
1l
1m
0n
1Y
1j
b1001 5
b1001 D
b1001 G
b1001 S
b1001 e
b1001 >
b1001 H
b1001 N
b1001 +
b1001 0
b1001 <
b1001 M
#1193001
b10011 ."
#1194000
b100 $
b100 4
b100 8
1`
0o
b0 2
b0 9
b0 g
0x
0Z
b100 3
b100 :
b100 T
0]
1V
0l
0m
1n
1t
0v
0w
0Y
1\
0j
1s
b1010 5
b1010 D
b1010 G
b1010 S
b1010 e
b1010 >
b1010 H
b1010 N
b1010 +
b1010 0
b1010 <
b1010 M
#1194001
b10100 ."
#1195000
b101 $
b101 4
b101 8
b1 2
b1 9
b1 g
1o
b101 3
b101 :
b101 T
1Z
1l
1m
0n
1Y
1j
b1011 5
b1011 D
b1011 G
b1011 S
b1011 e
b1011 >
b1011 H
b1011 N
b1011 +
b1011 0
b1011 <
b1011 M
#1195001
b10101 ."
#1196000
0"
b110 $
b110 4
b110 8
0c
0o
1x
b110 2
b110 9
b110 g
1#"
0Z
1]
0V
b110 3
b110 :
b110 T
1`
0U
0l
0m
1n
0t
1v
1w
1~
1!"
0""
0Y
0\
1_
0j
0s
1|
b1100 5
b1100 D
b1100 G
b1100 S
b1100 e
b1100 >
b1100 H
b1100 N
b1100 +
b1100 0
b1100 <
b1100 M
#1196001
b10110 ."
#1197000
b111 $
b111 4
b111 8
b111 2
b111 9
b111 g
1o
b111 3
b111 :
b111 T
1Z
1l
1m
0n
1Y
1j
b1101 5
b1101 D
b1101 G
b1101 S
b1101 e
b1101 >
b1101 H
b1101 N
b1101 +
b1101 0
b1101 <
b1101 M
#1197001
b10111 ."
#1198000
1"
1c
0!
b1000 $
b1000 4
b1000 8
0`
1U
0o
b100 2
b100 9
b100 g
0x
0Z
b1000 3
b1000 :
b1000 T
0]
1V
0l
0m
1n
1t
0v
0w
0Y
1\
0j
1s
b1110 5
b1110 D
b1110 G
b1110 S
b1110 e
b1110 >
b1110 H
b1110 N
b1110 +
b1110 0
b1110 <
b1110 M
#1198001
10"
b11000 ."
#1199000
b1001 $
b1001 4
b1001 8
b101 2
b101 9
b101 g
1o
b1001 3
b1001 :
b1001 T
1Z
1l
1m
0n
1Y
1j
b1111 5
b1111 D
b1111 G
b1111 S
b1111 e
b1111 >
b1111 H
b1111 N
b1111 +
b1111 0
b1111 <
b1111 M
#1199001
b11001 ."
#1200000
1"
0#
b1011 $
b1011 4
b1011 8
1x
0#"
b1011 2
b1011 9
b1011 g
1,"
1]
0V
0`
0U
b1011 3
b1011 :
b1011 T
1c
1n
0t
1v
1w
0~
0!"
1""
0("
1*"
1+"
0Y
0\
0_
0b
0j
0s
0|
0'"
1X
1i
b0 5
b0 D
b0 G
b0 S
b0 e
b1011 6
b1011 E
b1011 Q
b1011 R
b1011 d
b0 >
b0 H
b0 N
b1011 *
b1011 /
b1011 ;
b1011 L
b1011 P
b0 +
b0 0
b0 <
b0 M
#1200001
0/"
b1011 ."
#1201000
1`
b1100 $
b1100 4
b1100 8
0]
1V
b1010 2
b1010 9
b1010 g
0o
b1100 3
b1100 :
b1100 T
0Z
1W
1k
0m
0n
1Y
1j
b1 5
b1 D
b1 G
b1 S
b1 e
b1 >
b1 H
b1 N
b1 +
b1 0
b1 <
b1 M
#1201001
b1100 ."
#1202000
b1101 $
b1101 4
b1101 8
1o
b1001 2
b1001 9
b1001 g
0x
1Z
0W
b1101 3
b1101 :
b1101 T
0]
0k
1m
1n
1t
0v
0w
0Y
1\
0j
1s
b10 5
b10 D
b10 G
b10 S
b10 e
b10 >
b10 H
b10 N
b10 +
b10 0
b10 <
b10 M
#1202001
b1101 ."
#1203000
b1110 $
b1110 4
b1110 8
1]
b1000 2
b1000 9
b1000 g
0o
b1110 3
b1110 :
b1110 T
0Z
1W
1k
0m
0n
1Y
1j
b11 5
b11 D
b11 G
b11 S
b11 e
b11 >
b11 H
b11 N
b11 +
b11 0
b11 <
b11 M
#1203001
b1110 ."
#1204000
1"
0V
b1111 $
b1111 4
b1111 8
1c
0#
1o
1x
b1111 2
b1111 9
b1111 g
1#"
1Z
0W
1]
b1111 3
b1111 :
b1111 T
1`
0U
0k
1m
1n
0t
1v
1w
1~
1!"
0""
0Y
0\
1_
0j
0s
1|
b100 5
b100 D
b100 G
b100 S
b100 e
b100 >
b100 H
b100 N
b100 +
b100 0
b100 <
b100 M
#1204001
b1111 ."
#1205000
0"
1!
0c
1#
0`
1U
b0 $
b0 4
b0 8
0]
1V
b1110 2
b1110 9
b1110 g
0o
b0 3
b0 :
b0 T
0Z
1W
1k
0m
0n
1Y
1j
b101 5
b101 D
b101 G
b101 S
b101 e
b101 >
b101 H
b101 N
b101 +
b101 0
b101 <
b101 M
#1205001
11"
00"
1/"
b10000 ."
#1206000
0!
b1 $
b1 4
b1 8
1o
b1101 2
b1101 9
b1101 g
0x
1Z
0W
b1 3
b1 :
b1 T
0]
0k
1m
1n
1t
0v
0w
0Y
1\
0j
1s
b110 5
b110 D
b110 G
b110 S
b110 e
b110 >
b110 H
b110 N
b110 +
b110 0
b110 <
b110 M
#1206001
01"
b10001 ."
#1207000
b10 $
b10 4
b10 8
1]
b1100 2
b1100 9
b1100 g
0o
b10 3
b10 :
b10 T
0Z
1W
1k
0m
0n
1Y
1j
b111 5
b111 D
b111 G
b111 S
b111 e
b111 >
b111 H
b111 N
b111 +
b111 0
b111 <
b111 M
#1207001
b10010 ."
#1208000
0"
0V
b11 $
b11 4
b11 8
1o
1x
0#"
b11 2
b11 9
b11 g
0,"
1Z
0W
1]
0`
0U
b11 3
b11 :
b11 T
0c
0k
1m
1n
0t
1v
1w
0~
0!"
1""
1("
0*"
0+"
0Y
0\
0_
1b
0j
0s
0|
1'"
b1000 5
b1000 D
b1000 G
b1000 S
b1000 e
b1000 >
b1000 H
b1000 N
b1000 +
b1000 0
b1000 <
b1000 M
#1208001
b10011 ."
#1209000
1`
0!
b100 $
b100 4
b100 8
0]
1V
b10 2
b10 9
b10 g
0o
b100 3
b100 :
b100 T
0Z
1W
1k
0m
0n
1Y
1j
b1001 5
b1001 D
b1001 G
b1001 S
b1001 e
b1001 >
b1001 H
b1001 N
b1001 +
b1001 0
b1001 <
b1001 M
#1209001
b10100 ."
#1210000
b101 $
b101 4
b101 8
1o
b1 2
b1 9
b1 g
0x
1Z
0W
b101 3
b101 :
b101 T
0]
0k
1m
1n
1t
0v
0w
0Y
1\
0j
1s
b1010 5
b1010 D
b1010 G
b1010 S
b1010 e
b1010 >
b1010 H
b1010 N
b1010 +
b1010 0
b1010 <
b1010 M
#1210001
b10101 ."
#1211000
b110 $
b110 4
b110 8
1]
b0 2
b0 9
b0 g
0o
b110 3
b110 :
b110 T
0Z
1W
1k
0m
0n
1Y
1j
b1011 5
b1011 D
b1011 G
b1011 S
b1011 e
b1011 >
b1011 H
b1011 N
b1011 +
b1011 0
b1011 <
b1011 M
#1211001
b10110 ."
#1212000
0"
0V
b111 $
b111 4
b111 8
0c
1o
1x
b111 2
b111 9
b111 g
1#"
1Z
0W
1]
b111 3
b111 :
b111 T
1`
0U
0k
1m
1n
0t
1v
1w
1~
1!"
0""
0Y
0\
1_
0j
0s
1|
b1100 5
b1100 D
b1100 G
b1100 S
b1100 e
b1100 >
b1100 H
b1100 N
b1100 +
b1100 0
b1100 <
b1100 M
#1212001
b10111 ."
#1213000
1"
1c
0`
1U
b1000 $
b1000 4
b1000 8
0]
1V
b110 2
b110 9
b110 g
0o
b1000 3
b1000 :
b1000 T
0Z
1W
1k
0m
0n
1Y
1j
b1101 5
b1101 D
b1101 G
b1101 S
b1101 e
b1101 >
b1101 H
b1101 N
b1101 +
b1101 0
b1101 <
b1101 M
#1213001
10"
b11000 ."
#1214000
b1001 $
b1001 4
b1001 8
1o
b101 2
b101 9
b101 g
0x
1Z
0W
b1001 3
b1001 :
b1001 T
0]
0k
1m
1n
1t
0v
0w
0Y
1\
0j
1s
b1110 5
b1110 D
b1110 G
b1110 S
b1110 e
b1110 >
b1110 H
b1110 N
b1110 +
b1110 0
b1110 <
b1110 M
#1214001
b11001 ."
#1215000
b1010 $
b1010 4
b1010 8
1]
b100 2
b100 9
b100 g
0o
b1010 3
b1010 :
b1010 T
0Z
1W
1k
0m
0n
1Y
1j
b1111 5
b1111 D
b1111 G
b1111 S
b1111 e
b1111 >
b1111 H
b1111 N
b1111 +
b1111 0
b1111 <
b1111 M
#1215001
b11010 ."
#1216000
0#
1"
1`
0U
0!
b1100 $
b1100 4
b1100 8
b1100 2
b1100 9
b1100 g
1,"
0]
0V
b1100 3
b1100 :
b1100 T
1c
1n
1w
1""
0("
1*"
1+"
0W
0k
0l
0t
0u
0Y
0\
0_
0b
0j
0s
0|
0'"
0X
0[
1^
0i
0r
1{
b0 5
b0 D
b0 G
b0 S
b0 e
b1100 6
b1100 E
b1100 Q
b1100 R
b1100 d
b0 >
b0 H
b0 N
b1100 *
b1100 /
b1100 ;
b1100 L
b1100 P
b0 +
b0 0
b0 <
b0 M
#1216001
0/"
b1100 ."
#1217000
b1101 $
b1101 4
b1101 8
b1101 2
b1101 9
b1101 g
1o
b1101 3
b1101 :
b1101 T
1Z
1l
1m
0n
1Y
1j
b1 5
b1 D
b1 G
b1 S
b1 e
b1 >
b1 H
b1 N
b1 +
b1 0
b1 <
b1 M
#1217001
b1101 ."
#1218000
b1110 $
b1110 4
b1110 8
0o
b1110 2
b1110 9
b1110 g
1x
0Z
b1110 3
b1110 :
b1110 T
1]
0l
0m
1n
1u
1v
0w
0Y
1\
0j
1s
b10 5
b10 D
b10 G
b10 S
b10 e
b10 >
b10 H
b10 N
b10 +
b10 0
b10 <
b10 M
#1218001
b1110 ."
#1219000
b1111 $
b1111 4
b1111 8
b1111 2
b1111 9
b1111 g
1o
b1111 3
b1111 :
b1111 T
1Z
1l
1m
0n
1Y
1j
b11 5
b11 D
b11 G
b11 S
b11 e
b11 >
b11 H
b11 N
b11 +
b11 0
b11 <
b11 M
#1219001
b1111 ."
#1220000
0"
1!
b0 $
b0 4
b0 8
0c
1#
0o
0x
b1000 2
b1000 9
b1000 g
0#"
0Z
0]
b0 3
b0 :
b0 T
0`
1U
0l
0m
1n
0u
0v
1w
1}
0!"
0""
0Y
0\
1_
0j
0s
1|
b100 5
b100 D
b100 G
b100 S
b100 e
b100 >
b100 H
b100 N
b100 +
b100 0
b100 <
b100 M
#1220001
11"
00"
1/"
b10000 ."
#1221000
0!
b1 $
b1 4
b1 8
b1001 2
b1001 9
b1001 g
1o
b1 3
b1 :
b1 T
1Z
1l
1m
0n
1Y
1j
b101 5
b101 D
b101 G
b101 S
b101 e
b101 >
b101 H
b101 N
b101 +
b101 0
b101 <
b101 M
#1221001
01"
b10001 ."
#1222000
b10 $
b10 4
b10 8
0o
b1010 2
b1010 9
b1010 g
1x
0Z
b10 3
b10 :
b10 T
1]
0l
0m
1n
1u
1v
0w
0Y
1\
0j
1s
b110 5
b110 D
b110 G
b110 S
b110 e
b110 >
b110 H
b110 N
b110 +
b110 0
b110 <
b110 M
#1222001
b10010 ."
#1223000
b11 $
b11 4
b11 8
b1011 2
b1011 9
b1011 g
1o
b11 3
b11 :
b11 T
1Z
1l
1m
0n
1Y
1j
b111 5
b111 D
b111 G
b111 S
b111 e
b111 >
b111 H
b111 N
b111 +
b111 0
b111 <
b111 M
#1223001
b10011 ."
#1224000
0"
b100 $
b100 4
b100 8
0o
0x
1#"
b100 2
b100 9
b100 g
0,"
0Z
0]
1`
0U
b100 3
b100 :
b100 T
0c
0l
0m
1n
0u
0v
1w
0}
1!"
1""
1("
0*"
0+"
0Y
0\
0_
1b
0j
0s
0|
1'"
b1000 5
b1000 D
b1000 G
b1000 S
b1000 e
b1000 >
b1000 H
b1000 N
b1000 +
b1000 0
b1000 <
b1000 M
#1224001
b10100 ."
#1225000
b101 $
b101 4
b101 8
b101 2
b101 9
b101 g
1o
b101 3
b101 :
b101 T
1Z
1l
1m
0n
1Y
1j
b1001 5
b1001 D
b1001 G
b1001 S
b1001 e
b1001 >
b1001 H
b1001 N
b1001 +
b1001 0
b1001 <
b1001 M
#1225001
b10101 ."
#1226000
b110 $
b110 4
b110 8
0o
b110 2
b110 9
b110 g
1x
0Z
b110 3
b110 :
b110 T
1]
0l
0m
1n
1u
1v
0w
0Y
1\
0j
1s
b1010 5
b1010 D
b1010 G
b1010 S
b1010 e
b1010 >
b1010 H
b1010 N
b1010 +
b1010 0
b1010 <
b1010 M
#1226001
b10110 ."
#1227000
b111 $
b111 4
b111 8
b111 2
b111 9
b111 g
1o
b111 3
b111 :
b111 T
1Z
1l
1m
0n
1Y
1j
b1011 5
b1011 D
b1011 G
b1011 S
b1011 e
b1011 >
b1011 H
b1011 N
b1011 +
b1011 0
b1011 <
b1011 M
#1227001
b10111 ."
#1228000
1"
b1000 $
b1000 4
b1000 8
1c
0o
0x
b0 2
b0 9
b0 g
0#"
0Z
0]
b1000 3
b1000 :
b1000 T
0`
1U
0l
0m
1n
0u
0v
1w
1}
0!"
0""
0Y
0\
1_
0j
0s
1|
b1100 5
b1100 D
b1100 G
b1100 S
b1100 e
b1100 >
b1100 H
b1100 N
b1100 +
b1100 0
b1100 <
b1100 M
#1228001
10"
b11000 ."
#1229000
b1001 $
b1001 4
b1001 8
b1 2
b1 9
b1 g
1o
b1001 3
b1001 :
b1001 T
1Z
1l
1m
0n
1Y
1j
b1101 5
b1101 D
b1101 G
b1101 S
b1101 e
b1101 >
b1101 H
b1101 N
b1101 +
b1101 0
b1101 <
b1101 M
#1229001
b11001 ."
#1230000
b1010 $
b1010 4
b1010 8
0o
b10 2
b10 9
b10 g
1x
0Z
b1010 3
b1010 :
b1010 T
1]
0l
0m
1n
1u
1v
0w
0Y
1\
0j
1s
b1110 5
b1110 D
b1110 G
b1110 S
b1110 e
b1110 >
b1110 H
b1110 N
b1110 +
b1110 0
b1110 <
b1110 M
#1230001
b11010 ."
#1231000
b1011 $
b1011 4
b1011 8
b11 2
b11 9
b11 g
1o
b1011 3
b1011 :
b1011 T
1Z
1l
1m
0n
1Y
1j
b1111 5
b1111 D
b1111 G
b1111 S
b1111 e
b1111 >
b1111 H
b1111 N
b1111 +
b1111 0
b1111 <
b1111 M
#1231001
b11011 ."
#1232000
1"
0#
b1101 $
b1101 4
b1101 8
0x
1#"
b1101 2
b1101 9
b1101 g
1,"
0]
1`
0U
b1101 3
b1101 :
b1101 T
1c
1n
0u
0v
1w
0}
1!"
1""
0("
1*"
1+"
0Y
0\
0_
0b
0j
0s
0|
0'"
1X
1i
b0 5
b0 D
b0 G
b0 S
b0 e
b1101 6
b1101 E
b1101 Q
b1101 R
b1101 d
b0 >
b0 H
b0 N
b1101 *
b1101 /
b1101 ;
b1101 L
b1101 P
b0 +
b0 0
b0 <
b0 M
#1232001
0/"
b1101 ."
#1233000
b1110 $
b1110 4
b1110 8
1]
b1100 2
b1100 9
b1100 g
0o
b1110 3
b1110 :
b1110 T
0Z
1W
1k
0m
0n
1Y
1j
b1 5
b1 D
b1 G
b1 S
b1 e
b1 >
b1 H
b1 N
b1 +
b1 0
b1 <
b1 M
#1233001
b1110 ."
#1234000
1"
1c
0#
b1111 $
b1111 4
b1111 8
1`
0U
1o
b1111 2
b1111 9
b1111 g
1x
1Z
0W
b1111 3
b1111 :
b1111 T
1]
0V
0k
1m
1n
1u
1v
0w
0Y
1\
0j
1s
b10 5
b10 D
b10 G
b10 S
b10 e
b10 >
b10 H
b10 N
b10 +
b10 0
b10 <
b10 M
#1234001
b1111 ."
#1235000
0"
1!
0c
1#
0`
1U
b0 $
b0 4
b0 8
0]
1V
b1110 2
b1110 9
b1110 g
0o
b0 3
b0 :
b0 T
0Z
1W
1k
0m
0n
1Y
1j
b11 5
b11 D
b11 G
b11 S
b11 e
b11 >
b11 H
b11 N
b11 +
b11 0
b11 <
b11 M
#1235001
11"
00"
1/"
b10000 ."
#1236000
0!
b1 $
b1 4
b1 8
1o
0x
b1001 2
b1001 9
b1001 g
0#"
1Z
0W
0]
0V
b1 3
b1 :
b1 T
0`
0k
1m
1n
0u
0v
1w
1}
0!"
0""
0Y
0\
1_
0j
0s
1|
b100 5
b100 D
b100 G
b100 S
b100 e
b100 >
b100 H
b100 N
b100 +
b100 0
b100 <
b100 M
#1236001
01"
b10001 ."
#1237000
b10 $
b10 4
b10 8
1]
b1000 2
b1000 9
b1000 g
0o
b10 3
b10 :
b10 T
0Z
1W
1k
0m
0n
1Y
1j
b101 5
b101 D
b101 G
b101 S
b101 e
b101 >
b101 H
b101 N
b101 +
b101 0
b101 <
b101 M
#1237001
b10010 ."
#1238000
b11 $
b11 4
b11 8
0`
1o
b1011 2
b1011 9
b1011 g
1x
1Z
0W
b11 3
b11 :
b11 T
1]
0V
0k
1m
1n
1u
1v
0w
0Y
1\
0j
1s
b110 5
b110 D
b110 G
b110 S
b110 e
b110 >
b110 H
b110 N
b110 +
b110 0
b110 <
b110 M
#1238001
b10011 ."
#1239000
1`
0!
b100 $
b100 4
b100 8
0]
1V
b1010 2
b1010 9
b1010 g
0o
b100 3
b100 :
b100 T
0Z
1W
1k
0m
0n
1Y
1j
b111 5
b111 D
b111 G
b111 S
b111 e
b111 >
b111 H
b111 N
b111 +
b111 0
b111 <
b111 M
#1239001
b10100 ."
#1240000
0"
0U
b101 $
b101 4
b101 8
1o
0x
1#"
b101 2
b101 9
b101 g
0,"
1Z
0W
0]
0V
1`
b101 3
b101 :
b101 T
0c
0k
1m
1n
0u
0v
1w
0}
1!"
1""
1("
0*"
0+"
0Y
0\
0_
1b
0j
0s
0|
1'"
b1000 5
b1000 D
b1000 G
b1000 S
b1000 e
b1000 >
b1000 H
b1000 N
b1000 +
b1000 0
b1000 <
b1000 M
#1240001
b10101 ."
#1241000
b110 $
b110 4
b110 8
1]
b100 2
b100 9
b100 g
0o
b110 3
b110 :
b110 T
0Z
1W
1k
0m
0n
1Y
1j
b1001 5
b1001 D
b1001 G
b1001 S
b1001 e
b1001 >
b1001 H
b1001 N
b1001 +
b1001 0
b1001 <
b1001 M
#1241001
b10110 ."
#1242000
0"
0c
b111 $
b111 4
b111 8
1`
0U
1o
b111 2
b111 9
b111 g
1x
1Z
0W
b111 3
b111 :
b111 T
1]
0V
0k
1m
1n
1u
1v
0w
0Y
1\
0j
1s
b1010 5
b1010 D
b1010 G
b1010 S
b1010 e
b1010 >
b1010 H
b1010 N
b1010 +
b1010 0
b1010 <
b1010 M
#1242001
b10111 ."
#1243000
1"
1c
0`
1U
b1000 $
b1000 4
b1000 8
0]
1V
b110 2
b110 9
b110 g
0o
b1000 3
b1000 :
b1000 T
0Z
1W
1k
0m
0n
1Y
1j
b1011 5
b1011 D
b1011 G
b1011 S
b1011 e
b1011 >
b1011 H
b1011 N
b1011 +
b1011 0
b1011 <
b1011 M
#1243001
10"
b11000 ."
#1244000
b1001 $
b1001 4
b1001 8
1o
0x
b1 2
b1 9
b1 g
0#"
1Z
0W
0]
0V
b1001 3
b1001 :
b1001 T
0`
0k
1m
1n
0u
0v
1w
1}
0!"
0""
0Y
0\
1_
0j
0s
1|
b1100 5
b1100 D
b1100 G
b1100 S
b1100 e
b1100 >
b1100 H
b1100 N
b1100 +
b1100 0
b1100 <
b1100 M
#1244001
b11001 ."
#1245000
b1010 $
b1010 4
b1010 8
1]
b0 2
b0 9
b0 g
0o
b1010 3
b1010 :
b1010 T
0Z
1W
1k
0m
0n
1Y
1j
b1101 5
b1101 D
b1101 G
b1101 S
b1101 e
b1101 >
b1101 H
b1101 N
b1101 +
b1101 0
b1101 <
b1101 M
#1245001
b11010 ."
#1246000
b1011 $
b1011 4
b1011 8
0`
1o
b11 2
b11 9
b11 g
1x
1Z
0W
b1011 3
b1011 :
b1011 T
1]
0V
0k
1m
1n
1u
1v
0w
0Y
1\
0j
1s
b1110 5
b1110 D
b1110 G
b1110 S
b1110 e
b1110 >
b1110 H
b1110 N
b1110 +
b1110 0
b1110 <
b1110 M
#1246001
b11011 ."
#1247000
1`
b1100 $
b1100 4
b1100 8
0]
1V
b10 2
b10 9
b10 g
0o
b1100 3
b1100 :
b1100 T
0Z
1W
1k
0m
0n
1Y
1j
b1111 5
b1111 D
b1111 G
b1111 S
b1111 e
b1111 >
b1111 H
b1111 N
b1111 +
b1111 0
b1111 <
b1111 M
#1247001
b11100 ."
#1248000
0#
1"
0U
b1110 $
b1110 4
b1110 8
1#"
b1110 2
b1110 9
b1110 g
1,"
1]
0V
1`
b1110 3
b1110 :
b1110 T
1c
1n
1w
0}
1!"
1""
0("
1*"
1+"
0W
0k
0l
0Y
0\
0_
0b
0j
0s
0|
0'"
0X
1[
0i
1r
b0 5
b0 D
b0 G
b0 S
b0 e
b1110 6
b1110 E
b1110 Q
b1110 R
b1110 d
b0 >
b0 H
b0 N
b1110 *
b1110 /
b1110 ;
b1110 L
b1110 P
b0 +
b0 0
b0 <
b0 M
#1248001
0/"
b1110 ."
#1249000
b1111 $
b1111 4
b1111 8
b1111 2
b1111 9
b1111 g
1o
b1111 3
b1111 :
b1111 T
1Z
1l
1m
0n
1Y
1j
b1 5
b1 D
b1 G
b1 S
b1 e
b1 >
b1 H
b1 N
b1 +
b1 0
b1 <
b1 M
#1249001
b1111 ."
#1250000
0"
1!
0c
1#
b0 $
b0 4
b0 8
0`
1U
0o
b1100 2
b1100 9
b1100 g
0x
0Z
b0 3
b0 :
b0 T
0]
1V
0l
0m
1n
1t
0v
0w
0Y
1\
0j
1s
b10 5
b10 D
b10 G
b10 S
b10 e
b10 >
b10 H
b10 N
b10 +
b10 0
b10 <
b10 M
#1250001
11"
00"
1/"
b10000 ."
#1251000
0!
b1 $
b1 4
b1 8
b1101 2
b1101 9
b1101 g
1o
b1 3
b1 :
b1 T
1Z
1l
1m
0n
1Y
1j
b11 5
b11 D
b11 G
b11 S
b11 e
b11 >
b11 H
b11 N
b11 +
b11 0
b11 <
b11 M
#1251001
01"
b10001 ."
#1252000
b10 $
b10 4
b10 8
0o
1x
b1010 2
b1010 9
b1010 g
0#"
0Z
1]
0V
b10 3
b10 :
b10 T
0`
0l
0m
1n
0t
1v
1w
1}
0!"
0""
0Y
0\
1_
0j
0s
1|
b100 5
b100 D
b100 G
b100 S
b100 e
b100 >
b100 H
b100 N
b100 +
b100 0
b100 <
b100 M
#1252001
b10010 ."
#1253000
b11 $
b11 4
b11 8
b1011 2
b1011 9
b1011 g
1o
b11 3
b11 :
b11 T
1Z
1l
1m
0n
1Y
1j
b101 5
b101 D
b101 G
b101 S
b101 e
b101 >
b101 H
b101 N
b101 +
b101 0
b101 <
b101 M
#1253001
b10011 ."
#1254000
b100 $
b100 4
b100 8
1`
0o
b1000 2
b1000 9
b1000 g
0x
0Z
b100 3
b100 :
b100 T
0]
1V
0l
0m
1n
1t
0v
0w
0Y
1\
0j
1s
b110 5
b110 D
b110 G
b110 S
b110 e
b110 >
b110 H
b110 N
b110 +
b110 0
b110 <
b110 M
#1254001
b10100 ."
#1255000
b101 $
b101 4
b101 8
b1001 2
b1001 9
b1001 g
1o
b101 3
b101 :
b101 T
1Z
1l
1m
0n
1Y
1j
b111 5
b111 D
b111 G
b111 S
b111 e
b111 >
b111 H
b111 N
b111 +
b111 0
b111 <
b111 M
#1255001
b10101 ."
#1256000
0"
0U
b110 $
b110 4
b110 8
0o
1x
1#"
b110 2
b110 9
b110 g
0,"
0Z
1]
0V
1`
b110 3
b110 :
b110 T
0c
0l
0m
1n
0t
1v
1w
0}
1!"
1""
1("
0*"
0+"
0Y
0\
0_
1b
0j
0s
0|
1'"
b1000 5
b1000 D
b1000 G
b1000 S
b1000 e
b1000 >
b1000 H
b1000 N
b1000 +
b1000 0
b1000 <
b1000 M
#1256001
b10110 ."
#1257000
b111 $
b111 4
b111 8
b111 2
b111 9
b111 g
1o
b111 3
b111 :
b111 T
1Z
1l
1m
0n
1Y
1j
b1001 5
b1001 D
b1001 G
b1001 S
b1001 e
b1001 >
b1001 H
b1001 N
b1001 +
b1001 0
b1001 <
b1001 M
#1257001
b10111 ."
#1258000
1"
1c
0!
b1000 $
b1000 4
b1000 8
0`
1U
0o
b100 2
b100 9
b100 g
0x
0Z
b1000 3
b1000 :
b1000 T
0]
1V
0l
0m
1n
1t
0v
0w
0Y
1\
0j
1s
b1010 5
b1010 D
b1010 G
b1010 S
b1010 e
b1010 >
b1010 H
b1010 N
b1010 +
b1010 0
b1010 <
b1010 M
#1258001
10"
b11000 ."
#1259000
b1001 $
b1001 4
b1001 8
b101 2
b101 9
b101 g
1o
b1001 3
b1001 :
b1001 T
1Z
1l
1m
0n
1Y
1j
b1011 5
b1011 D
b1011 G
b1011 S
b1011 e
b1011 >
b1011 H
b1011 N
b1011 +
b1011 0
b1011 <
b1011 M
#1259001
b11001 ."
#1260000
b1010 $
b1010 4
b1010 8
0o
1x
b10 2
b10 9
b10 g
0#"
0Z
1]
0V
b1010 3
b1010 :
b1010 T
0`
0l
0m
1n
0t
1v
1w
1}
0!"
0""
0Y
0\
1_
0j
0s
1|
b1100 5
b1100 D
b1100 G
b1100 S
b1100 e
b1100 >
b1100 H
b1100 N
b1100 +
b1100 0
b1100 <
b1100 M
#1260001
b11010 ."
#1261000
b1011 $
b1011 4
b1011 8
b11 2
b11 9
b11 g
1o
b1011 3
b1011 :
b1011 T
1Z
1l
1m
0n
1Y
1j
b1101 5
b1101 D
b1101 G
b1101 S
b1101 e
b1101 >
b1101 H
b1101 N
b1101 +
b1101 0
b1101 <
b1101 M
#1261001
b11011 ."
#1262000
b1100 $
b1100 4
b1100 8
1`
0o
b0 2
b0 9
b0 g
0x
0Z
b1100 3
b1100 :
b1100 T
0]
1V
0l
0m
1n
1t
0v
0w
0Y
1\
0j
1s
b1110 5
b1110 D
b1110 G
b1110 S
b1110 e
b1110 >
b1110 H
b1110 N
b1110 +
b1110 0
b1110 <
b1110 M
#1262001
b11100 ."
#1263000
b1101 $
b1101 4
b1101 8
b1 2
b1 9
b1 g
1o
b1101 3
b1101 :
b1101 T
1Z
1l
1m
0n
1Y
1j
b1111 5
b1111 D
b1111 G
b1111 S
b1111 e
b1111 >
b1111 H
b1111 N
b1111 +
b1111 0
b1111 <
b1111 M
#1263001
b11101 ."
#1264000
0#
1"
0U
b1111 $
b1111 4
b1111 8
1x
1#"
b1111 2
b1111 9
b1111 g
1,"
1]
0V
1`
b1111 3
b1111 :
b1111 T
1c
1n
0t
1v
1w
0}
1!"
1""
0("
1*"
1+"
0Y
0\
0_
0b
0j
0s
0|
0'"
1X
1i
b0 5
b0 D
b0 G
b0 S
b0 e
b1111 6
b1111 E
b1111 Q
b1111 R
b1111 d
b0 >
b0 H
b0 N
b1111 *
b1111 /
b1111 ;
b1111 L
b1111 P
b0 +
b0 0
b0 <
b0 M
#1264001
0/"
b1111 ."
#1265000
0"
1!
0c
1#
0`
1U
b0 $
b0 4
b0 8
0]
1V
b1110 2
b1110 9
b1110 g
0o
b0 3
b0 :
b0 T
0Z
1W
1k
0m
0n
1Y
1j
b1 5
b1 D
b1 G
b1 S
b1 e
b1 >
b1 H
b1 N
b1 +
b1 0
b1 <
b1 M
#1265001
11"
00"
1/"
b10000 ."
#1266000
0!
b1 $
b1 4
b1 8
1o
b1101 2
b1101 9
b1101 g
0x
1Z
0W
b1 3
b1 :
b1 T
0]
0k
1m
1n
1t
0v
0w
0Y
1\
0j
1s
b10 5
b10 D
b10 G
b10 S
b10 e
b10 >
b10 H
b10 N
b10 +
b10 0
b10 <
b10 M
#1266001
01"
b10001 ."
#1267000
b10 $
b10 4
b10 8
1]
b1100 2
b1100 9
b1100 g
0o
b10 3
b10 :
b10 T
0Z
1W
1k
0m
0n
1Y
1j
b11 5
b11 D
b11 G
b11 S
b11 e
b11 >
b11 H
b11 N
b11 +
b11 0
b11 <
b11 M
#1267001
b10010 ."
#1268000
0V
b11 $
b11 4
b11 8
1o
1x
b1011 2
b1011 9
b1011 g
0#"
1Z
0W
1]
b11 3
b11 :
b11 T
0`
0k
1m
1n
0t
1v
1w
1}
0!"
0""
0Y
0\
1_
0j
0s
1|
b100 5
b100 D
b100 G
b100 S
b100 e
b100 >
b100 H
b100 N
b100 +
b100 0
b100 <
b100 M
#1268001
b10011 ."
#1269000
1`
0!
b100 $
b100 4
b100 8
0]
1V
b1010 2
b1010 9
b1010 g
0o
b100 3
b100 :
b100 T
0Z
1W
1k
0m
0n
1Y
1j
b101 5
b101 D
b101 G
b101 S
b101 e
b101 >
b101 H
b101 N
b101 +
b101 0
b101 <
b101 M
#1269001
b10100 ."
#1270000
b101 $
b101 4
b101 8
1o
b1001 2
b1001 9
b1001 g
0x
1Z
0W
b101 3
b101 :
b101 T
0]
0k
1m
1n
1t
0v
0w
0Y
1\
0j
1s
b110 5
b110 D
b110 G
b110 S
b110 e
b110 >
b110 H
b110 N
b110 +
b110 0
b110 <
b110 M
#1270001
b10101 ."
#1271000
b110 $
b110 4
b110 8
1]
b1000 2
b1000 9
b1000 g
0o
b110 3
b110 :
b110 T
0Z
1W
1k
0m
0n
1Y
1j
b111 5
b111 D
b111 G
b111 S
b111 e
b111 >
b111 H
b111 N
b111 +
b111 0
b111 <
b111 M
#1271001
b10110 ."
#1272000
0U
0"
0V
b111 $
b111 4
b111 8
1o
1x
1#"
b111 2
b111 9
b111 g
0,"
1Z
0W
1]
1`
b111 3
b111 :
b111 T
0c
0k
1m
1n
0t
1v
1w
0}
1!"
1""
1("
0*"
0+"
0Y
0\
0_
1b
0j
0s
0|
1'"
b1000 5
b1000 D
b1000 G
b1000 S
b1000 e
b1000 >
b1000 H
b1000 N
b1000 +
b1000 0
b1000 <
b1000 M
#1272001
b10111 ."
#1273000
1"
1c
0`
1U
b1000 $
b1000 4
b1000 8
0]
1V
b110 2
b110 9
b110 g
0o
b1000 3
b1000 :
b1000 T
0Z
1W
1k
0m
0n
1Y
1j
b1001 5
b1001 D
b1001 G
b1001 S
b1001 e
b1001 >
b1001 H
b1001 N
b1001 +
b1001 0
b1001 <
b1001 M
#1273001
10"
b11000 ."
#1274000
b1001 $
b1001 4
b1001 8
1o
b101 2
b101 9
b101 g
0x
1Z
0W
b1001 3
b1001 :
b1001 T
0]
0k
1m
1n
1t
0v
0w
0Y
1\
0j
1s
b1010 5
b1010 D
b1010 G
b1010 S
b1010 e
b1010 >
b1010 H
b1010 N
b1010 +
b1010 0
b1010 <
b1010 M
#1274001
b11001 ."
#1275000
b1010 $
b1010 4
b1010 8
1]
b100 2
b100 9
b100 g
0o
b1010 3
b1010 :
b1010 T
0Z
1W
1k
0m
0n
1Y
1j
b1011 5
b1011 D
b1011 G
b1011 S
b1011 e
b1011 >
b1011 H
b1011 N
b1011 +
b1011 0
b1011 <
b1011 M
#1275001
b11010 ."
#1276000
0V
b1011 $
b1011 4
b1011 8
1o
1x
b11 2
b11 9
b11 g
0#"
1Z
0W
1]
b1011 3
b1011 :
b1011 T
0`
0k
1m
1n
0t
1v
1w
1}
0!"
0""
0Y
0\
1_
0j
0s
1|
b1100 5
b1100 D
b1100 G
b1100 S
b1100 e
b1100 >
b1100 H
b1100 N
b1100 +
b1100 0
b1100 <
b1100 M
#1276001
b11011 ."
#1277000
1`
b1100 $
b1100 4
b1100 8
0]
1V
b10 2
b10 9
b10 g
0o
b1100 3
b1100 :
b1100 T
0Z
1W
1k
0m
0n
1Y
1j
b1101 5
b1101 D
b1101 G
b1101 S
b1101 e
b1101 >
b1101 H
b1101 N
b1101 +
b1101 0
b1101 <
b1101 M
#1277001
b11100 ."
#1278000
b1101 $
b1101 4
b1101 8
1o
b1 2
b1 9
b1 g
0x
1Z
0W
b1101 3
b1101 :
b1101 T
0]
0k
1m
1n
1t
0v
0w
0Y
1\
0j
1s
b1110 5
b1110 D
b1110 G
b1110 S
b1110 e
b1110 >
b1110 H
b1110 N
b1110 +
b1110 0
b1110 <
b1110 M
#1278001
b11101 ."
#1279000
b1110 $
b1110 4
b1110 8
1]
b0 2
b0 9
b0 g
0o
b1110 3
b1110 :
b1110 T
0Z
1W
1k
0m
0n
1Y
1j
b1111 5
b1111 D
b1111 G
b1111 S
b1111 e
b1111 >
b1111 H
b1111 N
b1111 +
b1111 0
b1111 <
b1111 M
#1279001
b11110 ."
#1280000
0"
0]
0`
0c
0W
0V
0U
0#
1n
1w
1""
1+"
0k
0l
0t
0u
0}
0~
0("
0)"
0Y
0\
0_
0b
0j
0s
0|
0'"
b1 $
b1 4
b1 8
0X
0[
0^
0a
0i
0r
0{
0&"
b0 5
b0 D
b0 G
b0 S
b0 e
b1 3
b1 :
b1 T
1Z
b0 6
b0 E
b0 Q
b0 R
b0 d
b0 >
b0 H
b0 N
1-
b0 *
b0 /
b0 ;
b0 L
b0 P
b0 +
b0 0
b0 <
b0 M
#1280001
00"
0/"
b1 ."
#1281000
b10 $
b10 4
b10 8
1]
b1 2
b1 9
b1 g
1o
b10 3
b10 :
b10 T
0Z
1W
1l
1m
0n
1Y
1j
b1 5
b1 D
b1 G
b1 S
b1 e
b1 >
b1 H
b1 N
b1 +
b1 0
b1 <
b1 M
#1281001
b10 ."
#1282000
b11 $
b11 4
b11 8
0`
0o
b10 2
b10 9
b10 g
1x
1Z
0W
b11 3
b11 :
b11 T
1]
0V
0l
0m
1n
1u
1v
0w
0Y
1\
0j
1s
b10 5
b10 D
b10 G
b10 S
b10 e
b10 >
b10 H
b10 N
b10 +
b10 0
b10 <
b10 M
#1282001
b11 ."
#1283000
1`
0!
b100 $
b100 4
b100 8
0]
1V
b11 2
b11 9
b11 g
1o
b100 3
b100 :
b100 T
0Z
1W
1l
1m
0n
1Y
1j
b11 5
b11 D
b11 G
b11 S
b11 e
b11 >
b11 H
b11 N
b11 +
b11 0
b11 <
b11 M
#1283001
b100 ."
#1284000
0"
b101 $
b101 4
b101 8
0c
0o
0x
b100 2
b100 9
b100 g
1#"
1Z
0W
0]
0V
b101 3
b101 :
b101 T
1`
0U
0l
0m
1n
0u
0v
1w
1~
1!"
0""
0Y
0\
1_
0j
0s
1|
b100 5
b100 D
b100 G
b100 S
b100 e
b100 >
b100 H
b100 N
b100 +
b100 0
b100 <
b100 M
#1284001
b101 ."
#1285000
b110 $
b110 4
b110 8
1]
b101 2
b101 9
b101 g
1o
b110 3
b110 :
b110 T
0Z
1W
1l
1m
0n
1Y
1j
b101 5
b101 D
b101 G
b101 S
b101 e
b101 >
b101 H
b101 N
b101 +
b101 0
b101 <
b101 M
#1285001
b110 ."
#1286000
0"
0c
b111 $
b111 4
b111 8
1`
0U
0o
b110 2
b110 9
b110 g
1x
1Z
0W
b111 3
b111 :
b111 T
1]
0V
0l
0m
1n
1u
1v
0w
0Y
1\
0j
1s
b110 5
b110 D
b110 G
b110 S
b110 e
b110 >
b110 H
b110 N
b110 +
b110 0
b110 <
b110 M
#1286001
b111 ."
#1287000
1"
1c
0`
1U
b1000 $
b1000 4
b1000 8
0]
1V
b111 2
b111 9
b111 g
1o
b1000 3
b1000 :
b1000 T
0Z
1W
1l
1m
0n
1Y
1j
b111 5
b111 D
b111 G
b111 S
b111 e
b111 >
b111 H
b111 N
b111 +
b111 0
b111 <
b111 M
#1287001
10"
b1000 ."
#1288000
1"
b1001 $
b1001 4
b1001 8
0o
0x
0#"
b1000 2
b1000 9
b1000 g
1,"
1Z
0W
0]
0V
0`
0U
b1001 3
b1001 :
b1001 T
1c
0#
0l
0m
1n
0u
0v
1w
0~
0!"
1""
1)"
1*"
0+"
0Y
0\
0_
1b
0j
0s
0|
1'"
b1000 5
b1000 D
b1000 G
b1000 S
b1000 e
b1000 >
b1000 H
b1000 N
b1000 +
b1000 0
b1000 <
b1000 M
#1288001
b1001 ."
#1289000
b1010 $
b1010 4
b1010 8
1]
b1001 2
b1001 9
b1001 g
1o
b1010 3
b1010 :
b1010 T
0Z
1W
1l
1m
0n
1Y
1j
b1001 5
b1001 D
b1001 G
b1001 S
b1001 e
b1001 >
b1001 H
b1001 N
b1001 +
b1001 0
b1001 <
b1001 M
#1289001
b1010 ."
#1290000
b1011 $
b1011 4
b1011 8
0`
0o
b1010 2
b1010 9
b1010 g
1x
1Z
0W
b1011 3
b1011 :
b1011 T
1]
0V
0l
0m
1n
1u
1v
0w
0Y
1\
0j
1s
b1010 5
b1010 D
b1010 G
b1010 S
b1010 e
b1010 >
b1010 H
b1010 N
b1010 +
b1010 0
b1010 <
b1010 M
#1290001
b1011 ."
#1291000
1`
b1100 $
b1100 4
b1100 8
0]
1V
b1011 2
b1011 9
b1011 g
1o
b1100 3
b1100 :
b1100 T
0Z
1W
1l
1m
0n
1Y
1j
b1011 5
b1011 D
b1011 G
b1011 S
b1011 e
b1011 >
b1011 H
b1011 N
b1011 +
b1011 0
b1011 <
b1011 M
#1291001
b1100 ."
#1292000
1"
b1101 $
b1101 4
b1101 8
1c
0#
0o
0x
b1100 2
b1100 9
b1100 g
1#"
1Z
0W
0]
0V
b1101 3
b1101 :
b1101 T
1`
0U
0l
0m
1n
0u
0v
1w
1~
1!"
0""
0Y
0\
1_
0j
0s
1|
b1100 5
b1100 D
b1100 G
b1100 S
b1100 e
b1100 >
b1100 H
b1100 N
b1100 +
b1100 0
b1100 <
b1100 M
#1292001
b1101 ."
#1293000
b1110 $
b1110 4
b1110 8
1]
b1101 2
b1101 9
b1101 g
1o
b1110 3
b1110 :
b1110 T
0Z
1W
1l
1m
0n
1Y
1j
b1101 5
b1101 D
b1101 G
b1101 S
b1101 e
b1101 >
b1101 H
b1101 N
b1101 +
b1101 0
b1101 <
b1101 M
#1293001
b1110 ."
#1294000
1"
1c
0#
b1111 $
b1111 4
b1111 8
1`
0U
0o
b1110 2
b1110 9
b1110 g
1x
1Z
0W
b1111 3
b1111 :
b1111 T
1]
0V
0l
0m
1n
1u
1v
0w
0Y
1\
0j
1s
b1110 5
b1110 D
b1110 G
b1110 S
b1110 e
b1110 >
b1110 H
b1110 N
b1110 +
b1110 0
b1110 <
b1110 M
#1294001
b1111 ."
#1295000
0"
1!
0c
1#
0`
1U
b0 $
b0 4
b0 8
0]
1V
b1111 2
b1111 9
b1111 g
1o
b0 3
b0 :
b0 T
0Z
1W
1l
1m
0n
1Y
1j
b1111 5
b1111 D
b1111 G
b1111 S
b1111 e
b1111 >
b1111 H
b1111 N
b1111 +
b1111 0
b1111 <
b1111 M
#1295001
11"
00"
1/"
b10000 ."
#1296000
0"
0!
b10 $
b10 4
b10 8
0x
0#"
b1 2
b1 9
b1 g
0,"
1]
0V
0`
0U
b10 3
b10 :
b10 T
0c
0#
1n
0u
0v
1w
0~
0!"
1""
0)"
0*"
1+"
0Y
0\
0_
0b
0j
0s
0|
0'"
1X
1i
b0 5
b0 D
b0 G
b0 S
b0 e
b1 6
b1 E
b1 Q
b1 R
b1 d
b0 >
b0 H
b0 N
b1 *
b1 /
b1 ;
b1 L
b1 P
b0 +
b0 0
b0 <
b0 M
#1296001
01"
0/"
b10 ."
#1297000
b11 $
b11 4
b11 8
b0 2
b0 9
b0 g
0o
b11 3
b11 :
b11 T
1Z
1k
0m
0n
1Y
1j
b1 5
b1 D
b1 G
b1 S
b1 e
b1 >
b1 H
b1 N
b1 +
b1 0
b1 <
b1 M
#1297001
b11 ."
#1298000
b100 $
b100 4
b100 8
1`
1o
b11 2
b11 9
b11 g
1x
0Z
b100 3
b100 :
b100 T
0]
1V
0k
1m
1n
1u
1v
0w
0Y
1\
0j
1s
b10 5
b10 D
b10 G
b10 S
b10 e
b10 >
b10 H
b10 N
b10 +
b10 0
b10 <
b10 M
#1298001
b100 ."
#1299000
b101 $
b101 4
b101 8
b10 2
b10 9
b10 g
0o
b101 3
b101 :
b101 T
1Z
1k
0m
0n
1Y
1j
b11 5
b11 D
b11 G
b11 S
b11 e
b11 >
b11 H
b11 N
b11 +
b11 0
b11 <
b11 M
#1299001
b101 ."
#1300000
0"
b110 $
b110 4
b110 8
0c
1o
0x
b101 2
b101 9
b101 g
1#"
0Z
1]
0V
b110 3
b110 :
b110 T
1`
0U
0k
1m
1n
0u
0v
1w
1~
1!"
0""
0Y
0\
1_
0j
0s
1|
b100 5
b100 D
b100 G
b100 S
b100 e
b100 >
b100 H
b100 N
b100 +
b100 0
b100 <
b100 M
#1300001
b110 ."
#1301000
b111 $
b111 4
b111 8
b100 2
b100 9
b100 g
0o
b111 3
b111 :
b111 T
1Z
1k
0m
0n
1Y
1j
b101 5
b101 D
b101 G
b101 S
b101 e
b101 >
b101 H
b101 N
b101 +
b101 0
b101 <
b101 M
#1301001
b111 ."
#1302000
1"
1c
0!
b1000 $
b1000 4
b1000 8
0`
1U
1o
b111 2
b111 9
b111 g
1x
0Z
b1000 3
b1000 :
b1000 T
0]
1V
0k
1m
1n
1u
1v
0w
0Y
1\
0j
1s
b110 5
b110 D
b110 G
b110 S
b110 e
b110 >
b110 H
b110 N
b110 +
b110 0
b110 <
b110 M
#1302001
10"
b1000 ."
#1303000
b1001 $
b1001 4
b1001 8
b110 2
b110 9
b110 g
0o
b1001 3
b1001 :
b1001 T
1Z
1k
0m
0n
1Y
1j
b111 5
b111 D
b111 G
b111 S
b111 e
b111 >
b111 H
b111 N
b111 +
b111 0
b111 <
b111 M
#1303001
b1001 ."
#1304000
1"
b1010 $
b1010 4
b1010 8
1o
0x
0#"
b1001 2
b1001 9
b1001 g
1,"
0Z
1]
0V
0`
0U
b1010 3
b1010 :
b1010 T
1c
0#
0k
1m
1n
0u
0v
1w
0~
0!"
1""
1)"
1*"
0+"
0Y
0\
0_
1b
0j
0s
0|
1'"
b1000 5
b1000 D
b1000 G
b1000 S
b1000 e
b1000 >
b1000 H
b1000 N
b1000 +
b1000 0
b1000 <
b1000 M
#1304001
b1010 ."
#1305000
b1011 $
b1011 4
b1011 8
b1000 2
b1000 9
b1000 g
0o
b1011 3
b1011 :
b1011 T
1Z
1k
0m
0n
1Y
1j
b1001 5
b1001 D
b1001 G
b1001 S
b1001 e
b1001 >
b1001 H
b1001 N
b1001 +
b1001 0
b1001 <
b1001 M
#1305001
b1011 ."
#1306000
b1100 $
b1100 4
b1100 8
1`
1o
b1011 2
b1011 9
b1011 g
1x
0Z
b1100 3
b1100 :
b1100 T
0]
1V
0k
1m
1n
1u
1v
0w
0Y
1\
0j
1s
b1010 5
b1010 D
b1010 G
b1010 S
b1010 e
b1010 >
b1010 H
b1010 N
b1010 +
b1010 0
b1010 <
b1010 M
#1306001
b1100 ."
#1307000
b1101 $
b1101 4
b1101 8
b1010 2
b1010 9
b1010 g
0o
b1101 3
b1101 :
b1101 T
1Z
1k
0m
0n
1Y
1j
b1011 5
b1011 D
b1011 G
b1011 S
b1011 e
b1011 >
b1011 H
b1011 N
b1011 +
b1011 0
b1011 <
b1011 M
#1307001
b1101 ."
#1308000
1"
b1110 $
b1110 4
b1110 8
1c
0#
1o
0x
b1101 2
b1101 9
b1101 g
1#"
0Z
1]
0V
b1110 3
b1110 :
b1110 T
1`
0U
0k
1m
1n
0u
0v
1w
1~
1!"
0""
0Y
0\
1_
0j
0s
1|
b1100 5
b1100 D
b1100 G
b1100 S
b1100 e
b1100 >
b1100 H
b1100 N
b1100 +
b1100 0
b1100 <
b1100 M
#1308001
b1110 ."
#1309000
b1111 $
b1111 4
b1111 8
b1100 2
b1100 9
b1100 g
0o
b1111 3
b1111 :
b1111 T
1Z
1k
0m
0n
1Y
1j
b1101 5
b1101 D
b1101 G
b1101 S
b1101 e
b1101 >
b1101 H
b1101 N
b1101 +
b1101 0
b1101 <
b1101 M
#1309001
b1111 ."
#1310000
0"
1!
0c
1#
b0 $
b0 4
b0 8
0`
1U
1o
b1111 2
b1111 9
b1111 g
1x
0Z
b0 3
b0 :
b0 T
0]
1V
0k
1m
1n
1u
1v
0w
0Y
1\
0j
1s
b1110 5
b1110 D
b1110 G
b1110 S
b1110 e
b1110 >
b1110 H
b1110 N
b1110 +
b1110 0
b1110 <
b1110 M
#1310001
11"
00"
1/"
b10000 ."
#1311000
0!
b1 $
b1 4
b1 8
b1110 2
b1110 9
b1110 g
0o
b1 3
b1 :
b1 T
1Z
1k
0m
0n
1Y
1j
b1111 5
b1111 D
b1111 G
b1111 S
b1111 e
b1111 >
b1111 H
b1111 N
b1111 +
b1111 0
b1111 <
b1111 M
#1311001
01"
b10001 ."
#1312000
0"
1]
0V
b11 $
b11 4
b11 8
0#"
b10 2
b10 9
b10 g
0,"
0W
0`
0U
b11 3
b11 :
b11 T
0c
0#
1n
1w
0~
0!"
1""
0)"
0*"
1+"
0k
0l
0Y
0\
0_
0b
0j
0s
0|
0'"
0X
1[
0i
1r
b0 5
b0 D
b0 G
b0 S
b0 e
b10 6
b10 E
b10 Q
b10 R
b10 d
b0 >
b0 H
b0 N
b10 *
b10 /
b10 ;
b10 L
b10 P
b0 +
b0 0
b0 <
b0 M
#1312001
0/"
b11 ."
#1313000
1`
0!
b100 $
b100 4
b100 8
0]
1V
b11 2
b11 9
b11 g
1o
b100 3
b100 :
b100 T
0Z
1W
1l
1m
0n
1Y
1j
b1 5
b1 D
b1 G
b1 S
b1 e
b1 >
b1 H
b1 N
b1 +
b1 0
b1 <
b1 M
#1313001
b100 ."
#1314000
b101 $
b101 4
b101 8
0o
b0 2
b0 9
b0 g
0x
1Z
0W
b101 3
b101 :
b101 T
0]
0l
0m
1n
1t
0v
0w
0Y
1\
0j
1s
b10 5
b10 D
b10 G
b10 S
b10 e
b10 >
b10 H
b10 N
b10 +
b10 0
b10 <
b10 M
#1314001
b101 ."
#1315000
b110 $
b110 4
b110 8
1]
b1 2
b1 9
b1 g
1o
b110 3
b110 :
b110 T
0Z
1W
1l
1m
0n
1Y
1j
b11 5
b11 D
b11 G
b11 S
b11 e
b11 >
b11 H
b11 N
b11 +
b11 0
b11 <
b11 M
#1315001
b110 ."
#1316000
0"
0V
b111 $
b111 4
b111 8
0c
0o
1x
b110 2
b110 9
b110 g
1#"
1Z
0W
1]
b111 3
b111 :
b111 T
1`
0U
0l
0m
1n
0t
1v
1w
1~
1!"
0""
0Y
0\
1_
0j
0s
1|
b100 5
b100 D
b100 G
b100 S
b100 e
b100 >
b100 H
b100 N
b100 +
b100 0
b100 <
b100 M
#1316001
b111 ."
#1317000
1"
1c
0`
1U
b1000 $
b1000 4
b1000 8
0]
1V
b111 2
b111 9
b111 g
1o
b1000 3
b1000 :
b1000 T
0Z
1W
1l
1m
0n
1Y
1j
b101 5
b101 D
b101 G
b101 S
b101 e
b101 >
b101 H
b101 N
b101 +
b101 0
b101 <
b101 M
#1317001
10"
b1000 ."
#1318000
b1001 $
b1001 4
b1001 8
0o
b100 2
b100 9
b100 g
0x
1Z
0W
b1001 3
b1001 :
b1001 T
0]
0l
0m
1n
1t
0v
0w
0Y
1\
0j
1s
b110 5
b110 D
b110 G
b110 S
b110 e
b110 >
b110 H
b110 N
b110 +
b110 0
b110 <
b110 M
#1318001
b1001 ."
#1319000
b1010 $
b1010 4
b1010 8
1]
b101 2
b101 9
b101 g
1o
b1010 3
b1010 :
b1010 T
0Z
1W
1l
1m
0n
1Y
1j
b111 5
b111 D
b111 G
b111 S
b111 e
b111 >
b111 H
b111 N
b111 +
b111 0
b111 <
b111 M
#1319001
b1010 ."
#1320000
1"
0V
b1011 $
b1011 4
b1011 8
0o
1x
0#"
b1010 2
b1010 9
b1010 g
1,"
1Z
0W
1]
0`
0U
b1011 3
b1011 :
b1011 T
1c
0#
0l
0m
1n
0t
1v
1w
0~
0!"
1""
1)"
1*"
0+"
0Y
0\
0_
1b
0j
0s
0|
1'"
b1000 5
b1000 D
b1000 G
b1000 S
b1000 e
b1000 >
b1000 H
b1000 N
b1000 +
b1000 0
b1000 <
b1000 M
#1320001
b1011 ."
#1321000
1`
b1100 $
b1100 4
b1100 8
0]
1V
b1011 2
b1011 9
b1011 g
1o
b1100 3
b1100 :
b1100 T
0Z
1W
1l
1m
0n
1Y
1j
b1001 5
b1001 D
b1001 G
b1001 S
b1001 e
b1001 >
b1001 H
b1001 N
b1001 +
b1001 0
b1001 <
b1001 M
#1321001
b1100 ."
#1322000
b1101 $
b1101 4
b1101 8
0o
b1000 2
b1000 9
b1000 g
0x
1Z
0W
b1101 3
b1101 :
b1101 T
0]
0l
0m
1n
1t
0v
0w
0Y
1\
0j
1s
b1010 5
b1010 D
b1010 G
b1010 S
b1010 e
b1010 >
b1010 H
b1010 N
b1010 +
b1010 0
b1010 <
b1010 M
#1322001
b1101 ."
#1323000
b1110 $
b1110 4
b1110 8
1]
b1001 2
b1001 9
b1001 g
1o
b1110 3
b1110 :
b1110 T
0Z
1W
1l
1m
0n
1Y
1j
b1011 5
b1011 D
b1011 G
b1011 S
b1011 e
b1011 >
b1011 H
b1011 N
b1011 +
b1011 0
b1011 <
b1011 M
#1323001
b1110 ."
#1324000
1"
0V
b1111 $
b1111 4
b1111 8
1c
0#
0o
1x
b1110 2
b1110 9
b1110 g
1#"
1Z
0W
1]
b1111 3
b1111 :
b1111 T
1`
0U
0l
0m
1n
0t
1v
1w
1~
1!"
0""
0Y
0\
1_
0j
0s
1|
b1100 5
b1100 D
b1100 G
b1100 S
b1100 e
b1100 >
b1100 H
b1100 N
b1100 +
b1100 0
b1100 <
b1100 M
#1324001
b1111 ."
#1325000
0"
1!
0c
1#
0`
1U
b0 $
b0 4
b0 8
0]
1V
b1111 2
b1111 9
b1111 g
1o
b0 3
b0 :
b0 T
0Z
1W
1l
1m
0n
1Y
1j
b1101 5
b1101 D
b1101 G
b1101 S
b1101 e
b1101 >
b1101 H
b1101 N
b1101 +
b1101 0
b1101 <
b1101 M
#1325001
11"
00"
1/"
b10000 ."
#1326000
0!
b1 $
b1 4
b1 8
0o
b1100 2
b1100 9
b1100 g
0x
1Z
0W
b1 3
b1 :
b1 T
0]
0l
0m
1n
1t
0v
0w
0Y
1\
0j
1s
b1110 5
b1110 D
b1110 G
b1110 S
b1110 e
b1110 >
b1110 H
b1110 N
b1110 +
b1110 0
b1110 <
b1110 M
#1326001
01"
b10001 ."
#1327000
b10 $
b10 4
b10 8
1]
b1101 2
b1101 9
b1101 g
1o
b10 3
b10 :
b10 T
0Z
1W
1l
1m
0n
1Y
1j
b1111 5
b1111 D
b1111 G
b1111 S
b1111 e
b1111 >
b1111 H
b1111 N
b1111 +
b1111 0
b1111 <
b1111 M
#1327001
b10010 ."
#1328000
0"
b100 $
b100 4
b100 8
1x
0#"
b11 2
b11 9
b11 g
0,"
0]
1`
0U
b100 3
b100 :
b100 T
0c
0#
1n
0t
1v
1w
0~
0!"
1""
0)"
0*"
1+"
0Y
0\
0_
0b
0j
0s
0|
0'"
1X
1i
b0 5
b0 D
b0 G
b0 S
b0 e
b11 6
b11 E
b11 Q
b11 R
b11 d
b0 >
b0 H
b0 N
b11 *
b11 /
b11 ;
b11 L
b11 P
b0 +
b0 0
b0 <
b0 M
#1328001
0/"
b100 ."
#1329000
b101 $
b101 4
b101 8
b10 2
b10 9
b10 g
0o
b101 3
b101 :
b101 T
1Z
1k
0m
0n
1Y
1j
b1 5
b1 D
b1 G
b1 S
b1 e
b1 >
b1 H
b1 N
b1 +
b1 0
b1 <
b1 M
#1329001
b101 ."
#1330000
b110 $
b110 4
b110 8
1o
b1 2
b1 9
b1 g
0x
0Z
b110 3
b110 :
b110 T
1]
0k
1m
1n
1t
0v
0w
0Y
1\
0j
1s
b10 5
b10 D
b10 G
b10 S
b10 e
b10 >
b10 H
b10 N
b10 +
b10 0
b10 <
b10 M
#1330001
b110 ."
#1331000
b111 $
b111 4
b111 8
b0 2
b0 9
b0 g
0o
b111 3
b111 :
b111 T
1Z
1k
0m
0n
1Y
1j
b11 5
b11 D
b11 G
b11 S
b11 e
b11 >
b11 H
b11 N
b11 +
b11 0
b11 <
b11 M
#1331001
b111 ."
#1332000
1"
b1000 $
b1000 4
b1000 8
1c
1o
1x
b111 2
b111 9
b111 g
1#"
0Z
0]
b1000 3
b1000 :
b1000 T
0`
1U
0k
1m
1n
0t
1v
1w
1~
1!"
0""
0Y
0\
1_
0j
0s
1|
b100 5
b100 D
b100 G
b100 S
b100 e
b100 >
b100 H
b100 N
b100 +
b100 0
b100 <
b100 M
#1332001
10"
b1000 ."
#1333000
b1001 $
b1001 4
b1001 8
b110 2
b110 9
b110 g
0o
b1001 3
b1001 :
b1001 T
1Z
1k
0m
0n
1Y
1j
b101 5
b101 D
b101 G
b101 S
b101 e
b101 >
b101 H
b101 N
b101 +
b101 0
b101 <
b101 M
#1333001
b1001 ."
#1334000
b1010 $
b1010 4
b1010 8
1o
b101 2
b101 9
b101 g
0x
0Z
b1010 3
b1010 :
b1010 T
1]
0k
1m
1n
1t
0v
0w
0Y
1\
0j
1s
b110 5
b110 D
b110 G
b110 S
b110 e
b110 >
b110 H
b110 N
b110 +
b110 0
b110 <
b110 M
#1334001
b1010 ."
#1335000
b1011 $
b1011 4
b1011 8
b100 2
b100 9
b100 g
0o
b1011 3
b1011 :
b1011 T
1Z
1k
0m
0n
1Y
1j
b111 5
b111 D
b111 G
b111 S
b111 e
b111 >
b111 H
b111 N
b111 +
b111 0
b111 <
b111 M
#1335001
b1011 ."
#1336000
1"
b1100 $
b1100 4
b1100 8
1o
1x
0#"
b1011 2
b1011 9
b1011 g
1,"
0Z
0]
1`
0U
b1100 3
b1100 :
b1100 T
1c
0#
0k
1m
1n
0t
1v
1w
0~
0!"
1""
1)"
1*"
0+"
0Y
0\
0_
1b
0j
0s
0|
1'"
b1000 5
b1000 D
b1000 G
b1000 S
b1000 e
b1000 >
b1000 H
b1000 N
b1000 +
b1000 0
b1000 <
b1000 M
#1336001
b1100 ."
#1337000
b1101 $
b1101 4
b1101 8
b1010 2
b1010 9
b1010 g
0o
b1101 3
b1101 :
b1101 T
1Z
1k
0m
0n
1Y
1j
b1001 5
b1001 D
b1001 G
b1001 S
b1001 e
b1001 >
b1001 H
b1001 N
b1001 +
b1001 0
b1001 <
b1001 M
#1337001
b1101 ."
#1338000
b1110 $
b1110 4
b1110 8
1o
b1001 2
b1001 9
b1001 g
0x
0Z
b1110 3
b1110 :
b1110 T
1]
0k
1m
1n
1t
0v
0w
0Y
1\
0j
1s
b1010 5
b1010 D
b1010 G
b1010 S
b1010 e
b1010 >
b1010 H
b1010 N
b1010 +
b1010 0
b1010 <
b1010 M
#1338001
b1110 ."
#1339000
b1111 $
b1111 4
b1111 8
b1000 2
b1000 9
b1000 g
0o
b1111 3
b1111 :
b1111 T
1Z
1k
0m
0n
1Y
1j
b1011 5
b1011 D
b1011 G
b1011 S
b1011 e
b1011 >
b1011 H
b1011 N
b1011 +
b1011 0
b1011 <
b1011 M
#1339001
b1111 ."
#1340000
0"
1!
b0 $
b0 4
b0 8
0c
1#
1o
1x
b1111 2
b1111 9
b1111 g
1#"
0Z
0]
b0 3
b0 :
b0 T
0`
1U
0k
1m
1n
0t
1v
1w
1~
1!"
0""
0Y
0\
1_
0j
0s
1|
b1100 5
b1100 D
b1100 G
b1100 S
b1100 e
b1100 >
b1100 H
b1100 N
b1100 +
b1100 0
b1100 <
b1100 M
#1340001
11"
00"
1/"
b10000 ."
#1341000
0!
b1 $
b1 4
b1 8
b1110 2
b1110 9
b1110 g
0o
b1 3
b1 :
b1 T
1Z
1k
0m
0n
1Y
1j
b1101 5
b1101 D
b1101 G
b1101 S
b1101 e
b1101 >
b1101 H
b1101 N
b1101 +
b1101 0
b1101 <
b1101 M
#1341001
01"
b10001 ."
#1342000
b10 $
b10 4
b10 8
1o
b1101 2
b1101 9
b1101 g
0x
0Z
b10 3
b10 :
b10 T
1]
0k
1m
1n
1t
0v
0w
0Y
1\
0j
1s
b1110 5
b1110 D
b1110 G
b1110 S
b1110 e
b1110 >
b1110 H
b1110 N
b1110 +
b1110 0
b1110 <
b1110 M
#1342001
b10010 ."
#1343000
b11 $
b11 4
b11 8
b1100 2
b1100 9
b1100 g
0o
b11 3
b11 :
b11 T
1Z
1k
0m
0n
1Y
1j
b1111 5
b1111 D
b1111 G
b1111 S
b1111 e
b1111 >
b1111 H
b1111 N
b1111 +
b1111 0
b1111 <
b1111 M
#1343001
b10011 ."
#1344000
0"
0]
1`
0U
b101 $
b101 4
b101 8
b100 2
b100 9
b100 g
0,"
0W
0V
b101 3
b101 :
b101 T
0c
0#
1n
1w
1""
0)"
0*"
1+"
0k
0l
0t
0u
0Y
0\
0_
0b
0j
0s
0|
0'"
0X
0[
1^
0i
0r
1{
b0 5
b0 D
b0 G
b0 S
b0 e
b100 6
b100 E
b100 Q
b100 R
b100 d
b0 >
b0 H
b0 N
b100 *
b100 /
b100 ;
b100 L
b100 P
b0 +
b0 0
b0 <
b0 M
#1344001
0/"
b101 ."
#1345000
b110 $
b110 4
b110 8
1]
b101 2
b101 9
b101 g
1o
b110 3
b110 :
b110 T
0Z
1W
1l
1m
0n
1Y
1j
b1 5
b1 D
b1 G
b1 S
b1 e
b1 >
b1 H
b1 N
b1 +
b1 0
b1 <
b1 M
#1345001
b110 ."
#1346000
0"
0c
b111 $
b111 4
b111 8
1`
0U
0o
b110 2
b110 9
b110 g
1x
1Z
0W
b111 3
b111 :
b111 T
1]
0V
0l
0m
1n
1u
1v
0w
0Y
1\
0j
1s
b10 5
b10 D
b10 G
b10 S
b10 e
b10 >
b10 H
b10 N
b10 +
b10 0
b10 <
b10 M
#1346001
b111 ."
#1347000
1"
1c
0`
1U
b1000 $
b1000 4
b1000 8
0]
1V
b111 2
b111 9
b111 g
1o
b1000 3
b1000 :
b1000 T
0Z
1W
1l
1m
0n
1Y
1j
b11 5
b11 D
b11 G
b11 S
b11 e
b11 >
b11 H
b11 N
b11 +
b11 0
b11 <
b11 M
#1347001
10"
b1000 ."
#1348000
b1001 $
b1001 4
b1001 8
0o
0x
b0 2
b0 9
b0 g
0#"
1Z
0W
0]
0V
b1001 3
b1001 :
b1001 T
0`
0l
0m
1n
0u
0v
1w
1}
0!"
0""
0Y
0\
1_
0j
0s
1|
b100 5
b100 D
b100 G
b100 S
b100 e
b100 >
b100 H
b100 N
b100 +
b100 0
b100 <
b100 M
#1348001
b1001 ."
#1349000
b1010 $
b1010 4
b1010 8
1]
b1 2
b1 9
b1 g
1o
b1010 3
b1010 :
b1010 T
0Z
1W
1l
1m
0n
1Y
1j
b101 5
b101 D
b101 G
b101 S
b101 e
b101 >
b101 H
b101 N
b101 +
b101 0
b101 <
b101 M
#1349001
b1010 ."
#1350000
b1011 $
b1011 4
b1011 8
0`
0o
b10 2
b10 9
b10 g
1x
1Z
0W
b1011 3
b1011 :
b1011 T
1]
0V
0l
0m
1n
1u
1v
0w
0Y
1\
0j
1s
b110 5
b110 D
b110 G
b110 S
b110 e
b110 >
b110 H
b110 N
b110 +
b110 0
b110 <
b110 M
#1350001
b1011 ."
#1351000
1`
b1100 $
b1100 4
b1100 8
0]
1V
b11 2
b11 9
b11 g
1o
b1100 3
b1100 :
b1100 T
0Z
1W
1l
1m
0n
1Y
1j
b111 5
b111 D
b111 G
b111 S
b111 e
b111 >
b111 H
b111 N
b111 +
b111 0
b111 <
b111 M
#1351001
b1100 ."
#1352000
1"
0U
b1101 $
b1101 4
b1101 8
0o
0x
1#"
b1100 2
b1100 9
b1100 g
1,"
1Z
0W
0]
0V
1`
b1101 3
b1101 :
b1101 T
1c
0#
0l
0m
1n
0u
0v
1w
0}
1!"
1""
1)"
1*"
0+"
0Y
0\
0_
1b
0j
0s
0|
1'"
b1000 5
b1000 D
b1000 G
b1000 S
b1000 e
b1000 >
b1000 H
b1000 N
b1000 +
b1000 0
b1000 <
b1000 M
#1352001
b1101 ."
#1353000
b1110 $
b1110 4
b1110 8
1]
b1101 2
b1101 9
b1101 g
1o
b1110 3
b1110 :
b1110 T
0Z
1W
1l
1m
0n
1Y
1j
b1001 5
b1001 D
b1001 G
b1001 S
b1001 e
b1001 >
b1001 H
b1001 N
b1001 +
b1001 0
b1001 <
b1001 M
#1353001
b1110 ."
#1354000
1"
1c
0#
b1111 $
b1111 4
b1111 8
1`
0U
0o
b1110 2
b1110 9
b1110 g
1x
1Z
0W
b1111 3
b1111 :
b1111 T
1]
0V
0l
0m
1n
1u
1v
0w
0Y
1\
0j
1s
b1010 5
b1010 D
b1010 G
b1010 S
b1010 e
b1010 >
b1010 H
b1010 N
b1010 +
b1010 0
b1010 <
b1010 M
#1354001
b1111 ."
#1355000
0"
1!
0c
1#
0`
1U
b0 $
b0 4
b0 8
0]
1V
b1111 2
b1111 9
b1111 g
1o
b0 3
b0 :
b0 T
0Z
1W
1l
1m
0n
1Y
1j
b1011 5
b1011 D
b1011 G
b1011 S
b1011 e
b1011 >
b1011 H
b1011 N
b1011 +
b1011 0
b1011 <
b1011 M
#1355001
11"
00"
1/"
b10000 ."
#1356000
0!
b1 $
b1 4
b1 8
0o
0x
b1000 2
b1000 9
b1000 g
0#"
1Z
0W
0]
0V
b1 3
b1 :
b1 T
0`
0l
0m
1n
0u
0v
1w
1}
0!"
0""
0Y
0\
1_
0j
0s
1|
b1100 5
b1100 D
b1100 G
b1100 S
b1100 e
b1100 >
b1100 H
b1100 N
b1100 +
b1100 0
b1100 <
b1100 M
#1356001
01"
b10001 ."
#1357000
b10 $
b10 4
b10 8
1]
b1001 2
b1001 9
b1001 g
1o
b10 3
b10 :
b10 T
0Z
1W
1l
1m
0n
1Y
1j
b1101 5
b1101 D
b1101 G
b1101 S
b1101 e
b1101 >
b1101 H
b1101 N
b1101 +
b1101 0
b1101 <
b1101 M
#1357001
b10010 ."
#1358000
b11 $
b11 4
b11 8
0`
0o
b1010 2
b1010 9
b1010 g
1x
1Z
0W
b11 3
b11 :
b11 T
1]
0V
0l
0m
1n
1u
1v
0w
0Y
1\
0j
1s
b1110 5
b1110 D
b1110 G
b1110 S
b1110 e
b1110 >
b1110 H
b1110 N
b1110 +
b1110 0
b1110 <
b1110 M
#1358001
b10011 ."
#1359000
1`
0!
b100 $
b100 4
b100 8
0]
1V
b1011 2
b1011 9
b1011 g
1o
b100 3
b100 :
b100 T
0Z
1W
1l
1m
0n
1Y
1j
b1111 5
b1111 D
b1111 G
b1111 S
b1111 e
b1111 >
b1111 H
b1111 N
b1111 +
b1111 0
b1111 <
b1111 M
#1359001
b10100 ."
#1360000
0"
0U
b110 $
b110 4
b110 8
0x
1#"
b101 2
b101 9
b101 g
0,"
1]
0V
1`
b110 3
b110 :
b110 T
0c
0#
1n
0u
0v
1w
0}
1!"
1""
0)"
0*"
1+"
0Y
0\
0_
0b
0j
0s
0|
0'"
1X
1i
b0 5
b0 D
b0 G
b0 S
b0 e
b101 6
b101 E
b101 Q
b101 R
b101 d
b0 >
b0 H
b0 N
b101 *
b101 /
b101 ;
b101 L
b101 P
b0 +
b0 0
b0 <
b0 M
#1360001
0/"
b110 ."
#1361000
b111 $
b111 4
b111 8
b100 2
b100 9
b100 g
0o
b111 3
b111 :
b111 T
1Z
1k
0m
0n
1Y
1j
b1 5
b1 D
b1 G
b1 S
b1 e
b1 >
b1 H
b1 N
b1 +
b1 0
b1 <
b1 M
#1361001
b111 ."
#1362000
1"
1c
0!
b1000 $
b1000 4
b1000 8
0`
1U
1o
b111 2
b111 9
b111 g
1x
0Z
b1000 3
b1000 :
b1000 T
0]
1V
0k
1m
1n
1u
1v
0w
0Y
1\
0j
1s
b10 5
b10 D
b10 G
b10 S
b10 e
b10 >
b10 H
b10 N
b10 +
b10 0
b10 <
b10 M
#1362001
10"
b1000 ."
#1363000
b1001 $
b1001 4
b1001 8
b110 2
b110 9
b110 g
0o
b1001 3
b1001 :
b1001 T
1Z
1k
0m
0n
1Y
1j
b11 5
b11 D
b11 G
b11 S
b11 e
b11 >
b11 H
b11 N
b11 +
b11 0
b11 <
b11 M
#1363001
b1001 ."
#1364000
b1010 $
b1010 4
b1010 8
1o
0x
b1 2
b1 9
b1 g
0#"
0Z
1]
0V
b1010 3
b1010 :
b1010 T
0`
0k
1m
1n
0u
0v
1w
1}
0!"
0""
0Y
0\
1_
0j
0s
1|
b100 5
b100 D
b100 G
b100 S
b100 e
b100 >
b100 H
b100 N
b100 +
b100 0
b100 <
b100 M
#1364001
b1010 ."
#1365000
b1011 $
b1011 4
b1011 8
b0 2
b0 9
b0 g
0o
b1011 3
b1011 :
b1011 T
1Z
1k
0m
0n
1Y
1j
b101 5
b101 D
b101 G
b101 S
b101 e
b101 >
b101 H
b101 N
b101 +
b101 0
b101 <
b101 M
#1365001
b1011 ."
#1366000
b1100 $
b1100 4
b1100 8
1`
1o
b11 2
b11 9
b11 g
1x
0Z
b1100 3
b1100 :
b1100 T
0]
1V
0k
1m
1n
1u
1v
0w
0Y
1\
0j
1s
b110 5
b110 D
b110 G
b110 S
b110 e
b110 >
b110 H
b110 N
b110 +
b110 0
b110 <
b110 M
#1366001
b1100 ."
#1367000
b1101 $
b1101 4
b1101 8
b10 2
b10 9
b10 g
0o
b1101 3
b1101 :
b1101 T
1Z
1k
0m
0n
1Y
1j
b111 5
b111 D
b111 G
b111 S
b111 e
b111 >
b111 H
b111 N
b111 +
b111 0
b111 <
b111 M
#1367001
b1101 ."
#1368000
1"
0U
b1110 $
b1110 4
b1110 8
1o
0x
1#"
b1101 2
b1101 9
b1101 g
1,"
0Z
1]
0V
1`
b1110 3
b1110 :
b1110 T
1c
0#
0k
1m
1n
0u
0v
1w
0}
1!"
1""
1)"
1*"
0+"
0Y
0\
0_
1b
0j
0s
0|
1'"
b1000 5
b1000 D
b1000 G
b1000 S
b1000 e
b1000 >
b1000 H
b1000 N
b1000 +
b1000 0
b1000 <
b1000 M
#1368001
b1110 ."
#1369000
b1111 $
b1111 4
b1111 8
b1100 2
b1100 9
b1100 g
0o
b1111 3
b1111 :
b1111 T
1Z
1k
0m
0n
1Y
1j
b1001 5
b1001 D
b1001 G
b1001 S
b1001 e
b1001 >
b1001 H
b1001 N
b1001 +
b1001 0
b1001 <
b1001 M
#1369001
b1111 ."
#1370000
0"
1!
0c
1#
b0 $
b0 4
b0 8
0`
1U
1o
b1111 2
b1111 9
b1111 g
1x
0Z
b0 3
b0 :
b0 T
0]
1V
0k
1m
1n
1u
1v
0w
0Y
1\
0j
1s
b1010 5
b1010 D
b1010 G
b1010 S
b1010 e
b1010 >
b1010 H
b1010 N
b1010 +
b1010 0
b1010 <
b1010 M
#1370001
11"
00"
1/"
b10000 ."
#1371000
0!
b1 $
b1 4
b1 8
b1110 2
b1110 9
b1110 g
0o
b1 3
b1 :
b1 T
1Z
1k
0m
0n
1Y
1j
b1011 5
b1011 D
b1011 G
b1011 S
b1011 e
b1011 >
b1011 H
b1011 N
b1011 +
b1011 0
b1011 <
b1011 M
#1371001
01"
b10001 ."
#1372000
b10 $
b10 4
b10 8
1o
0x
b1001 2
b1001 9
b1001 g
0#"
0Z
1]
0V
b10 3
b10 :
b10 T
0`
0k
1m
1n
0u
0v
1w
1}
0!"
0""
0Y
0\
1_
0j
0s
1|
b1100 5
b1100 D
b1100 G
b1100 S
b1100 e
b1100 >
b1100 H
b1100 N
b1100 +
b1100 0
b1100 <
b1100 M
#1372001
b10010 ."
#1373000
b11 $
b11 4
b11 8
b1000 2
b1000 9
b1000 g
0o
b11 3
b11 :
b11 T
1Z
1k
0m
0n
1Y
1j
b1101 5
b1101 D
b1101 G
b1101 S
b1101 e
b1101 >
b1101 H
b1101 N
b1101 +
b1101 0
b1101 <
b1101 M
#1373001
b10011 ."
#1374000
b100 $
b100 4
b100 8
1`
1o
b1011 2
b1011 9
b1011 g
1x
0Z
b100 3
b100 :
b100 T
0]
1V
0k
1m
1n
1u
1v
0w
0Y
1\
0j
1s
b1110 5
b1110 D
b1110 G
b1110 S
b1110 e
b1110 >
b1110 H
b1110 N
b1110 +
b1110 0
b1110 <
b1110 M
#1374001
b10100 ."
#1375000
b101 $
b101 4
b101 8
b1010 2
b1010 9
b1010 g
0o
b101 3
b101 :
b101 T
1Z
1k
0m
0n
1Y
1j
b1111 5
b1111 D
b1111 G
b1111 S
b1111 e
b1111 >
b1111 H
b1111 N
b1111 +
b1111 0
b1111 <
b1111 M
#1375001
b10101 ."
#1376000
0U
0"
1]
0V
b111 $
b111 4
b111 8
1#"
b110 2
b110 9
b110 g
0,"
0W
1`
b111 3
b111 :
b111 T
0c
0#
1n
1w
0}
1!"
1""
0)"
0*"
1+"
0k
0l
0Y
0\
0_
0b
0j
0s
0|
0'"
0X
1[
0i
1r
b0 5
b0 D
b0 G
b0 S
b0 e
b110 6
b110 E
b110 Q
b110 R
b110 d
b0 >
b0 H
b0 N
b110 *
b110 /
b110 ;
b110 L
b110 P
b0 +
b0 0
b0 <
b0 M
#1376001
0/"
b111 ."
#1377000
1"
1c
0`
1U
b1000 $
b1000 4
b1000 8
0]
1V
b111 2
b111 9
b111 g
1o
b1000 3
b1000 :
b1000 T
0Z
1W
1l
1m
0n
1Y
1j
b1 5
b1 D
b1 G
b1 S
b1 e
b1 >
b1 H
b1 N
b1 +
b1 0
b1 <
b1 M
#1377001
10"
b1000 ."
#1378000
b1001 $
b1001 4
b1001 8
0o
b100 2
b100 9
b100 g
0x
1Z
0W
b1001 3
b1001 :
b1001 T
0]
0l
0m
1n
1t
0v
0w
0Y
1\
0j
1s
b10 5
b10 D
b10 G
b10 S
b10 e
b10 >
b10 H
b10 N
b10 +
b10 0
b10 <
b10 M
#1378001
b1001 ."
#1379000
b1010 $
b1010 4
b1010 8
1]
b101 2
b101 9
b101 g
1o
b1010 3
b1010 :
b1010 T
0Z
1W
1l
1m
0n
1Y
1j
b11 5
b11 D
b11 G
b11 S
b11 e
b11 >
b11 H
b11 N
b11 +
b11 0
b11 <
b11 M
#1379001
b1010 ."
#1380000
0V
b1011 $
b1011 4
b1011 8
0o
1x
b10 2
b10 9
b10 g
0#"
1Z
0W
1]
b1011 3
b1011 :
b1011 T
0`
0l
0m
1n
0t
1v
1w
1}
0!"
0""
0Y
0\
1_
0j
0s
1|
b100 5
b100 D
b100 G
b100 S
b100 e
b100 >
b100 H
b100 N
b100 +
b100 0
b100 <
b100 M
#1380001
b1011 ."
#1381000
1`
b1100 $
b1100 4
b1100 8
0]
1V
b11 2
b11 9
b11 g
1o
b1100 3
b1100 :
b1100 T
0Z
1W
1l
1m
0n
1Y
1j
b101 5
b101 D
b101 G
b101 S
b101 e
b101 >
b101 H
b101 N
b101 +
b101 0
b101 <
b101 M
#1381001
b1100 ."
#1382000
b1101 $
b1101 4
b1101 8
0o
b0 2
b0 9
b0 g
0x
1Z
0W
b1101 3
b1101 :
b1101 T
0]
0l
0m
1n
1t
0v
0w
0Y
1\
0j
1s
b110 5
b110 D
b110 G
b110 S
b110 e
b110 >
b110 H
b110 N
b110 +
b110 0
b110 <
b110 M
#1382001
b1101 ."
#1383000
b1110 $
b1110 4
b1110 8
1]
b1 2
b1 9
b1 g
1o
b1110 3
b1110 :
b1110 T
0Z
1W
1l
1m
0n
1Y
1j
b111 5
b111 D
b111 G
b111 S
b111 e
b111 >
b111 H
b111 N
b111 +
b111 0
b111 <
b111 M
#1383001
b1110 ."
#1384000
0U
1"
0V
b1111 $
b1111 4
b1111 8
0o
1x
1#"
b1110 2
b1110 9
b1110 g
1,"
1Z
0W
1]
1`
b1111 3
b1111 :
b1111 T
1c
0#
0l
0m
1n
0t
1v
1w
0}
1!"
1""
1)"
1*"
0+"
0Y
0\
0_
1b
0j
0s
0|
1'"
b1000 5
b1000 D
b1000 G
b1000 S
b1000 e
b1000 >
b1000 H
b1000 N
b1000 +
b1000 0
b1000 <
b1000 M
#1384001
b1111 ."
#1385000
0"
1!
0c
1#
0`
1U
b0 $
b0 4
b0 8
0]
1V
b1111 2
b1111 9
b1111 g
1o
b0 3
b0 :
b0 T
0Z
1W
1l
1m
0n
1Y
1j
b1001 5
b1001 D
b1001 G
b1001 S
b1001 e
b1001 >
b1001 H
b1001 N
b1001 +
b1001 0
b1001 <
b1001 M
#1385001
11"
00"
1/"
b10000 ."
#1386000
0!
b1 $
b1 4
b1 8
0o
b1100 2
b1100 9
b1100 g
0x
1Z
0W
b1 3
b1 :
b1 T
0]
0l
0m
1n
1t
0v
0w
0Y
1\
0j
1s
b1010 5
b1010 D
b1010 G
b1010 S
b1010 e
b1010 >
b1010 H
b1010 N
b1010 +
b1010 0
b1010 <
b1010 M
#1386001
01"
b10001 ."
#1387000
b10 $
b10 4
b10 8
1]
b1101 2
b1101 9
b1101 g
1o
b10 3
b10 :
b10 T
0Z
1W
1l
1m
0n
1Y
1j
b1011 5
b1011 D
b1011 G
b1011 S
b1011 e
b1011 >
b1011 H
b1011 N
b1011 +
b1011 0
b1011 <
b1011 M
#1387001
b10010 ."
#1388000
0V
b11 $
b11 4
b11 8
0o
1x
b1010 2
b1010 9
b1010 g
0#"
1Z
0W
1]
b11 3
b11 :
b11 T
0`
0l
0m
1n
0t
1v
1w
1}
0!"
0""
0Y
0\
1_
0j
0s
1|
b1100 5
b1100 D
b1100 G
b1100 S
b1100 e
b1100 >
b1100 H
b1100 N
b1100 +
b1100 0
b1100 <
b1100 M
#1388001
b10011 ."
#1389000
1`
0!
b100 $
b100 4
b100 8
0]
1V
b1011 2
b1011 9
b1011 g
1o
b100 3
b100 :
b100 T
0Z
1W
1l
1m
0n
1Y
1j
b1101 5
b1101 D
b1101 G
b1101 S
b1101 e
b1101 >
b1101 H
b1101 N
b1101 +
b1101 0
b1101 <
b1101 M
#1389001
b10100 ."
#1390000
b101 $
b101 4
b101 8
0o
b1000 2
b1000 9
b1000 g
0x
1Z
0W
b101 3
b101 :
b101 T
0]
0l
0m
1n
1t
0v
0w
0Y
1\
0j
1s
b1110 5
b1110 D
b1110 G
b1110 S
b1110 e
b1110 >
b1110 H
b1110 N
b1110 +
b1110 0
b1110 <
b1110 M
#1390001
b10101 ."
#1391000
b110 $
b110 4
b110 8
1]
b1001 2
b1001 9
b1001 g
1o
b110 3
b110 :
b110 T
0Z
1W
1l
1m
0n
1Y
1j
b1111 5
b1111 D
b1111 G
b1111 S
b1111 e
b1111 >
b1111 H
b1111 N
b1111 +
b1111 0
b1111 <
b1111 M
#1391001
b10110 ."
#1392000
1"
b1000 $
b1000 4
b1000 8
1x
1#"
b111 2
b111 9
b111 g
0,"
0]
0`
b1000 3
b1000 :
b1000 T
1c
0#
1n
0t
1v
1w
0}
1!"
1""
0)"
0*"
1+"
0Y
0\
0_
0b
0j
0s
0|
0'"
1X
1i
b0 5
b0 D
b0 G
b0 S
b0 e
b111 6
b111 E
b111 Q
b111 R
b111 d
b0 >
b0 H
b0 N
b111 *
b111 /
b111 ;
b111 L
b111 P
b0 +
b0 0
b0 <
b0 M
#1392001
10"
0/"
b1000 ."
#1393000
b1001 $
b1001 4
b1001 8
b110 2
b110 9
b110 g
0o
b1001 3
b1001 :
b1001 T
1Z
1k
0m
0n
1Y
1j
b1 5
b1 D
b1 G
b1 S
b1 e
b1 >
b1 H
b1 N
b1 +
b1 0
b1 <
b1 M
#1393001
b1001 ."
#1394000
b1010 $
b1010 4
b1010 8
1o
b101 2
b101 9
b101 g
0x
0Z
b1010 3
b1010 :
b1010 T
1]
0k
1m
1n
1t
0v
0w
0Y
1\
0j
1s
b10 5
b10 D
b10 G
b10 S
b10 e
b10 >
b10 H
b10 N
b10 +
b10 0
b10 <
b10 M
#1394001
b1010 ."
#1395000
b1011 $
b1011 4
b1011 8
b100 2
b100 9
b100 g
0o
b1011 3
b1011 :
b1011 T
1Z
1k
0m
0n
1Y
1j
b11 5
b11 D
b11 G
b11 S
b11 e
b11 >
b11 H
b11 N
b11 +
b11 0
b11 <
b11 M
#1395001
b1011 ."
#1396000
b1100 $
b1100 4
b1100 8
1o
1x
b11 2
b11 9
b11 g
0#"
0Z
0]
b1100 3
b1100 :
b1100 T
1`
0k
1m
1n
0t
1v
1w
1}
0!"
0""
0Y
0\
1_
0j
0s
1|
b100 5
b100 D
b100 G
b100 S
b100 e
b100 >
b100 H
b100 N
b100 +
b100 0
b100 <
b100 M
#1396001
b1100 ."
#1397000
b1101 $
b1101 4
b1101 8
b10 2
b10 9
b10 g
0o
b1101 3
b1101 :
b1101 T
1Z
1k
0m
0n
1Y
1j
b101 5
b101 D
b101 G
b101 S
b101 e
b101 >
b101 H
b101 N
b101 +
b101 0
b101 <
b101 M
#1397001
b1101 ."
#1398000
b1110 $
b1110 4
b1110 8
1o
b1 2
b1 9
b1 g
0x
0Z
b1110 3
b1110 :
b1110 T
1]
0k
1m
1n
1t
0v
0w
0Y
1\
0j
1s
b110 5
b110 D
b110 G
b110 S
b110 e
b110 >
b110 H
b110 N
b110 +
b110 0
b110 <
b110 M
#1398001
b1110 ."
#1399000
b1111 $
b1111 4
b1111 8
b0 2
b0 9
b0 g
0o
b1111 3
b1111 :
b1111 T
1Z
1k
0m
0n
1Y
1j
b111 5
b111 D
b111 G
b111 S
b111 e
b111 >
b111 H
b111 N
b111 +
b111 0
b111 <
b111 M
#1399001
b1111 ."
#1400000
0"
1!
b0 $
b0 4
b0 8
1o
1x
1#"
b1111 2
b1111 9
b1111 g
1,"
0Z
0]
0`
b0 3
b0 :
b0 T
0c
1#
0k
1m
1n
0t
1v
1w
0}
1!"
1""
1)"
1*"
0+"
0Y
0\
0_
1b
0j
0s
0|
1'"
b1000 5
b1000 D
b1000 G
b1000 S
b1000 e
b1000 >
b1000 H
b1000 N
b1000 +
b1000 0
b1000 <
b1000 M
#1400001
11"
00"
1/"
b10000 ."
#1401000
0!
b1 $
b1 4
b1 8
b1110 2
b1110 9
b1110 g
0o
b1 3
b1 :
b1 T
1Z
1k
0m
0n
1Y
1j
b1001 5
b1001 D
b1001 G
b1001 S
b1001 e
b1001 >
b1001 H
b1001 N
b1001 +
b1001 0
b1001 <
b1001 M
#1401001
01"
b10001 ."
#1402000
b10 $
b10 4
b10 8
1o
b1101 2
b1101 9
b1101 g
0x
0Z
b10 3
b10 :
b10 T
1]
0k
1m
1n
1t
0v
0w
0Y
1\
0j
1s
b1010 5
b1010 D
b1010 G
b1010 S
b1010 e
b1010 >
b1010 H
b1010 N
b1010 +
b1010 0
b1010 <
b1010 M
#1402001
b10010 ."
#1403000
b11 $
b11 4
b11 8
b1100 2
b1100 9
b1100 g
0o
b11 3
b11 :
b11 T
1Z
1k
0m
0n
1Y
1j
b1011 5
b1011 D
b1011 G
b1011 S
b1011 e
b1011 >
b1011 H
b1011 N
b1011 +
b1011 0
b1011 <
b1011 M
#1403001
b10011 ."
#1404000
b100 $
b100 4
b100 8
1o
1x
b1011 2
b1011 9
b1011 g
0#"
0Z
0]
b100 3
b100 :
b100 T
1`
0k
1m
1n
0t
1v
1w
1}
0!"
0""
0Y
0\
1_
0j
0s
1|
b1100 5
b1100 D
b1100 G
b1100 S
b1100 e
b1100 >
b1100 H
b1100 N
b1100 +
b1100 0
b1100 <
b1100 M
#1404001
b10100 ."
#1405000
b101 $
b101 4
b101 8
b1010 2
b1010 9
b1010 g
0o
b101 3
b101 :
b101 T
1Z
1k
0m
0n
1Y
1j
b1101 5
b1101 D
b1101 G
b1101 S
b1101 e
b1101 >
b1101 H
b1101 N
b1101 +
b1101 0
b1101 <
b1101 M
#1405001
b10101 ."
#1406000
b110 $
b110 4
b110 8
1o
b1001 2
b1001 9
b1001 g
0x
0Z
b110 3
b110 :
b110 T
1]
0k
1m
1n
1t
0v
0w
0Y
1\
0j
1s
b1110 5
b1110 D
b1110 G
b1110 S
b1110 e
b1110 >
b1110 H
b1110 N
b1110 +
b1110 0
b1110 <
b1110 M
#1406001
b10110 ."
#1407000
b111 $
b111 4
b111 8
b1000 2
b1000 9
b1000 g
0o
b111 3
b111 :
b111 T
1Z
1k
0m
0n
1Y
1j
b1111 5
b1111 D
b1111 G
b1111 S
b1111 e
b1111 >
b1111 H
b1111 N
b1111 +
b1111 0
b1111 <
b1111 M
#1407001
b10111 ."
#1408000
1"
b1001 $
b1001 4
b1001 8
0]
0`
b1001 3
b1001 :
b1001 T
1c
0#
0W
0V
0U
1n
1w
1""
1+"
0k
0l
0t
0u
0}
0~
0Y
0\
0_
0b
0j
0s
0|
0'"
0X
0[
0^
1a
0i
0r
0{
1&"
b0 5
b0 D
b0 G
b0 S
b0 e
b1000 6
b1000 E
b1000 Q
b1000 R
b1000 d
b0 >
b0 H
b0 N
b1000 *
b1000 /
b1000 ;
b1000 L
b1000 P
b0 +
b0 0
b0 <
b0 M
#1408001
10"
0/"
b1001 ."
#1409000
b1010 $
b1010 4
b1010 8
1]
b1001 2
b1001 9
b1001 g
1o
b1010 3
b1010 :
b1010 T
0Z
1W
1l
1m
0n
1Y
1j
b1 5
b1 D
b1 G
b1 S
b1 e
b1 >
b1 H
b1 N
b1 +
b1 0
b1 <
b1 M
#1409001
b1010 ."
#1410000
b1011 $
b1011 4
b1011 8
0`
0o
b1010 2
b1010 9
b1010 g
1x
1Z
0W
b1011 3
b1011 :
b1011 T
1]
0V
0l
0m
1n
1u
1v
0w
0Y
1\
0j
1s
b10 5
b10 D
b10 G
b10 S
b10 e
b10 >
b10 H
b10 N
b10 +
b10 0
b10 <
b10 M
#1410001
b1011 ."
#1411000
1`
b1100 $
b1100 4
b1100 8
0]
1V
b1011 2
b1011 9
b1011 g
1o
b1100 3
b1100 :
b1100 T
0Z
1W
1l
1m
0n
1Y
1j
b11 5
b11 D
b11 G
b11 S
b11 e
b11 >
b11 H
b11 N
b11 +
b11 0
b11 <
b11 M
#1411001
b1100 ."
#1412000
1"
b1101 $
b1101 4
b1101 8
1c
0#
0o
0x
b1100 2
b1100 9
b1100 g
1#"
1Z
0W
0]
0V
b1101 3
b1101 :
b1101 T
1`
0U
0l
0m
1n
0u
0v
1w
1~
1!"
0""
0Y
0\
1_
0j
0s
1|
b100 5
b100 D
b100 G
b100 S
b100 e
b100 >
b100 H
b100 N
b100 +
b100 0
b100 <
b100 M
#1412001
b1101 ."
#1413000
b1110 $
b1110 4
b1110 8
1]
b1101 2
b1101 9
b1101 g
1o
b1110 3
b1110 :
b1110 T
0Z
1W
1l
1m
0n
1Y
1j
b101 5
b101 D
b101 G
b101 S
b101 e
b101 >
b101 H
b101 N
b101 +
b101 0
b101 <
b101 M
#1413001
b1110 ."
#1414000
1"
1c
0#
b1111 $
b1111 4
b1111 8
1`
0U
0o
b1110 2
b1110 9
b1110 g
1x
1Z
0W
b1111 3
b1111 :
b1111 T
1]
0V
0l
0m
1n
1u
1v
0w
0Y
1\
0j
1s
b110 5
b110 D
b110 G
b110 S
b110 e
b110 >
b110 H
b110 N
b110 +
b110 0
b110 <
b110 M
#1414001
b1111 ."
#1415000
0"
1!
0c
1#
0`
1U
b0 $
b0 4
b0 8
0]
1V
b1111 2
b1111 9
b1111 g
1o
b0 3
b0 :
b0 T
0Z
1W
1l
1m
0n
1Y
1j
b111 5
b111 D
b111 G
b111 S
b111 e
b111 >
b111 H
b111 N
b111 +
b111 0
b111 <
b111 M
#1415001
11"
00"
1/"
b10000 ."
#1416000
0"
0!
b1 $
b1 4
b1 8
0o
0x
0#"
b0 2
b0 9
b0 g
0,"
1Z
0W
0]
0V
0`
0U
b1 3
b1 :
b1 T
0c
0l
0m
1n
0u
0v
1w
0~
0!"
1""
1("
0*"
0+"
0Y
0\
0_
1b
0j
0s
0|
1'"
b1000 5
b1000 D
b1000 G
b1000 S
b1000 e
b1000 >
b1000 H
b1000 N
b1000 +
b1000 0
b1000 <
b1000 M
#1416001
01"
b10001 ."
#1417000
b10 $
b10 4
b10 8
1]
b1 2
b1 9
b1 g
1o
b10 3
b10 :
b10 T
0Z
1W
1l
1m
0n
1Y
1j
b1001 5
b1001 D
b1001 G
b1001 S
b1001 e
b1001 >
b1001 H
b1001 N
b1001 +
b1001 0
b1001 <
b1001 M
#1417001
b10010 ."
#1418000
b11 $
b11 4
b11 8
0`
0o
b10 2
b10 9
b10 g
1x
1Z
0W
b11 3
b11 :
b11 T
1]
0V
0l
0m
1n
1u
1v
0w
0Y
1\
0j
1s
b1010 5
b1010 D
b1010 G
b1010 S
b1010 e
b1010 >
b1010 H
b1010 N
b1010 +
b1010 0
b1010 <
b1010 M
#1418001
b10011 ."
#1419000
1`
0!
b100 $
b100 4
b100 8
0]
1V
b11 2
b11 9
b11 g
1o
b100 3
b100 :
b100 T
0Z
1W
1l
1m
0n
1Y
1j
b1011 5
b1011 D
b1011 G
b1011 S
b1011 e
b1011 >
b1011 H
b1011 N
b1011 +
b1011 0
b1011 <
b1011 M
#1419001
b10100 ."
#1420000
0"
b101 $
b101 4
b101 8
0c
0o
0x
b100 2
b100 9
b100 g
1#"
1Z
0W
0]
0V
b101 3
b101 :
b101 T
1`
0U
0l
0m
1n
0u
0v
1w
1~
1!"
0""
0Y
0\
1_
0j
0s
1|
b1100 5
b1100 D
b1100 G
b1100 S
b1100 e
b1100 >
b1100 H
b1100 N
b1100 +
b1100 0
b1100 <
b1100 M
#1420001
b10101 ."
#1421000
b110 $
b110 4
b110 8
1]
b101 2
b101 9
b101 g
1o
b110 3
b110 :
b110 T
0Z
1W
1l
1m
0n
1Y
1j
b1101 5
b1101 D
b1101 G
b1101 S
b1101 e
b1101 >
b1101 H
b1101 N
b1101 +
b1101 0
b1101 <
b1101 M
#1421001
b10110 ."
#1422000
0"
0c
b111 $
b111 4
b111 8
1`
0U
0o
b110 2
b110 9
b110 g
1x
1Z
0W
b111 3
b111 :
b111 T
1]
0V
0l
0m
1n
1u
1v
0w
0Y
1\
0j
1s
b1110 5
b1110 D
b1110 G
b1110 S
b1110 e
b1110 >
b1110 H
b1110 N
b1110 +
b1110 0
b1110 <
b1110 M
#1422001
b10111 ."
#1423000
1"
1c
0`
1U
b1000 $
b1000 4
b1000 8
0]
1V
b111 2
b111 9
b111 g
1o
b1000 3
b1000 :
b1000 T
0Z
1W
1l
1m
0n
1Y
1j
b1111 5
b1111 D
b1111 G
b1111 S
b1111 e
b1111 >
b1111 H
b1111 N
b1111 +
b1111 0
b1111 <
b1111 M
#1423001
10"
b11000 ."
#1424000
1"
0#
b1010 $
b1010 4
b1010 8
0x
0#"
b1001 2
b1001 9
b1001 g
1,"
1]
0V
0`
0U
b1010 3
b1010 :
b1010 T
1c
1n
0u
0v
1w
0~
0!"
1""
0("
1*"
1+"
0Y
0\
0_
0b
0j
0s
0|
0'"
1X
1i
b0 5
b0 D
b0 G
b0 S
b0 e
b1001 6
b1001 E
b1001 Q
b1001 R
b1001 d
b0 >
b0 H
b0 N
b1001 *
b1001 /
b1001 ;
b1001 L
b1001 P
b0 +
b0 0
b0 <
b0 M
#1424001
0/"
b1010 ."
#1425000
b1011 $
b1011 4
b1011 8
b1000 2
b1000 9
b1000 g
0o
b1011 3
b1011 :
b1011 T
1Z
1k
0m
0n
1Y
1j
b1 5
b1 D
b1 G
b1 S
b1 e
b1 >
b1 H
b1 N
b1 +
b1 0
b1 <
b1 M
#1425001
b1011 ."
#1426000
b1100 $
b1100 4
b1100 8
1`
1o
b1011 2
b1011 9
b1011 g
1x
0Z
b1100 3
b1100 :
b1100 T
0]
1V
0k
1m
1n
1u
1v
0w
0Y
1\
0j
1s
b10 5
b10 D
b10 G
b10 S
b10 e
b10 >
b10 H
b10 N
b10 +
b10 0
b10 <
b10 M
#1426001
b1100 ."
#1427000
b1101 $
b1101 4
b1101 8
b1010 2
b1010 9
b1010 g
0o
b1101 3
b1101 :
b1101 T
1Z
1k
0m
0n
1Y
1j
b11 5
b11 D
b11 G
b11 S
b11 e
b11 >
b11 H
b11 N
b11 +
b11 0
b11 <
b11 M
#1427001
b1101 ."
#1428000
1"
b1110 $
b1110 4
b1110 8
1c
0#
1o
0x
b1101 2
b1101 9
b1101 g
1#"
0Z
1]
0V
b1110 3
b1110 :
b1110 T
1`
0U
0k
1m
1n
0u
0v
1w
1~
1!"
0""
0Y
0\
1_
0j
0s
1|
b100 5
b100 D
b100 G
b100 S
b100 e
b100 >
b100 H
b100 N
b100 +
b100 0
b100 <
b100 M
#1428001
b1110 ."
#1429000
b1111 $
b1111 4
b1111 8
b1100 2
b1100 9
b1100 g
0o
b1111 3
b1111 :
b1111 T
1Z
1k
0m
0n
1Y
1j
b101 5
b101 D
b101 G
b101 S
b101 e
b101 >
b101 H
b101 N
b101 +
b101 0
b101 <
b101 M
#1429001
b1111 ."
#1430000
0"
1!
0c
1#
b0 $
b0 4
b0 8
0`
1U
1o
b1111 2
b1111 9
b1111 g
1x
0Z
b0 3
b0 :
b0 T
0]
1V
0k
1m
1n
1u
1v
0w
0Y
1\
0j
1s
b110 5
b110 D
b110 G
b110 S
b110 e
b110 >
b110 H
b110 N
b110 +
b110 0
b110 <
b110 M
#1430001
11"
00"
1/"
b10000 ."
#1431000
0!
b1 $
b1 4
b1 8
b1110 2
b1110 9
b1110 g
0o
b1 3
b1 :
b1 T
1Z
1k
0m
0n
1Y
1j
b111 5
b111 D
b111 G
b111 S
b111 e
b111 >
b111 H
b111 N
b111 +
b111 0
b111 <
b111 M
#1431001
01"
b10001 ."
#1432000
0"
b10 $
b10 4
b10 8
1o
0x
0#"
b1 2
b1 9
b1 g
0,"
0Z
1]
0V
0`
0U
b10 3
b10 :
b10 T
0c
0k
1m
1n
0u
0v
1w
0~
0!"
1""
1("
0*"
0+"
0Y
0\
0_
1b
0j
0s
0|
1'"
b1000 5
b1000 D
b1000 G
b1000 S
b1000 e
b1000 >
b1000 H
b1000 N
b1000 +
b1000 0
b1000 <
b1000 M
#1432001
b10010 ."
#1433000
b11 $
b11 4
b11 8
b0 2
b0 9
b0 g
0o
b11 3
b11 :
b11 T
1Z
1k
0m
0n
1Y
1j
b1001 5
b1001 D
b1001 G
b1001 S
b1001 e
b1001 >
b1001 H
b1001 N
b1001 +
b1001 0
b1001 <
b1001 M
#1433001
b10011 ."
#1434000
b100 $
b100 4
b100 8
1`
1o
b11 2
b11 9
b11 g
1x
0Z
b100 3
b100 :
b100 T
0]
1V
0k
1m
1n
1u
1v
0w
0Y
1\
0j
1s
b1010 5
b1010 D
b1010 G
b1010 S
b1010 e
b1010 >
b1010 H
b1010 N
b1010 +
b1010 0
b1010 <
b1010 M
#1434001
b10100 ."
#1435000
b101 $
b101 4
b101 8
b10 2
b10 9
b10 g
0o
b101 3
b101 :
b101 T
1Z
1k
0m
0n
1Y
1j
b1011 5
b1011 D
b1011 G
b1011 S
b1011 e
b1011 >
b1011 H
b1011 N
b1011 +
b1011 0
b1011 <
b1011 M
#1435001
b10101 ."
#1436000
0"
b110 $
b110 4
b110 8
0c
1o
0x
b101 2
b101 9
b101 g
1#"
0Z
1]
0V
b110 3
b110 :
b110 T
1`
0U
0k
1m
1n
0u
0v
1w
1~
1!"
0""
0Y
0\
1_
0j
0s
1|
b1100 5
b1100 D
b1100 G
b1100 S
b1100 e
b1100 >
b1100 H
b1100 N
b1100 +
b1100 0
b1100 <
b1100 M
#1436001
b10110 ."
#1437000
b111 $
b111 4
b111 8
b100 2
b100 9
b100 g
0o
b111 3
b111 :
b111 T
1Z
1k
0m
0n
1Y
1j
b1101 5
b1101 D
b1101 G
b1101 S
b1101 e
b1101 >
b1101 H
b1101 N
b1101 +
b1101 0
b1101 <
b1101 M
#1437001
b10111 ."
#1438000
1"
1c
0!
b1000 $
b1000 4
b1000 8
0`
1U
1o
b111 2
b111 9
b111 g
1x
0Z
b1000 3
b1000 :
b1000 T
0]
1V
0k
1m
1n
1u
1v
0w
0Y
1\
0j
1s
b1110 5
b1110 D
b1110 G
b1110 S
b1110 e
b1110 >
b1110 H
b1110 N
b1110 +
b1110 0
b1110 <
b1110 M
#1438001
10"
b11000 ."
#1439000
b1001 $
b1001 4
b1001 8
b110 2
b110 9
b110 g
0o
b1001 3
b1001 :
b1001 T
1Z
1k
0m
0n
1Y
1j
b1111 5
b1111 D
b1111 G
b1111 S
b1111 e
b1111 >
b1111 H
b1111 N
b1111 +
b1111 0
b1111 <
b1111 M
#1439001
b11001 ."
#1440000
1"
1]
0V
0#
b1011 $
b1011 4
b1011 8
0#"
b1010 2
b1010 9
b1010 g
1,"
0W
0`
0U
b1011 3
b1011 :
b1011 T
1c
1n
1w
0~
0!"
1""
0("
1*"
1+"
0k
0l
0Y
0\
0_
0b
0j
0s
0|
0'"
0X
1[
0i
1r
b0 5
b0 D
b0 G
b0 S
b0 e
b1010 6
b1010 E
b1010 Q
b1010 R
b1010 d
b0 >
b0 H
b0 N
b1010 *
b1010 /
b1010 ;
b1010 L
b1010 P
b0 +
b0 0
b0 <
b0 M
#1440001
0/"
b1011 ."
#1441000
1`
b1100 $
b1100 4
b1100 8
0]
1V
b1011 2
b1011 9
b1011 g
1o
b1100 3
b1100 :
b1100 T
0Z
1W
1l
1m
0n
1Y
1j
b1 5
b1 D
b1 G
b1 S
b1 e
b1 >
b1 H
b1 N
b1 +
b1 0
b1 <
b1 M
#1441001
b1100 ."
#1442000
b1101 $
b1101 4
b1101 8
0o
b1000 2
b1000 9
b1000 g
0x
1Z
0W
b1101 3
b1101 :
b1101 T
0]
0l
0m
1n
1t
0v
0w
0Y
1\
0j
1s
b10 5
b10 D
b10 G
b10 S
b10 e
b10 >
b10 H
b10 N
b10 +
b10 0
b10 <
b10 M
#1442001
b1101 ."
#1443000
b1110 $
b1110 4
b1110 8
1]
b1001 2
b1001 9
b1001 g
1o
b1110 3
b1110 :
b1110 T
0Z
1W
1l
1m
0n
1Y
1j
b11 5
b11 D
b11 G
b11 S
b11 e
b11 >
b11 H
b11 N
b11 +
b11 0
b11 <
b11 M
#1443001
b1110 ."
#1444000
1"
0V
b1111 $
b1111 4
b1111 8
1c
0#
0o
1x
b1110 2
b1110 9
b1110 g
1#"
1Z
0W
1]
b1111 3
b1111 :
b1111 T
1`
0U
0l
0m
1n
0t
1v
1w
1~
1!"
0""
0Y
0\
1_
0j
0s
1|
b100 5
b100 D
b100 G
b100 S
b100 e
b100 >
b100 H
b100 N
b100 +
b100 0
b100 <
b100 M
#1444001
b1111 ."
#1445000
0"
1!
0c
1#
0`
1U
b0 $
b0 4
b0 8
0]
1V
b1111 2
b1111 9
b1111 g
1o
b0 3
b0 :
b0 T
0Z
1W
1l
1m
0n
1Y
1j
b101 5
b101 D
b101 G
b101 S
b101 e
b101 >
b101 H
b101 N
b101 +
b101 0
b101 <
b101 M
#1445001
11"
00"
1/"
b10000 ."
#1446000
0!
b1 $
b1 4
b1 8
0o
b1100 2
b1100 9
b1100 g
0x
1Z
0W
b1 3
b1 :
b1 T
0]
0l
0m
1n
1t
0v
0w
0Y
1\
0j
1s
b110 5
b110 D
b110 G
b110 S
b110 e
b110 >
b110 H
b110 N
b110 +
b110 0
b110 <
b110 M
#1446001
01"
b10001 ."
#1447000
b10 $
b10 4
b10 8
1]
b1101 2
b1101 9
b1101 g
1o
b10 3
b10 :
b10 T
0Z
1W
1l
1m
0n
1Y
1j
b111 5
b111 D
b111 G
b111 S
b111 e
b111 >
b111 H
b111 N
b111 +
b111 0
b111 <
b111 M
#1447001
b10010 ."
#1448000
0"
0V
b11 $
b11 4
b11 8
0o
1x
0#"
b10 2
b10 9
b10 g
0,"
1Z
0W
1]
0`
0U
b11 3
b11 :
b11 T
0c
0l
0m
1n
0t
1v
1w
0~
0!"
1""
1("
0*"
0+"
0Y
0\
0_
1b
0j
0s
0|
1'"
b1000 5
b1000 D
b1000 G
b1000 S
b1000 e
b1000 >
b1000 H
b1000 N
b1000 +
b1000 0
b1000 <
b1000 M
#1448001
b10011 ."
#1449000
1`
0!
b100 $
b100 4
b100 8
0]
1V
b11 2
b11 9
b11 g
1o
b100 3
b100 :
b100 T
0Z
1W
1l
1m
0n
1Y
1j
b1001 5
b1001 D
b1001 G
b1001 S
b1001 e
b1001 >
b1001 H
b1001 N
b1001 +
b1001 0
b1001 <
b1001 M
#1449001
b10100 ."
#1450000
b101 $
b101 4
b101 8
0o
b0 2
b0 9
b0 g
0x
1Z
0W
b101 3
b101 :
b101 T
0]
0l
0m
1n
1t
0v
0w
0Y
1\
0j
1s
b1010 5
b1010 D
b1010 G
b1010 S
b1010 e
b1010 >
b1010 H
b1010 N
b1010 +
b1010 0
b1010 <
b1010 M
#1450001
b10101 ."
#1451000
b110 $
b110 4
b110 8
1]
b1 2
b1 9
b1 g
1o
b110 3
b110 :
b110 T
0Z
1W
1l
1m
0n
1Y
1j
b1011 5
b1011 D
b1011 G
b1011 S
b1011 e
b1011 >
b1011 H
b1011 N
b1011 +
b1011 0
b1011 <
b1011 M
#1451001
b10110 ."
#1452000
0"
0V
b111 $
b111 4
b111 8
0c
0o
1x
b110 2
b110 9
b110 g
1#"
1Z
0W
1]
b111 3
b111 :
b111 T
1`
0U
0l
0m
1n
0t
1v
1w
1~
1!"
0""
0Y
0\
1_
0j
0s
1|
b1100 5
b1100 D
b1100 G
b1100 S
b1100 e
b1100 >
b1100 H
b1100 N
b1100 +
b1100 0
b1100 <
b1100 M
#1452001
b10111 ."
#1453000
1"
1c
0`
1U
b1000 $
b1000 4
b1000 8
0]
1V
b111 2
b111 9
b111 g
1o
b1000 3
b1000 :
b1000 T
0Z
1W
1l
1m
0n
1Y
1j
b1101 5
b1101 D
b1101 G
b1101 S
b1101 e
b1101 >
b1101 H
b1101 N
b1101 +
b1101 0
b1101 <
b1101 M
#1453001
10"
b11000 ."
#1454000
b1001 $
b1001 4
b1001 8
0o
b100 2
b100 9
b100 g
0x
1Z
0W
b1001 3
b1001 :
b1001 T
0]
0l
0m
1n
1t
0v
0w
0Y
1\
0j
1s
b1110 5
b1110 D
b1110 G
b1110 S
b1110 e
b1110 >
b1110 H
b1110 N
b1110 +
b1110 0
b1110 <
b1110 M
#1454001
b11001 ."
#1455000
b1010 $
b1010 4
b1010 8
1]
b101 2
b101 9
b101 g
1o
b1010 3
b1010 :
b1010 T
0Z
1W
1l
1m
0n
1Y
1j
b1111 5
b1111 D
b1111 G
b1111 S
b1111 e
b1111 >
b1111 H
b1111 N
b1111 +
b1111 0
b1111 <
b1111 M
#1455001
b11010 ."
#1456000
1"
0#
b1100 $
b1100 4
b1100 8
1x
0#"
b1011 2
b1011 9
b1011 g
1,"
0]
1`
0U
b1100 3
b1100 :
b1100 T
1c
1n
0t
1v
1w
0~
0!"
1""
0("
1*"
1+"
0Y
0\
0_
0b
0j
0s
0|
0'"
1X
1i
b0 5
b0 D
b0 G
b0 S
b0 e
b1011 6
b1011 E
b1011 Q
b1011 R
b1011 d
b0 >
b0 H
b0 N
b1011 *
b1011 /
b1011 ;
b1011 L
b1011 P
b0 +
b0 0
b0 <
b0 M
#1456001
0/"
b1100 ."
#1457000
b1101 $
b1101 4
b1101 8
b1010 2
b1010 9
b1010 g
0o
b1101 3
b1101 :
b1101 T
1Z
1k
0m
0n
1Y
1j
b1 5
b1 D
b1 G
b1 S
b1 e
b1 >
b1 H
b1 N
b1 +
b1 0
b1 <
b1 M
#1457001
b1101 ."
#1458000
b1110 $
b1110 4
b1110 8
1o
b1001 2
b1001 9
b1001 g
0x
0Z
b1110 3
b1110 :
b1110 T
1]
0k
1m
1n
1t
0v
0w
0Y
1\
0j
1s
b10 5
b10 D
b10 G
b10 S
b10 e
b10 >
b10 H
b10 N
b10 +
b10 0
b10 <
b10 M
#1458001
b1110 ."
#1459000
b1111 $
b1111 4
b1111 8
b1000 2
b1000 9
b1000 g
0o
b1111 3
b1111 :
b1111 T
1Z
1k
0m
0n
1Y
1j
b11 5
b11 D
b11 G
b11 S
b11 e
b11 >
b11 H
b11 N
b11 +
b11 0
b11 <
b11 M
#1459001
b1111 ."
#1460000
0"
1!
b0 $
b0 4
b0 8
0c
1#
1o
1x
b1111 2
b1111 9
b1111 g
1#"
0Z
0]
b0 3
b0 :
b0 T
0`
1U
0k
1m
1n
0t
1v
1w
1~
1!"
0""
0Y
0\
1_
0j
0s
1|
b100 5
b100 D
b100 G
b100 S
b100 e
b100 >
b100 H
b100 N
b100 +
b100 0
b100 <
b100 M
#1460001
11"
00"
1/"
b10000 ."
#1461000
0!
b1 $
b1 4
b1 8
b1110 2
b1110 9
b1110 g
0o
b1 3
b1 :
b1 T
1Z
1k
0m
0n
1Y
1j
b101 5
b101 D
b101 G
b101 S
b101 e
b101 >
b101 H
b101 N
b101 +
b101 0
b101 <
b101 M
#1461001
01"
b10001 ."
#1462000
b10 $
b10 4
b10 8
1o
b1101 2
b1101 9
b1101 g
0x
0Z
b10 3
b10 :
b10 T
1]
0k
1m
1n
1t
0v
0w
0Y
1\
0j
1s
b110 5
b110 D
b110 G
b110 S
b110 e
b110 >
b110 H
b110 N
b110 +
b110 0
b110 <
b110 M
#1462001
b10010 ."
#1463000
b11 $
b11 4
b11 8
b1100 2
b1100 9
b1100 g
0o
b11 3
b11 :
b11 T
1Z
1k
0m
0n
1Y
1j
b111 5
b111 D
b111 G
b111 S
b111 e
b111 >
b111 H
b111 N
b111 +
b111 0
b111 <
b111 M
#1463001
b10011 ."
#1464000
0"
b100 $
b100 4
b100 8
1o
1x
0#"
b11 2
b11 9
b11 g
0,"
0Z
0]
1`
0U
b100 3
b100 :
b100 T
0c
0k
1m
1n
0t
1v
1w
0~
0!"
1""
1("
0*"
0+"
0Y
0\
0_
1b
0j
0s
0|
1'"
b1000 5
b1000 D
b1000 G
b1000 S
b1000 e
b1000 >
b1000 H
b1000 N
b1000 +
b1000 0
b1000 <
b1000 M
#1464001
b10100 ."
#1465000
b101 $
b101 4
b101 8
b10 2
b10 9
b10 g
0o
b101 3
b101 :
b101 T
1Z
1k
0m
0n
1Y
1j
b1001 5
b1001 D
b1001 G
b1001 S
b1001 e
b1001 >
b1001 H
b1001 N
b1001 +
b1001 0
b1001 <
b1001 M
#1465001
b10101 ."
#1466000
b110 $
b110 4
b110 8
1o
b1 2
b1 9
b1 g
0x
0Z
b110 3
b110 :
b110 T
1]
0k
1m
1n
1t
0v
0w
0Y
1\
0j
1s
b1010 5
b1010 D
b1010 G
b1010 S
b1010 e
b1010 >
b1010 H
b1010 N
b1010 +
b1010 0
b1010 <
b1010 M
#1466001
b10110 ."
#1467000
b111 $
b111 4
b111 8
b0 2
b0 9
b0 g
0o
b111 3
b111 :
b111 T
1Z
1k
0m
0n
1Y
1j
b1011 5
b1011 D
b1011 G
b1011 S
b1011 e
b1011 >
b1011 H
b1011 N
b1011 +
b1011 0
b1011 <
b1011 M
#1467001
b10111 ."
#1468000
1"
b1000 $
b1000 4
b1000 8
1c
1o
1x
b111 2
b111 9
b111 g
1#"
0Z
0]
b1000 3
b1000 :
b1000 T
0`
1U
0k
1m
1n
0t
1v
1w
1~
1!"
0""
0Y
0\
1_
0j
0s
1|
b1100 5
b1100 D
b1100 G
b1100 S
b1100 e
b1100 >
b1100 H
b1100 N
b1100 +
b1100 0
b1100 <
b1100 M
#1468001
10"
b11000 ."
#1469000
b1001 $
b1001 4
b1001 8
b110 2
b110 9
b110 g
0o
b1001 3
b1001 :
b1001 T
1Z
1k
0m
0n
1Y
1j
b1101 5
b1101 D
b1101 G
b1101 S
b1101 e
b1101 >
b1101 H
b1101 N
b1101 +
b1101 0
b1101 <
b1101 M
#1469001
b11001 ."
#1470000
b1010 $
b1010 4
b1010 8
1o
b101 2
b101 9
b101 g
0x
0Z
b1010 3
b1010 :
b1010 T
1]
0k
1m
1n
1t
0v
0w
0Y
1\
0j
1s
b1110 5
b1110 D
b1110 G
b1110 S
b1110 e
b1110 >
b1110 H
b1110 N
b1110 +
b1110 0
b1110 <
b1110 M
#1470001
b11010 ."
#1471000
b1011 $
b1011 4
b1011 8
b100 2
b100 9
b100 g
0o
b1011 3
b1011 :
b1011 T
1Z
1k
0m
0n
1Y
1j
b1111 5
b1111 D
b1111 G
b1111 S
b1111 e
b1111 >
b1111 H
b1111 N
b1111 +
b1111 0
b1111 <
b1111 M
#1471001
b11011 ."
#1472000
0#
1"
0]
1`
0U
b1101 $
b1101 4
b1101 8
b1100 2
b1100 9
b1100 g
1,"
0W
0V
b1101 3
b1101 :
b1101 T
1c
1n
1w
1""
0("
1*"
1+"
0k
0l
0t
0u
0Y
0\
0_
0b
0j
0s
0|
0'"
0X
0[
1^
0i
0r
1{
b0 5
b0 D
b0 G
b0 S
b0 e
b1100 6
b1100 E
b1100 Q
b1100 R
b1100 d
b0 >
b0 H
b0 N
b1100 *
b1100 /
b1100 ;
b1100 L
b1100 P
b0 +
b0 0
b0 <
b0 M
#1472001
0/"
b1101 ."
#1473000
b1110 $
b1110 4
b1110 8
1]
b1101 2
b1101 9
b1101 g
1o
b1110 3
b1110 :
b1110 T
0Z
1W
1l
1m
0n
1Y
1j
b1 5
b1 D
b1 G
b1 S
b1 e
b1 >
b1 H
b1 N
b1 +
b1 0
b1 <
b1 M
#1473001
b1110 ."
#1474000
1"
1c
0#
b1111 $
b1111 4
b1111 8
1`
0U
0o
b1110 2
b1110 9
b1110 g
1x
1Z
0W
b1111 3
b1111 :
b1111 T
1]
0V
0l
0m
1n
1u
1v
0w
0Y
1\
0j
1s
b10 5
b10 D
b10 G
b10 S
b10 e
b10 >
b10 H
b10 N
b10 +
b10 0
b10 <
b10 M
#1474001
b1111 ."
#1475000
0"
1!
0c
1#
0`
1U
b0 $
b0 4
b0 8
0]
1V
b1111 2
b1111 9
b1111 g
1o
b0 3
b0 :
b0 T
0Z
1W
1l
1m
0n
1Y
1j
b11 5
b11 D
b11 G
b11 S
b11 e
b11 >
b11 H
b11 N
b11 +
b11 0
b11 <
b11 M
#1475001
11"
00"
1/"
b10000 ."
#1476000
0!
b1 $
b1 4
b1 8
0o
0x
b1000 2
b1000 9
b1000 g
0#"
1Z
0W
0]
0V
b1 3
b1 :
b1 T
0`
0l
0m
1n
0u
0v
1w
1}
0!"
0""
0Y
0\
1_
0j
0s
1|
b100 5
b100 D
b100 G
b100 S
b100 e
b100 >
b100 H
b100 N
b100 +
b100 0
b100 <
b100 M
#1476001
01"
b10001 ."
#1477000
b10 $
b10 4
b10 8
1]
b1001 2
b1001 9
b1001 g
1o
b10 3
b10 :
b10 T
0Z
1W
1l
1m
0n
1Y
1j
b101 5
b101 D
b101 G
b101 S
b101 e
b101 >
b101 H
b101 N
b101 +
b101 0
b101 <
b101 M
#1477001
b10010 ."
#1478000
b11 $
b11 4
b11 8
0`
0o
b1010 2
b1010 9
b1010 g
1x
1Z
0W
b11 3
b11 :
b11 T
1]
0V
0l
0m
1n
1u
1v
0w
0Y
1\
0j
1s
b110 5
b110 D
b110 G
b110 S
b110 e
b110 >
b110 H
b110 N
b110 +
b110 0
b110 <
b110 M
#1478001
b10011 ."
#1479000
1`
0!
b100 $
b100 4
b100 8
0]
1V
b1011 2
b1011 9
b1011 g
1o
b100 3
b100 :
b100 T
0Z
1W
1l
1m
0n
1Y
1j
b111 5
b111 D
b111 G
b111 S
b111 e
b111 >
b111 H
b111 N
b111 +
b111 0
b111 <
b111 M
#1479001
b10100 ."
#1480000
0"
0U
b101 $
b101 4
b101 8
0o
0x
1#"
b100 2
b100 9
b100 g
0,"
1Z
0W
0]
0V
1`
b101 3
b101 :
b101 T
0c
0l
0m
1n
0u
0v
1w
0}
1!"
1""
1("
0*"
0+"
0Y
0\
0_
1b
0j
0s
0|
1'"
b1000 5
b1000 D
b1000 G
b1000 S
b1000 e
b1000 >
b1000 H
b1000 N
b1000 +
b1000 0
b1000 <
b1000 M
#1480001
b10101 ."
#1481000
b110 $
b110 4
b110 8
1]
b101 2
b101 9
b101 g
1o
b110 3
b110 :
b110 T
0Z
1W
1l
1m
0n
1Y
1j
b1001 5
b1001 D
b1001 G
b1001 S
b1001 e
b1001 >
b1001 H
b1001 N
b1001 +
b1001 0
b1001 <
b1001 M
#1481001
b10110 ."
#1482000
0"
0c
b111 $
b111 4
b111 8
1`
0U
0o
b110 2
b110 9
b110 g
1x
1Z
0W
b111 3
b111 :
b111 T
1]
0V
0l
0m
1n
1u
1v
0w
0Y
1\
0j
1s
b1010 5
b1010 D
b1010 G
b1010 S
b1010 e
b1010 >
b1010 H
b1010 N
b1010 +
b1010 0
b1010 <
b1010 M
#1482001
b10111 ."
#1483000
1"
1c
0`
1U
b1000 $
b1000 4
b1000 8
0]
1V
b111 2
b111 9
b111 g
1o
b1000 3
b1000 :
b1000 T
0Z
1W
1l
1m
0n
1Y
1j
b1011 5
b1011 D
b1011 G
b1011 S
b1011 e
b1011 >
b1011 H
b1011 N
b1011 +
b1011 0
b1011 <
b1011 M
#1483001
10"
b11000 ."
#1484000
b1001 $
b1001 4
b1001 8
0o
0x
b0 2
b0 9
b0 g
0#"
1Z
0W
0]
0V
b1001 3
b1001 :
b1001 T
0`
0l
0m
1n
0u
0v
1w
1}
0!"
0""
0Y
0\
1_
0j
0s
1|
b1100 5
b1100 D
b1100 G
b1100 S
b1100 e
b1100 >
b1100 H
b1100 N
b1100 +
b1100 0
b1100 <
b1100 M
#1484001
b11001 ."
#1485000
b1010 $
b1010 4
b1010 8
1]
b1 2
b1 9
b1 g
1o
b1010 3
b1010 :
b1010 T
0Z
1W
1l
1m
0n
1Y
1j
b1101 5
b1101 D
b1101 G
b1101 S
b1101 e
b1101 >
b1101 H
b1101 N
b1101 +
b1101 0
b1101 <
b1101 M
#1485001
b11010 ."
#1486000
b1011 $
b1011 4
b1011 8
0`
0o
b10 2
b10 9
b10 g
1x
1Z
0W
b1011 3
b1011 :
b1011 T
1]
0V
0l
0m
1n
1u
1v
0w
0Y
1\
0j
1s
b1110 5
b1110 D
b1110 G
b1110 S
b1110 e
b1110 >
b1110 H
b1110 N
b1110 +
b1110 0
b1110 <
b1110 M
#1486001
b11011 ."
#1487000
1`
b1100 $
b1100 4
b1100 8
0]
1V
b11 2
b11 9
b11 g
1o
b1100 3
b1100 :
b1100 T
0Z
1W
1l
1m
0n
1Y
1j
b1111 5
b1111 D
b1111 G
b1111 S
b1111 e
b1111 >
b1111 H
b1111 N
b1111 +
b1111 0
b1111 <
b1111 M
#1487001
b11100 ."
#1488000
0#
1"
0U
b1110 $
b1110 4
b1110 8
0x
1#"
b1101 2
b1101 9
b1101 g
1,"
1]
0V
1`
b1110 3
b1110 :
b1110 T
1c
1n
0u
0v
1w
0}
1!"
1""
0("
1*"
1+"
0Y
0\
0_
0b
0j
0s
0|
0'"
1X
1i
b0 5
b0 D
b0 G
b0 S
b0 e
b1101 6
b1101 E
b1101 Q
b1101 R
b1101 d
b0 >
b0 H
b0 N
b1101 *
b1101 /
b1101 ;
b1101 L
b1101 P
b0 +
b0 0
b0 <
b0 M
#1488001
0/"
b1110 ."
#1489000
b1111 $
b1111 4
b1111 8
b1100 2
b1100 9
b1100 g
0o
b1111 3
b1111 :
b1111 T
1Z
1k
0m
0n
1Y
1j
b1 5
b1 D
b1 G
b1 S
b1 e
b1 >
b1 H
b1 N
b1 +
b1 0
b1 <
b1 M
#1489001
b1111 ."
#1490000
0"
1!
0c
1#
b0 $
b0 4
b0 8
0`
1U
1o
b1111 2
b1111 9
b1111 g
1x
0Z
b0 3
b0 :
b0 T
0]
1V
0k
1m
1n
1u
1v
0w
0Y
1\
0j
1s
b10 5
b10 D
b10 G
b10 S
b10 e
b10 >
b10 H
b10 N
b10 +
b10 0
b10 <
b10 M
#1490001
11"
00"
1/"
b10000 ."
#1491000
0!
b1 $
b1 4
b1 8
b1110 2
b1110 9
b1110 g
0o
b1 3
b1 :
b1 T
1Z
1k
0m
0n
1Y
1j
b11 5
b11 D
b11 G
b11 S
b11 e
b11 >
b11 H
b11 N
b11 +
b11 0
b11 <
b11 M
#1491001
01"
b10001 ."
#1492000
b10 $
b10 4
b10 8
1o
0x
b1001 2
b1001 9
b1001 g
0#"
0Z
1]
0V
b10 3
b10 :
b10 T
0`
0k
1m
1n
0u
0v
1w
1}
0!"
0""
0Y
0\
1_
0j
0s
1|
b100 5
b100 D
b100 G
b100 S
b100 e
b100 >
b100 H
b100 N
b100 +
b100 0
b100 <
b100 M
#1492001
b10010 ."
#1493000
b11 $
b11 4
b11 8
b1000 2
b1000 9
b1000 g
0o
b11 3
b11 :
b11 T
1Z
1k
0m
0n
1Y
1j
b101 5
b101 D
b101 G
b101 S
b101 e
b101 >
b101 H
b101 N
b101 +
b101 0
b101 <
b101 M
#1493001
b10011 ."
#1494000
b100 $
b100 4
b100 8
1`
1o
b1011 2
b1011 9
b1011 g
1x
0Z
b100 3
b100 :
b100 T
0]
1V
0k
1m
1n
1u
1v
0w
0Y
1\
0j
1s
b110 5
b110 D
b110 G
b110 S
b110 e
b110 >
b110 H
b110 N
b110 +
b110 0
b110 <
b110 M
#1494001
b10100 ."
#1495000
b101 $
b101 4
b101 8
b1010 2
b1010 9
b1010 g
0o
b101 3
b101 :
b101 T
1Z
1k
0m
0n
1Y
1j
b111 5
b111 D
b111 G
b111 S
b111 e
b111 >
b111 H
b111 N
b111 +
b111 0
b111 <
b111 M
#1495001
b10101 ."
#1496000
0"
0U
b110 $
b110 4
b110 8
1o
0x
1#"
b101 2
b101 9
b101 g
0,"
0Z
1]
0V
1`
b110 3
b110 :
b110 T
0c
0k
1m
1n
0u
0v
1w
0}
1!"
1""
1("
0*"
0+"
0Y
0\
0_
1b
0j
0s
0|
1'"
b1000 5
b1000 D
b1000 G
b1000 S
b1000 e
b1000 >
b1000 H
b1000 N
b1000 +
b1000 0
b1000 <
b1000 M
#1496001
b10110 ."
#1497000
b111 $
b111 4
b111 8
b100 2
b100 9
b100 g
0o
b111 3
b111 :
b111 T
1Z
1k
0m
0n
1Y
1j
b1001 5
b1001 D
b1001 G
b1001 S
b1001 e
b1001 >
b1001 H
b1001 N
b1001 +
b1001 0
b1001 <
b1001 M
#1497001
b10111 ."
#1498000
1"
1c
0!
b1000 $
b1000 4
b1000 8
0`
1U
1o
b111 2
b111 9
b111 g
1x
0Z
b1000 3
b1000 :
b1000 T
0]
1V
0k
1m
1n
1u
1v
0w
0Y
1\
0j
1s
b1010 5
b1010 D
b1010 G
b1010 S
b1010 e
b1010 >
b1010 H
b1010 N
b1010 +
b1010 0
b1010 <
b1010 M
#1498001
10"
b11000 ."
#1499000
b1001 $
b1001 4
b1001 8
b110 2
b110 9
b110 g
0o
b1001 3
b1001 :
b1001 T
1Z
1k
0m
0n
1Y
1j
b1011 5
b1011 D
b1011 G
b1011 S
b1011 e
b1011 >
b1011 H
b1011 N
b1011 +
b1011 0
b1011 <
b1011 M
#1499001
b11001 ."
#1500000
b1010 $
b1010 4
b1010 8
1o
0x
b1 2
b1 9
b1 g
0#"
0Z
1]
0V
b1010 3
b1010 :
b1010 T
0`
0k
1m
1n
0u
0v
1w
1}
0!"
0""
0Y
0\
1_
0j
0s
1|
b1100 5
b1100 D
b1100 G
b1100 S
b1100 e
b1100 >
b1100 H
b1100 N
b1100 +
b1100 0
b1100 <
b1100 M
#1500001
b11010 ."
#1501000
b1011 $
b1011 4
b1011 8
b0 2
b0 9
b0 g
0o
b1011 3
b1011 :
b1011 T
1Z
1k
0m
0n
1Y
1j
b1101 5
b1101 D
b1101 G
b1101 S
b1101 e
b1101 >
b1101 H
b1101 N
b1101 +
b1101 0
b1101 <
b1101 M
#1501001
b11011 ."
#1502000
b1100 $
b1100 4
b1100 8
1`
1o
b11 2
b11 9
b11 g
1x
0Z
b1100 3
b1100 :
b1100 T
0]
1V
0k
1m
1n
1u
1v
0w
0Y
1\
0j
1s
b1110 5
b1110 D
b1110 G
b1110 S
b1110 e
b1110 >
b1110 H
b1110 N
b1110 +
b1110 0
b1110 <
b1110 M
#1502001
b11100 ."
#1503000
b1101 $
b1101 4
b1101 8
b10 2
b10 9
b10 g
0o
b1101 3
b1101 :
b1101 T
1Z
1k
0m
0n
1Y
1j
b1111 5
b1111 D
b1111 G
b1111 S
b1111 e
b1111 >
b1111 H
b1111 N
b1111 +
b1111 0
b1111 <
b1111 M
#1503001
b11101 ."
#1504000
0#
0U
1"
1]
0V
b1111 $
b1111 4
b1111 8
1#"
b1110 2
b1110 9
b1110 g
1,"
0W
1`
b1111 3
b1111 :
b1111 T
1c
1n
1w
0}
1!"
1""
0("
1*"
1+"
0k
0l
0Y
0\
0_
0b
0j
0s
0|
0'"
0X
1[
0i
1r
b0 5
b0 D
b0 G
b0 S
b0 e
b1110 6
b1110 E
b1110 Q
b1110 R
b1110 d
b0 >
b0 H
b0 N
b1110 *
b1110 /
b1110 ;
b1110 L
b1110 P
b0 +
b0 0
b0 <
b0 M
#1504001
0/"
b1111 ."
#1505000
0"
1!
0c
1#
0`
1U
b0 $
b0 4
b0 8
0]
1V
b1111 2
b1111 9
b1111 g
1o
b0 3
b0 :
b0 T
0Z
1W
1l
1m
0n
1Y
1j
b1 5
b1 D
b1 G
b1 S
b1 e
b1 >
b1 H
b1 N
b1 +
b1 0
b1 <
b1 M
#1505001
11"
00"
1/"
b10000 ."
#1506000
0!
b1 $
b1 4
b1 8
0o
b1100 2
b1100 9
b1100 g
0x
1Z
0W
b1 3
b1 :
b1 T
0]
0l
0m
1n
1t
0v
0w
0Y
1\
0j
1s
b10 5
b10 D
b10 G
b10 S
b10 e
b10 >
b10 H
b10 N
b10 +
b10 0
b10 <
b10 M
#1506001
01"
b10001 ."
#1507000
b10 $
b10 4
b10 8
1]
b1101 2
b1101 9
b1101 g
1o
b10 3
b10 :
b10 T
0Z
1W
1l
1m
0n
1Y
1j
b11 5
b11 D
b11 G
b11 S
b11 e
b11 >
b11 H
b11 N
b11 +
b11 0
b11 <
b11 M
#1507001
b10010 ."
#1508000
0V
b11 $
b11 4
b11 8
0o
1x
b1010 2
b1010 9
b1010 g
0#"
1Z
0W
1]
b11 3
b11 :
b11 T
0`
0l
0m
1n
0t
1v
1w
1}
0!"
0""
0Y
0\
1_
0j
0s
1|
b100 5
b100 D
b100 G
b100 S
b100 e
b100 >
b100 H
b100 N
b100 +
b100 0
b100 <
b100 M
#1508001
b10011 ."
#1509000
1`
0!
b100 $
b100 4
b100 8
0]
1V
b1011 2
b1011 9
b1011 g
1o
b100 3
b100 :
b100 T
0Z
1W
1l
1m
0n
1Y
1j
b101 5
b101 D
b101 G
b101 S
b101 e
b101 >
b101 H
b101 N
b101 +
b101 0
b101 <
b101 M
#1509001
b10100 ."
#1510000
b101 $
b101 4
b101 8
0o
b1000 2
b1000 9
b1000 g
0x
1Z
0W
b101 3
b101 :
b101 T
0]
0l
0m
1n
1t
0v
0w
0Y
1\
0j
1s
b110 5
b110 D
b110 G
b110 S
b110 e
b110 >
b110 H
b110 N
b110 +
b110 0
b110 <
b110 M
#1510001
b10101 ."
#1511000
b110 $
b110 4
b110 8
1]
b1001 2
b1001 9
b1001 g
1o
b110 3
b110 :
b110 T
0Z
1W
1l
1m
0n
1Y
1j
b111 5
b111 D
b111 G
b111 S
b111 e
b111 >
b111 H
b111 N
b111 +
b111 0
b111 <
b111 M
#1511001
b10110 ."
#1512000
0U
0"
0V
b111 $
b111 4
b111 8
0o
1x
1#"
b110 2
b110 9
b110 g
0,"
1Z
0W
1]
1`
b111 3
b111 :
b111 T
0c
0l
0m
1n
0t
1v
1w
0}
1!"
1""
1("
0*"
0+"
0Y
0\
0_
1b
0j
0s
0|
1'"
b1000 5
b1000 D
b1000 G
b1000 S
b1000 e
b1000 >
b1000 H
b1000 N
b1000 +
b1000 0
b1000 <
b1000 M
#1512001
b10111 ."
#1513000
1"
1c
0`
1U
b1000 $
b1000 4
b1000 8
0]
1V
b111 2
b111 9
b111 g
1o
b1000 3
b1000 :
b1000 T
0Z
1W
1l
1m
0n
1Y
1j
b1001 5
b1001 D
b1001 G
b1001 S
b1001 e
b1001 >
b1001 H
b1001 N
b1001 +
b1001 0
b1001 <
b1001 M
#1513001
10"
b11000 ."
#1514000
b1001 $
b1001 4
b1001 8
0o
b100 2
b100 9
b100 g
0x
1Z
0W
b1001 3
b1001 :
b1001 T
0]
0l
0m
1n
1t
0v
0w
0Y
1\
0j
1s
b1010 5
b1010 D
b1010 G
b1010 S
b1010 e
b1010 >
b1010 H
b1010 N
b1010 +
b1010 0
b1010 <
b1010 M
#1514001
b11001 ."
#1515000
b1010 $
b1010 4
b1010 8
1]
b101 2
b101 9
b101 g
1o
b1010 3
b1010 :
b1010 T
0Z
1W
1l
1m
0n
1Y
1j
b1011 5
b1011 D
b1011 G
b1011 S
b1011 e
b1011 >
b1011 H
b1011 N
b1011 +
b1011 0
b1011 <
b1011 M
#1515001
b11010 ."
#1516000
0V
b1011 $
b1011 4
b1011 8
0o
1x
b10 2
b10 9
b10 g
0#"
1Z
0W
1]
b1011 3
b1011 :
b1011 T
0`
0l
0m
1n
0t
1v
1w
1}
0!"
0""
0Y
0\
1_
0j
0s
1|
b1100 5
b1100 D
b1100 G
b1100 S
b1100 e
b1100 >
b1100 H
b1100 N
b1100 +
b1100 0
b1100 <
b1100 M
#1516001
b11011 ."
#1517000
1`
b1100 $
b1100 4
b1100 8
0]
1V
b11 2
b11 9
b11 g
1o
b1100 3
b1100 :
b1100 T
0Z
1W
1l
1m
0n
1Y
1j
b1101 5
b1101 D
b1101 G
b1101 S
b1101 e
b1101 >
b1101 H
b1101 N
b1101 +
b1101 0
b1101 <
b1101 M
#1517001
b11100 ."
#1518000
b1101 $
b1101 4
b1101 8
0o
b0 2
b0 9
b0 g
0x
1Z
0W
b1101 3
b1101 :
b1101 T
0]
0l
0m
1n
1t
0v
0w
0Y
1\
0j
1s
b1110 5
b1110 D
b1110 G
b1110 S
b1110 e
b1110 >
b1110 H
b1110 N
b1110 +
b1110 0
b1110 <
b1110 M
#1518001
b11101 ."
#1519000
b1110 $
b1110 4
b1110 8
1]
b1 2
b1 9
b1 g
1o
b1110 3
b1110 :
b1110 T
0Z
1W
1l
1m
0n
1Y
1j
b1111 5
b1111 D
b1111 G
b1111 S
b1111 e
b1111 >
b1111 H
b1111 N
b1111 +
b1111 0
b1111 <
b1111 M
#1519001
b11110 ."
#1520000
0"
1!
b0 $
b0 4
b0 8
1x
1#"
b1111 2
b1111 9
b1111 g
1,"
0]
0`
b0 3
b0 :
b0 T
0c
1n
0t
1v
1w
0}
1!"
1""
0("
1*"
1+"
0Y
0\
0_
0b
0j
0s
0|
0'"
1X
1i
b0 5
b0 D
b0 G
b0 S
b0 e
b1111 6
b1111 E
b1111 Q
b1111 R
b1111 d
b0 >
b0 H
b0 N
b1111 *
b1111 /
b1111 ;
b1111 L
b1111 P
b0 +
b0 0
b0 <
b0 M
#1520001
11"
00"
b10000 ."
#1521000
0!
b1 $
b1 4
b1 8
b1110 2
b1110 9
b1110 g
0o
b1 3
b1 :
b1 T
1Z
1k
0m
0n
1Y
1j
b1 5
b1 D
b1 G
b1 S
b1 e
b1 >
b1 H
b1 N
b1 +
b1 0
b1 <
b1 M
#1521001
01"
b10001 ."
#1522000
b10 $
b10 4
b10 8
1o
b1101 2
b1101 9
b1101 g
0x
0Z
b10 3
b10 :
b10 T
1]
0k
1m
1n
1t
0v
0w
0Y
1\
0j
1s
b10 5
b10 D
b10 G
b10 S
b10 e
b10 >
b10 H
b10 N
b10 +
b10 0
b10 <
b10 M
#1522001
b10010 ."
#1523000
b11 $
b11 4
b11 8
b1100 2
b1100 9
b1100 g
0o
b11 3
b11 :
b11 T
1Z
1k
0m
0n
1Y
1j
b11 5
b11 D
b11 G
b11 S
b11 e
b11 >
b11 H
b11 N
b11 +
b11 0
b11 <
b11 M
#1523001
b10011 ."
#1524000
b100 $
b100 4
b100 8
1o
1x
b1011 2
b1011 9
b1011 g
0#"
0Z
0]
b100 3
b100 :
b100 T
1`
0k
1m
1n
0t
1v
1w
1}
0!"
0""
0Y
0\
1_
0j
0s
1|
b100 5
b100 D
b100 G
b100 S
b100 e
b100 >
b100 H
b100 N
b100 +
b100 0
b100 <
b100 M
#1524001
b10100 ."
#1525000
b101 $
b101 4
b101 8
b1010 2
b1010 9
b1010 g
0o
b101 3
b101 :
b101 T
1Z
1k
0m
0n
1Y
1j
b101 5
b101 D
b101 G
b101 S
b101 e
b101 >
b101 H
b101 N
b101 +
b101 0
b101 <
b101 M
#1525001
b10101 ."
#1526000
b110 $
b110 4
b110 8
1o
b1001 2
b1001 9
b1001 g
0x
0Z
b110 3
b110 :
b110 T
1]
0k
1m
1n
1t
0v
0w
0Y
1\
0j
1s
b110 5
b110 D
b110 G
b110 S
b110 e
b110 >
b110 H
b110 N
b110 +
b110 0
b110 <
b110 M
#1526001
b10110 ."
#1527000
b111 $
b111 4
b111 8
b1000 2
b1000 9
b1000 g
0o
b111 3
b111 :
b111 T
1Z
1k
0m
0n
1Y
1j
b111 5
b111 D
b111 G
b111 S
b111 e
b111 >
b111 H
b111 N
b111 +
b111 0
b111 <
b111 M
#1527001
b10111 ."
#1528000
1"
b1000 $
b1000 4
b1000 8
1o
1x
1#"
b111 2
b111 9
b111 g
0,"
0Z
0]
0`
b1000 3
b1000 :
b1000 T
1c
0k
1m
1n
0t
1v
1w
0}
1!"
1""
1("
0*"
0+"
0Y
0\
0_
1b
0j
0s
0|
1'"
b1000 5
b1000 D
b1000 G
b1000 S
b1000 e
b1000 >
b1000 H
b1000 N
b1000 +
b1000 0
b1000 <
b1000 M
#1528001
10"
b11000 ."
#1529000
b1001 $
b1001 4
b1001 8
b110 2
b110 9
b110 g
0o
b1001 3
b1001 :
b1001 T
1Z
1k
0m
0n
1Y
1j
b1001 5
b1001 D
b1001 G
b1001 S
b1001 e
b1001 >
b1001 H
b1001 N
b1001 +
b1001 0
b1001 <
b1001 M
#1529001
b11001 ."
#1530000
b1010 $
b1010 4
b1010 8
1o
b101 2
b101 9
b101 g
0x
0Z
b1010 3
b1010 :
b1010 T
1]
0k
1m
1n
1t
0v
0w
0Y
1\
0j
1s
b1010 5
b1010 D
b1010 G
b1010 S
b1010 e
b1010 >
b1010 H
b1010 N
b1010 +
b1010 0
b1010 <
b1010 M
#1530001
b11010 ."
#1531000
b1011 $
b1011 4
b1011 8
b100 2
b100 9
b100 g
0o
b1011 3
b1011 :
b1011 T
1Z
1k
0m
0n
1Y
1j
b1011 5
b1011 D
b1011 G
b1011 S
b1011 e
b1011 >
b1011 H
b1011 N
b1011 +
b1011 0
b1011 <
b1011 M
#1531001
b11011 ."
#1532000
b1100 $
b1100 4
b1100 8
1o
1x
b11 2
b11 9
b11 g
0#"
0Z
0]
b1100 3
b1100 :
b1100 T
1`
0k
1m
1n
0t
1v
1w
1}
0!"
0""
0Y
0\
1_
0j
0s
1|
b1100 5
b1100 D
b1100 G
b1100 S
b1100 e
b1100 >
b1100 H
b1100 N
b1100 +
b1100 0
b1100 <
b1100 M
#1532001
b11100 ."
#1533000
b1101 $
b1101 4
b1101 8
b10 2
b10 9
b10 g
0o
b1101 3
b1101 :
b1101 T
1Z
1k
0m
0n
1Y
1j
b1101 5
b1101 D
b1101 G
b1101 S
b1101 e
b1101 >
b1101 H
b1101 N
b1101 +
b1101 0
b1101 <
b1101 M
#1533001
b11101 ."
#1534000
b1110 $
b1110 4
b1110 8
1o
b1 2
b1 9
b1 g
0x
0Z
b1110 3
b1110 :
b1110 T
1]
0k
1m
1n
1t
0v
0w
0Y
1\
0j
1s
b1110 5
b1110 D
b1110 G
b1110 S
b1110 e
b1110 >
b1110 H
b1110 N
b1110 +
b1110 0
b1110 <
b1110 M
#1534001
b11110 ."
#1535000
b1111 $
b1111 4
b1111 8
b0 2
b0 9
b0 g
0o
b1111 3
b1111 :
b1111 T
1Z
1k
0m
0n
1Y
1j
b1111 5
b1111 D
b1111 G
b1111 S
b1111 e
b1111 >
b1111 H
b1111 N
b1111 +
b1111 0
b1111 <
b1111 M
#1535001
b11111 ."
#1536000
1m
0"
0!
0`
0c
0A
0@
0]
1o
1x
1#"
b1111 2
b1111 9
b1111 g
1,"
0V
0U
0#
1n
1w
1""
1+"
0W
0k
1l
0t
0u
0}
0~
0("
0)"
0Y
0\
0_
0b
0j
0s
0|
0'"
b1 $
b1 4
b1 8
1X
0[
0^
0a
1i
0r
0{
0&"
b0 5
b0 D
b0 G
b0 S
b0 e
b11 f
b11 h
b11 p
b11 q
b11 y
b11 z
b11 $"
b11 %"
b11 -"
b1 3
b1 :
b1 T
1Z
b1 6
b1 E
b1 Q
b1 R
b1 d
b0 >
b0 H
b0 N
b11 ,
b11 1
b11 =
b11 F
0-
b0 *
b0 /
b0 ;
b0 L
b0 P
b0 +
b0 0
b0 <
b0 M
#1536001
00"
0/"
b1 ."
#1537000
b1 +
b1 0
b1 <
b1 M
#1538000
b10 +
b10 0
b10 <
b10 M
#1539000
b11 +
b11 0
b11 <
b11 M
#1540000
b100 +
b100 0
b100 <
b100 M
#1541000
b101 +
b101 0
b101 <
b101 M
#1542000
b110 +
b110 0
b110 <
b110 M
#1543000
b111 +
b111 0
b111 <
b111 M
#1544000
b1000 +
b1000 0
b1000 <
b1000 M
#1545000
b1001 +
b1001 0
b1001 <
b1001 M
#1546000
b1010 +
b1010 0
b1010 <
b1010 M
#1547000
b1011 +
b1011 0
b1011 <
b1011 M
#1548000
b1100 +
b1100 0
b1100 <
b1100 M
#1549000
b1101 +
b1101 0
b1101 <
b1101 M
#1550000
b1110 +
b1110 0
b1110 <
b1110 M
#1551000
b1111 +
b1111 0
b1111 <
b1111 M
#1552000
b10 $
b10 4
b10 8
1]
b1110 2
b1110 9
b1110 g
0o
b10 3
b10 :
b10 T
0Z
1W
1k
0m
0n
1Y
1j
b1 5
b1 D
b1 G
b1 S
b1 e
b1 >
b1 H
b1 N
b1 *
b1 /
b1 ;
b1 L
b1 P
b0 +
b0 0
b0 <
b0 M
#1552001
b10 ."
#1553000
b1 +
b1 0
b1 <
b1 M
#1554000
b10 +
b10 0
b10 <
b10 M
#1555000
b11 +
b11 0
b11 <
b11 M
#1556000
b100 +
b100 0
b100 <
b100 M
#1557000
b101 +
b101 0
b101 <
b101 M
#1558000
b110 +
b110 0
b110 <
b110 M
#1559000
b111 +
b111 0
b111 <
b111 M
#1560000
b1000 +
b1000 0
b1000 <
b1000 M
#1561000
b1001 +
b1001 0
b1001 <
b1001 M
#1562000
b1010 +
b1010 0
b1010 <
b1010 M
#1563000
b1011 +
b1011 0
b1011 <
b1011 M
#1564000
b1100 +
b1100 0
b1100 <
b1100 M
#1565000
b1101 +
b1101 0
b1101 <
b1101 M
#1566000
b1110 +
b1110 0
b1110 <
b1110 M
#1567000
b1111 +
b1111 0
b1111 <
b1111 M
#1568000
b11 $
b11 4
b11 8
0`
1o
b1101 2
b1101 9
b1101 g
0x
1Z
0W
b11 3
b11 :
b11 T
1]
0V
0k
1m
1n
1u
1v
0w
0Y
1\
0j
1s
b10 5
b10 D
b10 G
b10 S
b10 e
b10 >
b10 H
b10 N
b10 *
b10 /
b10 ;
b10 L
b10 P
b0 +
b0 0
b0 <
b0 M
#1568001
b11 ."
#1569000
b1 +
b1 0
b1 <
b1 M
#1570000
b10 +
b10 0
b10 <
b10 M
#1571000
b11 +
b11 0
b11 <
b11 M
#1572000
b100 +
b100 0
b100 <
b100 M
#1573000
b101 +
b101 0
b101 <
b101 M
#1574000
b110 +
b110 0
b110 <
b110 M
#1575000
b111 +
b111 0
b111 <
b111 M
#1576000
b1000 +
b1000 0
b1000 <
b1000 M
#1577000
b1001 +
b1001 0
b1001 <
b1001 M
#1578000
b1010 +
b1010 0
b1010 <
b1010 M
#1579000
b1011 +
b1011 0
b1011 <
b1011 M
#1580000
b1100 +
b1100 0
b1100 <
b1100 M
#1581000
b1101 +
b1101 0
b1101 <
b1101 M
#1582000
b1110 +
b1110 0
b1110 <
b1110 M
#1583000
b1111 +
b1111 0
b1111 <
b1111 M
#1584000
1`
0!
b100 $
b100 4
b100 8
0]
1V
b1100 2
b1100 9
b1100 g
0o
b100 3
b100 :
b100 T
0Z
1W
1k
0m
0n
1Y
1j
b11 5
b11 D
b11 G
b11 S
b11 e
b11 >
b11 H
b11 N
b11 *
b11 /
b11 ;
b11 L
b11 P
b0 +
b0 0
b0 <
b0 M
#1584001
b100 ."
#1585000
b1 +
b1 0
b1 <
b1 M
#1586000
b10 +
b10 0
b10 <
b10 M
#1587000
b11 +
b11 0
b11 <
b11 M
#1588000
b100 +
b100 0
b100 <
b100 M
#1589000
b101 +
b101 0
b101 <
b101 M
#1590000
b110 +
b110 0
b110 <
b110 M
#1591000
b111 +
b111 0
b111 <
b111 M
#1592000
b1000 +
b1000 0
b1000 <
b1000 M
#1593000
b1001 +
b1001 0
b1001 <
b1001 M
#1594000
b1010 +
b1010 0
b1010 <
b1010 M
#1595000
b1011 +
b1011 0
b1011 <
b1011 M
#1596000
b1100 +
b1100 0
b1100 <
b1100 M
#1597000
b1101 +
b1101 0
b1101 <
b1101 M
#1598000
b1110 +
b1110 0
b1110 <
b1110 M
#1599000
b1111 +
b1111 0
b1111 <
b1111 M
#1600000
0"
b101 $
b101 4
b101 8
0c
1o
1x
b1011 2
b1011 9
b1011 g
0#"
1Z
0W
0]
0V
b101 3
b101 :
b101 T
1`
0U
0k
1m
1n
0u
0v
1w
1~
1!"
0""
0Y
0\
1_
0j
0s
1|
b100 5
b100 D
b100 G
b100 S
b100 e
b100 >
b100 H
b100 N
b100 *
b100 /
b100 ;
b100 L
b100 P
b0 +
b0 0
b0 <
b0 M
#1600001
b101 ."
#1601000
b1 +
b1 0
b1 <
b1 M
#1602000
b10 +
b10 0
b10 <
b10 M
#1603000
b11 +
b11 0
b11 <
b11 M
#1604000
b100 +
b100 0
b100 <
b100 M
#1605000
b101 +
b101 0
b101 <
b101 M
#1606000
b110 +
b110 0
b110 <
b110 M
#1607000
b111 +
b111 0
b111 <
b111 M
#1608000
b1000 +
b1000 0
b1000 <
b1000 M
#1609000
b1001 +
b1001 0
b1001 <
b1001 M
#1610000
b1010 +
b1010 0
b1010 <
b1010 M
#1611000
b1011 +
b1011 0
b1011 <
b1011 M
#1612000
b1100 +
b1100 0
b1100 <
b1100 M
#1613000
b1101 +
b1101 0
b1101 <
b1101 M
#1614000
b1110 +
b1110 0
b1110 <
b1110 M
#1615000
b1111 +
b1111 0
b1111 <
b1111 M
#1616000
b110 $
b110 4
b110 8
1]
b1010 2
b1010 9
b1010 g
0o
b110 3
b110 :
b110 T
0Z
1W
1k
0m
0n
1Y
1j
b101 5
b101 D
b101 G
b101 S
b101 e
b101 >
b101 H
b101 N
b101 *
b101 /
b101 ;
b101 L
b101 P
b0 +
b0 0
b0 <
b0 M
#1616001
b110 ."
#1617000
b1 +
b1 0
b1 <
b1 M
#1618000
b10 +
b10 0
b10 <
b10 M
#1619000
b11 +
b11 0
b11 <
b11 M
#1620000
b100 +
b100 0
b100 <
b100 M
#1621000
b101 +
b101 0
b101 <
b101 M
#1622000
b110 +
b110 0
b110 <
b110 M
#1623000
b111 +
b111 0
b111 <
b111 M
#1624000
b1000 +
b1000 0
b1000 <
b1000 M
#1625000
b1001 +
b1001 0
b1001 <
b1001 M
#1626000
b1010 +
b1010 0
b1010 <
b1010 M
#1627000
b1011 +
b1011 0
b1011 <
b1011 M
#1628000
b1100 +
b1100 0
b1100 <
b1100 M
#1629000
b1101 +
b1101 0
b1101 <
b1101 M
#1630000
b1110 +
b1110 0
b1110 <
b1110 M
#1631000
b1111 +
b1111 0
b1111 <
b1111 M
#1632000
0"
0c
b111 $
b111 4
b111 8
1`
0U
1o
b1001 2
b1001 9
b1001 g
0x
1Z
0W
b111 3
b111 :
b111 T
1]
0V
0k
1m
1n
1u
1v
0w
0Y
1\
0j
1s
b110 5
b110 D
b110 G
b110 S
b110 e
b110 >
b110 H
b110 N
b110 *
b110 /
b110 ;
b110 L
b110 P
b0 +
b0 0
b0 <
b0 M
#1632001
b111 ."
#1633000
b1 +
b1 0
b1 <
b1 M
#1634000
b10 +
b10 0
b10 <
b10 M
#1635000
b11 +
b11 0
b11 <
b11 M
#1636000
b100 +
b100 0
b100 <
b100 M
#1637000
b101 +
b101 0
b101 <
b101 M
#1638000
b110 +
b110 0
b110 <
b110 M
#1639000
b111 +
b111 0
b111 <
b111 M
#1640000
b1000 +
b1000 0
b1000 <
b1000 M
#1641000
b1001 +
b1001 0
b1001 <
b1001 M
#1642000
b1010 +
b1010 0
b1010 <
b1010 M
#1643000
b1011 +
b1011 0
b1011 <
b1011 M
#1644000
b1100 +
b1100 0
b1100 <
b1100 M
#1645000
b1101 +
b1101 0
b1101 <
b1101 M
#1646000
b1110 +
b1110 0
b1110 <
b1110 M
#1647000
b1111 +
b1111 0
b1111 <
b1111 M
#1648000
1"
1c
0`
1U
b1000 $
b1000 4
b1000 8
0]
1V
b1000 2
b1000 9
b1000 g
0o
b1000 3
b1000 :
b1000 T
0Z
1W
1k
0m
0n
1Y
1j
b111 5
b111 D
b111 G
b111 S
b111 e
b111 >
b111 H
b111 N
b111 *
b111 /
b111 ;
b111 L
b111 P
b0 +
b0 0
b0 <
b0 M
#1648001
10"
b1000 ."
#1649000
b1 +
b1 0
b1 <
b1 M
#1650000
b10 +
b10 0
b10 <
b10 M
#1651000
b11 +
b11 0
b11 <
b11 M
#1652000
b100 +
b100 0
b100 <
b100 M
#1653000
b101 +
b101 0
b101 <
b101 M
#1654000
b110 +
b110 0
b110 <
b110 M
#1655000
b111 +
b111 0
b111 <
b111 M
#1656000
b1000 +
b1000 0
b1000 <
b1000 M
#1657000
b1001 +
b1001 0
b1001 <
b1001 M
#1658000
b1010 +
b1010 0
b1010 <
b1010 M
#1659000
b1011 +
b1011 0
b1011 <
b1011 M
#1660000
b1100 +
b1100 0
b1100 <
b1100 M
#1661000
b1101 +
b1101 0
b1101 <
b1101 M
#1662000
b1110 +
b1110 0
b1110 <
b1110 M
#1663000
b1111 +
b1111 0
b1111 <
b1111 M
#1664000
1"
b1001 $
b1001 4
b1001 8
1o
1x
1#"
b111 2
b111 9
b111 g
0,"
1Z
0W
0]
0V
0`
0U
b1001 3
b1001 :
b1001 T
1c
0#
0k
1m
1n
0u
0v
1w
0~
0!"
1""
1)"
1*"
0+"
0Y
0\
0_
1b
0j
0s
0|
1'"
b1000 5
b1000 D
b1000 G
b1000 S
b1000 e
b1000 >
b1000 H
b1000 N
b1000 *
b1000 /
b1000 ;
b1000 L
b1000 P
b0 +
b0 0
b0 <
b0 M
#1664001
b1001 ."
#1665000
b1 +
b1 0
b1 <
b1 M
#1666000
b10 +
b10 0
b10 <
b10 M
#1667000
b11 +
b11 0
b11 <
b11 M
#1668000
b100 +
b100 0
b100 <
b100 M
#1669000
b101 +
b101 0
b101 <
b101 M
#1670000
b110 +
b110 0
b110 <
b110 M
#1671000
b111 +
b111 0
b111 <
b111 M
#1672000
b1000 +
b1000 0
b1000 <
b1000 M
#1673000
b1001 +
b1001 0
b1001 <
b1001 M
#1674000
b1010 +
b1010 0
b1010 <
b1010 M
#1675000
b1011 +
b1011 0
b1011 <
b1011 M
#1676000
b1100 +
b1100 0
b1100 <
b1100 M
#1677000
b1101 +
b1101 0
b1101 <
b1101 M
#1678000
b1110 +
b1110 0
b1110 <
b1110 M
#1679000
b1111 +
b1111 0
b1111 <
b1111 M
#1680000
b1010 $
b1010 4
b1010 8
1]
b110 2
b110 9
b110 g
0o
b1010 3
b1010 :
b1010 T
0Z
1W
1k
0m
0n
1Y
1j
b1001 5
b1001 D
b1001 G
b1001 S
b1001 e
b1001 >
b1001 H
b1001 N
b1001 *
b1001 /
b1001 ;
b1001 L
b1001 P
b0 +
b0 0
b0 <
b0 M
#1680001
b1010 ."
#1681000
b1 +
b1 0
b1 <
b1 M
#1682000
b10 +
b10 0
b10 <
b10 M
#1683000
b11 +
b11 0
b11 <
b11 M
#1684000
b100 +
b100 0
b100 <
b100 M
#1685000
b101 +
b101 0
b101 <
b101 M
#1686000
b110 +
b110 0
b110 <
b110 M
#1687000
b111 +
b111 0
b111 <
b111 M
#1688000
b1000 +
b1000 0
b1000 <
b1000 M
#1689000
b1001 +
b1001 0
b1001 <
b1001 M
#1690000
b1010 +
b1010 0
b1010 <
b1010 M
#1691000
b1011 +
b1011 0
b1011 <
b1011 M
#1692000
b1100 +
b1100 0
b1100 <
b1100 M
#1693000
b1101 +
b1101 0
b1101 <
b1101 M
#1694000
b1110 +
b1110 0
b1110 <
b1110 M
#1695000
b1111 +
b1111 0
b1111 <
b1111 M
#1696000
b1011 $
b1011 4
b1011 8
0`
1o
b101 2
b101 9
b101 g
0x
1Z
0W
b1011 3
b1011 :
b1011 T
1]
0V
0k
1m
1n
1u
1v
0w
0Y
1\
0j
1s
b1010 5
b1010 D
b1010 G
b1010 S
b1010 e
b1010 >
b1010 H
b1010 N
b1010 *
b1010 /
b1010 ;
b1010 L
b1010 P
b0 +
b0 0
b0 <
b0 M
#1696001
b1011 ."
#1697000
b1 +
b1 0
b1 <
b1 M
#1698000
b10 +
b10 0
b10 <
b10 M
#1699000
b11 +
b11 0
b11 <
b11 M
#1700000
b100 +
b100 0
b100 <
b100 M
#1701000
b101 +
b101 0
b101 <
b101 M
#1702000
b110 +
b110 0
b110 <
b110 M
#1703000
b111 +
b111 0
b111 <
b111 M
#1704000
b1000 +
b1000 0
b1000 <
b1000 M
#1705000
b1001 +
b1001 0
b1001 <
b1001 M
#1706000
b1010 +
b1010 0
b1010 <
b1010 M
#1707000
b1011 +
b1011 0
b1011 <
b1011 M
#1708000
b1100 +
b1100 0
b1100 <
b1100 M
#1709000
b1101 +
b1101 0
b1101 <
b1101 M
#1710000
b1110 +
b1110 0
b1110 <
b1110 M
#1711000
b1111 +
b1111 0
b1111 <
b1111 M
#1712000
1`
b1100 $
b1100 4
b1100 8
0]
1V
b100 2
b100 9
b100 g
0o
b1100 3
b1100 :
b1100 T
0Z
1W
1k
0m
0n
1Y
1j
b1011 5
b1011 D
b1011 G
b1011 S
b1011 e
b1011 >
b1011 H
b1011 N
b1011 *
b1011 /
b1011 ;
b1011 L
b1011 P
b0 +
b0 0
b0 <
b0 M
#1712001
b1100 ."
#1713000
b1 +
b1 0
b1 <
b1 M
#1714000
b10 +
b10 0
b10 <
b10 M
#1715000
b11 +
b11 0
b11 <
b11 M
#1716000
b100 +
b100 0
b100 <
b100 M
#1717000
b101 +
b101 0
b101 <
b101 M
#1718000
b110 +
b110 0
b110 <
b110 M
#1719000
b111 +
b111 0
b111 <
b111 M
#1720000
b1000 +
b1000 0
b1000 <
b1000 M
#1721000
b1001 +
b1001 0
b1001 <
b1001 M
#1722000
b1010 +
b1010 0
b1010 <
b1010 M
#1723000
b1011 +
b1011 0
b1011 <
b1011 M
#1724000
b1100 +
b1100 0
b1100 <
b1100 M
#1725000
b1101 +
b1101 0
b1101 <
b1101 M
#1726000
b1110 +
b1110 0
b1110 <
b1110 M
#1727000
b1111 +
b1111 0
b1111 <
b1111 M
#1728000
1"
b1101 $
b1101 4
b1101 8
1c
0#
1o
1x
b11 2
b11 9
b11 g
0#"
1Z
0W
0]
0V
b1101 3
b1101 :
b1101 T
1`
0U
0k
1m
1n
0u
0v
1w
1~
1!"
0""
0Y
0\
1_
0j
0s
1|
b1100 5
b1100 D
b1100 G
b1100 S
b1100 e
b1100 >
b1100 H
b1100 N
b1100 *
b1100 /
b1100 ;
b1100 L
b1100 P
b0 +
b0 0
b0 <
b0 M
#1728001
b1101 ."
#1729000
b1 +
b1 0
b1 <
b1 M
#1730000
b10 +
b10 0
b10 <
b10 M
#1731000
b11 +
b11 0
b11 <
b11 M
#1732000
b100 +
b100 0
b100 <
b100 M
#1733000
b101 +
b101 0
b101 <
b101 M
#1734000
b110 +
b110 0
b110 <
b110 M
#1735000
b111 +
b111 0
b111 <
b111 M
#1736000
b1000 +
b1000 0
b1000 <
b1000 M
#1737000
b1001 +
b1001 0
b1001 <
b1001 M
#1738000
b1010 +
b1010 0
b1010 <
b1010 M
#1739000
b1011 +
b1011 0
b1011 <
b1011 M
#1740000
b1100 +
b1100 0
b1100 <
b1100 M
#1741000
b1101 +
b1101 0
b1101 <
b1101 M
#1742000
b1110 +
b1110 0
b1110 <
b1110 M
#1743000
b1111 +
b1111 0
b1111 <
b1111 M
#1744000
b1110 $
b1110 4
b1110 8
1]
b10 2
b10 9
b10 g
0o
b1110 3
b1110 :
b1110 T
0Z
1W
1k
0m
0n
1Y
1j
b1101 5
b1101 D
b1101 G
b1101 S
b1101 e
b1101 >
b1101 H
b1101 N
b1101 *
b1101 /
b1101 ;
b1101 L
b1101 P
b0 +
b0 0
b0 <
b0 M
#1744001
b1110 ."
#1745000
b1 +
b1 0
b1 <
b1 M
#1746000
b10 +
b10 0
b10 <
b10 M
#1747000
b11 +
b11 0
b11 <
b11 M
#1748000
b100 +
b100 0
b100 <
b100 M
#1749000
b101 +
b101 0
b101 <
b101 M
#1750000
b110 +
b110 0
b110 <
b110 M
#1751000
b111 +
b111 0
b111 <
b111 M
#1752000
b1000 +
b1000 0
b1000 <
b1000 M
#1753000
b1001 +
b1001 0
b1001 <
b1001 M
#1754000
b1010 +
b1010 0
b1010 <
b1010 M
#1755000
b1011 +
b1011 0
b1011 <
b1011 M
#1756000
b1100 +
b1100 0
b1100 <
b1100 M
#1757000
b1101 +
b1101 0
b1101 <
b1101 M
#1758000
b1110 +
b1110 0
b1110 <
b1110 M
#1759000
b1111 +
b1111 0
b1111 <
b1111 M
#1760000
1"
1c
0#
b1111 $
b1111 4
b1111 8
1`
0U
1o
b1 2
b1 9
b1 g
0x
1Z
0W
b1111 3
b1111 :
b1111 T
1]
0V
0k
1m
1n
1u
1v
0w
0Y
1\
0j
1s
b1110 5
b1110 D
b1110 G
b1110 S
b1110 e
b1110 >
b1110 H
b1110 N
b1110 *
b1110 /
b1110 ;
b1110 L
b1110 P
b0 +
b0 0
b0 <
b0 M
#1760001
b1111 ."
#1761000
b1 +
b1 0
b1 <
b1 M
#1762000
b10 +
b10 0
b10 <
b10 M
#1763000
b11 +
b11 0
b11 <
b11 M
#1764000
b100 +
b100 0
b100 <
b100 M
#1765000
b101 +
b101 0
b101 <
b101 M
#1766000
b110 +
b110 0
b110 <
b110 M
#1767000
b111 +
b111 0
b111 <
b111 M
#1768000
b1000 +
b1000 0
b1000 <
b1000 M
#1769000
b1001 +
b1001 0
b1001 <
b1001 M
#1770000
b1010 +
b1010 0
b1010 <
b1010 M
#1771000
b1011 +
b1011 0
b1011 <
b1011 M
#1772000
b1100 +
b1100 0
b1100 <
b1100 M
#1773000
b1101 +
b1101 0
b1101 <
b1101 M
#1774000
b1110 +
b1110 0
b1110 <
b1110 M
#1775000
b1111 +
b1111 0
b1111 <
b1111 M
#1776000
0"
1!
0c
1#
0`
1U
b0 $
b0 4
b0 8
0]
1V
b0 2
b0 9
b0 g
0o
b0 3
b0 :
b0 T
0Z
1W
1k
0m
0n
1Y
1j
b1111 5
b1111 D
b1111 G
b1111 S
b1111 e
b1111 >
b1111 H
b1111 N
b1111 *
b1111 /
b1111 ;
b1111 L
b1111 P
b0 +
b0 0
b0 <
b0 M
#1776001
11"
00"
1/"
b10000 ."
#1777000
b1 +
b1 0
b1 <
b1 M
#1778000
b10 +
b10 0
b10 <
b10 M
#1779000
b11 +
b11 0
b11 <
b11 M
#1780000
b100 +
b100 0
b100 <
b100 M
#1781000
b101 +
b101 0
b101 <
b101 M
#1782000
b110 +
b110 0
b110 <
b110 M
#1783000
b111 +
b111 0
b111 <
b111 M
#1784000
b1000 +
b1000 0
b1000 <
b1000 M
#1785000
b1001 +
b1001 0
b1001 <
b1001 M
#1786000
b1010 +
b1010 0
b1010 <
b1010 M
#1787000
b1011 +
b1011 0
b1011 <
b1011 M
#1788000
b1100 +
b1100 0
b1100 <
b1100 M
#1789000
b1101 +
b1101 0
b1101 <
b1101 M
#1790000
b1110 +
b1110 0
b1110 <
b1110 M
#1791000
b1111 +
b1111 0
b1111 <
b1111 M
#1792000
0"
1o
1x
1#"
b1111 2
b1111 9
b1111 g
1,"
1]
0V
0`
0U
0c
0#
0k
1m
1n
0u
0v
1w
0~
0!"
1""
0)"
0*"
1+"
0Y
0\
0_
0b
0j
0s
0|
0'"
0!
b10 $
b10 4
b10 8
b0 5
b0 D
b0 G
b0 S
b0 e
b10 3
b10 :
b10 T
0Z
b0 >
b0 H
b0 N
1-
b0 *
b0 /
b0 ;
b0 L
b0 P
b0 +
b0 0
b0 <
b0 M
#1792001
01"
0/"
b10 ."
#1793000
b1 +
b1 0
b1 <
b1 M
#1794000
b10 +
b10 0
b10 <
b10 M
#1795000
b11 +
b11 0
b11 <
b11 M
#1796000
b100 +
b100 0
b100 <
b100 M
#1797000
b101 +
b101 0
b101 <
b101 M
#1798000
b110 +
b110 0
b110 <
b110 M
#1799000
b111 +
b111 0
b111 <
b111 M
#1800000
b1000 +
b1000 0
b1000 <
b1000 M
#1801000
b1001 +
b1001 0
b1001 <
b1001 M
#1802000
b1010 +
b1010 0
b1010 <
b1010 M
#1803000
b1011 +
b1011 0
b1011 <
b1011 M
#1804000
b1100 +
b1100 0
b1100 <
b1100 M
#1805000
b1101 +
b1101 0
b1101 <
b1101 M
#1806000
b1110 +
b1110 0
b1110 <
b1110 M
#1807000
b1111 +
b1111 0
b1111 <
b1111 M
#1808000
b11 $
b11 4
b11 8
b1110 2
b1110 9
b1110 g
0o
b11 3
b11 :
b11 T
1Z
1k
0m
0n
1Y
1j
b1 5
b1 D
b1 G
b1 S
b1 e
b1 >
b1 H
b1 N
b1 *
b1 /
b1 ;
b1 L
b1 P
b0 +
b0 0
b0 <
b0 M
#1808001
b11 ."
#1809000
b1 +
b1 0
b1 <
b1 M
#1810000
b10 +
b10 0
b10 <
b10 M
#1811000
b11 +
b11 0
b11 <
b11 M
#1812000
b100 +
b100 0
b100 <
b100 M
#1813000
b101 +
b101 0
b101 <
b101 M
#1814000
b110 +
b110 0
b110 <
b110 M
#1815000
b111 +
b111 0
b111 <
b111 M
#1816000
b1000 +
b1000 0
b1000 <
b1000 M
#1817000
b1001 +
b1001 0
b1001 <
b1001 M
#1818000
b1010 +
b1010 0
b1010 <
b1010 M
#1819000
b1011 +
b1011 0
b1011 <
b1011 M
#1820000
b1100 +
b1100 0
b1100 <
b1100 M
#1821000
b1101 +
b1101 0
b1101 <
b1101 M
#1822000
b1110 +
b1110 0
b1110 <
b1110 M
#1823000
b1111 +
b1111 0
b1111 <
b1111 M
#1824000
b100 $
b100 4
b100 8
1`
1o
b1101 2
b1101 9
b1101 g
0x
0Z
b100 3
b100 :
b100 T
0]
1V
0k
1m
1n
1u
1v
0w
0Y
1\
0j
1s
b10 5
b10 D
b10 G
b10 S
b10 e
b10 >
b10 H
b10 N
b10 *
b10 /
b10 ;
b10 L
b10 P
b0 +
b0 0
b0 <
b0 M
#1824001
b100 ."
#1825000
b1 +
b1 0
b1 <
b1 M
#1826000
b10 +
b10 0
b10 <
b10 M
#1827000
b11 +
b11 0
b11 <
b11 M
#1828000
b100 +
b100 0
b100 <
b100 M
#1829000
b101 +
b101 0
b101 <
b101 M
#1830000
b110 +
b110 0
b110 <
b110 M
#1831000
b111 +
b111 0
b111 <
b111 M
#1832000
b1000 +
b1000 0
b1000 <
b1000 M
#1833000
b1001 +
b1001 0
b1001 <
b1001 M
#1834000
b1010 +
b1010 0
b1010 <
b1010 M
#1835000
b1011 +
b1011 0
b1011 <
b1011 M
#1836000
b1100 +
b1100 0
b1100 <
b1100 M
#1837000
b1101 +
b1101 0
b1101 <
b1101 M
#1838000
b1110 +
b1110 0
b1110 <
b1110 M
#1839000
b1111 +
b1111 0
b1111 <
b1111 M
#1840000
b101 $
b101 4
b101 8
b1100 2
b1100 9
b1100 g
0o
b101 3
b101 :
b101 T
1Z
1k
0m
0n
1Y
1j
b11 5
b11 D
b11 G
b11 S
b11 e
b11 >
b11 H
b11 N
b11 *
b11 /
b11 ;
b11 L
b11 P
b0 +
b0 0
b0 <
b0 M
#1840001
b101 ."
#1841000
b1 +
b1 0
b1 <
b1 M
#1842000
b10 +
b10 0
b10 <
b10 M
#1843000
b11 +
b11 0
b11 <
b11 M
#1844000
b100 +
b100 0
b100 <
b100 M
#1845000
b101 +
b101 0
b101 <
b101 M
#1846000
b110 +
b110 0
b110 <
b110 M
#1847000
b111 +
b111 0
b111 <
b111 M
#1848000
b1000 +
b1000 0
b1000 <
b1000 M
#1849000
b1001 +
b1001 0
b1001 <
b1001 M
#1850000
b1010 +
b1010 0
b1010 <
b1010 M
#1851000
b1011 +
b1011 0
b1011 <
b1011 M
#1852000
b1100 +
b1100 0
b1100 <
b1100 M
#1853000
b1101 +
b1101 0
b1101 <
b1101 M
#1854000
b1110 +
b1110 0
b1110 <
b1110 M
#1855000
b1111 +
b1111 0
b1111 <
b1111 M
#1856000
0"
b110 $
b110 4
b110 8
0c
1o
1x
b1011 2
b1011 9
b1011 g
0#"
0Z
1]
0V
b110 3
b110 :
b110 T
1`
0U
0k
1m
1n
0u
0v
1w
1~
1!"
0""
0Y
0\
1_
0j
0s
1|
b100 5
b100 D
b100 G
b100 S
b100 e
b100 >
b100 H
b100 N
b100 *
b100 /
b100 ;
b100 L
b100 P
b0 +
b0 0
b0 <
b0 M
#1856001
b110 ."
#1857000
b1 +
b1 0
b1 <
b1 M
#1858000
b10 +
b10 0
b10 <
b10 M
#1859000
b11 +
b11 0
b11 <
b11 M
#1860000
b100 +
b100 0
b100 <
b100 M
#1861000
b101 +
b101 0
b101 <
b101 M
#1862000
b110 +
b110 0
b110 <
b110 M
#1863000
b111 +
b111 0
b111 <
b111 M
#1864000
b1000 +
b1000 0
b1000 <
b1000 M
#1865000
b1001 +
b1001 0
b1001 <
b1001 M
#1866000
b1010 +
b1010 0
b1010 <
b1010 M
#1867000
b1011 +
b1011 0
b1011 <
b1011 M
#1868000
b1100 +
b1100 0
b1100 <
b1100 M
#1869000
b1101 +
b1101 0
b1101 <
b1101 M
#1870000
b1110 +
b1110 0
b1110 <
b1110 M
#1871000
b1111 +
b1111 0
b1111 <
b1111 M
#1872000
b111 $
b111 4
b111 8
b1010 2
b1010 9
b1010 g
0o
b111 3
b111 :
b111 T
1Z
1k
0m
0n
1Y
1j
b101 5
b101 D
b101 G
b101 S
b101 e
b101 >
b101 H
b101 N
b101 *
b101 /
b101 ;
b101 L
b101 P
b0 +
b0 0
b0 <
b0 M
#1872001
b111 ."
#1873000
b1 +
b1 0
b1 <
b1 M
#1874000
b10 +
b10 0
b10 <
b10 M
#1875000
b11 +
b11 0
b11 <
b11 M
#1876000
b100 +
b100 0
b100 <
b100 M
#1877000
b101 +
b101 0
b101 <
b101 M
#1878000
b110 +
b110 0
b110 <
b110 M
#1879000
b111 +
b111 0
b111 <
b111 M
#1880000
b1000 +
b1000 0
b1000 <
b1000 M
#1881000
b1001 +
b1001 0
b1001 <
b1001 M
#1882000
b1010 +
b1010 0
b1010 <
b1010 M
#1883000
b1011 +
b1011 0
b1011 <
b1011 M
#1884000
b1100 +
b1100 0
b1100 <
b1100 M
#1885000
b1101 +
b1101 0
b1101 <
b1101 M
#1886000
b1110 +
b1110 0
b1110 <
b1110 M
#1887000
b1111 +
b1111 0
b1111 <
b1111 M
#1888000
1"
1c
0!
b1000 $
b1000 4
b1000 8
0`
1U
1o
b1001 2
b1001 9
b1001 g
0x
0Z
b1000 3
b1000 :
b1000 T
0]
1V
0k
1m
1n
1u
1v
0w
0Y
1\
0j
1s
b110 5
b110 D
b110 G
b110 S
b110 e
b110 >
b110 H
b110 N
b110 *
b110 /
b110 ;
b110 L
b110 P
b0 +
b0 0
b0 <
b0 M
#1888001
10"
b1000 ."
#1889000
b1 +
b1 0
b1 <
b1 M
#1890000
b10 +
b10 0
b10 <
b10 M
#1891000
b11 +
b11 0
b11 <
b11 M
#1892000
b100 +
b100 0
b100 <
b100 M
#1893000
b101 +
b101 0
b101 <
b101 M
#1894000
b110 +
b110 0
b110 <
b110 M
#1895000
b111 +
b111 0
b111 <
b111 M
#1896000
b1000 +
b1000 0
b1000 <
b1000 M
#1897000
b1001 +
b1001 0
b1001 <
b1001 M
#1898000
b1010 +
b1010 0
b1010 <
b1010 M
#1899000
b1011 +
b1011 0
b1011 <
b1011 M
#1900000
b1100 +
b1100 0
b1100 <
b1100 M
#1901000
b1101 +
b1101 0
b1101 <
b1101 M
#1902000
b1110 +
b1110 0
b1110 <
b1110 M
#1903000
b1111 +
b1111 0
b1111 <
b1111 M
#1904000
b1001 $
b1001 4
b1001 8
b1000 2
b1000 9
b1000 g
0o
b1001 3
b1001 :
b1001 T
1Z
1k
0m
0n
1Y
1j
b111 5
b111 D
b111 G
b111 S
b111 e
b111 >
b111 H
b111 N
b111 *
b111 /
b111 ;
b111 L
b111 P
b0 +
b0 0
b0 <
b0 M
#1904001
b1001 ."
#1905000
b1 +
b1 0
b1 <
b1 M
#1906000
b10 +
b10 0
b10 <
b10 M
#1907000
b11 +
b11 0
b11 <
b11 M
#1908000
b100 +
b100 0
b100 <
b100 M
#1909000
b101 +
b101 0
b101 <
b101 M
#1910000
b110 +
b110 0
b110 <
b110 M
#1911000
b111 +
b111 0
b111 <
b111 M
#1912000
b1000 +
b1000 0
b1000 <
b1000 M
#1913000
b1001 +
b1001 0
b1001 <
b1001 M
#1914000
b1010 +
b1010 0
b1010 <
b1010 M
#1915000
b1011 +
b1011 0
b1011 <
b1011 M
#1916000
b1100 +
b1100 0
b1100 <
b1100 M
#1917000
b1101 +
b1101 0
b1101 <
b1101 M
#1918000
b1110 +
b1110 0
b1110 <
b1110 M
#1919000
b1111 +
b1111 0
b1111 <
b1111 M
#1920000
1"
b1010 $
b1010 4
b1010 8
1o
1x
1#"
b111 2
b111 9
b111 g
0,"
0Z
1]
0V
0`
0U
b1010 3
b1010 :
b1010 T
1c
0#
0k
1m
1n
0u
0v
1w
0~
0!"
1""
1)"
1*"
0+"
0Y
0\
0_
1b
0j
0s
0|
1'"
b1000 5
b1000 D
b1000 G
b1000 S
b1000 e
b1000 >
b1000 H
b1000 N
b1000 *
b1000 /
b1000 ;
b1000 L
b1000 P
b0 +
b0 0
b0 <
b0 M
#1920001
b1010 ."
#1921000
b1 +
b1 0
b1 <
b1 M
#1922000
b10 +
b10 0
b10 <
b10 M
#1923000
b11 +
b11 0
b11 <
b11 M
#1924000
b100 +
b100 0
b100 <
b100 M
#1925000
b101 +
b101 0
b101 <
b101 M
#1926000
b110 +
b110 0
b110 <
b110 M
#1927000
b111 +
b111 0
b111 <
b111 M
#1928000
b1000 +
b1000 0
b1000 <
b1000 M
#1929000
b1001 +
b1001 0
b1001 <
b1001 M
#1930000
b1010 +
b1010 0
b1010 <
b1010 M
#1931000
b1011 +
b1011 0
b1011 <
b1011 M
#1932000
b1100 +
b1100 0
b1100 <
b1100 M
#1933000
b1101 +
b1101 0
b1101 <
b1101 M
#1934000
b1110 +
b1110 0
b1110 <
b1110 M
#1935000
b1111 +
b1111 0
b1111 <
b1111 M
#1936000
b1011 $
b1011 4
b1011 8
b110 2
b110 9
b110 g
0o
b1011 3
b1011 :
b1011 T
1Z
1k
0m
0n
1Y
1j
b1001 5
b1001 D
b1001 G
b1001 S
b1001 e
b1001 >
b1001 H
b1001 N
b1001 *
b1001 /
b1001 ;
b1001 L
b1001 P
b0 +
b0 0
b0 <
b0 M
#1936001
b1011 ."
#1937000
b1 +
b1 0
b1 <
b1 M
#1938000
b10 +
b10 0
b10 <
b10 M
#1939000
b11 +
b11 0
b11 <
b11 M
#1940000
b100 +
b100 0
b100 <
b100 M
#1941000
b101 +
b101 0
b101 <
b101 M
#1942000
b110 +
b110 0
b110 <
b110 M
#1943000
b111 +
b111 0
b111 <
b111 M
#1944000
b1000 +
b1000 0
b1000 <
b1000 M
#1945000
b1001 +
b1001 0
b1001 <
b1001 M
#1946000
b1010 +
b1010 0
b1010 <
b1010 M
#1947000
b1011 +
b1011 0
b1011 <
b1011 M
#1948000
b1100 +
b1100 0
b1100 <
b1100 M
#1949000
b1101 +
b1101 0
b1101 <
b1101 M
#1950000
b1110 +
b1110 0
b1110 <
b1110 M
#1951000
b1111 +
b1111 0
b1111 <
b1111 M
#1952000
b1100 $
b1100 4
b1100 8
1`
1o
b101 2
b101 9
b101 g
0x
0Z
b1100 3
b1100 :
b1100 T
0]
1V
0k
1m
1n
1u
1v
0w
0Y
1\
0j
1s
b1010 5
b1010 D
b1010 G
b1010 S
b1010 e
b1010 >
b1010 H
b1010 N
b1010 *
b1010 /
b1010 ;
b1010 L
b1010 P
b0 +
b0 0
b0 <
b0 M
#1952001
b1100 ."
#1953000
b1 +
b1 0
b1 <
b1 M
#1954000
b10 +
b10 0
b10 <
b10 M
#1955000
b11 +
b11 0
b11 <
b11 M
#1956000
b100 +
b100 0
b100 <
b100 M
#1957000
b101 +
b101 0
b101 <
b101 M
#1958000
b110 +
b110 0
b110 <
b110 M
#1959000
b111 +
b111 0
b111 <
b111 M
#1960000
b1000 +
b1000 0
b1000 <
b1000 M
#1961000
b1001 +
b1001 0
b1001 <
b1001 M
#1962000
b1010 +
b1010 0
b1010 <
b1010 M
#1963000
b1011 +
b1011 0
b1011 <
b1011 M
#1964000
b1100 +
b1100 0
b1100 <
b1100 M
#1965000
b1101 +
b1101 0
b1101 <
b1101 M
#1966000
b1110 +
b1110 0
b1110 <
b1110 M
#1967000
b1111 +
b1111 0
b1111 <
b1111 M
#1968000
b1101 $
b1101 4
b1101 8
b100 2
b100 9
b100 g
0o
b1101 3
b1101 :
b1101 T
1Z
1k
0m
0n
1Y
1j
b1011 5
b1011 D
b1011 G
b1011 S
b1011 e
b1011 >
b1011 H
b1011 N
b1011 *
b1011 /
b1011 ;
b1011 L
b1011 P
b0 +
b0 0
b0 <
b0 M
#1968001
b1101 ."
#1969000
b1 +
b1 0
b1 <
b1 M
#1970000
b10 +
b10 0
b10 <
b10 M
#1971000
b11 +
b11 0
b11 <
b11 M
#1972000
b100 +
b100 0
b100 <
b100 M
#1973000
b101 +
b101 0
b101 <
b101 M
#1974000
b110 +
b110 0
b110 <
b110 M
#1975000
b111 +
b111 0
b111 <
b111 M
#1976000
b1000 +
b1000 0
b1000 <
b1000 M
#1977000
b1001 +
b1001 0
b1001 <
b1001 M
#1978000
b1010 +
b1010 0
b1010 <
b1010 M
#1979000
b1011 +
b1011 0
b1011 <
b1011 M
#1980000
b1100 +
b1100 0
b1100 <
b1100 M
#1981000
b1101 +
b1101 0
b1101 <
b1101 M
#1982000
b1110 +
b1110 0
b1110 <
b1110 M
#1983000
b1111 +
b1111 0
b1111 <
b1111 M
#1984000
1"
b1110 $
b1110 4
b1110 8
1c
0#
1o
1x
b11 2
b11 9
b11 g
0#"
0Z
1]
0V
b1110 3
b1110 :
b1110 T
1`
0U
0k
1m
1n
0u
0v
1w
1~
1!"
0""
0Y
0\
1_
0j
0s
1|
b1100 5
b1100 D
b1100 G
b1100 S
b1100 e
b1100 >
b1100 H
b1100 N
b1100 *
b1100 /
b1100 ;
b1100 L
b1100 P
b0 +
b0 0
b0 <
b0 M
#1984001
b1110 ."
#1985000
b1 +
b1 0
b1 <
b1 M
#1986000
b10 +
b10 0
b10 <
b10 M
#1987000
b11 +
b11 0
b11 <
b11 M
#1988000
b100 +
b100 0
b100 <
b100 M
#1989000
b101 +
b101 0
b101 <
b101 M
#1990000
b110 +
b110 0
b110 <
b110 M
#1991000
b111 +
b111 0
b111 <
b111 M
#1992000
b1000 +
b1000 0
b1000 <
b1000 M
#1993000
b1001 +
b1001 0
b1001 <
b1001 M
#1994000
b1010 +
b1010 0
b1010 <
b1010 M
#1995000
b1011 +
b1011 0
b1011 <
b1011 M
#1996000
b1100 +
b1100 0
b1100 <
b1100 M
#1997000
b1101 +
b1101 0
b1101 <
b1101 M
#1998000
b1110 +
b1110 0
b1110 <
b1110 M
#1999000
b1111 +
b1111 0
b1111 <
b1111 M
#2000000
b1111 $
b1111 4
b1111 8
b10 2
b10 9
b10 g
0o
b1111 3
b1111 :
b1111 T
1Z
1k
0m
0n
1Y
1j
b1101 5
b1101 D
b1101 G
b1101 S
b1101 e
b1101 >
b1101 H
b1101 N
b1101 *
b1101 /
b1101 ;
b1101 L
b1101 P
b0 +
b0 0
b0 <
b0 M
#2000001
b1111 ."
#2001000
b1 +
b1 0
b1 <
b1 M
#2002000
b10 +
b10 0
b10 <
b10 M
#2003000
b11 +
b11 0
b11 <
b11 M
#2004000
b100 +
b100 0
b100 <
b100 M
#2005000
b101 +
b101 0
b101 <
b101 M
#2006000
b110 +
b110 0
b110 <
b110 M
#2007000
b111 +
b111 0
b111 <
b111 M
#2008000
b1000 +
b1000 0
b1000 <
b1000 M
#2009000
b1001 +
b1001 0
b1001 <
b1001 M
#2010000
b1010 +
b1010 0
b1010 <
b1010 M
#2011000
b1011 +
b1011 0
b1011 <
b1011 M
#2012000
b1100 +
b1100 0
b1100 <
b1100 M
#2013000
b1101 +
b1101 0
b1101 <
b1101 M
#2014000
b1110 +
b1110 0
b1110 <
b1110 M
#2015000
b1111 +
b1111 0
b1111 <
b1111 M
#2016000
0"
1!
0c
1#
b0 $
b0 4
b0 8
0`
1U
1o
b1 2
b1 9
b1 g
0x
0Z
b0 3
b0 :
b0 T
0]
1V
0k
1m
1n
1u
1v
0w
0Y
1\
0j
1s
b1110 5
b1110 D
b1110 G
b1110 S
b1110 e
b1110 >
b1110 H
b1110 N
b1110 *
b1110 /
b1110 ;
b1110 L
b1110 P
b0 +
b0 0
b0 <
b0 M
#2016001
11"
00"
1/"
b10000 ."
#2017000
b1 +
b1 0
b1 <
b1 M
#2018000
b10 +
b10 0
b10 <
b10 M
#2019000
b11 +
b11 0
b11 <
b11 M
#2020000
b100 +
b100 0
b100 <
b100 M
#2021000
b101 +
b101 0
b101 <
b101 M
#2022000
b110 +
b110 0
b110 <
b110 M
#2023000
b111 +
b111 0
b111 <
b111 M
#2024000
b1000 +
b1000 0
b1000 <
b1000 M
#2025000
b1001 +
b1001 0
b1001 <
b1001 M
#2026000
b1010 +
b1010 0
b1010 <
b1010 M
#2027000
b1011 +
b1011 0
b1011 <
b1011 M
#2028000
b1100 +
b1100 0
b1100 <
b1100 M
#2029000
b1101 +
b1101 0
b1101 <
b1101 M
#2030000
b1110 +
b1110 0
b1110 <
b1110 M
#2031000
b1111 +
b1111 0
b1111 <
b1111 M
#2032000
0!
b1 $
b1 4
b1 8
b0 2
b0 9
b0 g
0o
b1 3
b1 :
b1 T
1Z
1k
0m
0n
1Y
1j
b1111 5
b1111 D
b1111 G
b1111 S
b1111 e
b1111 >
b1111 H
b1111 N
b1111 *
b1111 /
b1111 ;
b1111 L
b1111 P
b0 +
b0 0
b0 <
b0 M
#2032001
01"
b10001 ."
#2033000
b1 +
b1 0
b1 <
b1 M
#2034000
b10 +
b10 0
b10 <
b10 M
#2035000
b11 +
b11 0
b11 <
b11 M
#2036000
b100 +
b100 0
b100 <
b100 M
#2037000
b101 +
b101 0
b101 <
b101 M
#2038000
b110 +
b110 0
b110 <
b110 M
#2039000
b111 +
b111 0
b111 <
b111 M
#2040000
b1000 +
b1000 0
b1000 <
b1000 M
#2041000
b1001 +
b1001 0
b1001 <
b1001 M
#2042000
b1010 +
b1010 0
b1010 <
b1010 M
#2043000
b1011 +
b1011 0
b1011 <
b1011 M
#2044000
b1100 +
b1100 0
b1100 <
b1100 M
#2045000
b1101 +
b1101 0
b1101 <
b1101 M
#2046000
b1110 +
b1110 0
b1110 <
b1110 M
#2047000
b1111 +
b1111 0
b1111 <
b1111 M
#2048000
0l
0X
0i
b0 6
b0 E
b0 Q
b0 R
b0 d
0W
0]
0V
0`
0U
0c
0#
0k
0m
1n
0u
0v
1w
0~
0!"
1""
0)"
0*"
1+"
1A
1@
0Y
0\
0_
0b
0j
0s
0|
0'"
b0 2
b0 9
b0 g
0o
1!
b0 $
b0 4
b0 8
b0 5
b0 D
b0 G
b0 S
b0 e
b0 f
b0 h
b0 p
b0 q
b0 y
b0 z
b0 $"
b0 %"
b0 -"
17
b0 3
b0 :
b0 T
0Z
b0 >
b0 H
b0 N
b100 ,
b100 1
b100 =
b100 F
0-
b0 *
b0 /
b0 ;
b0 L
b0 P
b0 +
b0 0
b0 <
b0 M
#2048001
11"
0/"
b0 ."
#2049000
b1 3
b1 :
b1 T
1Z
1l
1m
0n
1Y
1j
b1 5
b1 D
b1 G
b1 S
b1 e
b1 >
b1 H
b1 N
b1 +
b1 0
b1 <
b1 M
#2050000
0Z
b10 3
b10 :
b10 T
1]
0l
0m
1n
1u
1v
0w
0Y
1\
0j
1s
b10 5
b10 D
b10 G
b10 S
b10 e
b10 >
b10 H
b10 N
b10 +
b10 0
b10 <
b10 M
#2051000
b11 3
b11 :
b11 T
1Z
1l
1m
0n
1Y
1j
b11 5
b11 D
b11 G
b11 S
b11 e
b11 >
b11 H
b11 N
b11 +
b11 0
b11 <
b11 M
#2052000
0Z
0]
b100 3
b100 :
b100 T
1`
0l
0m
1n
0u
0v
1w
1~
1!"
0""
0Y
0\
1_
0j
0s
1|
b100 5
b100 D
b100 G
b100 S
b100 e
b100 >
b100 H
b100 N
b100 +
b100 0
b100 <
b100 M
#2053000
b101 3
b101 :
b101 T
1Z
1l
1m
0n
1Y
1j
b101 5
b101 D
b101 G
b101 S
b101 e
b101 >
b101 H
b101 N
b101 +
b101 0
b101 <
b101 M
#2054000
0Z
b110 3
b110 :
b110 T
1]
0l
0m
1n
1u
1v
0w
0Y
1\
0j
1s
b110 5
b110 D
b110 G
b110 S
b110 e
b110 >
b110 H
b110 N
b110 +
b110 0
b110 <
b110 M
#2055000
b111 3
b111 :
b111 T
1Z
1l
1m
0n
1Y
1j
b111 5
b111 D
b111 G
b111 S
b111 e
b111 >
b111 H
b111 N
b111 +
b111 0
b111 <
b111 M
#2056000
0Z
0]
0`
b1000 3
b1000 :
b1000 T
1c
0l
0m
1n
0u
0v
1w
0~
0!"
1""
1)"
1*"
0+"
0Y
0\
0_
1b
0j
0s
0|
1'"
b1000 5
b1000 D
b1000 G
b1000 S
b1000 e
b1000 >
b1000 H
b1000 N
b1000 +
b1000 0
b1000 <
b1000 M
#2057000
b1001 3
b1001 :
b1001 T
1Z
1l
1m
0n
1Y
1j
b1001 5
b1001 D
b1001 G
b1001 S
b1001 e
b1001 >
b1001 H
b1001 N
b1001 +
b1001 0
b1001 <
b1001 M
#2058000
0Z
b1010 3
b1010 :
b1010 T
1]
0l
0m
1n
1u
1v
0w
0Y
1\
0j
1s
b1010 5
b1010 D
b1010 G
b1010 S
b1010 e
b1010 >
b1010 H
b1010 N
b1010 +
b1010 0
b1010 <
b1010 M
#2059000
b1011 3
b1011 :
b1011 T
1Z
1l
1m
0n
1Y
1j
b1011 5
b1011 D
b1011 G
b1011 S
b1011 e
b1011 >
b1011 H
b1011 N
b1011 +
b1011 0
b1011 <
b1011 M
#2060000
0Z
0]
b1100 3
b1100 :
b1100 T
1`
0l
0m
1n
0u
0v
1w
1~
1!"
0""
0Y
0\
1_
0j
0s
1|
b1100 5
b1100 D
b1100 G
b1100 S
b1100 e
b1100 >
b1100 H
b1100 N
b1100 +
b1100 0
b1100 <
b1100 M
#2061000
b1101 3
b1101 :
b1101 T
1Z
1l
1m
0n
1Y
1j
b1101 5
b1101 D
b1101 G
b1101 S
b1101 e
b1101 >
b1101 H
b1101 N
b1101 +
b1101 0
b1101 <
b1101 M
#2062000
0Z
b1110 3
b1110 :
b1110 T
1]
0l
0m
1n
1u
1v
0w
0Y
1\
0j
1s
b1110 5
b1110 D
b1110 G
b1110 S
b1110 e
b1110 >
b1110 H
b1110 N
b1110 +
b1110 0
b1110 <
b1110 M
#2063000
b1111 3
b1111 :
b1111 T
1Z
1l
1m
0n
1Y
1j
b1111 5
b1111 D
b1111 G
b1111 S
b1111 e
b1111 >
b1111 H
b1111 N
b1111 +
b1111 0
b1111 <
b1111 M
#2064000
0]
0`
b1 3
b1 :
b1 T
0c
1n
0u
0v
1w
0~
0!"
1""
0)"
0*"
1+"
0Y
0\
0_
0b
0j
0s
0|
0'"
1X
1i
b0 5
b0 D
b0 G
b0 S
b0 e
b1 6
b1 E
b1 Q
b1 R
b1 d
b0 >
b0 H
b0 N
b1 *
b1 /
b1 ;
b1 L
b1 P
b0 +
b0 0
b0 <
b0 M
#2065000
0!
b1 $
b1 4
b1 8
1]
b1 2
b1 9
b1 g
1o
b10 3
b10 :
b10 T
0Z
1W
1k
0m
0n
1Y
1j
b1 5
b1 D
b1 G
b1 S
b1 e
b1 >
b1 H
b1 N
b1 +
b1 0
b1 <
b1 M
#2065001
01"
b1 ."
#2066000
1!
b0 $
b0 4
b0 8
0`
b0 2
b0 9
b0 g
0o
1Z
0W
b11 3
b11 :
b11 T
1]
0V
0k
1m
1n
1u
1v
0w
0Y
1\
0j
1s
b10 5
b10 D
b10 G
b10 S
b10 e
b10 >
b10 H
b10 N
b10 +
b10 0
b10 <
b10 M
#2066001
11"
b0 ."
#2067000
1`
0!
b1 $
b1 4
b1 8
0]
1V
b1 2
b1 9
b1 g
1o
b100 3
b100 :
b100 T
0Z
1W
1k
0m
0n
1Y
1j
b11 5
b11 D
b11 G
b11 S
b11 e
b11 >
b11 H
b11 N
b11 +
b11 0
b11 <
b11 M
#2067001
01"
b1 ."
#2068000
1!
b0 $
b0 4
b0 8
0c
b0 2
b0 9
b0 g
0o
1Z
0W
0]
0V
b101 3
b101 :
b101 T
1`
0U
0k
1m
1n
0u
0v
1w
1~
1!"
0""
0Y
0\
1_
0j
0s
1|
b100 5
b100 D
b100 G
b100 S
b100 e
b100 >
b100 H
b100 N
b100 +
b100 0
b100 <
b100 M
#2068001
11"
b0 ."
#2069000
0!
b1 $
b1 4
b1 8
1]
b1 2
b1 9
b1 g
1o
b110 3
b110 :
b110 T
0Z
1W
1k
0m
0n
1Y
1j
b101 5
b101 D
b101 G
b101 S
b101 e
b101 >
b101 H
b101 N
b101 +
b101 0
b101 <
b101 M
#2069001
01"
b1 ."
#2070000
0c
1!
b0 $
b0 4
b0 8
1`
0U
b0 2
b0 9
b0 g
0o
1Z
0W
b111 3
b111 :
b111 T
1]
0V
0k
1m
1n
1u
1v
0w
0Y
1\
0j
1s
b110 5
b110 D
b110 G
b110 S
b110 e
b110 >
b110 H
b110 N
b110 +
b110 0
b110 <
b110 M
#2070001
11"
b0 ."
#2071000
1c
0`
1U
0!
b1 $
b1 4
b1 8
0]
1V
b1 2
b1 9
b1 g
1o
b1000 3
b1000 :
b1000 T
0Z
1W
1k
0m
0n
1Y
1j
b111 5
b111 D
b111 G
b111 S
b111 e
b111 >
b111 H
b111 N
b111 +
b111 0
b111 <
b111 M
#2071001
01"
b1 ."
#2072000
1!
b0 $
b0 4
b0 8
b0 2
b0 9
b0 g
0o
1Z
0W
0]
0V
0`
0U
b1001 3
b1001 :
b1001 T
1c
0#
0k
1m
1n
0u
0v
1w
0~
0!"
1""
1)"
1*"
0+"
0Y
0\
0_
1b
0j
0s
0|
1'"
b1000 5
b1000 D
b1000 G
b1000 S
b1000 e
b1000 >
b1000 H
b1000 N
b1000 +
b1000 0
b1000 <
b1000 M
#2072001
11"
b0 ."
#2073000
0!
b1 $
b1 4
b1 8
1]
b1 2
b1 9
b1 g
1o
b1010 3
b1010 :
b1010 T
0Z
1W
1k
0m
0n
1Y
1j
b1001 5
b1001 D
b1001 G
b1001 S
b1001 e
b1001 >
b1001 H
b1001 N
b1001 +
b1001 0
b1001 <
b1001 M
#2073001
01"
b1 ."
#2074000
1!
b0 $
b0 4
b0 8
0`
b0 2
b0 9
b0 g
0o
1Z
0W
b1011 3
b1011 :
b1011 T
1]
0V
0k
1m
1n
1u
1v
0w
0Y
1\
0j
1s
b1010 5
b1010 D
b1010 G
b1010 S
b1010 e
b1010 >
b1010 H
b1010 N
b1010 +
b1010 0
b1010 <
b1010 M
#2074001
11"
b0 ."
#2075000
1`
0!
b1 $
b1 4
b1 8
0]
1V
b1 2
b1 9
b1 g
1o
b1100 3
b1100 :
b1100 T
0Z
1W
1k
0m
0n
1Y
1j
b1011 5
b1011 D
b1011 G
b1011 S
b1011 e
b1011 >
b1011 H
b1011 N
b1011 +
b1011 0
b1011 <
b1011 M
#2075001
01"
b1 ."
#2076000
1!
b0 $
b0 4
b0 8
1c
0#
b0 2
b0 9
b0 g
0o
1Z
0W
0]
0V
b1101 3
b1101 :
b1101 T
1`
0U
0k
1m
1n
0u
0v
1w
1~
1!"
0""
0Y
0\
1_
0j
0s
1|
b1100 5
b1100 D
b1100 G
b1100 S
b1100 e
b1100 >
b1100 H
b1100 N
b1100 +
b1100 0
b1100 <
b1100 M
#2076001
11"
b0 ."
#2077000
0!
b1 $
b1 4
b1 8
1]
b1 2
b1 9
b1 g
1o
b1110 3
b1110 :
b1110 T
0Z
1W
1k
0m
0n
1Y
1j
b1101 5
b1101 D
b1101 G
b1101 S
b1101 e
b1101 >
b1101 H
b1101 N
b1101 +
b1101 0
b1101 <
b1101 M
#2077001
01"
b1 ."
#2078000
1c
0#
1!
b0 $
b0 4
b0 8
1`
0U
b0 2
b0 9
b0 g
0o
1Z
0W
b1111 3
b1111 :
b1111 T
1]
0V
0k
1m
1n
1u
1v
0w
0Y
1\
0j
1s
b1110 5
b1110 D
b1110 G
b1110 S
b1110 e
b1110 >
b1110 H
b1110 N
b1110 +
b1110 0
b1110 <
b1110 M
#2078001
11"
b0 ."
#2079000
0c
1#
0`
1U
0!
b1 $
b1 4
b1 8
0]
1V
b1 2
b1 9
b1 g
1o
b0 3
b0 :
b0 T
0Z
1W
1k
0m
0n
1Y
1j
b1111 5
b1111 D
b1111 G
b1111 S
b1111 e
b1111 >
b1111 H
b1111 N
b1111 +
b1111 0
b1111 <
b1111 M
#2079001
01"
b1 ."
#2080000
1!
b0 $
b0 4
b0 8
1]
0V
b0 2
b0 9
b0 g
0o
0`
0U
b10 3
b10 :
b10 T
0c
0#
1n
1w
0~
0!"
1""
0)"
0*"
1+"
0W
0k
0l
0Y
0\
0_
0b
0j
0s
0|
0'"
0X
1[
0i
1r
b0 5
b0 D
b0 G
b0 S
b0 e
b10 6
b10 E
b10 Q
b10 R
b10 d
b0 >
b0 H
b0 N
b10 *
b10 /
b10 ;
b10 L
b10 P
b0 +
b0 0
b0 <
b0 M
#2080001
11"
b0 ."
#2081000
b11 3
b11 :
b11 T
1Z
1l
1m
0n
1Y
1j
b1 5
b1 D
b1 G
b1 S
b1 e
b1 >
b1 H
b1 N
b1 +
b1 0
b1 <
b1 M
#2082000
0!
b10 $
b10 4
b10 8
1`
b10 2
b10 9
b10 g
1x
0Z
b100 3
b100 :
b100 T
0]
1V
0l
0m
1n
1t
0v
0w
0Y
1\
0j
1s
b10 5
b10 D
b10 G
b10 S
b10 e
b10 >
b10 H
b10 N
b10 +
b10 0
b10 <
b10 M
#2082001
01"
b10 ."
#2083000
b101 3
b101 :
b101 T
1Z
1l
1m
0n
1Y
1j
b11 5
b11 D
b11 G
b11 S
b11 e
b11 >
b11 H
b11 N
b11 +
b11 0
b11 <
b11 M
#2084000
1!
b0 $
b0 4
b0 8
0c
b0 2
b0 9
b0 g
0x
0Z
1]
0V
b110 3
b110 :
b110 T
1`
0U
0l
0m
1n
0t
1v
1w
1~
1!"
0""
0Y
0\
1_
0j
0s
1|
b100 5
b100 D
b100 G
b100 S
b100 e
b100 >
b100 H
b100 N
b100 +
b100 0
b100 <
b100 M
#2084001
11"
b0 ."
#2085000
b111 3
b111 :
b111 T
1Z
1l
1m
0n
1Y
1j
b101 5
b101 D
b101 G
b101 S
b101 e
b101 >
b101 H
b101 N
b101 +
b101 0
b101 <
b101 M
#2086000
1c
0!
b10 $
b10 4
b10 8
0`
1U
b10 2
b10 9
b10 g
1x
0Z
b1000 3
b1000 :
b1000 T
0]
1V
0l
0m
1n
1t
0v
0w
0Y
1\
0j
1s
b110 5
b110 D
b110 G
b110 S
b110 e
b110 >
b110 H
b110 N
b110 +
b110 0
b110 <
b110 M
#2086001
01"
b10 ."
#2087000
b1001 3
b1001 :
b1001 T
1Z
1l
1m
0n
1Y
1j
b111 5
b111 D
b111 G
b111 S
b111 e
b111 >
b111 H
b111 N
b111 +
b111 0
b111 <
b111 M
#2088000
1!
b0 $
b0 4
b0 8
b0 2
b0 9
b0 g
0x
0Z
1]
0V
0`
0U
b1010 3
b1010 :
b1010 T
1c
0#
0l
0m
1n
0t
1v
1w
0~
0!"
1""
1)"
1*"
0+"
0Y
0\
0_
1b
0j
0s
0|
1'"
b1000 5
b1000 D
b1000 G
b1000 S
b1000 e
b1000 >
b1000 H
b1000 N
b1000 +
b1000 0
b1000 <
b1000 M
#2088001
11"
b0 ."
#2089000
b1011 3
b1011 :
b1011 T
1Z
1l
1m
0n
1Y
1j
b1001 5
b1001 D
b1001 G
b1001 S
b1001 e
b1001 >
b1001 H
b1001 N
b1001 +
b1001 0
b1001 <
b1001 M
#2090000
0!
b10 $
b10 4
b10 8
1`
b10 2
b10 9
b10 g
1x
0Z
b1100 3
b1100 :
b1100 T
0]
1V
0l
0m
1n
1t
0v
0w
0Y
1\
0j
1s
b1010 5
b1010 D
b1010 G
b1010 S
b1010 e
b1010 >
b1010 H
b1010 N
b1010 +
b1010 0
b1010 <
b1010 M
#2090001
01"
b10 ."
#2091000
b1101 3
b1101 :
b1101 T
1Z
1l
1m
0n
1Y
1j
b1011 5
b1011 D
b1011 G
b1011 S
b1011 e
b1011 >
b1011 H
b1011 N
b1011 +
b1011 0
b1011 <
b1011 M
#2092000
1!
b0 $
b0 4
b0 8
1c
0#
b0 2
b0 9
b0 g
0x
0Z
1]
0V
b1110 3
b1110 :
b1110 T
1`
0U
0l
0m
1n
0t
1v
1w
1~
1!"
0""
0Y
0\
1_
0j
0s
1|
b1100 5
b1100 D
b1100 G
b1100 S
b1100 e
b1100 >
b1100 H
b1100 N
b1100 +
b1100 0
b1100 <
b1100 M
#2092001
11"
b0 ."
#2093000
b1111 3
b1111 :
b1111 T
1Z
1l
1m
0n
1Y
1j
b1101 5
b1101 D
b1101 G
b1101 S
b1101 e
b1101 >
b1101 H
b1101 N
b1101 +
b1101 0
b1101 <
b1101 M
#2094000
0c
1#
0!
b10 $
b10 4
b10 8
0`
1U
b10 2
b10 9
b10 g
1x
0Z
b0 3
b0 :
b0 T
0]
1V
0l
0m
1n
1t
0v
0w
0Y
1\
0j
1s
b1110 5
b1110 D
b1110 G
b1110 S
b1110 e
b1110 >
b1110 H
b1110 N
b1110 +
b1110 0
b1110 <
b1110 M
#2094001
01"
b10 ."
#2095000
b1 3
b1 :
b1 T
1Z
1l
1m
0n
1Y
1j
b1111 5
b1111 D
b1111 G
b1111 S
b1111 e
b1111 >
b1111 H
b1111 N
b1111 +
b1111 0
b1111 <
b1111 M
#2096000
1!
b0 $
b0 4
b0 8
b0 2
b0 9
b0 g
0x
1]
0V
0`
0U
b11 3
b11 :
b11 T
0c
0#
1n
0t
1v
1w
0~
0!"
1""
0)"
0*"
1+"
0Y
0\
0_
0b
0j
0s
0|
0'"
1X
1i
b0 5
b0 D
b0 G
b0 S
b0 e
b11 6
b11 E
b11 Q
b11 R
b11 d
b0 >
b0 H
b0 N
b11 *
b11 /
b11 ;
b11 L
b11 P
b0 +
b0 0
b0 <
b0 M
#2096001
11"
b0 ."
#2097000
1`
0!
b1 $
b1 4
b1 8
0]
1V
b1 2
b1 9
b1 g
1o
b100 3
b100 :
b100 T
0Z
1W
1k
0m
0n
1Y
1j
b1 5
b1 D
b1 G
b1 S
b1 e
b1 >
b1 H
b1 N
b1 +
b1 0
b1 <
b1 M
#2097001
01"
b1 ."
#2098000
b10 $
b10 4
b10 8
0o
b10 2
b10 9
b10 g
1x
1Z
0W
b101 3
b101 :
b101 T
0]
0k
1m
1n
1t
0v
0w
0Y
1\
0j
1s
b10 5
b10 D
b10 G
b10 S
b10 e
b10 >
b10 H
b10 N
b10 +
b10 0
b10 <
b10 M
#2098001
b10 ."
#2099000
b11 $
b11 4
b11 8
1]
b11 2
b11 9
b11 g
1o
b110 3
b110 :
b110 T
0Z
1W
1k
0m
0n
1Y
1j
b11 5
b11 D
b11 G
b11 S
b11 e
b11 >
b11 H
b11 N
b11 +
b11 0
b11 <
b11 M
#2099001
b11 ."
#2100000
1!
b0 $
b0 4
b0 8
0V
0c
0o
b0 2
b0 9
b0 g
0x
1Z
0W
1]
b111 3
b111 :
b111 T
1`
0U
0k
1m
1n
0t
1v
1w
1~
1!"
0""
0Y
0\
1_
0j
0s
1|
b100 5
b100 D
b100 G
b100 S
b100 e
b100 >
b100 H
b100 N
b100 +
b100 0
b100 <
b100 M
#2100001
11"
b0 ."
#2101000
1c
0`
1U
0!
b1 $
b1 4
b1 8
0]
1V
b1 2
b1 9
b1 g
1o
b1000 3
b1000 :
b1000 T
0Z
1W
1k
0m
0n
1Y
1j
b101 5
b101 D
b101 G
b101 S
b101 e
b101 >
b101 H
b101 N
b101 +
b101 0
b101 <
b101 M
#2101001
01"
b1 ."
#2102000
b10 $
b10 4
b10 8
0o
b10 2
b10 9
b10 g
1x
1Z
0W
b1001 3
b1001 :
b1001 T
0]
0k
1m
1n
1t
0v
0w
0Y
1\
0j
1s
b110 5
b110 D
b110 G
b110 S
b110 e
b110 >
b110 H
b110 N
b110 +
b110 0
b110 <
b110 M
#2102001
b10 ."
#2103000
b11 $
b11 4
b11 8
1]
b11 2
b11 9
b11 g
1o
b1010 3
b1010 :
b1010 T
0Z
1W
1k
0m
0n
1Y
1j
b111 5
b111 D
b111 G
b111 S
b111 e
b111 >
b111 H
b111 N
b111 +
b111 0
b111 <
b111 M
#2103001
b11 ."
#2104000
1!
b0 $
b0 4
b0 8
0V
0o
b0 2
b0 9
b0 g
0x
1Z
0W
1]
0`
0U
b1011 3
b1011 :
b1011 T
1c
0#
0k
1m
1n
0t
1v
1w
0~
0!"
1""
1)"
1*"
0+"
0Y
0\
0_
1b
0j
0s
0|
1'"
b1000 5
b1000 D
b1000 G
b1000 S
b1000 e
b1000 >
b1000 H
b1000 N
b1000 +
b1000 0
b1000 <
b1000 M
#2104001
11"
b0 ."
#2105000
1`
0!
b1 $
b1 4
b1 8
0]
1V
b1 2
b1 9
b1 g
1o
b1100 3
b1100 :
b1100 T
0Z
1W
1k
0m
0n
1Y
1j
b1001 5
b1001 D
b1001 G
b1001 S
b1001 e
b1001 >
b1001 H
b1001 N
b1001 +
b1001 0
b1001 <
b1001 M
#2105001
01"
b1 ."
#2106000
b10 $
b10 4
b10 8
0o
b10 2
b10 9
b10 g
1x
1Z
0W
b1101 3
b1101 :
b1101 T
0]
0k
1m
1n
1t
0v
0w
0Y
1\
0j
1s
b1010 5
b1010 D
b1010 G
b1010 S
b1010 e
b1010 >
b1010 H
b1010 N
b1010 +
b1010 0
b1010 <
b1010 M
#2106001
b10 ."
#2107000
b11 $
b11 4
b11 8
1]
b11 2
b11 9
b11 g
1o
b1110 3
b1110 :
b1110 T
0Z
1W
1k
0m
0n
1Y
1j
b1011 5
b1011 D
b1011 G
b1011 S
b1011 e
b1011 >
b1011 H
b1011 N
b1011 +
b1011 0
b1011 <
b1011 M
#2107001
b11 ."
#2108000
1!
b0 $
b0 4
b0 8
0V
1c
0#
0o
b0 2
b0 9
b0 g
0x
1Z
0W
1]
b1111 3
b1111 :
b1111 T
1`
0U
0k
1m
1n
0t
1v
1w
1~
1!"
0""
0Y
0\
1_
0j
0s
1|
b1100 5
b1100 D
b1100 G
b1100 S
b1100 e
b1100 >
b1100 H
b1100 N
b1100 +
b1100 0
b1100 <
b1100 M
#2108001
11"
b0 ."
#2109000
0c
1#
0`
1U
0!
b1 $
b1 4
b1 8
0]
1V
b1 2
b1 9
b1 g
1o
b0 3
b0 :
b0 T
0Z
1W
1k
0m
0n
1Y
1j
b1101 5
b1101 D
b1101 G
b1101 S
b1101 e
b1101 >
b1101 H
b1101 N
b1101 +
b1101 0
b1101 <
b1101 M
#2109001
01"
b1 ."
#2110000
b10 $
b10 4
b10 8
0o
b10 2
b10 9
b10 g
1x
1Z
0W
b1 3
b1 :
b1 T
0]
0k
1m
1n
1t
0v
0w
0Y
1\
0j
1s
b1110 5
b1110 D
b1110 G
b1110 S
b1110 e
b1110 >
b1110 H
b1110 N
b1110 +
b1110 0
b1110 <
b1110 M
#2110001
b10 ."
#2111000
b11 $
b11 4
b11 8
1]
b11 2
b11 9
b11 g
1o
b10 3
b10 :
b10 T
0Z
1W
1k
0m
0n
1Y
1j
b1111 5
b1111 D
b1111 G
b1111 S
b1111 e
b1111 >
b1111 H
b1111 N
b1111 +
b1111 0
b1111 <
b1111 M
#2111001
b11 ."
#2112000
1!
b0 $
b0 4
b0 8
1`
0U
0]
0o
b0 2
b0 9
b0 g
0x
0V
b100 3
b100 :
b100 T
0c
0#
1n
1w
1""
0)"
0*"
1+"
0W
0k
0l
0t
0u
0Y
0\
0_
0b
0j
0s
0|
0'"
0X
0[
1^
0i
0r
1{
b0 5
b0 D
b0 G
b0 S
b0 e
b100 6
b100 E
b100 Q
b100 R
b100 d
b0 >
b0 H
b0 N
b100 *
b100 /
b100 ;
b100 L
b100 P
b0 +
b0 0
b0 <
b0 M
#2112001
11"
b0 ."
#2113000
b101 3
b101 :
b101 T
1Z
1l
1m
0n
1Y
1j
b1 5
b1 D
b1 G
b1 S
b1 e
b1 >
b1 H
b1 N
b1 +
b1 0
b1 <
b1 M
#2114000
0Z
b110 3
b110 :
b110 T
1]
0l
0m
1n
1u
1v
0w
0Y
1\
0j
1s
b10 5
b10 D
b10 G
b10 S
b10 e
b10 >
b10 H
b10 N
b10 +
b10 0
b10 <
b10 M
#2115000
b111 3
b111 :
b111 T
1Z
1l
1m
0n
1Y
1j
b11 5
b11 D
b11 G
b11 S
b11 e
b11 >
b11 H
b11 N
b11 +
b11 0
b11 <
b11 M
#2116000
0!
b100 $
b100 4
b100 8
1c
b100 2
b100 9
b100 g
1#"
0Z
0]
b1000 3
b1000 :
b1000 T
0`
1U
0l
0m
1n
0u
0v
1w
1}
0!"
0""
0Y
0\
1_
0j
0s
1|
b100 5
b100 D
b100 G
b100 S
b100 e
b100 >
b100 H
b100 N
b100 +
b100 0
b100 <
b100 M
#2116001
01"
b100 ."
#2117000
b1001 3
b1001 :
b1001 T
1Z
1l
1m
0n
1Y
1j
b101 5
b101 D
b101 G
b101 S
b101 e
b101 >
b101 H
b101 N
b101 +
b101 0
b101 <
b101 M
#2118000
0Z
b1010 3
b1010 :
b1010 T
1]
0l
0m
1n
1u
1v
0w
0Y
1\
0j
1s
b110 5
b110 D
b110 G
b110 S
b110 e
b110 >
b110 H
b110 N
b110 +
b110 0
b110 <
b110 M
#2119000
b1011 3
b1011 :
b1011 T
1Z
1l
1m
0n
1Y
1j
b111 5
b111 D
b111 G
b111 S
b111 e
b111 >
b111 H
b111 N
b111 +
b111 0
b111 <
b111 M
#2120000
1!
b0 $
b0 4
b0 8
b0 2
b0 9
b0 g
0#"
0Z
0]
1`
0U
b1100 3
b1100 :
b1100 T
1c
0#
0l
0m
1n
0u
0v
1w
0}
1!"
1""
1)"
1*"
0+"
0Y
0\
0_
1b
0j
0s
0|
1'"
b1000 5
b1000 D
b1000 G
b1000 S
b1000 e
b1000 >
b1000 H
b1000 N
b1000 +
b1000 0
b1000 <
b1000 M
#2120001
11"
b0 ."
#2121000
b1101 3
b1101 :
b1101 T
1Z
1l
1m
0n
1Y
1j
b1001 5
b1001 D
b1001 G
b1001 S
b1001 e
b1001 >
b1001 H
b1001 N
b1001 +
b1001 0
b1001 <
b1001 M
#2122000
0Z
b1110 3
b1110 :
b1110 T
1]
0l
0m
1n
1u
1v
0w
0Y
1\
0j
1s
b1010 5
b1010 D
b1010 G
b1010 S
b1010 e
b1010 >
b1010 H
b1010 N
b1010 +
b1010 0
b1010 <
b1010 M
#2123000
b1111 3
b1111 :
b1111 T
1Z
1l
1m
0n
1Y
1j
b1011 5
b1011 D
b1011 G
b1011 S
b1011 e
b1011 >
b1011 H
b1011 N
b1011 +
b1011 0
b1011 <
b1011 M
#2124000
0!
b100 $
b100 4
b100 8
0c
1#
b100 2
b100 9
b100 g
1#"
0Z
0]
b0 3
b0 :
b0 T
0`
1U
0l
0m
1n
0u
0v
1w
1}
0!"
0""
0Y
0\
1_
0j
0s
1|
b1100 5
b1100 D
b1100 G
b1100 S
b1100 e
b1100 >
b1100 H
b1100 N
b1100 +
b1100 0
b1100 <
b1100 M
#2124001
01"
b100 ."
#2125000
b1 3
b1 :
b1 T
1Z
1l
1m
0n
1Y
1j
b1101 5
b1101 D
b1101 G
b1101 S
b1101 e
b1101 >
b1101 H
b1101 N
b1101 +
b1101 0
b1101 <
b1101 M
#2126000
0Z
b10 3
b10 :
b10 T
1]
0l
0m
1n
1u
1v
0w
0Y
1\
0j
1s
b1110 5
b1110 D
b1110 G
b1110 S
b1110 e
b1110 >
b1110 H
b1110 N
b1110 +
b1110 0
b1110 <
b1110 M
#2127000
b11 3
b11 :
b11 T
1Z
1l
1m
0n
1Y
1j
b1111 5
b1111 D
b1111 G
b1111 S
b1111 e
b1111 >
b1111 H
b1111 N
b1111 +
b1111 0
b1111 <
b1111 M
#2128000
1!
b0 $
b0 4
b0 8
b0 2
b0 9
b0 g
0#"
0]
1`
0U
b101 3
b101 :
b101 T
0c
0#
1n
0u
0v
1w
0}
1!"
1""
0)"
0*"
1+"
0Y
0\
0_
0b
0j
0s
0|
0'"
1X
1i
b0 5
b0 D
b0 G
b0 S
b0 e
b101 6
b101 E
b101 Q
b101 R
b101 d
b0 >
b0 H
b0 N
b101 *
b101 /
b101 ;
b101 L
b101 P
b0 +
b0 0
b0 <
b0 M
#2128001
11"
b0 ."
#2129000
0!
b1 $
b1 4
b1 8
1]
b1 2
b1 9
b1 g
1o
b110 3
b110 :
b110 T
0Z
1W
1k
0m
0n
1Y
1j
b1 5
b1 D
b1 G
b1 S
b1 e
b1 >
b1 H
b1 N
b1 +
b1 0
b1 <
b1 M
#2129001
01"
b1 ."
#2130000
0c
1!
b0 $
b0 4
b0 8
1`
0U
b0 2
b0 9
b0 g
0o
1Z
0W
b111 3
b111 :
b111 T
1]
0V
0k
1m
1n
1u
1v
0w
0Y
1\
0j
1s
b10 5
b10 D
b10 G
b10 S
b10 e
b10 >
b10 H
b10 N
b10 +
b10 0
b10 <
b10 M
#2130001
11"
b0 ."
#2131000
1c
0`
1U
0!
b1 $
b1 4
b1 8
0]
1V
b1 2
b1 9
b1 g
1o
b1000 3
b1000 :
b1000 T
0Z
1W
1k
0m
0n
1Y
1j
b11 5
b11 D
b11 G
b11 S
b11 e
b11 >
b11 H
b11 N
b11 +
b11 0
b11 <
b11 M
#2131001
01"
b1 ."
#2132000
b100 $
b100 4
b100 8
0o
b100 2
b100 9
b100 g
1#"
1Z
0W
0]
0V
b1001 3
b1001 :
b1001 T
0`
0k
1m
1n
0u
0v
1w
1}
0!"
0""
0Y
0\
1_
0j
0s
1|
b100 5
b100 D
b100 G
b100 S
b100 e
b100 >
b100 H
b100 N
b100 +
b100 0
b100 <
b100 M
#2132001
b100 ."
#2133000
b101 $
b101 4
b101 8
1]
b101 2
b101 9
b101 g
1o
b1010 3
b1010 :
b1010 T
0Z
1W
1k
0m
0n
1Y
1j
b101 5
b101 D
b101 G
b101 S
b101 e
b101 >
b101 H
b101 N
b101 +
b101 0
b101 <
b101 M
#2133001
b101 ."
#2134000
b100 $
b100 4
b100 8
0`
b100 2
b100 9
b100 g
0o
1Z
0W
b1011 3
b1011 :
b1011 T
1]
0V
0k
1m
1n
1u
1v
0w
0Y
1\
0j
1s
b110 5
b110 D
b110 G
b110 S
b110 e
b110 >
b110 H
b110 N
b110 +
b110 0
b110 <
b110 M
#2134001
b100 ."
#2135000
1`
b101 $
b101 4
b101 8
0]
1V
b101 2
b101 9
b101 g
1o
b1100 3
b1100 :
b1100 T
0Z
1W
1k
0m
0n
1Y
1j
b111 5
b111 D
b111 G
b111 S
b111 e
b111 >
b111 H
b111 N
b111 +
b111 0
b111 <
b111 M
#2135001
b101 ."
#2136000
1!
b0 $
b0 4
b0 8
0U
0o
b0 2
b0 9
b0 g
0#"
1Z
0W
0]
0V
1`
b1101 3
b1101 :
b1101 T
1c
0#
0k
1m
1n
0u
0v
1w
0}
1!"
1""
1)"
1*"
0+"
0Y
0\
0_
1b
0j
0s
0|
1'"
b1000 5
b1000 D
b1000 G
b1000 S
b1000 e
b1000 >
b1000 H
b1000 N
b1000 +
b1000 0
b1000 <
b1000 M
#2136001
11"
b0 ."
#2137000
0!
b1 $
b1 4
b1 8
1]
b1 2
b1 9
b1 g
1o
b1110 3
b1110 :
b1110 T
0Z
1W
1k
0m
0n
1Y
1j
b1001 5
b1001 D
b1001 G
b1001 S
b1001 e
b1001 >
b1001 H
b1001 N
b1001 +
b1001 0
b1001 <
b1001 M
#2137001
01"
b1 ."
#2138000
1c
0#
1!
b0 $
b0 4
b0 8
1`
0U
b0 2
b0 9
b0 g
0o
1Z
0W
b1111 3
b1111 :
b1111 T
1]
0V
0k
1m
1n
1u
1v
0w
0Y
1\
0j
1s
b1010 5
b1010 D
b1010 G
b1010 S
b1010 e
b1010 >
b1010 H
b1010 N
b1010 +
b1010 0
b1010 <
b1010 M
#2138001
11"
b0 ."
#2139000
0c
1#
0`
1U
0!
b1 $
b1 4
b1 8
0]
1V
b1 2
b1 9
b1 g
1o
b0 3
b0 :
b0 T
0Z
1W
1k
0m
0n
1Y
1j
b1011 5
b1011 D
b1011 G
b1011 S
b1011 e
b1011 >
b1011 H
b1011 N
b1011 +
b1011 0
b1011 <
b1011 M
#2139001
01"
b1 ."
#2140000
b100 $
b100 4
b100 8
0o
b100 2
b100 9
b100 g
1#"
1Z
0W
0]
0V
b1 3
b1 :
b1 T
0`
0k
1m
1n
0u
0v
1w
1}
0!"
0""
0Y
0\
1_
0j
0s
1|
b1100 5
b1100 D
b1100 G
b1100 S
b1100 e
b1100 >
b1100 H
b1100 N
b1100 +
b1100 0
b1100 <
b1100 M
#2140001
b100 ."
#2141000
b101 $
b101 4
b101 8
1]
b101 2
b101 9
b101 g
1o
b10 3
b10 :
b10 T
0Z
1W
1k
0m
0n
1Y
1j
b1101 5
b1101 D
b1101 G
b1101 S
b1101 e
b1101 >
b1101 H
b1101 N
b1101 +
b1101 0
b1101 <
b1101 M
#2141001
b101 ."
#2142000
b100 $
b100 4
b100 8
0`
b100 2
b100 9
b100 g
0o
1Z
0W
b11 3
b11 :
b11 T
1]
0V
0k
1m
1n
1u
1v
0w
0Y
1\
0j
1s
b1110 5
b1110 D
b1110 G
b1110 S
b1110 e
b1110 >
b1110 H
b1110 N
b1110 +
b1110 0
b1110 <
b1110 M
#2142001
b100 ."
#2143000
1`
b101 $
b101 4
b101 8
0]
1V
b101 2
b101 9
b101 g
1o
b100 3
b100 :
b100 T
0Z
1W
1k
0m
0n
1Y
1j
b1111 5
b1111 D
b1111 G
b1111 S
b1111 e
b1111 >
b1111 H
b1111 N
b1111 +
b1111 0
b1111 <
b1111 M
#2143001
b101 ."
#2144000
0U
1!
b0 $
b0 4
b0 8
0#"
1]
0V
b0 2
b0 9
b0 g
0o
1`
b110 3
b110 :
b110 T
0c
0#
1n
1w
0}
1!"
1""
0)"
0*"
1+"
0W
0k
0l
0Y
0\
0_
0b
0j
0s
0|
0'"
0X
1[
0i
1r
b0 5
b0 D
b0 G
b0 S
b0 e
b110 6
b110 E
b110 Q
b110 R
b110 d
b0 >
b0 H
b0 N
b110 *
b110 /
b110 ;
b110 L
b110 P
b0 +
b0 0
b0 <
b0 M
#2144001
11"
b0 ."
#2145000
b111 3
b111 :
b111 T
1Z
1l
1m
0n
1Y
1j
b1 5
b1 D
b1 G
b1 S
b1 e
b1 >
b1 H
b1 N
b1 +
b1 0
b1 <
b1 M
#2146000
1c
0!
b10 $
b10 4
b10 8
0`
1U
b10 2
b10 9
b10 g
1x
0Z
b1000 3
b1000 :
b1000 T
0]
1V
0l
0m
1n
1t
0v
0w
0Y
1\
0j
1s
b10 5
b10 D
b10 G
b10 S
b10 e
b10 >
b10 H
b10 N
b10 +
b10 0
b10 <
b10 M
#2146001
01"
b10 ."
#2147000
b1001 3
b1001 :
b1001 T
1Z
1l
1m
0n
1Y
1j
b11 5
b11 D
b11 G
b11 S
b11 e
b11 >
b11 H
b11 N
b11 +
b11 0
b11 <
b11 M
#2148000
b100 $
b100 4
b100 8
0x
b100 2
b100 9
b100 g
1#"
0Z
1]
0V
b1010 3
b1010 :
b1010 T
0`
0l
0m
1n
0t
1v
1w
1}
0!"
0""
0Y
0\
1_
0j
0s
1|
b100 5
b100 D
b100 G
b100 S
b100 e
b100 >
b100 H
b100 N
b100 +
b100 0
b100 <
b100 M
#2148001
b100 ."
#2149000
b1011 3
b1011 :
b1011 T
1Z
1l
1m
0n
1Y
1j
b101 5
b101 D
b101 G
b101 S
b101 e
b101 >
b101 H
b101 N
b101 +
b101 0
b101 <
b101 M
#2150000
b110 $
b110 4
b110 8
1`
b110 2
b110 9
b110 g
1x
0Z
b1100 3
b1100 :
b1100 T
0]
1V
0l
0m
1n
1t
0v
0w
0Y
1\
0j
1s
b110 5
b110 D
b110 G
b110 S
b110 e
b110 >
b110 H
b110 N
b110 +
b110 0
b110 <
b110 M
#2150001
b110 ."
#2151000
b1101 3
b1101 :
b1101 T
1Z
1l
1m
0n
1Y
1j
b111 5
b111 D
b111 G
b111 S
b111 e
b111 >
b111 H
b111 N
b111 +
b111 0
b111 <
b111 M
#2152000
1!
b0 $
b0 4
b0 8
0U
0x
b0 2
b0 9
b0 g
0#"
0Z
1]
0V
1`
b1110 3
b1110 :
b1110 T
1c
0#
0l
0m
1n
0t
1v
1w
0}
1!"
1""
1)"
1*"
0+"
0Y
0\
0_
1b
0j
0s
0|
1'"
b1000 5
b1000 D
b1000 G
b1000 S
b1000 e
b1000 >
b1000 H
b1000 N
b1000 +
b1000 0
b1000 <
b1000 M
#2152001
11"
b0 ."
#2153000
b1111 3
b1111 :
b1111 T
1Z
1l
1m
0n
1Y
1j
b1001 5
b1001 D
b1001 G
b1001 S
b1001 e
b1001 >
b1001 H
b1001 N
b1001 +
b1001 0
b1001 <
b1001 M
#2154000
0c
1#
0!
b10 $
b10 4
b10 8
0`
1U
b10 2
b10 9
b10 g
1x
0Z
b0 3
b0 :
b0 T
0]
1V
0l
0m
1n
1t
0v
0w
0Y
1\
0j
1s
b1010 5
b1010 D
b1010 G
b1010 S
b1010 e
b1010 >
b1010 H
b1010 N
b1010 +
b1010 0
b1010 <
b1010 M
#2154001
01"
b10 ."
#2155000
b1 3
b1 :
b1 T
1Z
1l
1m
0n
1Y
1j
b1011 5
b1011 D
b1011 G
b1011 S
b1011 e
b1011 >
b1011 H
b1011 N
b1011 +
b1011 0
b1011 <
b1011 M
#2156000
b100 $
b100 4
b100 8
0x
b100 2
b100 9
b100 g
1#"
0Z
1]
0V
b10 3
b10 :
b10 T
0`
0l
0m
1n
0t
1v
1w
1}
0!"
0""
0Y
0\
1_
0j
0s
1|
b1100 5
b1100 D
b1100 G
b1100 S
b1100 e
b1100 >
b1100 H
b1100 N
b1100 +
b1100 0
b1100 <
b1100 M
#2156001
b100 ."
#2157000
b11 3
b11 :
b11 T
1Z
1l
1m
0n
1Y
1j
b1101 5
b1101 D
b1101 G
b1101 S
b1101 e
b1101 >
b1101 H
b1101 N
b1101 +
b1101 0
b1101 <
b1101 M
#2158000
b110 $
b110 4
b110 8
1`
b110 2
b110 9
b110 g
1x
0Z
b100 3
b100 :
b100 T
0]
1V
0l
0m
1n
1t
0v
0w
0Y
1\
0j
1s
b1110 5
b1110 D
b1110 G
b1110 S
b1110 e
b1110 >
b1110 H
b1110 N
b1110 +
b1110 0
b1110 <
b1110 M
#2158001
b110 ."
#2159000
b101 3
b101 :
b101 T
1Z
1l
1m
0n
1Y
1j
b1111 5
b1111 D
b1111 G
b1111 S
b1111 e
b1111 >
b1111 H
b1111 N
b1111 +
b1111 0
b1111 <
b1111 M
#2160000
1!
b0 $
b0 4
b0 8
0U
0x
b0 2
b0 9
b0 g
0#"
1]
0V
1`
b111 3
b111 :
b111 T
0c
0#
1n
0t
1v
1w
0}
1!"
1""
0)"
0*"
1+"
0Y
0\
0_
0b
0j
0s
0|
0'"
1X
1i
b0 5
b0 D
b0 G
b0 S
b0 e
b111 6
b111 E
b111 Q
b111 R
b111 d
b0 >
b0 H
b0 N
b111 *
b111 /
b111 ;
b111 L
b111 P
b0 +
b0 0
b0 <
b0 M
#2160001
11"
b0 ."
#2161000
1c
0`
1U
0!
b1 $
b1 4
b1 8
0]
1V
b1 2
b1 9
b1 g
1o
b1000 3
b1000 :
b1000 T
0Z
1W
1k
0m
0n
1Y
1j
b1 5
b1 D
b1 G
b1 S
b1 e
b1 >
b1 H
b1 N
b1 +
b1 0
b1 <
b1 M
#2161001
01"
b1 ."
#2162000
b10 $
b10 4
b10 8
0o
b10 2
b10 9
b10 g
1x
1Z
0W
b1001 3
b1001 :
b1001 T
0]
0k
1m
1n
1t
0v
0w
0Y
1\
0j
1s
b10 5
b10 D
b10 G
b10 S
b10 e
b10 >
b10 H
b10 N
b10 +
b10 0
b10 <
b10 M
#2162001
b10 ."
#2163000
b11 $
b11 4
b11 8
1]
b11 2
b11 9
b11 g
1o
b1010 3
b1010 :
b1010 T
0Z
1W
1k
0m
0n
1Y
1j
b11 5
b11 D
b11 G
b11 S
b11 e
b11 >
b11 H
b11 N
b11 +
b11 0
b11 <
b11 M
#2163001
b11 ."
#2164000
b100 $
b100 4
b100 8
0V
0o
0x
b100 2
b100 9
b100 g
1#"
1Z
0W
1]
b1011 3
b1011 :
b1011 T
0`
0k
1m
1n
0t
1v
1w
1}
0!"
0""
0Y
0\
1_
0j
0s
1|
b100 5
b100 D
b100 G
b100 S
b100 e
b100 >
b100 H
b100 N
b100 +
b100 0
b100 <
b100 M
#2164001
b100 ."
#2165000
1`
b101 $
b101 4
b101 8
0]
1V
b101 2
b101 9
b101 g
1o
b1100 3
b1100 :
b1100 T
0Z
1W
1k
0m
0n
1Y
1j
b101 5
b101 D
b101 G
b101 S
b101 e
b101 >
b101 H
b101 N
b101 +
b101 0
b101 <
b101 M
#2165001
b101 ."
#2166000
b110 $
b110 4
b110 8
0o
b110 2
b110 9
b110 g
1x
1Z
0W
b1101 3
b1101 :
b1101 T
0]
0k
1m
1n
1t
0v
0w
0Y
1\
0j
1s
b110 5
b110 D
b110 G
b110 S
b110 e
b110 >
b110 H
b110 N
b110 +
b110 0
b110 <
b110 M
#2166001
b110 ."
#2167000
b111 $
b111 4
b111 8
1]
b111 2
b111 9
b111 g
1o
b1110 3
b1110 :
b1110 T
0Z
1W
1k
0m
0n
1Y
1j
b111 5
b111 D
b111 G
b111 S
b111 e
b111 >
b111 H
b111 N
b111 +
b111 0
b111 <
b111 M
#2167001
b111 ."
#2168000
0U
1!
b0 $
b0 4
b0 8
0V
0o
0x
b0 2
b0 9
b0 g
0#"
1Z
0W
1]
1`
b1111 3
b1111 :
b1111 T
1c
0#
0k
1m
1n
0t
1v
1w
0}
1!"
1""
1)"
1*"
0+"
0Y
0\
0_
1b
0j
0s
0|
1'"
b1000 5
b1000 D
b1000 G
b1000 S
b1000 e
b1000 >
b1000 H
b1000 N
b1000 +
b1000 0
b1000 <
b1000 M
#2168001
11"
b0 ."
#2169000
0c
1#
0`
1U
0!
b1 $
b1 4
b1 8
0]
1V
b1 2
b1 9
b1 g
1o
b0 3
b0 :
b0 T
0Z
1W
1k
0m
0n
1Y
1j
b1001 5
b1001 D
b1001 G
b1001 S
b1001 e
b1001 >
b1001 H
b1001 N
b1001 +
b1001 0
b1001 <
b1001 M
#2169001
01"
b1 ."
#2170000
b10 $
b10 4
b10 8
0o
b10 2
b10 9
b10 g
1x
1Z
0W
b1 3
b1 :
b1 T
0]
0k
1m
1n
1t
0v
0w
0Y
1\
0j
1s
b1010 5
b1010 D
b1010 G
b1010 S
b1010 e
b1010 >
b1010 H
b1010 N
b1010 +
b1010 0
b1010 <
b1010 M
#2170001
b10 ."
#2171000
b11 $
b11 4
b11 8
1]
b11 2
b11 9
b11 g
1o
b10 3
b10 :
b10 T
0Z
1W
1k
0m
0n
1Y
1j
b1011 5
b1011 D
b1011 G
b1011 S
b1011 e
b1011 >
b1011 H
b1011 N
b1011 +
b1011 0
b1011 <
b1011 M
#2171001
b11 ."
#2172000
b100 $
b100 4
b100 8
0V
0o
0x
b100 2
b100 9
b100 g
1#"
1Z
0W
1]
b11 3
b11 :
b11 T
0`
0k
1m
1n
0t
1v
1w
1}
0!"
0""
0Y
0\
1_
0j
0s
1|
b1100 5
b1100 D
b1100 G
b1100 S
b1100 e
b1100 >
b1100 H
b1100 N
b1100 +
b1100 0
b1100 <
b1100 M
#2172001
b100 ."
#2173000
1`
b101 $
b101 4
b101 8
0]
1V
b101 2
b101 9
b101 g
1o
b100 3
b100 :
b100 T
0Z
1W
1k
0m
0n
1Y
1j
b1101 5
b1101 D
b1101 G
b1101 S
b1101 e
b1101 >
b1101 H
b1101 N
b1101 +
b1101 0
b1101 <
b1101 M
#2173001
b101 ."
#2174000
b110 $
b110 4
b110 8
0o
b110 2
b110 9
b110 g
1x
1Z
0W
b101 3
b101 :
b101 T
0]
0k
1m
1n
1t
0v
0w
0Y
1\
0j
1s
b1110 5
b1110 D
b1110 G
b1110 S
b1110 e
b1110 >
b1110 H
b1110 N
b1110 +
b1110 0
b1110 <
b1110 M
#2174001
b110 ."
#2175000
b111 $
b111 4
b111 8
1]
b111 2
b111 9
b111 g
1o
b110 3
b110 :
b110 T
0Z
1W
1k
0m
0n
1Y
1j
b1111 5
b1111 D
b1111 G
b1111 S
b1111 e
b1111 >
b1111 H
b1111 N
b1111 +
b1111 0
b1111 <
b1111 M
#2175001
b111 ."
#2176000
1!
b0 $
b0 4
b0 8
0`
1c
0#
b1000 3
b1000 :
b1000 T
0]
0o
0x
b0 2
b0 9
b0 g
0#"
0V
0U
1n
1w
1""
1+"
0W
0k
0l
0t
0u
0}
0~
0Y
0\
0_
0b
0j
0s
0|
0'"
0X
0[
0^
1a
0i
0r
0{
1&"
b0 5
b0 D
b0 G
b0 S
b0 e
b1000 6
b1000 E
b1000 Q
b1000 R
b1000 d
b0 >
b0 H
b0 N
b1000 *
b1000 /
b1000 ;
b1000 L
b1000 P
b0 +
b0 0
b0 <
b0 M
#2176001
11"
b0 ."
#2177000
b1001 3
b1001 :
b1001 T
1Z
1l
1m
0n
1Y
1j
b1 5
b1 D
b1 G
b1 S
b1 e
b1 >
b1 H
b1 N
b1 +
b1 0
b1 <
b1 M
#2178000
0Z
b1010 3
b1010 :
b1010 T
1]
0l
0m
1n
1u
1v
0w
0Y
1\
0j
1s
b10 5
b10 D
b10 G
b10 S
b10 e
b10 >
b10 H
b10 N
b10 +
b10 0
b10 <
b10 M
#2179000
b1011 3
b1011 :
b1011 T
1Z
1l
1m
0n
1Y
1j
b11 5
b11 D
b11 G
b11 S
b11 e
b11 >
b11 H
b11 N
b11 +
b11 0
b11 <
b11 M
#2180000
0Z
0]
b1100 3
b1100 :
b1100 T
1`
0l
0m
1n
0u
0v
1w
1~
1!"
0""
0Y
0\
1_
0j
0s
1|
b100 5
b100 D
b100 G
b100 S
b100 e
b100 >
b100 H
b100 N
b100 +
b100 0
b100 <
b100 M
#2181000
b1101 3
b1101 :
b1101 T
1Z
1l
1m
0n
1Y
1j
b101 5
b101 D
b101 G
b101 S
b101 e
b101 >
b101 H
b101 N
b101 +
b101 0
b101 <
b101 M
#2182000
0Z
b1110 3
b1110 :
b1110 T
1]
0l
0m
1n
1u
1v
0w
0Y
1\
0j
1s
b110 5
b110 D
b110 G
b110 S
b110 e
b110 >
b110 H
b110 N
b110 +
b110 0
b110 <
b110 M
#2183000
b1111 3
b1111 :
b1111 T
1Z
1l
1m
0n
1Y
1j
b111 5
b111 D
b111 G
b111 S
b111 e
b111 >
b111 H
b111 N
b111 +
b111 0
b111 <
b111 M
#2184000
1"
0!
b1000 $
b1000 4
b1000 8
b1000 2
b1000 9
b1000 g
1,"
0Z
0]
0`
b0 3
b0 :
b0 T
0c
1#
0l
0m
1n
0u
0v
1w
0~
0!"
1""
1("
0*"
0+"
0Y
0\
0_
1b
0j
0s
0|
1'"
b1000 5
b1000 D
b1000 G
b1000 S
b1000 e
b1000 >
b1000 H
b1000 N
b1000 +
b1000 0
b1000 <
b1000 M
#2184001
01"
10"
b1000 ."
#2185000
b1 3
b1 :
b1 T
1Z
1l
1m
0n
1Y
1j
b1001 5
b1001 D
b1001 G
b1001 S
b1001 e
b1001 >
b1001 H
b1001 N
b1001 +
b1001 0
b1001 <
b1001 M
#2186000
0Z
b10 3
b10 :
b10 T
1]
0l
0m
1n
1u
1v
0w
0Y
1\
0j
1s
b1010 5
b1010 D
b1010 G
b1010 S
b1010 e
b1010 >
b1010 H
b1010 N
b1010 +
b1010 0
b1010 <
b1010 M
#2187000
b11 3
b11 :
b11 T
1Z
1l
1m
0n
1Y
1j
b1011 5
b1011 D
b1011 G
b1011 S
b1011 e
b1011 >
b1011 H
b1011 N
b1011 +
b1011 0
b1011 <
b1011 M
#2188000
0Z
0]
b100 3
b100 :
b100 T
1`
0l
0m
1n
0u
0v
1w
1~
1!"
0""
0Y
0\
1_
0j
0s
1|
b1100 5
b1100 D
b1100 G
b1100 S
b1100 e
b1100 >
b1100 H
b1100 N
b1100 +
b1100 0
b1100 <
b1100 M
#2189000
b101 3
b101 :
b101 T
1Z
1l
1m
0n
1Y
1j
b1101 5
b1101 D
b1101 G
b1101 S
b1101 e
b1101 >
b1101 H
b1101 N
b1101 +
b1101 0
b1101 <
b1101 M
#2190000
0Z
b110 3
b110 :
b110 T
1]
0l
0m
1n
1u
1v
0w
0Y
1\
0j
1s
b1110 5
b1110 D
b1110 G
b1110 S
b1110 e
b1110 >
b1110 H
b1110 N
b1110 +
b1110 0
b1110 <
b1110 M
#2191000
b111 3
b111 :
b111 T
1Z
1l
1m
0n
1Y
1j
b1111 5
b1111 D
b1111 G
b1111 S
b1111 e
b1111 >
b1111 H
b1111 N
b1111 +
b1111 0
b1111 <
b1111 M
#2192000
0"
1!
b0 $
b0 4
b0 8
b0 2
b0 9
b0 g
0,"
0]
0`
b1001 3
b1001 :
b1001 T
1c
0#
1n
0u
0v
1w
0~
0!"
1""
0("
1*"
1+"
0Y
0\
0_
0b
0j
0s
0|
0'"
1X
1i
b0 5
b0 D
b0 G
b0 S
b0 e
b1001 6
b1001 E
b1001 Q
b1001 R
b1001 d
b0 >
b0 H
b0 N
b1001 *
b1001 /
b1001 ;
b1001 L
b1001 P
b0 +
b0 0
b0 <
b0 M
#2192001
11"
00"
b0 ."
#2193000
0!
b1 $
b1 4
b1 8
1]
b1 2
b1 9
b1 g
1o
b1010 3
b1010 :
b1010 T
0Z
1W
1k
0m
0n
1Y
1j
b1 5
b1 D
b1 G
b1 S
b1 e
b1 >
b1 H
b1 N
b1 +
b1 0
b1 <
b1 M
#2193001
01"
b1 ."
#2194000
1!
b0 $
b0 4
b0 8
0`
b0 2
b0 9
b0 g
0o
1Z
0W
b1011 3
b1011 :
b1011 T
1]
0V
0k
1m
1n
1u
1v
0w
0Y
1\
0j
1s
b10 5
b10 D
b10 G
b10 S
b10 e
b10 >
b10 H
b10 N
b10 +
b10 0
b10 <
b10 M
#2194001
11"
b0 ."
#2195000
1`
0!
b1 $
b1 4
b1 8
0]
1V
b1 2
b1 9
b1 g
1o
b1100 3
b1100 :
b1100 T
0Z
1W
1k
0m
0n
1Y
1j
b11 5
b11 D
b11 G
b11 S
b11 e
b11 >
b11 H
b11 N
b11 +
b11 0
b11 <
b11 M
#2195001
01"
b1 ."
#2196000
1!
b0 $
b0 4
b0 8
1c
0#
b0 2
b0 9
b0 g
0o
1Z
0W
0]
0V
b1101 3
b1101 :
b1101 T
1`
0U
0k
1m
1n
0u
0v
1w
1~
1!"
0""
0Y
0\
1_
0j
0s
1|
b100 5
b100 D
b100 G
b100 S
b100 e
b100 >
b100 H
b100 N
b100 +
b100 0
b100 <
b100 M
#2196001
11"
b0 ."
#2197000
0!
b1 $
b1 4
b1 8
1]
b1 2
b1 9
b1 g
1o
b1110 3
b1110 :
b1110 T
0Z
1W
1k
0m
0n
1Y
1j
b101 5
b101 D
b101 G
b101 S
b101 e
b101 >
b101 H
b101 N
b101 +
b101 0
b101 <
b101 M
#2197001
01"
b1 ."
#2198000
1c
0#
1!
b0 $
b0 4
b0 8
1`
0U
b0 2
b0 9
b0 g
0o
1Z
0W
b1111 3
b1111 :
b1111 T
1]
0V
0k
1m
1n
1u
1v
0w
0Y
1\
0j
1s
b110 5
b110 D
b110 G
b110 S
b110 e
b110 >
b110 H
b110 N
b110 +
b110 0
b110 <
b110 M
#2198001
11"
b0 ."
#2199000
0c
1#
0`
1U
0!
b1 $
b1 4
b1 8
0]
1V
b1 2
b1 9
b1 g
1o
b0 3
b0 :
b0 T
0Z
1W
1k
0m
0n
1Y
1j
b111 5
b111 D
b111 G
b111 S
b111 e
b111 >
b111 H
b111 N
b111 +
b111 0
b111 <
b111 M
#2199001
01"
b1 ."
#2200000
1"
b1000 $
b1000 4
b1000 8
0o
b1000 2
b1000 9
b1000 g
1,"
1Z
0W
0]
0V
0`
0U
b1 3
b1 :
b1 T
0c
0k
1m
1n
0u
0v
1w
0~
0!"
1""
1("
0*"
0+"
0Y
0\
0_
1b
0j
0s
0|
1'"
b1000 5
b1000 D
b1000 G
b1000 S
b1000 e
b1000 >
b1000 H
b1000 N
b1000 +
b1000 0
b1000 <
b1000 M
#2200001
10"
b1000 ."
#2201000
b1001 $
b1001 4
b1001 8
1]
b1001 2
b1001 9
b1001 g
1o
b10 3
b10 :
b10 T
0Z
1W
1k
0m
0n
1Y
1j
b1001 5
b1001 D
b1001 G
b1001 S
b1001 e
b1001 >
b1001 H
b1001 N
b1001 +
b1001 0
b1001 <
b1001 M
#2201001
b1001 ."
#2202000
b1000 $
b1000 4
b1000 8
0`
b1000 2
b1000 9
b1000 g
0o
1Z
0W
b11 3
b11 :
b11 T
1]
0V
0k
1m
1n
1u
1v
0w
0Y
1\
0j
1s
b1010 5
b1010 D
b1010 G
b1010 S
b1010 e
b1010 >
b1010 H
b1010 N
b1010 +
b1010 0
b1010 <
b1010 M
#2202001
b1000 ."
#2203000
1`
b1001 $
b1001 4
b1001 8
0]
1V
b1001 2
b1001 9
b1001 g
1o
b100 3
b100 :
b100 T
0Z
1W
1k
0m
0n
1Y
1j
b1011 5
b1011 D
b1011 G
b1011 S
b1011 e
b1011 >
b1011 H
b1011 N
b1011 +
b1011 0
b1011 <
b1011 M
#2203001
b1001 ."
#2204000
b1000 $
b1000 4
b1000 8
0c
b1000 2
b1000 9
b1000 g
0o
1Z
0W
0]
0V
b101 3
b101 :
b101 T
1`
0U
0k
1m
1n
0u
0v
1w
1~
1!"
0""
0Y
0\
1_
0j
0s
1|
b1100 5
b1100 D
b1100 G
b1100 S
b1100 e
b1100 >
b1100 H
b1100 N
b1100 +
b1100 0
b1100 <
b1100 M
#2204001
b1000 ."
#2205000
b1001 $
b1001 4
b1001 8
1]
b1001 2
b1001 9
b1001 g
1o
b110 3
b110 :
b110 T
0Z
1W
1k
0m
0n
1Y
1j
b1101 5
b1101 D
b1101 G
b1101 S
b1101 e
b1101 >
b1101 H
b1101 N
b1101 +
b1101 0
b1101 <
b1101 M
#2205001
b1001 ."
#2206000
0c
b1000 $
b1000 4
b1000 8
1`
0U
b1000 2
b1000 9
b1000 g
0o
1Z
0W
b111 3
b111 :
b111 T
1]
0V
0k
1m
1n
1u
1v
0w
0Y
1\
0j
1s
b1110 5
b1110 D
b1110 G
b1110 S
b1110 e
b1110 >
b1110 H
b1110 N
b1110 +
b1110 0
b1110 <
b1110 M
#2206001
b1000 ."
#2207000
1c
0`
1U
b1001 $
b1001 4
b1001 8
0]
1V
b1001 2
b1001 9
b1001 g
1o
b1000 3
b1000 :
b1000 T
0Z
1W
1k
0m
0n
1Y
1j
b1111 5
b1111 D
b1111 G
b1111 S
b1111 e
b1111 >
b1111 H
b1111 N
b1111 +
b1111 0
b1111 <
b1111 M
#2207001
b1001 ."
#2208000
0"
1!
b0 $
b0 4
b0 8
0#
0,"
1]
0V
b0 2
b0 9
b0 g
0o
0`
0U
b1010 3
b1010 :
b1010 T
1c
1n
1w
0~
0!"
1""
0("
1*"
1+"
0W
0k
0l
0Y
0\
0_
0b
0j
0s
0|
0'"
0X
1[
0i
1r
b0 5
b0 D
b0 G
b0 S
b0 e
b1010 6
b1010 E
b1010 Q
b1010 R
b1010 d
b0 >
b0 H
b0 N
b1010 *
b1010 /
b1010 ;
b1010 L
b1010 P
b0 +
b0 0
b0 <
b0 M
#2208001
11"
00"
b0 ."
#2209000
b1011 3
b1011 :
b1011 T
1Z
1l
1m
0n
1Y
1j
b1 5
b1 D
b1 G
b1 S
b1 e
b1 >
b1 H
b1 N
b1 +
b1 0
b1 <
b1 M
#2210000
0!
b10 $
b10 4
b10 8
1`
b10 2
b10 9
b10 g
1x
0Z
b1100 3
b1100 :
b1100 T
0]
1V
0l
0m
1n
1t
0v
0w
0Y
1\
0j
1s
b10 5
b10 D
b10 G
b10 S
b10 e
b10 >
b10 H
b10 N
b10 +
b10 0
b10 <
b10 M
#2210001
01"
b10 ."
#2211000
b1101 3
b1101 :
b1101 T
1Z
1l
1m
0n
1Y
1j
b11 5
b11 D
b11 G
b11 S
b11 e
b11 >
b11 H
b11 N
b11 +
b11 0
b11 <
b11 M
#2212000
1!
b0 $
b0 4
b0 8
1c
0#
b0 2
b0 9
b0 g
0x
0Z
1]
0V
b1110 3
b1110 :
b1110 T
1`
0U
0l
0m
1n
0t
1v
1w
1~
1!"
0""
0Y
0\
1_
0j
0s
1|
b100 5
b100 D
b100 G
b100 S
b100 e
b100 >
b100 H
b100 N
b100 +
b100 0
b100 <
b100 M
#2212001
11"
b0 ."
#2213000
b1111 3
b1111 :
b1111 T
1Z
1l
1m
0n
1Y
1j
b101 5
b101 D
b101 G
b101 S
b101 e
b101 >
b101 H
b101 N
b101 +
b101 0
b101 <
b101 M
#2214000
0c
1#
0!
b10 $
b10 4
b10 8
0`
1U
b10 2
b10 9
b10 g
1x
0Z
b0 3
b0 :
b0 T
0]
1V
0l
0m
1n
1t
0v
0w
0Y
1\
0j
1s
b110 5
b110 D
b110 G
b110 S
b110 e
b110 >
b110 H
b110 N
b110 +
b110 0
b110 <
b110 M
#2214001
01"
b10 ."
#2215000
b1 3
b1 :
b1 T
1Z
1l
1m
0n
1Y
1j
b111 5
b111 D
b111 G
b111 S
b111 e
b111 >
b111 H
b111 N
b111 +
b111 0
b111 <
b111 M
#2216000
1"
b1000 $
b1000 4
b1000 8
0x
b1000 2
b1000 9
b1000 g
1,"
0Z
1]
0V
0`
0U
b10 3
b10 :
b10 T
0c
0l
0m
1n
0t
1v
1w
0~
0!"
1""
1("
0*"
0+"
0Y
0\
0_
1b
0j
0s
0|
1'"
b1000 5
b1000 D
b1000 G
b1000 S
b1000 e
b1000 >
b1000 H
b1000 N
b1000 +
b1000 0
b1000 <
b1000 M
#2216001
10"
b1000 ."
#2217000
b11 3
b11 :
b11 T
1Z
1l
1m
0n
1Y
1j
b1001 5
b1001 D
b1001 G
b1001 S
b1001 e
b1001 >
b1001 H
b1001 N
b1001 +
b1001 0
b1001 <
b1001 M
#2218000
b1010 $
b1010 4
b1010 8
1`
b1010 2
b1010 9
b1010 g
1x
0Z
b100 3
b100 :
b100 T
0]
1V
0l
0m
1n
1t
0v
0w
0Y
1\
0j
1s
b1010 5
b1010 D
b1010 G
b1010 S
b1010 e
b1010 >
b1010 H
b1010 N
b1010 +
b1010 0
b1010 <
b1010 M
#2218001
b1010 ."
#2219000
b101 3
b101 :
b101 T
1Z
1l
1m
0n
1Y
1j
b1011 5
b1011 D
b1011 G
b1011 S
b1011 e
b1011 >
b1011 H
b1011 N
b1011 +
b1011 0
b1011 <
b1011 M
#2220000
b1000 $
b1000 4
b1000 8
0c
b1000 2
b1000 9
b1000 g
0x
0Z
1]
0V
b110 3
b110 :
b110 T
1`
0U
0l
0m
1n
0t
1v
1w
1~
1!"
0""
0Y
0\
1_
0j
0s
1|
b1100 5
b1100 D
b1100 G
b1100 S
b1100 e
b1100 >
b1100 H
b1100 N
b1100 +
b1100 0
b1100 <
b1100 M
#2220001
b1000 ."
#2221000
b111 3
b111 :
b111 T
1Z
1l
1m
0n
1Y
1j
b1101 5
b1101 D
b1101 G
b1101 S
b1101 e
b1101 >
b1101 H
b1101 N
b1101 +
b1101 0
b1101 <
b1101 M
#2222000
1c
b1010 $
b1010 4
b1010 8
0`
1U
b1010 2
b1010 9
b1010 g
1x
0Z
b1000 3
b1000 :
b1000 T
0]
1V
0l
0m
1n
1t
0v
0w
0Y
1\
0j
1s
b1110 5
b1110 D
b1110 G
b1110 S
b1110 e
b1110 >
b1110 H
b1110 N
b1110 +
b1110 0
b1110 <
b1110 M
#2222001
b1010 ."
#2223000
b1001 3
b1001 :
b1001 T
1Z
1l
1m
0n
1Y
1j
b1111 5
b1111 D
b1111 G
b1111 S
b1111 e
b1111 >
b1111 H
b1111 N
b1111 +
b1111 0
b1111 <
b1111 M
#2224000
0"
1!
b0 $
b0 4
b0 8
0#
0x
b0 2
b0 9
b0 g
0,"
1]
0V
0`
0U
b1011 3
b1011 :
b1011 T
1c
1n
0t
1v
1w
0~
0!"
1""
0("
1*"
1+"
0Y
0\
0_
0b
0j
0s
0|
0'"
1X
1i
b0 5
b0 D
b0 G
b0 S
b0 e
b1011 6
b1011 E
b1011 Q
b1011 R
b1011 d
b0 >
b0 H
b0 N
b1011 *
b1011 /
b1011 ;
b1011 L
b1011 P
b0 +
b0 0
b0 <
b0 M
#2224001
11"
00"
b0 ."
#2225000
1`
0!
b1 $
b1 4
b1 8
0]
1V
b1 2
b1 9
b1 g
1o
b1100 3
b1100 :
b1100 T
0Z
1W
1k
0m
0n
1Y
1j
b1 5
b1 D
b1 G
b1 S
b1 e
b1 >
b1 H
b1 N
b1 +
b1 0
b1 <
b1 M
#2225001
01"
b1 ."
#2226000
b10 $
b10 4
b10 8
0o
b10 2
b10 9
b10 g
1x
1Z
0W
b1101 3
b1101 :
b1101 T
0]
0k
1m
1n
1t
0v
0w
0Y
1\
0j
1s
b10 5
b10 D
b10 G
b10 S
b10 e
b10 >
b10 H
b10 N
b10 +
b10 0
b10 <
b10 M
#2226001
b10 ."
#2227000
b11 $
b11 4
b11 8
1]
b11 2
b11 9
b11 g
1o
b1110 3
b1110 :
b1110 T
0Z
1W
1k
0m
0n
1Y
1j
b11 5
b11 D
b11 G
b11 S
b11 e
b11 >
b11 H
b11 N
b11 +
b11 0
b11 <
b11 M
#2227001
b11 ."
#2228000
1!
b0 $
b0 4
b0 8
0V
1c
0#
0o
b0 2
b0 9
b0 g
0x
1Z
0W
1]
b1111 3
b1111 :
b1111 T
1`
0U
0k
1m
1n
0t
1v
1w
1~
1!"
0""
0Y
0\
1_
0j
0s
1|
b100 5
b100 D
b100 G
b100 S
b100 e
b100 >
b100 H
b100 N
b100 +
b100 0
b100 <
b100 M
#2228001
11"
b0 ."
#2229000
0c
1#
0`
1U
0!
b1 $
b1 4
b1 8
0]
1V
b1 2
b1 9
b1 g
1o
b0 3
b0 :
b0 T
0Z
1W
1k
0m
0n
1Y
1j
b101 5
b101 D
b101 G
b101 S
b101 e
b101 >
b101 H
b101 N
b101 +
b101 0
b101 <
b101 M
#2229001
01"
b1 ."
#2230000
b10 $
b10 4
b10 8
0o
b10 2
b10 9
b10 g
1x
1Z
0W
b1 3
b1 :
b1 T
0]
0k
1m
1n
1t
0v
0w
0Y
1\
0j
1s
b110 5
b110 D
b110 G
b110 S
b110 e
b110 >
b110 H
b110 N
b110 +
b110 0
b110 <
b110 M
#2230001
b10 ."
#2231000
b11 $
b11 4
b11 8
1]
b11 2
b11 9
b11 g
1o
b10 3
b10 :
b10 T
0Z
1W
1k
0m
0n
1Y
1j
b111 5
b111 D
b111 G
b111 S
b111 e
b111 >
b111 H
b111 N
b111 +
b111 0
b111 <
b111 M
#2231001
b11 ."
#2232000
1"
b1000 $
b1000 4
b1000 8
0V
0o
0x
b1000 2
b1000 9
b1000 g
1,"
1Z
0W
1]
0`
0U
b11 3
b11 :
b11 T
0c
0k
1m
1n
0t
1v
1w
0~
0!"
1""
1("
0*"
0+"
0Y
0\
0_
1b
0j
0s
0|
1'"
b1000 5
b1000 D
b1000 G
b1000 S
b1000 e
b1000 >
b1000 H
b1000 N
b1000 +
b1000 0
b1000 <
b1000 M
#2232001
10"
b1000 ."
#2233000
1`
b1001 $
b1001 4
b1001 8
0]
1V
b1001 2
b1001 9
b1001 g
1o
b100 3
b100 :
b100 T
0Z
1W
1k
0m
0n
1Y
1j
b1001 5
b1001 D
b1001 G
b1001 S
b1001 e
b1001 >
b1001 H
b1001 N
b1001 +
b1001 0
b1001 <
b1001 M
#2233001
b1001 ."
#2234000
b1010 $
b1010 4
b1010 8
0o
b1010 2
b1010 9
b1010 g
1x
1Z
0W
b101 3
b101 :
b101 T
0]
0k
1m
1n
1t
0v
0w
0Y
1\
0j
1s
b1010 5
b1010 D
b1010 G
b1010 S
b1010 e
b1010 >
b1010 H
b1010 N
b1010 +
b1010 0
b1010 <
b1010 M
#2234001
b1010 ."
#2235000
b1011 $
b1011 4
b1011 8
1]
b1011 2
b1011 9
b1011 g
1o
b110 3
b110 :
b110 T
0Z
1W
1k
0m
0n
1Y
1j
b1011 5
b1011 D
b1011 G
b1011 S
b1011 e
b1011 >
b1011 H
b1011 N
b1011 +
b1011 0
b1011 <
b1011 M
#2235001
b1011 ."
#2236000
b1000 $
b1000 4
b1000 8
0V
0c
0o
b1000 2
b1000 9
b1000 g
0x
1Z
0W
1]
b111 3
b111 :
b111 T
1`
0U
0k
1m
1n
0t
1v
1w
1~
1!"
0""
0Y
0\
1_
0j
0s
1|
b1100 5
b1100 D
b1100 G
b1100 S
b1100 e
b1100 >
b1100 H
b1100 N
b1100 +
b1100 0
b1100 <
b1100 M
#2236001
b1000 ."
#2237000
1c
0`
1U
b1001 $
b1001 4
b1001 8
0]
1V
b1001 2
b1001 9
b1001 g
1o
b1000 3
b1000 :
b1000 T
0Z
1W
1k
0m
0n
1Y
1j
b1101 5
b1101 D
b1101 G
b1101 S
b1101 e
b1101 >
b1101 H
b1101 N
b1101 +
b1101 0
b1101 <
b1101 M
#2237001
b1001 ."
#2238000
b1010 $
b1010 4
b1010 8
0o
b1010 2
b1010 9
b1010 g
1x
1Z
0W
b1001 3
b1001 :
b1001 T
0]
0k
1m
1n
1t
0v
0w
0Y
1\
0j
1s
b1110 5
b1110 D
b1110 G
b1110 S
b1110 e
b1110 >
b1110 H
b1110 N
b1110 +
b1110 0
b1110 <
b1110 M
#2238001
b1010 ."
#2239000
b1011 $
b1011 4
b1011 8
1]
b1011 2
b1011 9
b1011 g
1o
b1010 3
b1010 :
b1010 T
0Z
1W
1k
0m
0n
1Y
1j
b1111 5
b1111 D
b1111 G
b1111 S
b1111 e
b1111 >
b1111 H
b1111 N
b1111 +
b1111 0
b1111 <
b1111 M
#2239001
b1011 ."
#2240000
0"
0#
1!
b0 $
b0 4
b0 8
1`
0U
0,"
0]
0o
b0 2
b0 9
b0 g
0x
0V
b1100 3
b1100 :
b1100 T
1c
1n
1w
1""
0("
1*"
1+"
0W
0k
0l
0t
0u
0Y
0\
0_
0b
0j
0s
0|
0'"
0X
0[
1^
0i
0r
1{
b0 5
b0 D
b0 G
b0 S
b0 e
b1100 6
b1100 E
b1100 Q
b1100 R
b1100 d
b0 >
b0 H
b0 N
b1100 *
b1100 /
b1100 ;
b1100 L
b1100 P
b0 +
b0 0
b0 <
b0 M
#2240001
11"
00"
b0 ."
#2241000
b1101 3
b1101 :
b1101 T
1Z
1l
1m
0n
1Y
1j
b1 5
b1 D
b1 G
b1 S
b1 e
b1 >
b1 H
b1 N
b1 +
b1 0
b1 <
b1 M
#2242000
0Z
b1110 3
b1110 :
b1110 T
1]
0l
0m
1n
1u
1v
0w
0Y
1\
0j
1s
b10 5
b10 D
b10 G
b10 S
b10 e
b10 >
b10 H
b10 N
b10 +
b10 0
b10 <
b10 M
#2243000
b1111 3
b1111 :
b1111 T
1Z
1l
1m
0n
1Y
1j
b11 5
b11 D
b11 G
b11 S
b11 e
b11 >
b11 H
b11 N
b11 +
b11 0
b11 <
b11 M
#2244000
0!
b100 $
b100 4
b100 8
0c
1#
b100 2
b100 9
b100 g
1#"
0Z
0]
b0 3
b0 :
b0 T
0`
1U
0l
0m
1n
0u
0v
1w
1}
0!"
0""
0Y
0\
1_
0j
0s
1|
b100 5
b100 D
b100 G
b100 S
b100 e
b100 >
b100 H
b100 N
b100 +
b100 0
b100 <
b100 M
#2244001
01"
b100 ."
#2245000
b1 3
b1 :
b1 T
1Z
1l
1m
0n
1Y
1j
b101 5
b101 D
b101 G
b101 S
b101 e
b101 >
b101 H
b101 N
b101 +
b101 0
b101 <
b101 M
#2246000
0Z
b10 3
b10 :
b10 T
1]
0l
0m
1n
1u
1v
0w
0Y
1\
0j
1s
b110 5
b110 D
b110 G
b110 S
b110 e
b110 >
b110 H
b110 N
b110 +
b110 0
b110 <
b110 M
#2247000
b11 3
b11 :
b11 T
1Z
1l
1m
0n
1Y
1j
b111 5
b111 D
b111 G
b111 S
b111 e
b111 >
b111 H
b111 N
b111 +
b111 0
b111 <
b111 M
#2248000
1"
b1000 $
b1000 4
b1000 8
0#"
b1000 2
b1000 9
b1000 g
1,"
0Z
0]
1`
0U
b100 3
b100 :
b100 T
0c
0l
0m
1n
0u
0v
1w
0}
1!"
1""
1("
0*"
0+"
0Y
0\
0_
1b
0j
0s
0|
1'"
b1000 5
b1000 D
b1000 G
b1000 S
b1000 e
b1000 >
b1000 H
b1000 N
b1000 +
b1000 0
b1000 <
b1000 M
#2248001
10"
b1000 ."
#2249000
b101 3
b101 :
b101 T
1Z
1l
1m
0n
1Y
1j
b1001 5
b1001 D
b1001 G
b1001 S
b1001 e
b1001 >
b1001 H
b1001 N
b1001 +
b1001 0
b1001 <
b1001 M
#2250000
0Z
b110 3
b110 :
b110 T
1]
0l
0m
1n
1u
1v
0w
0Y
1\
0j
1s
b1010 5
b1010 D
b1010 G
b1010 S
b1010 e
b1010 >
b1010 H
b1010 N
b1010 +
b1010 0
b1010 <
b1010 M
#2251000
b111 3
b111 :
b111 T
1Z
1l
1m
0n
1Y
1j
b1011 5
b1011 D
b1011 G
b1011 S
b1011 e
b1011 >
b1011 H
b1011 N
b1011 +
b1011 0
b1011 <
b1011 M
#2252000
b1100 $
b1100 4
b1100 8
1c
b1100 2
b1100 9
b1100 g
1#"
0Z
0]
b1000 3
b1000 :
b1000 T
0`
1U
0l
0m
1n
0u
0v
1w
1}
0!"
0""
0Y
0\
1_
0j
0s
1|
b1100 5
b1100 D
b1100 G
b1100 S
b1100 e
b1100 >
b1100 H
b1100 N
b1100 +
b1100 0
b1100 <
b1100 M
#2252001
b1100 ."
#2253000
b1001 3
b1001 :
b1001 T
1Z
1l
1m
0n
1Y
1j
b1101 5
b1101 D
b1101 G
b1101 S
b1101 e
b1101 >
b1101 H
b1101 N
b1101 +
b1101 0
b1101 <
b1101 M
#2254000
0Z
b1010 3
b1010 :
b1010 T
1]
0l
0m
1n
1u
1v
0w
0Y
1\
0j
1s
b1110 5
b1110 D
b1110 G
b1110 S
b1110 e
b1110 >
b1110 H
b1110 N
b1110 +
b1110 0
b1110 <
b1110 M
#2255000
b1011 3
b1011 :
b1011 T
1Z
1l
1m
0n
1Y
1j
b1111 5
b1111 D
b1111 G
b1111 S
b1111 e
b1111 >
b1111 H
b1111 N
b1111 +
b1111 0
b1111 <
b1111 M
#2256000
0"
1!
b0 $
b0 4
b0 8
0#
0#"
b0 2
b0 9
b0 g
0,"
0]
1`
0U
b1101 3
b1101 :
b1101 T
1c
1n
0u
0v
1w
0}
1!"
1""
0("
1*"
1+"
0Y
0\
0_
0b
0j
0s
0|
0'"
1X
1i
b0 5
b0 D
b0 G
b0 S
b0 e
b1101 6
b1101 E
b1101 Q
b1101 R
b1101 d
b0 >
b0 H
b0 N
b1101 *
b1101 /
b1101 ;
b1101 L
b1101 P
b0 +
b0 0
b0 <
b0 M
#2256001
11"
00"
b0 ."
#2257000
0!
b1 $
b1 4
b1 8
1]
b1 2
b1 9
b1 g
1o
b1110 3
b1110 :
b1110 T
0Z
1W
1k
0m
0n
1Y
1j
b1 5
b1 D
b1 G
b1 S
b1 e
b1 >
b1 H
b1 N
b1 +
b1 0
b1 <
b1 M
#2257001
01"
b1 ."
#2258000
1c
0#
1!
b0 $
b0 4
b0 8
1`
0U
b0 2
b0 9
b0 g
0o
1Z
0W
b1111 3
b1111 :
b1111 T
1]
0V
0k
1m
1n
1u
1v
0w
0Y
1\
0j
1s
b10 5
b10 D
b10 G
b10 S
b10 e
b10 >
b10 H
b10 N
b10 +
b10 0
b10 <
b10 M
#2258001
11"
b0 ."
#2259000
0c
1#
0`
1U
0!
b1 $
b1 4
b1 8
0]
1V
b1 2
b1 9
b1 g
1o
b0 3
b0 :
b0 T
0Z
1W
1k
0m
0n
1Y
1j
b11 5
b11 D
b11 G
b11 S
b11 e
b11 >
b11 H
b11 N
b11 +
b11 0
b11 <
b11 M
#2259001
01"
b1 ."
#2260000
b100 $
b100 4
b100 8
0o
b100 2
b100 9
b100 g
1#"
1Z
0W
0]
0V
b1 3
b1 :
b1 T
0`
0k
1m
1n
0u
0v
1w
1}
0!"
0""
0Y
0\
1_
0j
0s
1|
b100 5
b100 D
b100 G
b100 S
b100 e
b100 >
b100 H
b100 N
b100 +
b100 0
b100 <
b100 M
#2260001
b100 ."
#2261000
b101 $
b101 4
b101 8
1]
b101 2
b101 9
b101 g
1o
b10 3
b10 :
b10 T
0Z
1W
1k
0m
0n
1Y
1j
b101 5
b101 D
b101 G
b101 S
b101 e
b101 >
b101 H
b101 N
b101 +
b101 0
b101 <
b101 M
#2261001
b101 ."
#2262000
b100 $
b100 4
b100 8
0`
b100 2
b100 9
b100 g
0o
1Z
0W
b11 3
b11 :
b11 T
1]
0V
0k
1m
1n
1u
1v
0w
0Y
1\
0j
1s
b110 5
b110 D
b110 G
b110 S
b110 e
b110 >
b110 H
b110 N
b110 +
b110 0
b110 <
b110 M
#2262001
b100 ."
#2263000
1`
b101 $
b101 4
b101 8
0]
1V
b101 2
b101 9
b101 g
1o
b100 3
b100 :
b100 T
0Z
1W
1k
0m
0n
1Y
1j
b111 5
b111 D
b111 G
b111 S
b111 e
b111 >
b111 H
b111 N
b111 +
b111 0
b111 <
b111 M
#2263001
b101 ."
#2264000
1"
b1000 $
b1000 4
b1000 8
0U
0o
0#"
b1000 2
b1000 9
b1000 g
1,"
1Z
0W
0]
0V
1`
b101 3
b101 :
b101 T
0c
0k
1m
1n
0u
0v
1w
0}
1!"
1""
1("
0*"
0+"
0Y
0\
0_
1b
0j
0s
0|
1'"
b1000 5
b1000 D
b1000 G
b1000 S
b1000 e
b1000 >
b1000 H
b1000 N
b1000 +
b1000 0
b1000 <
b1000 M
#2264001
10"
b1000 ."
#2265000
b1001 $
b1001 4
b1001 8
1]
b1001 2
b1001 9
b1001 g
1o
b110 3
b110 :
b110 T
0Z
1W
1k
0m
0n
1Y
1j
b1001 5
b1001 D
b1001 G
b1001 S
b1001 e
b1001 >
b1001 H
b1001 N
b1001 +
b1001 0
b1001 <
b1001 M
#2265001
b1001 ."
#2266000
0c
b1000 $
b1000 4
b1000 8
1`
0U
b1000 2
b1000 9
b1000 g
0o
1Z
0W
b111 3
b111 :
b111 T
1]
0V
0k
1m
1n
1u
1v
0w
0Y
1\
0j
1s
b1010 5
b1010 D
b1010 G
b1010 S
b1010 e
b1010 >
b1010 H
b1010 N
b1010 +
b1010 0
b1010 <
b1010 M
#2266001
b1000 ."
#2267000
1c
0`
1U
b1001 $
b1001 4
b1001 8
0]
1V
b1001 2
b1001 9
b1001 g
1o
b1000 3
b1000 :
b1000 T
0Z
1W
1k
0m
0n
1Y
1j
b1011 5
b1011 D
b1011 G
b1011 S
b1011 e
b1011 >
b1011 H
b1011 N
b1011 +
b1011 0
b1011 <
b1011 M
#2267001
b1001 ."
#2268000
b1100 $
b1100 4
b1100 8
0o
b1100 2
b1100 9
b1100 g
1#"
1Z
0W
0]
0V
b1001 3
b1001 :
b1001 T
0`
0k
1m
1n
0u
0v
1w
1}
0!"
0""
0Y
0\
1_
0j
0s
1|
b1100 5
b1100 D
b1100 G
b1100 S
b1100 e
b1100 >
b1100 H
b1100 N
b1100 +
b1100 0
b1100 <
b1100 M
#2268001
b1100 ."
#2269000
b1101 $
b1101 4
b1101 8
1]
b1101 2
b1101 9
b1101 g
1o
b1010 3
b1010 :
b1010 T
0Z
1W
1k
0m
0n
1Y
1j
b1101 5
b1101 D
b1101 G
b1101 S
b1101 e
b1101 >
b1101 H
b1101 N
b1101 +
b1101 0
b1101 <
b1101 M
#2269001
b1101 ."
#2270000
b1100 $
b1100 4
b1100 8
0`
b1100 2
b1100 9
b1100 g
0o
1Z
0W
b1011 3
b1011 :
b1011 T
1]
0V
0k
1m
1n
1u
1v
0w
0Y
1\
0j
1s
b1110 5
b1110 D
b1110 G
b1110 S
b1110 e
b1110 >
b1110 H
b1110 N
b1110 +
b1110 0
b1110 <
b1110 M
#2270001
b1100 ."
#2271000
1`
b1101 $
b1101 4
b1101 8
0]
1V
b1101 2
b1101 9
b1101 g
1o
b1100 3
b1100 :
b1100 T
0Z
1W
1k
0m
0n
1Y
1j
b1111 5
b1111 D
b1111 G
b1111 S
b1111 e
b1111 >
b1111 H
b1111 N
b1111 +
b1111 0
b1111 <
b1111 M
#2271001
b1101 ."
#2272000
0#
0"
0U
1!
b0 $
b0 4
b0 8
0#"
0,"
1]
0V
b0 2
b0 9
b0 g
0o
1`
b1110 3
b1110 :
b1110 T
1c
1n
1w
0}
1!"
1""
0("
1*"
1+"
0W
0k
0l
0Y
0\
0_
0b
0j
0s
0|
0'"
0X
1[
0i
1r
b0 5
b0 D
b0 G
b0 S
b0 e
b1110 6
b1110 E
b1110 Q
b1110 R
b1110 d
b0 >
b0 H
b0 N
b1110 *
b1110 /
b1110 ;
b1110 L
b1110 P
b0 +
b0 0
b0 <
b0 M
#2272001
11"
00"
b0 ."
#2273000
b1111 3
b1111 :
b1111 T
1Z
1l
1m
0n
1Y
1j
b1 5
b1 D
b1 G
b1 S
b1 e
b1 >
b1 H
b1 N
b1 +
b1 0
b1 <
b1 M
#2274000
0c
1#
0!
b10 $
b10 4
b10 8
0`
1U
b10 2
b10 9
b10 g
1x
0Z
b0 3
b0 :
b0 T
0]
1V
0l
0m
1n
1t
0v
0w
0Y
1\
0j
1s
b10 5
b10 D
b10 G
b10 S
b10 e
b10 >
b10 H
b10 N
b10 +
b10 0
b10 <
b10 M
#2274001
01"
b10 ."
#2275000
b1 3
b1 :
b1 T
1Z
1l
1m
0n
1Y
1j
b11 5
b11 D
b11 G
b11 S
b11 e
b11 >
b11 H
b11 N
b11 +
b11 0
b11 <
b11 M
#2276000
b100 $
b100 4
b100 8
0x
b100 2
b100 9
b100 g
1#"
0Z
1]
0V
b10 3
b10 :
b10 T
0`
0l
0m
1n
0t
1v
1w
1}
0!"
0""
0Y
0\
1_
0j
0s
1|
b100 5
b100 D
b100 G
b100 S
b100 e
b100 >
b100 H
b100 N
b100 +
b100 0
b100 <
b100 M
#2276001
b100 ."
#2277000
b11 3
b11 :
b11 T
1Z
1l
1m
0n
1Y
1j
b101 5
b101 D
b101 G
b101 S
b101 e
b101 >
b101 H
b101 N
b101 +
b101 0
b101 <
b101 M
#2278000
b110 $
b110 4
b110 8
1`
b110 2
b110 9
b110 g
1x
0Z
b100 3
b100 :
b100 T
0]
1V
0l
0m
1n
1t
0v
0w
0Y
1\
0j
1s
b110 5
b110 D
b110 G
b110 S
b110 e
b110 >
b110 H
b110 N
b110 +
b110 0
b110 <
b110 M
#2278001
b110 ."
#2279000
b101 3
b101 :
b101 T
1Z
1l
1m
0n
1Y
1j
b111 5
b111 D
b111 G
b111 S
b111 e
b111 >
b111 H
b111 N
b111 +
b111 0
b111 <
b111 M
#2280000
1"
b1000 $
b1000 4
b1000 8
0U
0x
0#"
b1000 2
b1000 9
b1000 g
1,"
0Z
1]
0V
1`
b110 3
b110 :
b110 T
0c
0l
0m
1n
0t
1v
1w
0}
1!"
1""
1("
0*"
0+"
0Y
0\
0_
1b
0j
0s
0|
1'"
b1000 5
b1000 D
b1000 G
b1000 S
b1000 e
b1000 >
b1000 H
b1000 N
b1000 +
b1000 0
b1000 <
b1000 M
#2280001
10"
b1000 ."
#2281000
b111 3
b111 :
b111 T
1Z
1l
1m
0n
1Y
1j
b1001 5
b1001 D
b1001 G
b1001 S
b1001 e
b1001 >
b1001 H
b1001 N
b1001 +
b1001 0
b1001 <
b1001 M
#2282000
1c
b1010 $
b1010 4
b1010 8
0`
1U
b1010 2
b1010 9
b1010 g
1x
0Z
b1000 3
b1000 :
b1000 T
0]
1V
0l
0m
1n
1t
0v
0w
0Y
1\
0j
1s
b1010 5
b1010 D
b1010 G
b1010 S
b1010 e
b1010 >
b1010 H
b1010 N
b1010 +
b1010 0
b1010 <
b1010 M
#2282001
b1010 ."
#2283000
b1001 3
b1001 :
b1001 T
1Z
1l
1m
0n
1Y
1j
b1011 5
b1011 D
b1011 G
b1011 S
b1011 e
b1011 >
b1011 H
b1011 N
b1011 +
b1011 0
b1011 <
b1011 M
#2284000
b1100 $
b1100 4
b1100 8
0x
b1100 2
b1100 9
b1100 g
1#"
0Z
1]
0V
b1010 3
b1010 :
b1010 T
0`
0l
0m
1n
0t
1v
1w
1}
0!"
0""
0Y
0\
1_
0j
0s
1|
b1100 5
b1100 D
b1100 G
b1100 S
b1100 e
b1100 >
b1100 H
b1100 N
b1100 +
b1100 0
b1100 <
b1100 M
#2284001
b1100 ."
#2285000
b1011 3
b1011 :
b1011 T
1Z
1l
1m
0n
1Y
1j
b1101 5
b1101 D
b1101 G
b1101 S
b1101 e
b1101 >
b1101 H
b1101 N
b1101 +
b1101 0
b1101 <
b1101 M
#2286000
b1110 $
b1110 4
b1110 8
1`
b1110 2
b1110 9
b1110 g
1x
0Z
b1100 3
b1100 :
b1100 T
0]
1V
0l
0m
1n
1t
0v
0w
0Y
1\
0j
1s
b1110 5
b1110 D
b1110 G
b1110 S
b1110 e
b1110 >
b1110 H
b1110 N
b1110 +
b1110 0
b1110 <
b1110 M
#2286001
b1110 ."
#2287000
b1101 3
b1101 :
b1101 T
1Z
1l
1m
0n
1Y
1j
b1111 5
b1111 D
b1111 G
b1111 S
b1111 e
b1111 >
b1111 H
b1111 N
b1111 +
b1111 0
b1111 <
b1111 M
#2288000
0"
0#
1!
b0 $
b0 4
b0 8
0U
0x
0#"
b0 2
b0 9
b0 g
0,"
1]
0V
1`
b1111 3
b1111 :
b1111 T
1c
1n
0t
1v
1w
0}
1!"
1""
0("
1*"
1+"
0Y
0\
0_
0b
0j
0s
0|
0'"
1X
1i
b0 5
b0 D
b0 G
b0 S
b0 e
b1111 6
b1111 E
b1111 Q
b1111 R
b1111 d
b0 >
b0 H
b0 N
b1111 *
b1111 /
b1111 ;
b1111 L
b1111 P
b0 +
b0 0
b0 <
b0 M
#2288001
11"
00"
b0 ."
#2289000
0c
1#
0`
1U
0!
b1 $
b1 4
b1 8
0]
1V
b1 2
b1 9
b1 g
1o
b0 3
b0 :
b0 T
0Z
1W
1k
0m
0n
1Y
1j
b1 5
b1 D
b1 G
b1 S
b1 e
b1 >
b1 H
b1 N
b1 +
b1 0
b1 <
b1 M
#2289001
01"
b1 ."
#2290000
b10 $
b10 4
b10 8
0o
b10 2
b10 9
b10 g
1x
1Z
0W
b1 3
b1 :
b1 T
0]
0k
1m
1n
1t
0v
0w
0Y
1\
0j
1s
b10 5
b10 D
b10 G
b10 S
b10 e
b10 >
b10 H
b10 N
b10 +
b10 0
b10 <
b10 M
#2290001
b10 ."
#2291000
b11 $
b11 4
b11 8
1]
b11 2
b11 9
b11 g
1o
b10 3
b10 :
b10 T
0Z
1W
1k
0m
0n
1Y
1j
b11 5
b11 D
b11 G
b11 S
b11 e
b11 >
b11 H
b11 N
b11 +
b11 0
b11 <
b11 M
#2291001
b11 ."
#2292000
b100 $
b100 4
b100 8
0V
0o
0x
b100 2
b100 9
b100 g
1#"
1Z
0W
1]
b11 3
b11 :
b11 T
0`
0k
1m
1n
0t
1v
1w
1}
0!"
0""
0Y
0\
1_
0j
0s
1|
b100 5
b100 D
b100 G
b100 S
b100 e
b100 >
b100 H
b100 N
b100 +
b100 0
b100 <
b100 M
#2292001
b100 ."
#2293000
1`
b101 $
b101 4
b101 8
0]
1V
b101 2
b101 9
b101 g
1o
b100 3
b100 :
b100 T
0Z
1W
1k
0m
0n
1Y
1j
b101 5
b101 D
b101 G
b101 S
b101 e
b101 >
b101 H
b101 N
b101 +
b101 0
b101 <
b101 M
#2293001
b101 ."
#2294000
b110 $
b110 4
b110 8
0o
b110 2
b110 9
b110 g
1x
1Z
0W
b101 3
b101 :
b101 T
0]
0k
1m
1n
1t
0v
0w
0Y
1\
0j
1s
b110 5
b110 D
b110 G
b110 S
b110 e
b110 >
b110 H
b110 N
b110 +
b110 0
b110 <
b110 M
#2294001
b110 ."
#2295000
b111 $
b111 4
b111 8
1]
b111 2
b111 9
b111 g
1o
b110 3
b110 :
b110 T
0Z
1W
1k
0m
0n
1Y
1j
b111 5
b111 D
b111 G
b111 S
b111 e
b111 >
b111 H
b111 N
b111 +
b111 0
b111 <
b111 M
#2295001
b111 ."
#2296000
1"
0U
b1000 $
b1000 4
b1000 8
0V
0o
0x
0#"
b1000 2
b1000 9
b1000 g
1,"
1Z
0W
1]
1`
b111 3
b111 :
b111 T
0c
0k
1m
1n
0t
1v
1w
0}
1!"
1""
1("
0*"
0+"
0Y
0\
0_
1b
0j
0s
0|
1'"
b1000 5
b1000 D
b1000 G
b1000 S
b1000 e
b1000 >
b1000 H
b1000 N
b1000 +
b1000 0
b1000 <
b1000 M
#2296001
10"
b1000 ."
#2297000
1c
0`
1U
b1001 $
b1001 4
b1001 8
0]
1V
b1001 2
b1001 9
b1001 g
1o
b1000 3
b1000 :
b1000 T
0Z
1W
1k
0m
0n
1Y
1j
b1001 5
b1001 D
b1001 G
b1001 S
b1001 e
b1001 >
b1001 H
b1001 N
b1001 +
b1001 0
b1001 <
b1001 M
#2297001
b1001 ."
#2298000
b1010 $
b1010 4
b1010 8
0o
b1010 2
b1010 9
b1010 g
1x
1Z
0W
b1001 3
b1001 :
b1001 T
0]
0k
1m
1n
1t
0v
0w
0Y
1\
0j
1s
b1010 5
b1010 D
b1010 G
b1010 S
b1010 e
b1010 >
b1010 H
b1010 N
b1010 +
b1010 0
b1010 <
b1010 M
#2298001
b1010 ."
#2299000
b1011 $
b1011 4
b1011 8
1]
b1011 2
b1011 9
b1011 g
1o
b1010 3
b1010 :
b1010 T
0Z
1W
1k
0m
0n
1Y
1j
b1011 5
b1011 D
b1011 G
b1011 S
b1011 e
b1011 >
b1011 H
b1011 N
b1011 +
b1011 0
b1011 <
b1011 M
#2299001
b1011 ."
#2300000
b1100 $
b1100 4
b1100 8
0V
0o
0x
b1100 2
b1100 9
b1100 g
1#"
1Z
0W
1]
b1011 3
b1011 :
b1011 T
0`
0k
1m
1n
0t
1v
1w
1}
0!"
0""
0Y
0\
1_
0j
0s
1|
b1100 5
b1100 D
b1100 G
b1100 S
b1100 e
b1100 >
b1100 H
b1100 N
b1100 +
b1100 0
b1100 <
b1100 M
#2300001
b1100 ."
#2301000
1`
b1101 $
b1101 4
b1101 8
0]
1V
b1101 2
b1101 9
b1101 g
1o
b1100 3
b1100 :
b1100 T
0Z
1W
1k
0m
0n
1Y
1j
b1101 5
b1101 D
b1101 G
b1101 S
b1101 e
b1101 >
b1101 H
b1101 N
b1101 +
b1101 0
b1101 <
b1101 M
#2301001
b1101 ."
#2302000
b1110 $
b1110 4
b1110 8
0o
b1110 2
b1110 9
b1110 g
1x
1Z
0W
b1101 3
b1101 :
b1101 T
0]
0k
1m
1n
1t
0v
0w
0Y
1\
0j
1s
b1110 5
b1110 D
b1110 G
b1110 S
b1110 e
b1110 >
b1110 H
b1110 N
b1110 +
b1110 0
b1110 <
b1110 M
#2302001
b1110 ."
#2303000
b1111 $
b1111 4
b1111 8
1]
b1111 2
b1111 9
b1111 g
1o
b1110 3
b1110 :
b1110 T
0Z
1W
1k
0m
0n
1Y
1j
b1111 5
b1111 D
b1111 G
b1111 S
b1111 e
b1111 >
b1111 H
b1111 N
b1111 +
b1111 0
b1111 <
b1111 M
#2303001
b1111 ."
#2304000
0"
1!
b0 $
b0 4
b0 8
0]
0`
0c
0o
0x
0#"
b0 2
b0 9
b0 g
0,"
0W
0V
0U
0#
1n
1w
1""
1+"
0k
0l
0t
0u
0}
0~
0("
0)"
0Y
0\
0_
0b
0j
0s
0|
0'"
0X
0[
0^
0a
0i
0r
0{
0&"
b0 5
b0 D
b0 G
b0 S
b0 e
b1 3
b1 :
b1 T
1Z
b0 6
b0 E
b0 Q
b0 R
b0 d
b0 >
b0 H
b0 N
1-
b0 *
b0 /
b0 ;
b0 L
b0 P
b0 +
b0 0
b0 <
b0 M
#2304001
11"
00"
b0 ."
#2305000
1]
b10 3
b10 :
b10 T
0Z
1W
1l
1m
0n
1Y
1j
b1 5
b1 D
b1 G
b1 S
b1 e
b1 >
b1 H
b1 N
b1 +
b1 0
b1 <
b1 M
#2306000
0`
1Z
0W
b11 3
b11 :
b11 T
1]
0V
0l
0m
1n
1u
1v
0w
0Y
1\
0j
1s
b10 5
b10 D
b10 G
b10 S
b10 e
b10 >
b10 H
b10 N
b10 +
b10 0
b10 <
b10 M
#2307000
1`
0]
1V
b100 3
b100 :
b100 T
0Z
1W
1l
1m
0n
1Y
1j
b11 5
b11 D
b11 G
b11 S
b11 e
b11 >
b11 H
b11 N
b11 +
b11 0
b11 <
b11 M
#2308000
0c
1Z
0W
0]
0V
b101 3
b101 :
b101 T
1`
0U
0l
0m
1n
0u
0v
1w
1~
1!"
0""
0Y
0\
1_
0j
0s
1|
b100 5
b100 D
b100 G
b100 S
b100 e
b100 >
b100 H
b100 N
b100 +
b100 0
b100 <
b100 M
#2309000
1]
b110 3
b110 :
b110 T
0Z
1W
1l
1m
0n
1Y
1j
b101 5
b101 D
b101 G
b101 S
b101 e
b101 >
b101 H
b101 N
b101 +
b101 0
b101 <
b101 M
#2310000
0c
1`
0U
1Z
0W
b111 3
b111 :
b111 T
1]
0V
0l
0m
1n
1u
1v
0w
0Y
1\
0j
1s
b110 5
b110 D
b110 G
b110 S
b110 e
b110 >
b110 H
b110 N
b110 +
b110 0
b110 <
b110 M
#2311000
1c
0`
1U
0]
1V
b1000 3
b1000 :
b1000 T
0Z
1W
1l
1m
0n
1Y
1j
b111 5
b111 D
b111 G
b111 S
b111 e
b111 >
b111 H
b111 N
b111 +
b111 0
b111 <
b111 M
#2312000
1Z
0W
0]
0V
0`
0U
b1001 3
b1001 :
b1001 T
1c
0#
0l
0m
1n
0u
0v
1w
0~
0!"
1""
1)"
1*"
0+"
0Y
0\
0_
1b
0j
0s
0|
1'"
b1000 5
b1000 D
b1000 G
b1000 S
b1000 e
b1000 >
b1000 H
b1000 N
b1000 +
b1000 0
b1000 <
b1000 M
#2313000
1]
b1010 3
b1010 :
b1010 T
0Z
1W
1l
1m
0n
1Y
1j
b1001 5
b1001 D
b1001 G
b1001 S
b1001 e
b1001 >
b1001 H
b1001 N
b1001 +
b1001 0
b1001 <
b1001 M
#2314000
0`
1Z
0W
b1011 3
b1011 :
b1011 T
1]
0V
0l
0m
1n
1u
1v
0w
0Y
1\
0j
1s
b1010 5
b1010 D
b1010 G
b1010 S
b1010 e
b1010 >
b1010 H
b1010 N
b1010 +
b1010 0
b1010 <
b1010 M
#2315000
1`
0]
1V
b1100 3
b1100 :
b1100 T
0Z
1W
1l
1m
0n
1Y
1j
b1011 5
b1011 D
b1011 G
b1011 S
b1011 e
b1011 >
b1011 H
b1011 N
b1011 +
b1011 0
b1011 <
b1011 M
#2316000
1c
0#
1Z
0W
0]
0V
b1101 3
b1101 :
b1101 T
1`
0U
0l
0m
1n
0u
0v
1w
1~
1!"
0""
0Y
0\
1_
0j
0s
1|
b1100 5
b1100 D
b1100 G
b1100 S
b1100 e
b1100 >
b1100 H
b1100 N
b1100 +
b1100 0
b1100 <
b1100 M
#2317000
1]
b1110 3
b1110 :
b1110 T
0Z
1W
1l
1m
0n
1Y
1j
b1101 5
b1101 D
b1101 G
b1101 S
b1101 e
b1101 >
b1101 H
b1101 N
b1101 +
b1101 0
b1101 <
b1101 M
#2318000
1c
0#
1`
0U
1Z
0W
b1111 3
b1111 :
b1111 T
1]
0V
0l
0m
1n
1u
1v
0w
0Y
1\
0j
1s
b1110 5
b1110 D
b1110 G
b1110 S
b1110 e
b1110 >
b1110 H
b1110 N
b1110 +
b1110 0
b1110 <
b1110 M
#2319000
0c
1#
0`
1U
0]
1V
b0 3
b0 :
b0 T
0Z
1W
1l
1m
0n
1Y
1j
b1111 5
b1111 D
b1111 G
b1111 S
b1111 e
b1111 >
b1111 H
b1111 N
b1111 +
b1111 0
b1111 <
b1111 M
#2320000
1]
0V
0`
0U
b10 3
b10 :
b10 T
0c
0#
1n
0u
0v
1w
0~
0!"
1""
0)"
0*"
1+"
0Y
0\
0_
0b
0j
0s
0|
0'"
1X
1i
b0 5
b0 D
b0 G
b0 S
b0 e
b1 6
b1 E
b1 Q
b1 R
b1 d
b0 >
b0 H
b0 N
b1 *
b1 /
b1 ;
b1 L
b1 P
b0 +
b0 0
b0 <
b0 M
#2321000
0!
b1 $
b1 4
b1 8
b1 2
b1 9
b1 g
1o
b11 3
b11 :
b11 T
1Z
1k
0m
0n
1Y
1j
b1 5
b1 D
b1 G
b1 S
b1 e
b1 >
b1 H
b1 N
b1 +
b1 0
b1 <
b1 M
#2321001
01"
b1 ."
#2322000
1!
b0 $
b0 4
b0 8
1`
b0 2
b0 9
b0 g
0o
0Z
b100 3
b100 :
b100 T
0]
1V
0k
1m
1n
1u
1v
0w
0Y
1\
0j
1s
b10 5
b10 D
b10 G
b10 S
b10 e
b10 >
b10 H
b10 N
b10 +
b10 0
b10 <
b10 M
#2322001
11"
b0 ."
#2323000
0!
b1 $
b1 4
b1 8
b1 2
b1 9
b1 g
1o
b101 3
b101 :
b101 T
1Z
1k
0m
0n
1Y
1j
b11 5
b11 D
b11 G
b11 S
b11 e
b11 >
b11 H
b11 N
b11 +
b11 0
b11 <
b11 M
#2323001
01"
b1 ."
#2324000
1!
b0 $
b0 4
b0 8
0c
b0 2
b0 9
b0 g
0o
0Z
1]
0V
b110 3
b110 :
b110 T
1`
0U
0k
1m
1n
0u
0v
1w
1~
1!"
0""
0Y
0\
1_
0j
0s
1|
b100 5
b100 D
b100 G
b100 S
b100 e
b100 >
b100 H
b100 N
b100 +
b100 0
b100 <
b100 M
#2324001
11"
b0 ."
#2325000
0!
b1 $
b1 4
b1 8
b1 2
b1 9
b1 g
1o
b111 3
b111 :
b111 T
1Z
1k
0m
0n
1Y
1j
b101 5
b101 D
b101 G
b101 S
b101 e
b101 >
b101 H
b101 N
b101 +
b101 0
b101 <
b101 M
#2325001
01"
b1 ."
#2326000
1c
1!
b0 $
b0 4
b0 8
0`
1U
b0 2
b0 9
b0 g
0o
0Z
b1000 3
b1000 :
b1000 T
0]
1V
0k
1m
1n
1u
1v
0w
0Y
1\
0j
1s
b110 5
b110 D
b110 G
b110 S
b110 e
b110 >
b110 H
b110 N
b110 +
b110 0
b110 <
b110 M
#2326001
11"
b0 ."
#2327000
0!
b1 $
b1 4
b1 8
b1 2
b1 9
b1 g
1o
b1001 3
b1001 :
b1001 T
1Z
1k
0m
0n
1Y
1j
b111 5
b111 D
b111 G
b111 S
b111 e
b111 >
b111 H
b111 N
b111 +
b111 0
b111 <
b111 M
#2327001
01"
b1 ."
#2328000
1!
b0 $
b0 4
b0 8
b0 2
b0 9
b0 g
0o
0Z
1]
0V
0`
0U
b1010 3
b1010 :
b1010 T
1c
0#
0k
1m
1n
0u
0v
1w
0~
0!"
1""
1)"
1*"
0+"
0Y
0\
0_
1b
0j
0s
0|
1'"
b1000 5
b1000 D
b1000 G
b1000 S
b1000 e
b1000 >
b1000 H
b1000 N
b1000 +
b1000 0
b1000 <
b1000 M
#2328001
11"
b0 ."
#2329000
0!
b1 $
b1 4
b1 8
b1 2
b1 9
b1 g
1o
b1011 3
b1011 :
b1011 T
1Z
1k
0m
0n
1Y
1j
b1001 5
b1001 D
b1001 G
b1001 S
b1001 e
b1001 >
b1001 H
b1001 N
b1001 +
b1001 0
b1001 <
b1001 M
#2329001
01"
b1 ."
#2330000
1!
b0 $
b0 4
b0 8
1`
b0 2
b0 9
b0 g
0o
0Z
b1100 3
b1100 :
b1100 T
0]
1V
0k
1m
1n
1u
1v
0w
0Y
1\
0j
1s
b1010 5
b1010 D
b1010 G
b1010 S
b1010 e
b1010 >
b1010 H
b1010 N
b1010 +
b1010 0
b1010 <
b1010 M
#2330001
11"
b0 ."
#2331000
0!
b1 $
b1 4
b1 8
b1 2
b1 9
b1 g
1o
b1101 3
b1101 :
b1101 T
1Z
1k
0m
0n
1Y
1j
b1011 5
b1011 D
b1011 G
b1011 S
b1011 e
b1011 >
b1011 H
b1011 N
b1011 +
b1011 0
b1011 <
b1011 M
#2331001
01"
b1 ."
#2332000
1!
b0 $
b0 4
b0 8
1c
0#
b0 2
b0 9
b0 g
0o
0Z
1]
0V
b1110 3
b1110 :
b1110 T
1`
0U
0k
1m
1n
0u
0v
1w
1~
1!"
0""
0Y
0\
1_
0j
0s
1|
b1100 5
b1100 D
b1100 G
b1100 S
b1100 e
b1100 >
b1100 H
b1100 N
b1100 +
b1100 0
b1100 <
b1100 M
#2332001
11"
b0 ."
#2333000
0!
b1 $
b1 4
b1 8
b1 2
b1 9
b1 g
1o
b1111 3
b1111 :
b1111 T
1Z
1k
0m
0n
1Y
1j
b1101 5
b1101 D
b1101 G
b1101 S
b1101 e
b1101 >
b1101 H
b1101 N
b1101 +
b1101 0
b1101 <
b1101 M
#2333001
01"
b1 ."
#2334000
0c
1#
1!
b0 $
b0 4
b0 8
0`
1U
b0 2
b0 9
b0 g
0o
0Z
b0 3
b0 :
b0 T
0]
1V
0k
1m
1n
1u
1v
0w
0Y
1\
0j
1s
b1110 5
b1110 D
b1110 G
b1110 S
b1110 e
b1110 >
b1110 H
b1110 N
b1110 +
b1110 0
b1110 <
b1110 M
#2334001
11"
b0 ."
#2335000
0!
b1 $
b1 4
b1 8
b1 2
b1 9
b1 g
1o
b1 3
b1 :
b1 T
1Z
1k
0m
0n
1Y
1j
b1111 5
b1111 D
b1111 G
b1111 S
b1111 e
b1111 >
b1111 H
b1111 N
b1111 +
b1111 0
b1111 <
b1111 M
#2335001
01"
b1 ."
#2336000
1!
b0 $
b0 4
b0 8
1]
0V
b0 2
b0 9
b0 g
0o
0W
0`
0U
b11 3
b11 :
b11 T
0c
0#
1n
1w
0~
0!"
1""
0)"
0*"
1+"
0k
0l
0Y
0\
0_
0b
0j
0s
0|
0'"
0X
1[
0i
1r
b0 5
b0 D
b0 G
b0 S
b0 e
b10 6
b10 E
b10 Q
b10 R
b10 d
b0 >
b0 H
b0 N
b10 *
b10 /
b10 ;
b10 L
b10 P
b0 +
b0 0
b0 <
b0 M
#2336001
11"
b0 ."
#2337000
1`
0]
1V
b100 3
b100 :
b100 T
0Z
1W
1l
1m
0n
1Y
1j
b1 5
b1 D
b1 G
b1 S
b1 e
b1 >
b1 H
b1 N
b1 +
b1 0
b1 <
b1 M
#2338000
0!
b10 $
b10 4
b10 8
b10 2
b10 9
b10 g
1x
1Z
0W
b101 3
b101 :
b101 T
0]
0l
0m
1n
1t
0v
0w
0Y
1\
0j
1s
b10 5
b10 D
b10 G
b10 S
b10 e
b10 >
b10 H
b10 N
b10 +
b10 0
b10 <
b10 M
#2338001
01"
b10 ."
#2339000
1]
b110 3
b110 :
b110 T
0Z
1W
1l
1m
0n
1Y
1j
b11 5
b11 D
b11 G
b11 S
b11 e
b11 >
b11 H
b11 N
b11 +
b11 0
b11 <
b11 M
#2340000
1!
b0 $
b0 4
b0 8
0V
0c
b0 2
b0 9
b0 g
0x
1Z
0W
1]
b111 3
b111 :
b111 T
1`
0U
0l
0m
1n
0t
1v
1w
1~
1!"
0""
0Y
0\
1_
0j
0s
1|
b100 5
b100 D
b100 G
b100 S
b100 e
b100 >
b100 H
b100 N
b100 +
b100 0
b100 <
b100 M
#2340001
11"
b0 ."
#2341000
1c
0`
1U
0]
1V
b1000 3
b1000 :
b1000 T
0Z
1W
1l
1m
0n
1Y
1j
b101 5
b101 D
b101 G
b101 S
b101 e
b101 >
b101 H
b101 N
b101 +
b101 0
b101 <
b101 M
#2342000
0!
b10 $
b10 4
b10 8
b10 2
b10 9
b10 g
1x
1Z
0W
b1001 3
b1001 :
b1001 T
0]
0l
0m
1n
1t
0v
0w
0Y
1\
0j
1s
b110 5
b110 D
b110 G
b110 S
b110 e
b110 >
b110 H
b110 N
b110 +
b110 0
b110 <
b110 M
#2342001
01"
b10 ."
#2343000
1]
b1010 3
b1010 :
b1010 T
0Z
1W
1l
1m
0n
1Y
1j
b111 5
b111 D
b111 G
b111 S
b111 e
b111 >
b111 H
b111 N
b111 +
b111 0
b111 <
b111 M
#2344000
1!
b0 $
b0 4
b0 8
0V
b0 2
b0 9
b0 g
0x
1Z
0W
1]
0`
0U
b1011 3
b1011 :
b1011 T
1c
0#
0l
0m
1n
0t
1v
1w
0~
0!"
1""
1)"
1*"
0+"
0Y
0\
0_
1b
0j
0s
0|
1'"
b1000 5
b1000 D
b1000 G
b1000 S
b1000 e
b1000 >
b1000 H
b1000 N
b1000 +
b1000 0
b1000 <
b1000 M
#2344001
11"
b0 ."
#2345000
1`
0]
1V
b1100 3
b1100 :
b1100 T
0Z
1W
1l
1m
0n
1Y
1j
b1001 5
b1001 D
b1001 G
b1001 S
b1001 e
b1001 >
b1001 H
b1001 N
b1001 +
b1001 0
b1001 <
b1001 M
#2346000
0!
b10 $
b10 4
b10 8
b10 2
b10 9
b10 g
1x
1Z
0W
b1101 3
b1101 :
b1101 T
0]
0l
0m
1n
1t
0v
0w
0Y
1\
0j
1s
b1010 5
b1010 D
b1010 G
b1010 S
b1010 e
b1010 >
b1010 H
b1010 N
b1010 +
b1010 0
b1010 <
b1010 M
#2346001
01"
b10 ."
#2347000
1]
b1110 3
b1110 :
b1110 T
0Z
1W
1l
1m
0n
1Y
1j
b1011 5
b1011 D
b1011 G
b1011 S
b1011 e
b1011 >
b1011 H
b1011 N
b1011 +
b1011 0
b1011 <
b1011 M
#2348000
1!
b0 $
b0 4
b0 8
0V
1c
0#
b0 2
b0 9
b0 g
0x
1Z
0W
1]
b1111 3
b1111 :
b1111 T
1`
0U
0l
0m
1n
0t
1v
1w
1~
1!"
0""
0Y
0\
1_
0j
0s
1|
b1100 5
b1100 D
b1100 G
b1100 S
b1100 e
b1100 >
b1100 H
b1100 N
b1100 +
b1100 0
b1100 <
b1100 M
#2348001
11"
b0 ."
#2349000
0c
1#
0`
1U
0]
1V
b0 3
b0 :
b0 T
0Z
1W
1l
1m
0n
1Y
1j
b1101 5
b1101 D
b1101 G
b1101 S
b1101 e
b1101 >
b1101 H
b1101 N
b1101 +
b1101 0
b1101 <
b1101 M
#2350000
0!
b10 $
b10 4
b10 8
b10 2
b10 9
b10 g
1x
1Z
0W
b1 3
b1 :
b1 T
0]
0l
0m
1n
1t
0v
0w
0Y
1\
0j
1s
b1110 5
b1110 D
b1110 G
b1110 S
b1110 e
b1110 >
b1110 H
b1110 N
b1110 +
b1110 0
b1110 <
b1110 M
#2350001
01"
b10 ."
#2351000
1]
b10 3
b10 :
b10 T
0Z
1W
1l
1m
0n
1Y
1j
b1111 5
b1111 D
b1111 G
b1111 S
b1111 e
b1111 >
b1111 H
b1111 N
b1111 +
b1111 0
b1111 <
b1111 M
#2352000
1!
b0 $
b0 4
b0 8
b0 2
b0 9
b0 g
0x
0]
1`
0U
b100 3
b100 :
b100 T
0c
0#
1n
0t
1v
1w
0~
0!"
1""
0)"
0*"
1+"
0Y
0\
0_
0b
0j
0s
0|
0'"
1X
1i
b0 5
b0 D
b0 G
b0 S
b0 e
b11 6
b11 E
b11 Q
b11 R
b11 d
b0 >
b0 H
b0 N
b11 *
b11 /
b11 ;
b11 L
b11 P
b0 +
b0 0
b0 <
b0 M
#2352001
11"
b0 ."
#2353000
0!
b1 $
b1 4
b1 8
b1 2
b1 9
b1 g
1o
b101 3
b101 :
b101 T
1Z
1k
0m
0n
1Y
1j
b1 5
b1 D
b1 G
b1 S
b1 e
b1 >
b1 H
b1 N
b1 +
b1 0
b1 <
b1 M
#2353001
01"
b1 ."
#2354000
b10 $
b10 4
b10 8
0o
b10 2
b10 9
b10 g
1x
0Z
b110 3
b110 :
b110 T
1]
0k
1m
1n
1t
0v
0w
0Y
1\
0j
1s
b10 5
b10 D
b10 G
b10 S
b10 e
b10 >
b10 H
b10 N
b10 +
b10 0
b10 <
b10 M
#2354001
b10 ."
#2355000
b11 $
b11 4
b11 8
b11 2
b11 9
b11 g
1o
b111 3
b111 :
b111 T
1Z
1k
0m
0n
1Y
1j
b11 5
b11 D
b11 G
b11 S
b11 e
b11 >
b11 H
b11 N
b11 +
b11 0
b11 <
b11 M
#2355001
b11 ."
#2356000
1!
b0 $
b0 4
b0 8
1c
0o
b0 2
b0 9
b0 g
0x
0Z
0]
b1000 3
b1000 :
b1000 T
0`
1U
0k
1m
1n
0t
1v
1w
1~
1!"
0""
0Y
0\
1_
0j
0s
1|
b100 5
b100 D
b100 G
b100 S
b100 e
b100 >
b100 H
b100 N
b100 +
b100 0
b100 <
b100 M
#2356001
11"
b0 ."
#2357000
0!
b1 $
b1 4
b1 8
b1 2
b1 9
b1 g
1o
b1001 3
b1001 :
b1001 T
1Z
1k
0m
0n
1Y
1j
b101 5
b101 D
b101 G
b101 S
b101 e
b101 >
b101 H
b101 N
b101 +
b101 0
b101 <
b101 M
#2357001
01"
b1 ."
#2358000
b10 $
b10 4
b10 8
0o
b10 2
b10 9
b10 g
1x
0Z
b1010 3
b1010 :
b1010 T
1]
0k
1m
1n
1t
0v
0w
0Y
1\
0j
1s
b110 5
b110 D
b110 G
b110 S
b110 e
b110 >
b110 H
b110 N
b110 +
b110 0
b110 <
b110 M
#2358001
b10 ."
#2359000
b11 $
b11 4
b11 8
b11 2
b11 9
b11 g
1o
b1011 3
b1011 :
b1011 T
1Z
1k
0m
0n
1Y
1j
b111 5
b111 D
b111 G
b111 S
b111 e
b111 >
b111 H
b111 N
b111 +
b111 0
b111 <
b111 M
#2359001
b11 ."
#2360000
1!
b0 $
b0 4
b0 8
0o
b0 2
b0 9
b0 g
0x
0Z
0]
1`
0U
b1100 3
b1100 :
b1100 T
1c
0#
0k
1m
1n
0t
1v
1w
0~
0!"
1""
1)"
1*"
0+"
0Y
0\
0_
1b
0j
0s
0|
1'"
b1000 5
b1000 D
b1000 G
b1000 S
b1000 e
b1000 >
b1000 H
b1000 N
b1000 +
b1000 0
b1000 <
b1000 M
#2360001
11"
b0 ."
#2361000
0!
b1 $
b1 4
b1 8
b1 2
b1 9
b1 g
1o
b1101 3
b1101 :
b1101 T
1Z
1k
0m
0n
1Y
1j
b1001 5
b1001 D
b1001 G
b1001 S
b1001 e
b1001 >
b1001 H
b1001 N
b1001 +
b1001 0
b1001 <
b1001 M
#2361001
01"
b1 ."
#2362000
b10 $
b10 4
b10 8
0o
b10 2
b10 9
b10 g
1x
0Z
b1110 3
b1110 :
b1110 T
1]
0k
1m
1n
1t
0v
0w
0Y
1\
0j
1s
b1010 5
b1010 D
b1010 G
b1010 S
b1010 e
b1010 >
b1010 H
b1010 N
b1010 +
b1010 0
b1010 <
b1010 M
#2362001
b10 ."
#2363000
b11 $
b11 4
b11 8
b11 2
b11 9
b11 g
1o
b1111 3
b1111 :
b1111 T
1Z
1k
0m
0n
1Y
1j
b1011 5
b1011 D
b1011 G
b1011 S
b1011 e
b1011 >
b1011 H
b1011 N
b1011 +
b1011 0
b1011 <
b1011 M
#2363001
b11 ."
#2364000
1!
b0 $
b0 4
b0 8
0c
1#
0o
b0 2
b0 9
b0 g
0x
0Z
0]
b0 3
b0 :
b0 T
0`
1U
0k
1m
1n
0t
1v
1w
1~
1!"
0""
0Y
0\
1_
0j
0s
1|
b1100 5
b1100 D
b1100 G
b1100 S
b1100 e
b1100 >
b1100 H
b1100 N
b1100 +
b1100 0
b1100 <
b1100 M
#2364001
11"
b0 ."
#2365000
0!
b1 $
b1 4
b1 8
b1 2
b1 9
b1 g
1o
b1 3
b1 :
b1 T
1Z
1k
0m
0n
1Y
1j
b1101 5
b1101 D
b1101 G
b1101 S
b1101 e
b1101 >
b1101 H
b1101 N
b1101 +
b1101 0
b1101 <
b1101 M
#2365001
01"
b1 ."
#2366000
b10 $
b10 4
b10 8
0o
b10 2
b10 9
b10 g
1x
0Z
b10 3
b10 :
b10 T
1]
0k
1m
1n
1t
0v
0w
0Y
1\
0j
1s
b1110 5
b1110 D
b1110 G
b1110 S
b1110 e
b1110 >
b1110 H
b1110 N
b1110 +
b1110 0
b1110 <
b1110 M
#2366001
b10 ."
#2367000
b11 $
b11 4
b11 8
b11 2
b11 9
b11 g
1o
b11 3
b11 :
b11 T
1Z
1k
0m
0n
1Y
1j
b1111 5
b1111 D
b1111 G
b1111 S
b1111 e
b1111 >
b1111 H
b1111 N
b1111 +
b1111 0
b1111 <
b1111 M
#2367001
b11 ."
#2368000
1!
b0 $
b0 4
b0 8
0]
1`
0U
0o
b0 2
b0 9
b0 g
0x
0W
0V
b101 3
b101 :
b101 T
0c
0#
1n
1w
1""
0)"
0*"
1+"
0k
0l
0t
0u
0Y
0\
0_
0b
0j
0s
0|
0'"
0X
0[
1^
0i
0r
1{
b0 5
b0 D
b0 G
b0 S
b0 e
b100 6
b100 E
b100 Q
b100 R
b100 d
b0 >
b0 H
b0 N
b100 *
b100 /
b100 ;
b100 L
b100 P
b0 +
b0 0
b0 <
b0 M
#2368001
11"
b0 ."
#2369000
1]
b110 3
b110 :
b110 T
0Z
1W
1l
1m
0n
1Y
1j
b1 5
b1 D
b1 G
b1 S
b1 e
b1 >
b1 H
b1 N
b1 +
b1 0
b1 <
b1 M
#2370000
0c
1`
0U
1Z
0W
b111 3
b111 :
b111 T
1]
0V
0l
0m
1n
1u
1v
0w
0Y
1\
0j
1s
b10 5
b10 D
b10 G
b10 S
b10 e
b10 >
b10 H
b10 N
b10 +
b10 0
b10 <
b10 M
#2371000
1c
0`
1U
0]
1V
b1000 3
b1000 :
b1000 T
0Z
1W
1l
1m
0n
1Y
1j
b11 5
b11 D
b11 G
b11 S
b11 e
b11 >
b11 H
b11 N
b11 +
b11 0
b11 <
b11 M
#2372000
0!
b100 $
b100 4
b100 8
b100 2
b100 9
b100 g
1#"
1Z
0W
0]
0V
b1001 3
b1001 :
b1001 T
0`
0l
0m
1n
0u
0v
1w
1}
0!"
0""
0Y
0\
1_
0j
0s
1|
b100 5
b100 D
b100 G
b100 S
b100 e
b100 >
b100 H
b100 N
b100 +
b100 0
b100 <
b100 M
#2372001
01"
b100 ."
#2373000
1]
b1010 3
b1010 :
b1010 T
0Z
1W
1l
1m
0n
1Y
1j
b101 5
b101 D
b101 G
b101 S
b101 e
b101 >
b101 H
b101 N
b101 +
b101 0
b101 <
b101 M
#2374000
0`
1Z
0W
b1011 3
b1011 :
b1011 T
1]
0V
0l
0m
1n
1u
1v
0w
0Y
1\
0j
1s
b110 5
b110 D
b110 G
b110 S
b110 e
b110 >
b110 H
b110 N
b110 +
b110 0
b110 <
b110 M
#2375000
1`
0]
1V
b1100 3
b1100 :
b1100 T
0Z
1W
1l
1m
0n
1Y
1j
b111 5
b111 D
b111 G
b111 S
b111 e
b111 >
b111 H
b111 N
b111 +
b111 0
b111 <
b111 M
#2376000
1!
b0 $
b0 4
b0 8
0U
b0 2
b0 9
b0 g
0#"
1Z
0W
0]
0V
1`
b1101 3
b1101 :
b1101 T
1c
0#
0l
0m
1n
0u
0v
1w
0}
1!"
1""
1)"
1*"
0+"
0Y
0\
0_
1b
0j
0s
0|
1'"
b1000 5
b1000 D
b1000 G
b1000 S
b1000 e
b1000 >
b1000 H
b1000 N
b1000 +
b1000 0
b1000 <
b1000 M
#2376001
11"
b0 ."
#2377000
1]
b1110 3
b1110 :
b1110 T
0Z
1W
1l
1m
0n
1Y
1j
b1001 5
b1001 D
b1001 G
b1001 S
b1001 e
b1001 >
b1001 H
b1001 N
b1001 +
b1001 0
b1001 <
b1001 M
#2378000
1c
0#
1`
0U
1Z
0W
b1111 3
b1111 :
b1111 T
1]
0V
0l
0m
1n
1u
1v
0w
0Y
1\
0j
1s
b1010 5
b1010 D
b1010 G
b1010 S
b1010 e
b1010 >
b1010 H
b1010 N
b1010 +
b1010 0
b1010 <
b1010 M
#2379000
0c
1#
0`
1U
0]
1V
b0 3
b0 :
b0 T
0Z
1W
1l
1m
0n
1Y
1j
b1011 5
b1011 D
b1011 G
b1011 S
b1011 e
b1011 >
b1011 H
b1011 N
b1011 +
b1011 0
b1011 <
b1011 M
#2380000
0!
b100 $
b100 4
b100 8
b100 2
b100 9
b100 g
1#"
1Z
0W
0]
0V
b1 3
b1 :
b1 T
0`
0l
0m
1n
0u
0v
1w
1}
0!"
0""
0Y
0\
1_
0j
0s
1|
b1100 5
b1100 D
b1100 G
b1100 S
b1100 e
b1100 >
b1100 H
b1100 N
b1100 +
b1100 0
b1100 <
b1100 M
#2380001
01"
b100 ."
#2381000
1]
b10 3
b10 :
b10 T
0Z
1W
1l
1m
0n
1Y
1j
b1101 5
b1101 D
b1101 G
b1101 S
b1101 e
b1101 >
b1101 H
b1101 N
b1101 +
b1101 0
b1101 <
b1101 M
#2382000
0`
1Z
0W
b11 3
b11 :
b11 T
1]
0V
0l
0m
1n
1u
1v
0w
0Y
1\
0j
1s
b1110 5
b1110 D
b1110 G
b1110 S
b1110 e
b1110 >
b1110 H
b1110 N
b1110 +
b1110 0
b1110 <
b1110 M
#2383000
1`
0]
1V
b100 3
b100 :
b100 T
0Z
1W
1l
1m
0n
1Y
1j
b1111 5
b1111 D
b1111 G
b1111 S
b1111 e
b1111 >
b1111 H
b1111 N
b1111 +
b1111 0
b1111 <
b1111 M
#2384000
1!
b0 $
b0 4
b0 8
0U
b0 2
b0 9
b0 g
0#"
1]
0V
1`
b110 3
b110 :
b110 T
0c
0#
1n
0u
0v
1w
0}
1!"
1""
0)"
0*"
1+"
0Y
0\
0_
0b
0j
0s
0|
0'"
1X
1i
b0 5
b0 D
b0 G
b0 S
b0 e
b101 6
b101 E
b101 Q
b101 R
b101 d
b0 >
b0 H
b0 N
b101 *
b101 /
b101 ;
b101 L
b101 P
b0 +
b0 0
b0 <
b0 M
#2384001
11"
b0 ."
#2385000
0!
b1 $
b1 4
b1 8
b1 2
b1 9
b1 g
1o
b111 3
b111 :
b111 T
1Z
1k
0m
0n
1Y
1j
b1 5
b1 D
b1 G
b1 S
b1 e
b1 >
b1 H
b1 N
b1 +
b1 0
b1 <
b1 M
#2385001
01"
b1 ."
#2386000
1c
1!
b0 $
b0 4
b0 8
0`
1U
b0 2
b0 9
b0 g
0o
0Z
b1000 3
b1000 :
b1000 T
0]
1V
0k
1m
1n
1u
1v
0w
0Y
1\
0j
1s
b10 5
b10 D
b10 G
b10 S
b10 e
b10 >
b10 H
b10 N
b10 +
b10 0
b10 <
b10 M
#2386001
11"
b0 ."
#2387000
0!
b1 $
b1 4
b1 8
b1 2
b1 9
b1 g
1o
b1001 3
b1001 :
b1001 T
1Z
1k
0m
0n
1Y
1j
b11 5
b11 D
b11 G
b11 S
b11 e
b11 >
b11 H
b11 N
b11 +
b11 0
b11 <
b11 M
#2387001
01"
b1 ."
#2388000
b100 $
b100 4
b100 8
0o
b100 2
b100 9
b100 g
1#"
0Z
1]
0V
b1010 3
b1010 :
b1010 T
0`
0k
1m
1n
0u
0v
1w
1}
0!"
0""
0Y
0\
1_
0j
0s
1|
b100 5
b100 D
b100 G
b100 S
b100 e
b100 >
b100 H
b100 N
b100 +
b100 0
b100 <
b100 M
#2388001
b100 ."
#2389000
b101 $
b101 4
b101 8
b101 2
b101 9
b101 g
1o
b1011 3
b1011 :
b1011 T
1Z
1k
0m
0n
1Y
1j
b101 5
b101 D
b101 G
b101 S
b101 e
b101 >
b101 H
b101 N
b101 +
b101 0
b101 <
b101 M
#2389001
b101 ."
#2390000
b100 $
b100 4
b100 8
1`
b100 2
b100 9
b100 g
0o
0Z
b1100 3
b1100 :
b1100 T
0]
1V
0k
1m
1n
1u
1v
0w
0Y
1\
0j
1s
b110 5
b110 D
b110 G
b110 S
b110 e
b110 >
b110 H
b110 N
b110 +
b110 0
b110 <
b110 M
#2390001
b100 ."
#2391000
b101 $
b101 4
b101 8
b101 2
b101 9
b101 g
1o
b1101 3
b1101 :
b1101 T
1Z
1k
0m
0n
1Y
1j
b111 5
b111 D
b111 G
b111 S
b111 e
b111 >
b111 H
b111 N
b111 +
b111 0
b111 <
b111 M
#2391001
b101 ."
#2392000
1!
b0 $
b0 4
b0 8
0U
0o
b0 2
b0 9
b0 g
0#"
0Z
1]
0V
1`
b1110 3
b1110 :
b1110 T
1c
0#
0k
1m
1n
0u
0v
1w
0}
1!"
1""
1)"
1*"
0+"
0Y
0\
0_
1b
0j
0s
0|
1'"
b1000 5
b1000 D
b1000 G
b1000 S
b1000 e
b1000 >
b1000 H
b1000 N
b1000 +
b1000 0
b1000 <
b1000 M
#2392001
11"
b0 ."
#2393000
0!
b1 $
b1 4
b1 8
b1 2
b1 9
b1 g
1o
b1111 3
b1111 :
b1111 T
1Z
1k
0m
0n
1Y
1j
b1001 5
b1001 D
b1001 G
b1001 S
b1001 e
b1001 >
b1001 H
b1001 N
b1001 +
b1001 0
b1001 <
b1001 M
#2393001
01"
b1 ."
#2394000
0c
1#
1!
b0 $
b0 4
b0 8
0`
1U
b0 2
b0 9
b0 g
0o
0Z
b0 3
b0 :
b0 T
0]
1V
0k
1m
1n
1u
1v
0w
0Y
1\
0j
1s
b1010 5
b1010 D
b1010 G
b1010 S
b1010 e
b1010 >
b1010 H
b1010 N
b1010 +
b1010 0
b1010 <
b1010 M
#2394001
11"
b0 ."
#2395000
0!
b1 $
b1 4
b1 8
b1 2
b1 9
b1 g
1o
b1 3
b1 :
b1 T
1Z
1k
0m
0n
1Y
1j
b1011 5
b1011 D
b1011 G
b1011 S
b1011 e
b1011 >
b1011 H
b1011 N
b1011 +
b1011 0
b1011 <
b1011 M
#2395001
01"
b1 ."
#2396000
b100 $
b100 4
b100 8
0o
b100 2
b100 9
b100 g
1#"
0Z
1]
0V
b10 3
b10 :
b10 T
0`
0k
1m
1n
0u
0v
1w
1}
0!"
0""
0Y
0\
1_
0j
0s
1|
b1100 5
b1100 D
b1100 G
b1100 S
b1100 e
b1100 >
b1100 H
b1100 N
b1100 +
b1100 0
b1100 <
b1100 M
#2396001
b100 ."
#2397000
b101 $
b101 4
b101 8
b101 2
b101 9
b101 g
1o
b11 3
b11 :
b11 T
1Z
1k
0m
0n
1Y
1j
b1101 5
b1101 D
b1101 G
b1101 S
b1101 e
b1101 >
b1101 H
b1101 N
b1101 +
b1101 0
b1101 <
b1101 M
#2397001
b101 ."
#2398000
b100 $
b100 4
b100 8
1`
b100 2
b100 9
b100 g
0o
0Z
b100 3
b100 :
b100 T
0]
1V
0k
1m
1n
1u
1v
0w
0Y
1\
0j
1s
b1110 5
b1110 D
b1110 G
b1110 S
b1110 e
b1110 >
b1110 H
b1110 N
b1110 +
b1110 0
b1110 <
b1110 M
#2398001
b100 ."
#2399000
b101 $
b101 4
b101 8
b101 2
b101 9
b101 g
1o
b101 3
b101 :
b101 T
1Z
1k
0m
0n
1Y
1j
b1111 5
b1111 D
b1111 G
b1111 S
b1111 e
b1111 >
b1111 H
b1111 N
b1111 +
b1111 0
b1111 <
b1111 M
#2399001
b101 ."
#2400000
0U
1!
b0 $
b0 4
b0 8
1]
0V
0#"
b0 2
b0 9
b0 g
0o
0W
1`
b111 3
b111 :
b111 T
0c
0#
1n
1w
0}
1!"
1""
0)"
0*"
1+"
0k
0l
0Y
0\
0_
0b
0j
0s
0|
0'"
0X
1[
0i
1r
b0 5
b0 D
b0 G
b0 S
b0 e
b110 6
b110 E
b110 Q
b110 R
b110 d
b0 >
b0 H
b0 N
b110 *
b110 /
b110 ;
b110 L
b110 P
b0 +
b0 0
b0 <
b0 M
#2400001
11"
b0 ."
#2401000
1c
0`
1U
0]
1V
b1000 3
b1000 :
b1000 T
0Z
1W
1l
1m
0n
1Y
1j
b1 5
b1 D
b1 G
b1 S
b1 e
b1 >
b1 H
b1 N
b1 +
b1 0
b1 <
b1 M
#2402000
0!
b10 $
b10 4
b10 8
b10 2
b10 9
b10 g
1x
1Z
0W
b1001 3
b1001 :
b1001 T
0]
0l
0m
1n
1t
0v
0w
0Y
1\
0j
1s
b10 5
b10 D
b10 G
b10 S
b10 e
b10 >
b10 H
b10 N
b10 +
b10 0
b10 <
b10 M
#2402001
01"
b10 ."
#2403000
1]
b1010 3
b1010 :
b1010 T
0Z
1W
1l
1m
0n
1Y
1j
b11 5
b11 D
b11 G
b11 S
b11 e
b11 >
b11 H
b11 N
b11 +
b11 0
b11 <
b11 M
#2404000
b100 $
b100 4
b100 8
0V
0x
b100 2
b100 9
b100 g
1#"
1Z
0W
1]
b1011 3
b1011 :
b1011 T
0`
0l
0m
1n
0t
1v
1w
1}
0!"
0""
0Y
0\
1_
0j
0s
1|
b100 5
b100 D
b100 G
b100 S
b100 e
b100 >
b100 H
b100 N
b100 +
b100 0
b100 <
b100 M
#2404001
b100 ."
#2405000
1`
0]
1V
b1100 3
b1100 :
b1100 T
0Z
1W
1l
1m
0n
1Y
1j
b101 5
b101 D
b101 G
b101 S
b101 e
b101 >
b101 H
b101 N
b101 +
b101 0
b101 <
b101 M
#2406000
b110 $
b110 4
b110 8
b110 2
b110 9
b110 g
1x
1Z
0W
b1101 3
b1101 :
b1101 T
0]
0l
0m
1n
1t
0v
0w
0Y
1\
0j
1s
b110 5
b110 D
b110 G
b110 S
b110 e
b110 >
b110 H
b110 N
b110 +
b110 0
b110 <
b110 M
#2406001
b110 ."
#2407000
1]
b1110 3
b1110 :
b1110 T
0Z
1W
1l
1m
0n
1Y
1j
b111 5
b111 D
b111 G
b111 S
b111 e
b111 >
b111 H
b111 N
b111 +
b111 0
b111 <
b111 M
#2408000
0U
1!
b0 $
b0 4
b0 8
0V
0x
b0 2
b0 9
b0 g
0#"
1Z
0W
1]
1`
b1111 3
b1111 :
b1111 T
1c
0#
0l
0m
1n
0t
1v
1w
0}
1!"
1""
1)"
1*"
0+"
0Y
0\
0_
1b
0j
0s
0|
1'"
b1000 5
b1000 D
b1000 G
b1000 S
b1000 e
b1000 >
b1000 H
b1000 N
b1000 +
b1000 0
b1000 <
b1000 M
#2408001
11"
b0 ."
#2409000
0c
1#
0`
1U
0]
1V
b0 3
b0 :
b0 T
0Z
1W
1l
1m
0n
1Y
1j
b1001 5
b1001 D
b1001 G
b1001 S
b1001 e
b1001 >
b1001 H
b1001 N
b1001 +
b1001 0
b1001 <
b1001 M
#2410000
0!
b10 $
b10 4
b10 8
b10 2
b10 9
b10 g
1x
1Z
0W
b1 3
b1 :
b1 T
0]
0l
0m
1n
1t
0v
0w
0Y
1\
0j
1s
b1010 5
b1010 D
b1010 G
b1010 S
b1010 e
b1010 >
b1010 H
b1010 N
b1010 +
b1010 0
b1010 <
b1010 M
#2410001
01"
b10 ."
#2411000
1]
b10 3
b10 :
b10 T
0Z
1W
1l
1m
0n
1Y
1j
b1011 5
b1011 D
b1011 G
b1011 S
b1011 e
b1011 >
b1011 H
b1011 N
b1011 +
b1011 0
b1011 <
b1011 M
#2412000
b100 $
b100 4
b100 8
0V
0x
b100 2
b100 9
b100 g
1#"
1Z
0W
1]
b11 3
b11 :
b11 T
0`
0l
0m
1n
0t
1v
1w
1}
0!"
0""
0Y
0\
1_
0j
0s
1|
b1100 5
b1100 D
b1100 G
b1100 S
b1100 e
b1100 >
b1100 H
b1100 N
b1100 +
b1100 0
b1100 <
b1100 M
#2412001
b100 ."
#2413000
1`
0]
1V
b100 3
b100 :
b100 T
0Z
1W
1l
1m
0n
1Y
1j
b1101 5
b1101 D
b1101 G
b1101 S
b1101 e
b1101 >
b1101 H
b1101 N
b1101 +
b1101 0
b1101 <
b1101 M
#2414000
b110 $
b110 4
b110 8
b110 2
b110 9
b110 g
1x
1Z
0W
b101 3
b101 :
b101 T
0]
0l
0m
1n
1t
0v
0w
0Y
1\
0j
1s
b1110 5
b1110 D
b1110 G
b1110 S
b1110 e
b1110 >
b1110 H
b1110 N
b1110 +
b1110 0
b1110 <
b1110 M
#2414001
b110 ."
#2415000
1]
b110 3
b110 :
b110 T
0Z
1W
1l
1m
0n
1Y
1j
b1111 5
b1111 D
b1111 G
b1111 S
b1111 e
b1111 >
b1111 H
b1111 N
b1111 +
b1111 0
b1111 <
b1111 M
#2416000
1!
b0 $
b0 4
b0 8
0x
b0 2
b0 9
b0 g
0#"
0]
0`
b1000 3
b1000 :
b1000 T
1c
0#
1n
0t
1v
1w
0}
1!"
1""
0)"
0*"
1+"
0Y
0\
0_
0b
0j
0s
0|
0'"
1X
1i
b0 5
b0 D
b0 G
b0 S
b0 e
b111 6
b111 E
b111 Q
b111 R
b111 d
b0 >
b0 H
b0 N
b111 *
b111 /
b111 ;
b111 L
b111 P
b0 +
b0 0
b0 <
b0 M
#2416001
11"
b0 ."
#2417000
0!
b1 $
b1 4
b1 8
b1 2
b1 9
b1 g
1o
b1001 3
b1001 :
b1001 T
1Z
1k
0m
0n
1Y
1j
b1 5
b1 D
b1 G
b1 S
b1 e
b1 >
b1 H
b1 N
b1 +
b1 0
b1 <
b1 M
#2417001
01"
b1 ."
#2418000
b10 $
b10 4
b10 8
0o
b10 2
b10 9
b10 g
1x
0Z
b1010 3
b1010 :
b1010 T
1]
0k
1m
1n
1t
0v
0w
0Y
1\
0j
1s
b10 5
b10 D
b10 G
b10 S
b10 e
b10 >
b10 H
b10 N
b10 +
b10 0
b10 <
b10 M
#2418001
b10 ."
#2419000
b11 $
b11 4
b11 8
b11 2
b11 9
b11 g
1o
b1011 3
b1011 :
b1011 T
1Z
1k
0m
0n
1Y
1j
b11 5
b11 D
b11 G
b11 S
b11 e
b11 >
b11 H
b11 N
b11 +
b11 0
b11 <
b11 M
#2419001
b11 ."
#2420000
b100 $
b100 4
b100 8
0o
0x
b100 2
b100 9
b100 g
1#"
0Z
0]
b1100 3
b1100 :
b1100 T
1`
0k
1m
1n
0t
1v
1w
1}
0!"
0""
0Y
0\
1_
0j
0s
1|
b100 5
b100 D
b100 G
b100 S
b100 e
b100 >
b100 H
b100 N
b100 +
b100 0
b100 <
b100 M
#2420001
b100 ."
#2421000
b101 $
b101 4
b101 8
b101 2
b101 9
b101 g
1o
b1101 3
b1101 :
b1101 T
1Z
1k
0m
0n
1Y
1j
b101 5
b101 D
b101 G
b101 S
b101 e
b101 >
b101 H
b101 N
b101 +
b101 0
b101 <
b101 M
#2421001
b101 ."
#2422000
b110 $
b110 4
b110 8
0o
b110 2
b110 9
b110 g
1x
0Z
b1110 3
b1110 :
b1110 T
1]
0k
1m
1n
1t
0v
0w
0Y
1\
0j
1s
b110 5
b110 D
b110 G
b110 S
b110 e
b110 >
b110 H
b110 N
b110 +
b110 0
b110 <
b110 M
#2422001
b110 ."
#2423000
b111 $
b111 4
b111 8
b111 2
b111 9
b111 g
1o
b1111 3
b1111 :
b1111 T
1Z
1k
0m
0n
1Y
1j
b111 5
b111 D
b111 G
b111 S
b111 e
b111 >
b111 H
b111 N
b111 +
b111 0
b111 <
b111 M
#2423001
b111 ."
#2424000
1!
b0 $
b0 4
b0 8
0o
0x
b0 2
b0 9
b0 g
0#"
0Z
0]
0`
b0 3
b0 :
b0 T
0c
1#
0k
1m
1n
0t
1v
1w
0}
1!"
1""
1)"
1*"
0+"
0Y
0\
0_
1b
0j
0s
0|
1'"
b1000 5
b1000 D
b1000 G
b1000 S
b1000 e
b1000 >
b1000 H
b1000 N
b1000 +
b1000 0
b1000 <
b1000 M
#2424001
11"
b0 ."
#2425000
0!
b1 $
b1 4
b1 8
b1 2
b1 9
b1 g
1o
b1 3
b1 :
b1 T
1Z
1k
0m
0n
1Y
1j
b1001 5
b1001 D
b1001 G
b1001 S
b1001 e
b1001 >
b1001 H
b1001 N
b1001 +
b1001 0
b1001 <
b1001 M
#2425001
01"
b1 ."
#2426000
b10 $
b10 4
b10 8
0o
b10 2
b10 9
b10 g
1x
0Z
b10 3
b10 :
b10 T
1]
0k
1m
1n
1t
0v
0w
0Y
1\
0j
1s
b1010 5
b1010 D
b1010 G
b1010 S
b1010 e
b1010 >
b1010 H
b1010 N
b1010 +
b1010 0
b1010 <
b1010 M
#2426001
b10 ."
#2427000
b11 $
b11 4
b11 8
b11 2
b11 9
b11 g
1o
b11 3
b11 :
b11 T
1Z
1k
0m
0n
1Y
1j
b1011 5
b1011 D
b1011 G
b1011 S
b1011 e
b1011 >
b1011 H
b1011 N
b1011 +
b1011 0
b1011 <
b1011 M
#2427001
b11 ."
#2428000
b100 $
b100 4
b100 8
0o
0x
b100 2
b100 9
b100 g
1#"
0Z
0]
b100 3
b100 :
b100 T
1`
0k
1m
1n
0t
1v
1w
1}
0!"
0""
0Y
0\
1_
0j
0s
1|
b1100 5
b1100 D
b1100 G
b1100 S
b1100 e
b1100 >
b1100 H
b1100 N
b1100 +
b1100 0
b1100 <
b1100 M
#2428001
b100 ."
#2429000
b101 $
b101 4
b101 8
b101 2
b101 9
b101 g
1o
b101 3
b101 :
b101 T
1Z
1k
0m
0n
1Y
1j
b1101 5
b1101 D
b1101 G
b1101 S
b1101 e
b1101 >
b1101 H
b1101 N
b1101 +
b1101 0
b1101 <
b1101 M
#2429001
b101 ."
#2430000
b110 $
b110 4
b110 8
0o
b110 2
b110 9
b110 g
1x
0Z
b110 3
b110 :
b110 T
1]
0k
1m
1n
1t
0v
0w
0Y
1\
0j
1s
b1110 5
b1110 D
b1110 G
b1110 S
b1110 e
b1110 >
b1110 H
b1110 N
b1110 +
b1110 0
b1110 <
b1110 M
#2430001
b110 ."
#2431000
b111 $
b111 4
b111 8
b111 2
b111 9
b111 g
1o
b111 3
b111 :
b111 T
1Z
1k
0m
0n
1Y
1j
b1111 5
b1111 D
b1111 G
b1111 S
b1111 e
b1111 >
b1111 H
b1111 N
b1111 +
b1111 0
b1111 <
b1111 M
#2431001
b111 ."
#2432000
1!
b0 $
b0 4
b0 8
0]
0`
b1001 3
b1001 :
b1001 T
1c
0#
0o
0x
b0 2
b0 9
b0 g
0#"
0W
0V
0U
1n
1w
1""
1+"
0k
0l
0t
0u
0}
0~
0Y
0\
0_
0b
0j
0s
0|
0'"
0X
0[
0^
1a
0i
0r
0{
1&"
b0 5
b0 D
b0 G
b0 S
b0 e
b1000 6
b1000 E
b1000 Q
b1000 R
b1000 d
b0 >
b0 H
b0 N
b1000 *
b1000 /
b1000 ;
b1000 L
b1000 P
b0 +
b0 0
b0 <
b0 M
#2432001
11"
b0 ."
#2433000
1]
b1010 3
b1010 :
b1010 T
0Z
1W
1l
1m
0n
1Y
1j
b1 5
b1 D
b1 G
b1 S
b1 e
b1 >
b1 H
b1 N
b1 +
b1 0
b1 <
b1 M
#2434000
0`
1Z
0W
b1011 3
b1011 :
b1011 T
1]
0V
0l
0m
1n
1u
1v
0w
0Y
1\
0j
1s
b10 5
b10 D
b10 G
b10 S
b10 e
b10 >
b10 H
b10 N
b10 +
b10 0
b10 <
b10 M
#2435000
1`
0]
1V
b1100 3
b1100 :
b1100 T
0Z
1W
1l
1m
0n
1Y
1j
b11 5
b11 D
b11 G
b11 S
b11 e
b11 >
b11 H
b11 N
b11 +
b11 0
b11 <
b11 M
#2436000
1c
0#
1Z
0W
0]
0V
b1101 3
b1101 :
b1101 T
1`
0U
0l
0m
1n
0u
0v
1w
1~
1!"
0""
0Y
0\
1_
0j
0s
1|
b100 5
b100 D
b100 G
b100 S
b100 e
b100 >
b100 H
b100 N
b100 +
b100 0
b100 <
b100 M
#2437000
1]
b1110 3
b1110 :
b1110 T
0Z
1W
1l
1m
0n
1Y
1j
b101 5
b101 D
b101 G
b101 S
b101 e
b101 >
b101 H
b101 N
b101 +
b101 0
b101 <
b101 M
#2438000
1c
0#
1`
0U
1Z
0W
b1111 3
b1111 :
b1111 T
1]
0V
0l
0m
1n
1u
1v
0w
0Y
1\
0j
1s
b110 5
b110 D
b110 G
b110 S
b110 e
b110 >
b110 H
b110 N
b110 +
b110 0
b110 <
b110 M
#2439000
0c
1#
0`
1U
0]
1V
b0 3
b0 :
b0 T
0Z
1W
1l
1m
0n
1Y
1j
b111 5
b111 D
b111 G
b111 S
b111 e
b111 >
b111 H
b111 N
b111 +
b111 0
b111 <
b111 M
#2440000
1"
0!
b1000 $
b1000 4
b1000 8
b1000 2
b1000 9
b1000 g
1,"
1Z
0W
0]
0V
0`
0U
b1 3
b1 :
b1 T
0c
0l
0m
1n
0u
0v
1w
0~
0!"
1""
1("
0*"
0+"
0Y
0\
0_
1b
0j
0s
0|
1'"
b1000 5
b1000 D
b1000 G
b1000 S
b1000 e
b1000 >
b1000 H
b1000 N
b1000 +
b1000 0
b1000 <
b1000 M
#2440001
01"
10"
b1000 ."
#2441000
1]
b10 3
b10 :
b10 T
0Z
1W
1l
1m
0n
1Y
1j
b1001 5
b1001 D
b1001 G
b1001 S
b1001 e
b1001 >
b1001 H
b1001 N
b1001 +
b1001 0
b1001 <
b1001 M
#2442000
0`
1Z
0W
b11 3
b11 :
b11 T
1]
0V
0l
0m
1n
1u
1v
0w
0Y
1\
0j
1s
b1010 5
b1010 D
b1010 G
b1010 S
b1010 e
b1010 >
b1010 H
b1010 N
b1010 +
b1010 0
b1010 <
b1010 M
#2443000
1`
0]
1V
b100 3
b100 :
b100 T
0Z
1W
1l
1m
0n
1Y
1j
b1011 5
b1011 D
b1011 G
b1011 S
b1011 e
b1011 >
b1011 H
b1011 N
b1011 +
b1011 0
b1011 <
b1011 M
#2444000
0c
1Z
0W
0]
0V
b101 3
b101 :
b101 T
1`
0U
0l
0m
1n
0u
0v
1w
1~
1!"
0""
0Y
0\
1_
0j
0s
1|
b1100 5
b1100 D
b1100 G
b1100 S
b1100 e
b1100 >
b1100 H
b1100 N
b1100 +
b1100 0
b1100 <
b1100 M
#2445000
1]
b110 3
b110 :
b110 T
0Z
1W
1l
1m
0n
1Y
1j
b1101 5
b1101 D
b1101 G
b1101 S
b1101 e
b1101 >
b1101 H
b1101 N
b1101 +
b1101 0
b1101 <
b1101 M
#2446000
0c
1`
0U
1Z
0W
b111 3
b111 :
b111 T
1]
0V
0l
0m
1n
1u
1v
0w
0Y
1\
0j
1s
b1110 5
b1110 D
b1110 G
b1110 S
b1110 e
b1110 >
b1110 H
b1110 N
b1110 +
b1110 0
b1110 <
b1110 M
#2447000
1c
0`
1U
0]
1V
b1000 3
b1000 :
b1000 T
0Z
1W
1l
1m
0n
1Y
1j
b1111 5
b1111 D
b1111 G
b1111 S
b1111 e
b1111 >
b1111 H
b1111 N
b1111 +
b1111 0
b1111 <
b1111 M
#2448000
0"
1!
b0 $
b0 4
b0 8
0#
b0 2
b0 9
b0 g
0,"
1]
0V
0`
0U
b1010 3
b1010 :
b1010 T
1c
1n
0u
0v
1w
0~
0!"
1""
0("
1*"
1+"
0Y
0\
0_
0b
0j
0s
0|
0'"
1X
1i
b0 5
b0 D
b0 G
b0 S
b0 e
b1001 6
b1001 E
b1001 Q
b1001 R
b1001 d
b0 >
b0 H
b0 N
b1001 *
b1001 /
b1001 ;
b1001 L
b1001 P
b0 +
b0 0
b0 <
b0 M
#2448001
11"
00"
b0 ."
#2449000
0!
b1 $
b1 4
b1 8
b1 2
b1 9
b1 g
1o
b1011 3
b1011 :
b1011 T
1Z
1k
0m
0n
1Y
1j
b1 5
b1 D
b1 G
b1 S
b1 e
b1 >
b1 H
b1 N
b1 +
b1 0
b1 <
b1 M
#2449001
01"
b1 ."
#2450000
1!
b0 $
b0 4
b0 8
1`
b0 2
b0 9
b0 g
0o
0Z
b1100 3
b1100 :
b1100 T
0]
1V
0k
1m
1n
1u
1v
0w
0Y
1\
0j
1s
b10 5
b10 D
b10 G
b10 S
b10 e
b10 >
b10 H
b10 N
b10 +
b10 0
b10 <
b10 M
#2450001
11"
b0 ."
#2451000
0!
b1 $
b1 4
b1 8
b1 2
b1 9
b1 g
1o
b1101 3
b1101 :
b1101 T
1Z
1k
0m
0n
1Y
1j
b11 5
b11 D
b11 G
b11 S
b11 e
b11 >
b11 H
b11 N
b11 +
b11 0
b11 <
b11 M
#2451001
01"
b1 ."
#2452000
1!
b0 $
b0 4
b0 8
1c
0#
b0 2
b0 9
b0 g
0o
0Z
1]
0V
b1110 3
b1110 :
b1110 T
1`
0U
0k
1m
1n
0u
0v
1w
1~
1!"
0""
0Y
0\
1_
0j
0s
1|
b100 5
b100 D
b100 G
b100 S
b100 e
b100 >
b100 H
b100 N
b100 +
b100 0
b100 <
b100 M
#2452001
11"
b0 ."
#2453000
0!
b1 $
b1 4
b1 8
b1 2
b1 9
b1 g
1o
b1111 3
b1111 :
b1111 T
1Z
1k
0m
0n
1Y
1j
b101 5
b101 D
b101 G
b101 S
b101 e
b101 >
b101 H
b101 N
b101 +
b101 0
b101 <
b101 M
#2453001
01"
b1 ."
#2454000
0c
1#
1!
b0 $
b0 4
b0 8
0`
1U
b0 2
b0 9
b0 g
0o
0Z
b0 3
b0 :
b0 T
0]
1V
0k
1m
1n
1u
1v
0w
0Y
1\
0j
1s
b110 5
b110 D
b110 G
b110 S
b110 e
b110 >
b110 H
b110 N
b110 +
b110 0
b110 <
b110 M
#2454001
11"
b0 ."
#2455000
0!
b1 $
b1 4
b1 8
b1 2
b1 9
b1 g
1o
b1 3
b1 :
b1 T
1Z
1k
0m
0n
1Y
1j
b111 5
b111 D
b111 G
b111 S
b111 e
b111 >
b111 H
b111 N
b111 +
b111 0
b111 <
b111 M
#2455001
01"
b1 ."
#2456000
1"
b1000 $
b1000 4
b1000 8
0o
b1000 2
b1000 9
b1000 g
1,"
0Z
1]
0V
0`
0U
b10 3
b10 :
b10 T
0c
0k
1m
1n
0u
0v
1w
0~
0!"
1""
1("
0*"
0+"
0Y
0\
0_
1b
0j
0s
0|
1'"
b1000 5
b1000 D
b1000 G
b1000 S
b1000 e
b1000 >
b1000 H
b1000 N
b1000 +
b1000 0
b1000 <
b1000 M
#2456001
10"
b1000 ."
#2457000
b1001 $
b1001 4
b1001 8
b1001 2
b1001 9
b1001 g
1o
b11 3
b11 :
b11 T
1Z
1k
0m
0n
1Y
1j
b1001 5
b1001 D
b1001 G
b1001 S
b1001 e
b1001 >
b1001 H
b1001 N
b1001 +
b1001 0
b1001 <
b1001 M
#2457001
b1001 ."
#2458000
b1000 $
b1000 4
b1000 8
1`
b1000 2
b1000 9
b1000 g
0o
0Z
b100 3
b100 :
b100 T
0]
1V
0k
1m
1n
1u
1v
0w
0Y
1\
0j
1s
b1010 5
b1010 D
b1010 G
b1010 S
b1010 e
b1010 >
b1010 H
b1010 N
b1010 +
b1010 0
b1010 <
b1010 M
#2458001
b1000 ."
#2459000
b1001 $
b1001 4
b1001 8
b1001 2
b1001 9
b1001 g
1o
b101 3
b101 :
b101 T
1Z
1k
0m
0n
1Y
1j
b1011 5
b1011 D
b1011 G
b1011 S
b1011 e
b1011 >
b1011 H
b1011 N
b1011 +
b1011 0
b1011 <
b1011 M
#2459001
b1001 ."
#2460000
b1000 $
b1000 4
b1000 8
0c
b1000 2
b1000 9
b1000 g
0o
0Z
1]
0V
b110 3
b110 :
b110 T
1`
0U
0k
1m
1n
0u
0v
1w
1~
1!"
0""
0Y
0\
1_
0j
0s
1|
b1100 5
b1100 D
b1100 G
b1100 S
b1100 e
b1100 >
b1100 H
b1100 N
b1100 +
b1100 0
b1100 <
b1100 M
#2460001
b1000 ."
#2461000
b1001 $
b1001 4
b1001 8
b1001 2
b1001 9
b1001 g
1o
b111 3
b111 :
b111 T
1Z
1k
0m
0n
1Y
1j
b1101 5
b1101 D
b1101 G
b1101 S
b1101 e
b1101 >
b1101 H
b1101 N
b1101 +
b1101 0
b1101 <
b1101 M
#2461001
b1001 ."
#2462000
1c
b1000 $
b1000 4
b1000 8
0`
1U
b1000 2
b1000 9
b1000 g
0o
0Z
b1000 3
b1000 :
b1000 T
0]
1V
0k
1m
1n
1u
1v
0w
0Y
1\
0j
1s
b1110 5
b1110 D
b1110 G
b1110 S
b1110 e
b1110 >
b1110 H
b1110 N
b1110 +
b1110 0
b1110 <
b1110 M
#2462001
b1000 ."
#2463000
b1001 $
b1001 4
b1001 8
b1001 2
b1001 9
b1001 g
1o
b1001 3
b1001 :
b1001 T
1Z
1k
0m
0n
1Y
1j
b1111 5
b1111 D
b1111 G
b1111 S
b1111 e
b1111 >
b1111 H
b1111 N
b1111 +
b1111 0
b1111 <
b1111 M
#2463001
b1001 ."
#2464000
0"
1!
b0 $
b0 4
b0 8
1]
0V
0#
0,"
b0 2
b0 9
b0 g
0o
0W
0`
0U
b1011 3
b1011 :
b1011 T
1c
1n
1w
0~
0!"
1""
0("
1*"
1+"
0k
0l
0Y
0\
0_
0b
0j
0s
0|
0'"
0X
1[
0i
1r
b0 5
b0 D
b0 G
b0 S
b0 e
b1010 6
b1010 E
b1010 Q
b1010 R
b1010 d
b0 >
b0 H
b0 N
b1010 *
b1010 /
b1010 ;
b1010 L
b1010 P
b0 +
b0 0
b0 <
b0 M
#2464001
11"
00"
b0 ."
#2465000
1`
0]
1V
b1100 3
b1100 :
b1100 T
0Z
1W
1l
1m
0n
1Y
1j
b1 5
b1 D
b1 G
b1 S
b1 e
b1 >
b1 H
b1 N
b1 +
b1 0
b1 <
b1 M
#2466000
0!
b10 $
b10 4
b10 8
b10 2
b10 9
b10 g
1x
1Z
0W
b1101 3
b1101 :
b1101 T
0]
0l
0m
1n
1t
0v
0w
0Y
1\
0j
1s
b10 5
b10 D
b10 G
b10 S
b10 e
b10 >
b10 H
b10 N
b10 +
b10 0
b10 <
b10 M
#2466001
01"
b10 ."
#2467000
1]
b1110 3
b1110 :
b1110 T
0Z
1W
1l
1m
0n
1Y
1j
b11 5
b11 D
b11 G
b11 S
b11 e
b11 >
b11 H
b11 N
b11 +
b11 0
b11 <
b11 M
#2468000
1!
b0 $
b0 4
b0 8
0V
1c
0#
b0 2
b0 9
b0 g
0x
1Z
0W
1]
b1111 3
b1111 :
b1111 T
1`
0U
0l
0m
1n
0t
1v
1w
1~
1!"
0""
0Y
0\
1_
0j
0s
1|
b100 5
b100 D
b100 G
b100 S
b100 e
b100 >
b100 H
b100 N
b100 +
b100 0
b100 <
b100 M
#2468001
11"
b0 ."
#2469000
0c
1#
0`
1U
0]
1V
b0 3
b0 :
b0 T
0Z
1W
1l
1m
0n
1Y
1j
b101 5
b101 D
b101 G
b101 S
b101 e
b101 >
b101 H
b101 N
b101 +
b101 0
b101 <
b101 M
#2470000
0!
b10 $
b10 4
b10 8
b10 2
b10 9
b10 g
1x
1Z
0W
b1 3
b1 :
b1 T
0]
0l
0m
1n
1t
0v
0w
0Y
1\
0j
1s
b110 5
b110 D
b110 G
b110 S
b110 e
b110 >
b110 H
b110 N
b110 +
b110 0
b110 <
b110 M
#2470001
01"
b10 ."
#2471000
1]
b10 3
b10 :
b10 T
0Z
1W
1l
1m
0n
1Y
1j
b111 5
b111 D
b111 G
b111 S
b111 e
b111 >
b111 H
b111 N
b111 +
b111 0
b111 <
b111 M
#2472000
1"
b1000 $
b1000 4
b1000 8
0V
0x
b1000 2
b1000 9
b1000 g
1,"
1Z
0W
1]
0`
0U
b11 3
b11 :
b11 T
0c
0l
0m
1n
0t
1v
1w
0~
0!"
1""
1("
0*"
0+"
0Y
0\
0_
1b
0j
0s
0|
1'"
b1000 5
b1000 D
b1000 G
b1000 S
b1000 e
b1000 >
b1000 H
b1000 N
b1000 +
b1000 0
b1000 <
b1000 M
#2472001
10"
b1000 ."
#2473000
1`
0]
1V
b100 3
b100 :
b100 T
0Z
1W
1l
1m
0n
1Y
1j
b1001 5
b1001 D
b1001 G
b1001 S
b1001 e
b1001 >
b1001 H
b1001 N
b1001 +
b1001 0
b1001 <
b1001 M
#2474000
b1010 $
b1010 4
b1010 8
b1010 2
b1010 9
b1010 g
1x
1Z
0W
b101 3
b101 :
b101 T
0]
0l
0m
1n
1t
0v
0w
0Y
1\
0j
1s
b1010 5
b1010 D
b1010 G
b1010 S
b1010 e
b1010 >
b1010 H
b1010 N
b1010 +
b1010 0
b1010 <
b1010 M
#2474001
b1010 ."
#2475000
1]
b110 3
b110 :
b110 T
0Z
1W
1l
1m
0n
1Y
1j
b1011 5
b1011 D
b1011 G
b1011 S
b1011 e
b1011 >
b1011 H
b1011 N
b1011 +
b1011 0
b1011 <
b1011 M
#2476000
b1000 $
b1000 4
b1000 8
0V
0c
b1000 2
b1000 9
b1000 g
0x
1Z
0W
1]
b111 3
b111 :
b111 T
1`
0U
0l
0m
1n
0t
1v
1w
1~
1!"
0""
0Y
0\
1_
0j
0s
1|
b1100 5
b1100 D
b1100 G
b1100 S
b1100 e
b1100 >
b1100 H
b1100 N
b1100 +
b1100 0
b1100 <
b1100 M
#2476001
b1000 ."
#2477000
1c
0`
1U
0]
1V
b1000 3
b1000 :
b1000 T
0Z
1W
1l
1m
0n
1Y
1j
b1101 5
b1101 D
b1101 G
b1101 S
b1101 e
b1101 >
b1101 H
b1101 N
b1101 +
b1101 0
b1101 <
b1101 M
#2478000
b1010 $
b1010 4
b1010 8
b1010 2
b1010 9
b1010 g
1x
1Z
0W
b1001 3
b1001 :
b1001 T
0]
0l
0m
1n
1t
0v
0w
0Y
1\
0j
1s
b1110 5
b1110 D
b1110 G
b1110 S
b1110 e
b1110 >
b1110 H
b1110 N
b1110 +
b1110 0
b1110 <
b1110 M
#2478001
b1010 ."
#2479000
1]
b1010 3
b1010 :
b1010 T
0Z
1W
1l
1m
0n
1Y
1j
b1111 5
b1111 D
b1111 G
b1111 S
b1111 e
b1111 >
b1111 H
b1111 N
b1111 +
b1111 0
b1111 <
b1111 M
#2480000
0"
1!
b0 $
b0 4
b0 8
0#
0x
b0 2
b0 9
b0 g
0,"
0]
1`
0U
b1100 3
b1100 :
b1100 T
1c
1n
0t
1v
1w
0~
0!"
1""
0("
1*"
1+"
0Y
0\
0_
0b
0j
0s
0|
0'"
1X
1i
b0 5
b0 D
b0 G
b0 S
b0 e
b1011 6
b1011 E
b1011 Q
b1011 R
b1011 d
b0 >
b0 H
b0 N
b1011 *
b1011 /
b1011 ;
b1011 L
b1011 P
b0 +
b0 0
b0 <
b0 M
#2480001
11"
00"
b0 ."
#2481000
0!
b1 $
b1 4
b1 8
b1 2
b1 9
b1 g
1o
b1101 3
b1101 :
b1101 T
1Z
1k
0m
0n
1Y
1j
b1 5
b1 D
b1 G
b1 S
b1 e
b1 >
b1 H
b1 N
b1 +
b1 0
b1 <
b1 M
#2481001
01"
b1 ."
#2482000
b10 $
b10 4
b10 8
0o
b10 2
b10 9
b10 g
1x
0Z
b1110 3
b1110 :
b1110 T
1]
0k
1m
1n
1t
0v
0w
0Y
1\
0j
1s
b10 5
b10 D
b10 G
b10 S
b10 e
b10 >
b10 H
b10 N
b10 +
b10 0
b10 <
b10 M
#2482001
b10 ."
#2483000
b11 $
b11 4
b11 8
b11 2
b11 9
b11 g
1o
b1111 3
b1111 :
b1111 T
1Z
1k
0m
0n
1Y
1j
b11 5
b11 D
b11 G
b11 S
b11 e
b11 >
b11 H
b11 N
b11 +
b11 0
b11 <
b11 M
#2483001
b11 ."
#2484000
1!
b0 $
b0 4
b0 8
0c
1#
0o
b0 2
b0 9
b0 g
0x
0Z
0]
b0 3
b0 :
b0 T
0`
1U
0k
1m
1n
0t
1v
1w
1~
1!"
0""
0Y
0\
1_
0j
0s
1|
b100 5
b100 D
b100 G
b100 S
b100 e
b100 >
b100 H
b100 N
b100 +
b100 0
b100 <
b100 M
#2484001
11"
b0 ."
#2485000
0!
b1 $
b1 4
b1 8
b1 2
b1 9
b1 g
1o
b1 3
b1 :
b1 T
1Z
1k
0m
0n
1Y
1j
b101 5
b101 D
b101 G
b101 S
b101 e
b101 >
b101 H
b101 N
b101 +
b101 0
b101 <
b101 M
#2485001
01"
b1 ."
#2486000
b10 $
b10 4
b10 8
0o
b10 2
b10 9
b10 g
1x
0Z
b10 3
b10 :
b10 T
1]
0k
1m
1n
1t
0v
0w
0Y
1\
0j
1s
b110 5
b110 D
b110 G
b110 S
b110 e
b110 >
b110 H
b110 N
b110 +
b110 0
b110 <
b110 M
#2486001
b10 ."
#2487000
b11 $
b11 4
b11 8
b11 2
b11 9
b11 g
1o
b11 3
b11 :
b11 T
1Z
1k
0m
0n
1Y
1j
b111 5
b111 D
b111 G
b111 S
b111 e
b111 >
b111 H
b111 N
b111 +
b111 0
b111 <
b111 M
#2487001
b11 ."
#2488000
1"
b1000 $
b1000 4
b1000 8
0o
0x
b1000 2
b1000 9
b1000 g
1,"
0Z
0]
1`
0U
b100 3
b100 :
b100 T
0c
0k
1m
1n
0t
1v
1w
0~
0!"
1""
1("
0*"
0+"
0Y
0\
0_
1b
0j
0s
0|
1'"
b1000 5
b1000 D
b1000 G
b1000 S
b1000 e
b1000 >
b1000 H
b1000 N
b1000 +
b1000 0
b1000 <
b1000 M
#2488001
10"
b1000 ."
#2489000
b1001 $
b1001 4
b1001 8
b1001 2
b1001 9
b1001 g
1o
b101 3
b101 :
b101 T
1Z
1k
0m
0n
1Y
1j
b1001 5
b1001 D
b1001 G
b1001 S
b1001 e
b1001 >
b1001 H
b1001 N
b1001 +
b1001 0
b1001 <
b1001 M
#2489001
b1001 ."
#2490000
b1010 $
b1010 4
b1010 8
0o
b1010 2
b1010 9
b1010 g
1x
0Z
b110 3
b110 :
b110 T
1]
0k
1m
1n
1t
0v
0w
0Y
1\
0j
1s
b1010 5
b1010 D
b1010 G
b1010 S
b1010 e
b1010 >
b1010 H
b1010 N
b1010 +
b1010 0
b1010 <
b1010 M
#2490001
b1010 ."
#2491000
b1011 $
b1011 4
b1011 8
b1011 2
b1011 9
b1011 g
1o
b111 3
b111 :
b111 T
1Z
1k
0m
0n
1Y
1j
b1011 5
b1011 D
b1011 G
b1011 S
b1011 e
b1011 >
b1011 H
b1011 N
b1011 +
b1011 0
b1011 <
b1011 M
#2491001
b1011 ."
#2492000
b1000 $
b1000 4
b1000 8
1c
0o
b1000 2
b1000 9
b1000 g
0x
0Z
0]
b1000 3
b1000 :
b1000 T
0`
1U
0k
1m
1n
0t
1v
1w
1~
1!"
0""
0Y
0\
1_
0j
0s
1|
b1100 5
b1100 D
b1100 G
b1100 S
b1100 e
b1100 >
b1100 H
b1100 N
b1100 +
b1100 0
b1100 <
b1100 M
#2492001
b1000 ."
#2493000
b1001 $
b1001 4
b1001 8
b1001 2
b1001 9
b1001 g
1o
b1001 3
b1001 :
b1001 T
1Z
1k
0m
0n
1Y
1j
b1101 5
b1101 D
b1101 G
b1101 S
b1101 e
b1101 >
b1101 H
b1101 N
b1101 +
b1101 0
b1101 <
b1101 M
#2493001
b1001 ."
#2494000
b1010 $
b1010 4
b1010 8
0o
b1010 2
b1010 9
b1010 g
1x
0Z
b1010 3
b1010 :
b1010 T
1]
0k
1m
1n
1t
0v
0w
0Y
1\
0j
1s
b1110 5
b1110 D
b1110 G
b1110 S
b1110 e
b1110 >
b1110 H
b1110 N
b1110 +
b1110 0
b1110 <
b1110 M
#2494001
b1010 ."
#2495000
b1011 $
b1011 4
b1011 8
b1011 2
b1011 9
b1011 g
1o
b1011 3
b1011 :
b1011 T
1Z
1k
0m
0n
1Y
1j
b1111 5
b1111 D
b1111 G
b1111 S
b1111 e
b1111 >
b1111 H
b1111 N
b1111 +
b1111 0
b1111 <
b1111 M
#2495001
b1011 ."
#2496000
0"
0#
1!
b0 $
b0 4
b0 8
0]
1`
0U
0,"
0o
b0 2
b0 9
b0 g
0x
0W
0V
b1101 3
b1101 :
b1101 T
1c
1n
1w
1""
0("
1*"
1+"
0k
0l
0t
0u
0Y
0\
0_
0b
0j
0s
0|
0'"
0X
0[
1^
0i
0r
1{
b0 5
b0 D
b0 G
b0 S
b0 e
b1100 6
b1100 E
b1100 Q
b1100 R
b1100 d
b0 >
b0 H
b0 N
b1100 *
b1100 /
b1100 ;
b1100 L
b1100 P
b0 +
b0 0
b0 <
b0 M
#2496001
11"
00"
b0 ."
#2497000
1]
b1110 3
b1110 :
b1110 T
0Z
1W
1l
1m
0n
1Y
1j
b1 5
b1 D
b1 G
b1 S
b1 e
b1 >
b1 H
b1 N
b1 +
b1 0
b1 <
b1 M
#2498000
1c
0#
1`
0U
1Z
0W
b1111 3
b1111 :
b1111 T
1]
0V
0l
0m
1n
1u
1v
0w
0Y
1\
0j
1s
b10 5
b10 D
b10 G
b10 S
b10 e
b10 >
b10 H
b10 N
b10 +
b10 0
b10 <
b10 M
#2499000
0c
1#
0`
1U
0]
1V
b0 3
b0 :
b0 T
0Z
1W
1l
1m
0n
1Y
1j
b11 5
b11 D
b11 G
b11 S
b11 e
b11 >
b11 H
b11 N
b11 +
b11 0
b11 <
b11 M
#2500000
0!
b100 $
b100 4
b100 8
b100 2
b100 9
b100 g
1#"
1Z
0W
0]
0V
b1 3
b1 :
b1 T
0`
0l
0m
1n
0u
0v
1w
1}
0!"
0""
0Y
0\
1_
0j
0s
1|
b100 5
b100 D
b100 G
b100 S
b100 e
b100 >
b100 H
b100 N
b100 +
b100 0
b100 <
b100 M
#2500001
01"
b100 ."
#2501000
1]
b10 3
b10 :
b10 T
0Z
1W
1l
1m
0n
1Y
1j
b101 5
b101 D
b101 G
b101 S
b101 e
b101 >
b101 H
b101 N
b101 +
b101 0
b101 <
b101 M
#2502000
0`
1Z
0W
b11 3
b11 :
b11 T
1]
0V
0l
0m
1n
1u
1v
0w
0Y
1\
0j
1s
b110 5
b110 D
b110 G
b110 S
b110 e
b110 >
b110 H
b110 N
b110 +
b110 0
b110 <
b110 M
#2503000
1`
0]
1V
b100 3
b100 :
b100 T
0Z
1W
1l
1m
0n
1Y
1j
b111 5
b111 D
b111 G
b111 S
b111 e
b111 >
b111 H
b111 N
b111 +
b111 0
b111 <
b111 M
#2504000
1"
b1000 $
b1000 4
b1000 8
0U
0#"
b1000 2
b1000 9
b1000 g
1,"
1Z
0W
0]
0V
1`
b101 3
b101 :
b101 T
0c
0l
0m
1n
0u
0v
1w
0}
1!"
1""
1("
0*"
0+"
0Y
0\
0_
1b
0j
0s
0|
1'"
b1000 5
b1000 D
b1000 G
b1000 S
b1000 e
b1000 >
b1000 H
b1000 N
b1000 +
b1000 0
b1000 <
b1000 M
#2504001
10"
b1000 ."
#2505000
1]
b110 3
b110 :
b110 T
0Z
1W
1l
1m
0n
1Y
1j
b1001 5
b1001 D
b1001 G
b1001 S
b1001 e
b1001 >
b1001 H
b1001 N
b1001 +
b1001 0
b1001 <
b1001 M
#2506000
0c
1`
0U
1Z
0W
b111 3
b111 :
b111 T
1]
0V
0l
0m
1n
1u
1v
0w
0Y
1\
0j
1s
b1010 5
b1010 D
b1010 G
b1010 S
b1010 e
b1010 >
b1010 H
b1010 N
b1010 +
b1010 0
b1010 <
b1010 M
#2507000
1c
0`
1U
0]
1V
b1000 3
b1000 :
b1000 T
0Z
1W
1l
1m
0n
1Y
1j
b1011 5
b1011 D
b1011 G
b1011 S
b1011 e
b1011 >
b1011 H
b1011 N
b1011 +
b1011 0
b1011 <
b1011 M
#2508000
b1100 $
b1100 4
b1100 8
b1100 2
b1100 9
b1100 g
1#"
1Z
0W
0]
0V
b1001 3
b1001 :
b1001 T
0`
0l
0m
1n
0u
0v
1w
1}
0!"
0""
0Y
0\
1_
0j
0s
1|
b1100 5
b1100 D
b1100 G
b1100 S
b1100 e
b1100 >
b1100 H
b1100 N
b1100 +
b1100 0
b1100 <
b1100 M
#2508001
b1100 ."
#2509000
1]
b1010 3
b1010 :
b1010 T
0Z
1W
1l
1m
0n
1Y
1j
b1101 5
b1101 D
b1101 G
b1101 S
b1101 e
b1101 >
b1101 H
b1101 N
b1101 +
b1101 0
b1101 <
b1101 M
#2510000
0`
1Z
0W
b1011 3
b1011 :
b1011 T
1]
0V
0l
0m
1n
1u
1v
0w
0Y
1\
0j
1s
b1110 5
b1110 D
b1110 G
b1110 S
b1110 e
b1110 >
b1110 H
b1110 N
b1110 +
b1110 0
b1110 <
b1110 M
#2511000
1`
0]
1V
b1100 3
b1100 :
b1100 T
0Z
1W
1l
1m
0n
1Y
1j
b1111 5
b1111 D
b1111 G
b1111 S
b1111 e
b1111 >
b1111 H
b1111 N
b1111 +
b1111 0
b1111 <
b1111 M
#2512000
0"
0#
1!
b0 $
b0 4
b0 8
0U
0#"
b0 2
b0 9
b0 g
0,"
1]
0V
1`
b1110 3
b1110 :
b1110 T
1c
1n
0u
0v
1w
0}
1!"
1""
0("
1*"
1+"
0Y
0\
0_
0b
0j
0s
0|
0'"
1X
1i
b0 5
b0 D
b0 G
b0 S
b0 e
b1101 6
b1101 E
b1101 Q
b1101 R
b1101 d
b0 >
b0 H
b0 N
b1101 *
b1101 /
b1101 ;
b1101 L
b1101 P
b0 +
b0 0
b0 <
b0 M
#2512001
11"
00"
b0 ."
#2513000
0!
b1 $
b1 4
b1 8
b1 2
b1 9
b1 g
1o
b1111 3
b1111 :
b1111 T
1Z
1k
0m
0n
1Y
1j
b1 5
b1 D
b1 G
b1 S
b1 e
b1 >
b1 H
b1 N
b1 +
b1 0
b1 <
b1 M
#2513001
01"
b1 ."
#2514000
0c
1#
1!
b0 $
b0 4
b0 8
0`
1U
b0 2
b0 9
b0 g
0o
0Z
b0 3
b0 :
b0 T
0]
1V
0k
1m
1n
1u
1v
0w
0Y
1\
0j
1s
b10 5
b10 D
b10 G
b10 S
b10 e
b10 >
b10 H
b10 N
b10 +
b10 0
b10 <
b10 M
#2514001
11"
b0 ."
#2515000
0!
b1 $
b1 4
b1 8
b1 2
b1 9
b1 g
1o
b1 3
b1 :
b1 T
1Z
1k
0m
0n
1Y
1j
b11 5
b11 D
b11 G
b11 S
b11 e
b11 >
b11 H
b11 N
b11 +
b11 0
b11 <
b11 M
#2515001
01"
b1 ."
#2516000
b100 $
b100 4
b100 8
0o
b100 2
b100 9
b100 g
1#"
0Z
1]
0V
b10 3
b10 :
b10 T
0`
0k
1m
1n
0u
0v
1w
1}
0!"
0""
0Y
0\
1_
0j
0s
1|
b100 5
b100 D
b100 G
b100 S
b100 e
b100 >
b100 H
b100 N
b100 +
b100 0
b100 <
b100 M
#2516001
b100 ."
#2517000
b101 $
b101 4
b101 8
b101 2
b101 9
b101 g
1o
b11 3
b11 :
b11 T
1Z
1k
0m
0n
1Y
1j
b101 5
b101 D
b101 G
b101 S
b101 e
b101 >
b101 H
b101 N
b101 +
b101 0
b101 <
b101 M
#2517001
b101 ."
#2518000
b100 $
b100 4
b100 8
1`
b100 2
b100 9
b100 g
0o
0Z
b100 3
b100 :
b100 T
0]
1V
0k
1m
1n
1u
1v
0w
0Y
1\
0j
1s
b110 5
b110 D
b110 G
b110 S
b110 e
b110 >
b110 H
b110 N
b110 +
b110 0
b110 <
b110 M
#2518001
b100 ."
#2519000
b101 $
b101 4
b101 8
b101 2
b101 9
b101 g
1o
b101 3
b101 :
b101 T
1Z
1k
0m
0n
1Y
1j
b111 5
b111 D
b111 G
b111 S
b111 e
b111 >
b111 H
b111 N
b111 +
b111 0
b111 <
b111 M
#2519001
b101 ."
#2520000
1"
b1000 $
b1000 4
b1000 8
0U
0o
0#"
b1000 2
b1000 9
b1000 g
1,"
0Z
1]
0V
1`
b110 3
b110 :
b110 T
0c
0k
1m
1n
0u
0v
1w
0}
1!"
1""
1("
0*"
0+"
0Y
0\
0_
1b
0j
0s
0|
1'"
b1000 5
b1000 D
b1000 G
b1000 S
b1000 e
b1000 >
b1000 H
b1000 N
b1000 +
b1000 0
b1000 <
b1000 M
#2520001
10"
b1000 ."
#2521000
b1001 $
b1001 4
b1001 8
b1001 2
b1001 9
b1001 g
1o
b111 3
b111 :
b111 T
1Z
1k
0m
0n
1Y
1j
b1001 5
b1001 D
b1001 G
b1001 S
b1001 e
b1001 >
b1001 H
b1001 N
b1001 +
b1001 0
b1001 <
b1001 M
#2521001
b1001 ."
#2522000
1c
b1000 $
b1000 4
b1000 8
0`
1U
b1000 2
b1000 9
b1000 g
0o
0Z
b1000 3
b1000 :
b1000 T
0]
1V
0k
1m
1n
1u
1v
0w
0Y
1\
0j
1s
b1010 5
b1010 D
b1010 G
b1010 S
b1010 e
b1010 >
b1010 H
b1010 N
b1010 +
b1010 0
b1010 <
b1010 M
#2522001
b1000 ."
#2523000
b1001 $
b1001 4
b1001 8
b1001 2
b1001 9
b1001 g
1o
b1001 3
b1001 :
b1001 T
1Z
1k
0m
0n
1Y
1j
b1011 5
b1011 D
b1011 G
b1011 S
b1011 e
b1011 >
b1011 H
b1011 N
b1011 +
b1011 0
b1011 <
b1011 M
#2523001
b1001 ."
#2524000
b1100 $
b1100 4
b1100 8
0o
b1100 2
b1100 9
b1100 g
1#"
0Z
1]
0V
b1010 3
b1010 :
b1010 T
0`
0k
1m
1n
0u
0v
1w
1}
0!"
0""
0Y
0\
1_
0j
0s
1|
b1100 5
b1100 D
b1100 G
b1100 S
b1100 e
b1100 >
b1100 H
b1100 N
b1100 +
b1100 0
b1100 <
b1100 M
#2524001
b1100 ."
#2525000
b1101 $
b1101 4
b1101 8
b1101 2
b1101 9
b1101 g
1o
b1011 3
b1011 :
b1011 T
1Z
1k
0m
0n
1Y
1j
b1101 5
b1101 D
b1101 G
b1101 S
b1101 e
b1101 >
b1101 H
b1101 N
b1101 +
b1101 0
b1101 <
b1101 M
#2525001
b1101 ."
#2526000
b1100 $
b1100 4
b1100 8
1`
b1100 2
b1100 9
b1100 g
0o
0Z
b1100 3
b1100 :
b1100 T
0]
1V
0k
1m
1n
1u
1v
0w
0Y
1\
0j
1s
b1110 5
b1110 D
b1110 G
b1110 S
b1110 e
b1110 >
b1110 H
b1110 N
b1110 +
b1110 0
b1110 <
b1110 M
#2526001
b1100 ."
#2527000
b1101 $
b1101 4
b1101 8
b1101 2
b1101 9
b1101 g
1o
b1101 3
b1101 :
b1101 T
1Z
1k
0m
0n
1Y
1j
b1111 5
b1111 D
b1111 G
b1111 S
b1111 e
b1111 >
b1111 H
b1111 N
b1111 +
b1111 0
b1111 <
b1111 M
#2527001
b1101 ."
#2528000
0#
0"
0U
1!
b0 $
b0 4
b0 8
1]
0V
0#"
0,"
b0 2
b0 9
b0 g
0o
0W
1`
b1111 3
b1111 :
b1111 T
1c
1n
1w
0}
1!"
1""
0("
1*"
1+"
0k
0l
0Y
0\
0_
0b
0j
0s
0|
0'"
0X
1[
0i
1r
b0 5
b0 D
b0 G
b0 S
b0 e
b1110 6
b1110 E
b1110 Q
b1110 R
b1110 d
b0 >
b0 H
b0 N
b1110 *
b1110 /
b1110 ;
b1110 L
b1110 P
b0 +
b0 0
b0 <
b0 M
#2528001
11"
00"
b0 ."
#2529000
0c
1#
0`
1U
0]
1V
b0 3
b0 :
b0 T
0Z
1W
1l
1m
0n
1Y
1j
b1 5
b1 D
b1 G
b1 S
b1 e
b1 >
b1 H
b1 N
b1 +
b1 0
b1 <
b1 M
#2530000
0!
b10 $
b10 4
b10 8
b10 2
b10 9
b10 g
1x
1Z
0W
b1 3
b1 :
b1 T
0]
0l
0m
1n
1t
0v
0w
0Y
1\
0j
1s
b10 5
b10 D
b10 G
b10 S
b10 e
b10 >
b10 H
b10 N
b10 +
b10 0
b10 <
b10 M
#2530001
01"
b10 ."
#2531000
1]
b10 3
b10 :
b10 T
0Z
1W
1l
1m
0n
1Y
1j
b11 5
b11 D
b11 G
b11 S
b11 e
b11 >
b11 H
b11 N
b11 +
b11 0
b11 <
b11 M
#2532000
b100 $
b100 4
b100 8
0V
0x
b100 2
b100 9
b100 g
1#"
1Z
0W
1]
b11 3
b11 :
b11 T
0`
0l
0m
1n
0t
1v
1w
1}
0!"
0""
0Y
0\
1_
0j
0s
1|
b100 5
b100 D
b100 G
b100 S
b100 e
b100 >
b100 H
b100 N
b100 +
b100 0
b100 <
b100 M
#2532001
b100 ."
#2533000
1`
0]
1V
b100 3
b100 :
b100 T
0Z
1W
1l
1m
0n
1Y
1j
b101 5
b101 D
b101 G
b101 S
b101 e
b101 >
b101 H
b101 N
b101 +
b101 0
b101 <
b101 M
#2534000
b110 $
b110 4
b110 8
b110 2
b110 9
b110 g
1x
1Z
0W
b101 3
b101 :
b101 T
0]
0l
0m
1n
1t
0v
0w
0Y
1\
0j
1s
b110 5
b110 D
b110 G
b110 S
b110 e
b110 >
b110 H
b110 N
b110 +
b110 0
b110 <
b110 M
#2534001
b110 ."
#2535000
1]
b110 3
b110 :
b110 T
0Z
1W
1l
1m
0n
1Y
1j
b111 5
b111 D
b111 G
b111 S
b111 e
b111 >
b111 H
b111 N
b111 +
b111 0
b111 <
b111 M
#2536000
1"
0U
b1000 $
b1000 4
b1000 8
0V
0x
0#"
b1000 2
b1000 9
b1000 g
1,"
1Z
0W
1]
1`
b111 3
b111 :
b111 T
0c
0l
0m
1n
0t
1v
1w
0}
1!"
1""
1("
0*"
0+"
0Y
0\
0_
1b
0j
0s
0|
1'"
b1000 5
b1000 D
b1000 G
b1000 S
b1000 e
b1000 >
b1000 H
b1000 N
b1000 +
b1000 0
b1000 <
b1000 M
#2536001
10"
b1000 ."
#2537000
1c
0`
1U
0]
1V
b1000 3
b1000 :
b1000 T
0Z
1W
1l
1m
0n
1Y
1j
b1001 5
b1001 D
b1001 G
b1001 S
b1001 e
b1001 >
b1001 H
b1001 N
b1001 +
b1001 0
b1001 <
b1001 M
#2538000
b1010 $
b1010 4
b1010 8
b1010 2
b1010 9
b1010 g
1x
1Z
0W
b1001 3
b1001 :
b1001 T
0]
0l
0m
1n
1t
0v
0w
0Y
1\
0j
1s
b1010 5
b1010 D
b1010 G
b1010 S
b1010 e
b1010 >
b1010 H
b1010 N
b1010 +
b1010 0
b1010 <
b1010 M
#2538001
b1010 ."
#2539000
1]
b1010 3
b1010 :
b1010 T
0Z
1W
1l
1m
0n
1Y
1j
b1011 5
b1011 D
b1011 G
b1011 S
b1011 e
b1011 >
b1011 H
b1011 N
b1011 +
b1011 0
b1011 <
b1011 M
#2540000
b1100 $
b1100 4
b1100 8
0V
0x
b1100 2
b1100 9
b1100 g
1#"
1Z
0W
1]
b1011 3
b1011 :
b1011 T
0`
0l
0m
1n
0t
1v
1w
1}
0!"
0""
0Y
0\
1_
0j
0s
1|
b1100 5
b1100 D
b1100 G
b1100 S
b1100 e
b1100 >
b1100 H
b1100 N
b1100 +
b1100 0
b1100 <
b1100 M
#2540001
b1100 ."
#2541000
1`
0]
1V
b1100 3
b1100 :
b1100 T
0Z
1W
1l
1m
0n
1Y
1j
b1101 5
b1101 D
b1101 G
b1101 S
b1101 e
b1101 >
b1101 H
b1101 N
b1101 +
b1101 0
b1101 <
b1101 M
#2542000
b1110 $
b1110 4
b1110 8
b1110 2
b1110 9
b1110 g
1x
1Z
0W
b1101 3
b1101 :
b1101 T
0]
0l
0m
1n
1t
0v
0w
0Y
1\
0j
1s
b1110 5
b1110 D
b1110 G
b1110 S
b1110 e
b1110 >
b1110 H
b1110 N
b1110 +
b1110 0
b1110 <
b1110 M
#2542001
b1110 ."
#2543000
1]
b1110 3
b1110 :
b1110 T
0Z
1W
1l
1m
0n
1Y
1j
b1111 5
b1111 D
b1111 G
b1111 S
b1111 e
b1111 >
b1111 H
b1111 N
b1111 +
b1111 0
b1111 <
b1111 M
#2544000
0"
1!
b0 $
b0 4
b0 8
0x
0#"
b0 2
b0 9
b0 g
0,"
0]
0`
b0 3
b0 :
b0 T
0c
1n
0t
1v
1w
0}
1!"
1""
0("
1*"
1+"
0Y
0\
0_
0b
0j
0s
0|
0'"
1X
1i
b0 5
b0 D
b0 G
b0 S
b0 e
b1111 6
b1111 E
b1111 Q
b1111 R
b1111 d
b0 >
b0 H
b0 N
b1111 *
b1111 /
b1111 ;
b1111 L
b1111 P
b0 +
b0 0
b0 <
b0 M
#2544001
11"
00"
b0 ."
#2545000
0!
b1 $
b1 4
b1 8
b1 2
b1 9
b1 g
1o
b1 3
b1 :
b1 T
1Z
1k
0m
0n
1Y
1j
b1 5
b1 D
b1 G
b1 S
b1 e
b1 >
b1 H
b1 N
b1 +
b1 0
b1 <
b1 M
#2545001
01"
b1 ."
#2546000
b10 $
b10 4
b10 8
0o
b10 2
b10 9
b10 g
1x
0Z
b10 3
b10 :
b10 T
1]
0k
1m
1n
1t
0v
0w
0Y
1\
0j
1s
b10 5
b10 D
b10 G
b10 S
b10 e
b10 >
b10 H
b10 N
b10 +
b10 0
b10 <
b10 M
#2546001
b10 ."
#2547000
b11 $
b11 4
b11 8
b11 2
b11 9
b11 g
1o
b11 3
b11 :
b11 T
1Z
1k
0m
0n
1Y
1j
b11 5
b11 D
b11 G
b11 S
b11 e
b11 >
b11 H
b11 N
b11 +
b11 0
b11 <
b11 M
#2547001
b11 ."
#2548000
b100 $
b100 4
b100 8
0o
0x
b100 2
b100 9
b100 g
1#"
0Z
0]
b100 3
b100 :
b100 T
1`
0k
1m
1n
0t
1v
1w
1}
0!"
0""
0Y
0\
1_
0j
0s
1|
b100 5
b100 D
b100 G
b100 S
b100 e
b100 >
b100 H
b100 N
b100 +
b100 0
b100 <
b100 M
#2548001
b100 ."
#2549000
b101 $
b101 4
b101 8
b101 2
b101 9
b101 g
1o
b101 3
b101 :
b101 T
1Z
1k
0m
0n
1Y
1j
b101 5
b101 D
b101 G
b101 S
b101 e
b101 >
b101 H
b101 N
b101 +
b101 0
b101 <
b101 M
#2549001
b101 ."
#2550000
b110 $
b110 4
b110 8
0o
b110 2
b110 9
b110 g
1x
0Z
b110 3
b110 :
b110 T
1]
0k
1m
1n
1t
0v
0w
0Y
1\
0j
1s
b110 5
b110 D
b110 G
b110 S
b110 e
b110 >
b110 H
b110 N
b110 +
b110 0
b110 <
b110 M
#2550001
b110 ."
#2551000
b111 $
b111 4
b111 8
b111 2
b111 9
b111 g
1o
b111 3
b111 :
b111 T
1Z
1k
0m
0n
1Y
1j
b111 5
b111 D
b111 G
b111 S
b111 e
b111 >
b111 H
b111 N
b111 +
b111 0
b111 <
b111 M
#2551001
b111 ."
#2552000
1"
b1000 $
b1000 4
b1000 8
0o
0x
0#"
b1000 2
b1000 9
b1000 g
1,"
0Z
0]
0`
b1000 3
b1000 :
b1000 T
1c
0k
1m
1n
0t
1v
1w
0}
1!"
1""
1("
0*"
0+"
0Y
0\
0_
1b
0j
0s
0|
1'"
b1000 5
b1000 D
b1000 G
b1000 S
b1000 e
b1000 >
b1000 H
b1000 N
b1000 +
b1000 0
b1000 <
b1000 M
#2552001
10"
b1000 ."
#2553000
b1001 $
b1001 4
b1001 8
b1001 2
b1001 9
b1001 g
1o
b1001 3
b1001 :
b1001 T
1Z
1k
0m
0n
1Y
1j
b1001 5
b1001 D
b1001 G
b1001 S
b1001 e
b1001 >
b1001 H
b1001 N
b1001 +
b1001 0
b1001 <
b1001 M
#2553001
b1001 ."
#2554000
b1010 $
b1010 4
b1010 8
0o
b1010 2
b1010 9
b1010 g
1x
0Z
b1010 3
b1010 :
b1010 T
1]
0k
1m
1n
1t
0v
0w
0Y
1\
0j
1s
b1010 5
b1010 D
b1010 G
b1010 S
b1010 e
b1010 >
b1010 H
b1010 N
b1010 +
b1010 0
b1010 <
b1010 M
#2554001
b1010 ."
#2555000
b1011 $
b1011 4
b1011 8
b1011 2
b1011 9
b1011 g
1o
b1011 3
b1011 :
b1011 T
1Z
1k
0m
0n
1Y
1j
b1011 5
b1011 D
b1011 G
b1011 S
b1011 e
b1011 >
b1011 H
b1011 N
b1011 +
b1011 0
b1011 <
b1011 M
#2555001
b1011 ."
#2556000
b1100 $
b1100 4
b1100 8
0o
0x
b1100 2
b1100 9
b1100 g
1#"
0Z
0]
b1100 3
b1100 :
b1100 T
1`
0k
1m
1n
0t
1v
1w
1}
0!"
0""
0Y
0\
1_
0j
0s
1|
b1100 5
b1100 D
b1100 G
b1100 S
b1100 e
b1100 >
b1100 H
b1100 N
b1100 +
b1100 0
b1100 <
b1100 M
#2556001
b1100 ."
#2557000
b1101 $
b1101 4
b1101 8
b1101 2
b1101 9
b1101 g
1o
b1101 3
b1101 :
b1101 T
1Z
1k
0m
0n
1Y
1j
b1101 5
b1101 D
b1101 G
b1101 S
b1101 e
b1101 >
b1101 H
b1101 N
b1101 +
b1101 0
b1101 <
b1101 M
#2557001
b1101 ."
#2558000
b1110 $
b1110 4
b1110 8
0o
b1110 2
b1110 9
b1110 g
1x
0Z
b1110 3
b1110 :
b1110 T
1]
0k
1m
1n
1t
0v
0w
0Y
1\
0j
1s
b1110 5
b1110 D
b1110 G
b1110 S
b1110 e
b1110 >
b1110 H
b1110 N
b1110 +
b1110 0
b1110 <
b1110 M
#2558001
b1110 ."
#2559000
b1111 $
b1111 4
b1111 8
b1111 2
b1111 9
b1111 g
1o
b1111 3
b1111 :
b1111 T
1Z
1k
0m
0n
1Y
1j
b1111 5
b1111 D
b1111 G
b1111 S
b1111 e
b1111 >
b1111 H
b1111 N
b1111 +
b1111 0
b1111 <
b1111 M
#2559001
b1111 ."
#2560000
0"
1!
b0 $
b0 4
b0 8
0`
0c
b0 ?
b0 K
b0 O
0]
0o
0x
0#"
b0 2
b0 9
b0 g
0,"
0V
0U
0#
1n
1w
1""
1+"
0C
0W
0k
0l
0t
0u
0}
0~
0("
0)"
0Y
0\
0_
0b
0j
0s
0|
0'"
0X
0[
0^
0a
0i
0r
0{
0&"
b0 5
b0 D
b0 G
b0 S
b0 e
b1 f
b1 h
b1 p
b1 q
b1 y
b1 z
b1 $"
b1 %"
b1 -"
b0 3
b0 :
b0 T
0Z
b0 6
b0 E
b0 Q
b0 R
b0 d
b0 >
b0 H
b0 N
b101 ,
b101 1
b101 =
b101 F
0-
b0 *
b0 /
b0 ;
b0 L
b0 P
b0 +
b0 0
b0 <
b0 M
#2560001
11"
00"
b0 ."
#2561000
0!
b1 $
b1 4
b1 8
b1 2
b1 9
b1 g
1o
b1 3
b1 :
b1 T
1Z
1l
1m
0n
1Y
1j
b1 5
b1 D
b1 G
b1 S
b1 e
b1 >
b1 H
b1 N
b1 +
b1 0
b1 <
b1 M
#2561001
01"
b1 ."
#2562000
b10 $
b10 4
b10 8
0o
b10 2
b10 9
b10 g
1x
0Z
b10 3
b10 :
b10 T
1]
0l
0m
1n
1u
1v
0w
0Y
1\
0j
1s
b10 5
b10 D
b10 G
b10 S
b10 e
b10 >
b10 H
b10 N
b10 +
b10 0
b10 <
b10 M
#2562001
b10 ."
#2563000
b11 $
b11 4
b11 8
b11 2
b11 9
b11 g
1o
b11 3
b11 :
b11 T
1Z
1l
1m
0n
1Y
1j
b11 5
b11 D
b11 G
b11 S
b11 e
b11 >
b11 H
b11 N
b11 +
b11 0
b11 <
b11 M
#2563001
b11 ."
#2564000
b100 $
b100 4
b100 8
0o
0x
b100 2
b100 9
b100 g
1#"
0Z
0]
b100 3
b100 :
b100 T
1`
0l
0m
1n
0u
0v
1w
1~
1!"
0""
0Y
0\
1_
0j
0s
1|
b100 5
b100 D
b100 G
b100 S
b100 e
b100 >
b100 H
b100 N
b100 +
b100 0
b100 <
b100 M
#2564001
b100 ."
#2565000
b101 $
b101 4
b101 8
b101 2
b101 9
b101 g
1o
b101 3
b101 :
b101 T
1Z
1l
1m
0n
1Y
1j
b101 5
b101 D
b101 G
b101 S
b101 e
b101 >
b101 H
b101 N
b101 +
b101 0
b101 <
b101 M
#2565001
b101 ."
#2566000
b110 $
b110 4
b110 8
0o
b110 2
b110 9
b110 g
1x
0Z
b110 3
b110 :
b110 T
1]
0l
0m
1n
1u
1v
0w
0Y
1\
0j
1s
b110 5
b110 D
b110 G
b110 S
b110 e
b110 >
b110 H
b110 N
b110 +
b110 0
b110 <
b110 M
#2566001
b110 ."
#2567000
b111 $
b111 4
b111 8
b111 2
b111 9
b111 g
1o
b111 3
b111 :
b111 T
1Z
1l
1m
0n
1Y
1j
b111 5
b111 D
b111 G
b111 S
b111 e
b111 >
b111 H
b111 N
b111 +
b111 0
b111 <
b111 M
#2567001
b111 ."
#2568000
1"
b1000 $
b1000 4
b1000 8
0o
0x
0#"
b1000 2
b1000 9
b1000 g
1,"
0Z
0]
0`
b1000 3
b1000 :
b1000 T
1c
0l
0m
1n
0u
0v
1w
0~
0!"
1""
1)"
1*"
0+"
0Y
0\
0_
1b
0j
0s
0|
1'"
b1000 5
b1000 D
b1000 G
b1000 S
b1000 e
b1000 >
b1000 H
b1000 N
b1000 +
b1000 0
b1000 <
b1000 M
#2568001
10"
b1000 ."
#2569000
b1001 $
b1001 4
b1001 8
b1001 2
b1001 9
b1001 g
1o
b1001 3
b1001 :
b1001 T
1Z
1l
1m
0n
1Y
1j
b1001 5
b1001 D
b1001 G
b1001 S
b1001 e
b1001 >
b1001 H
b1001 N
b1001 +
b1001 0
b1001 <
b1001 M
#2569001
b1001 ."
#2570000
b1010 $
b1010 4
b1010 8
0o
b1010 2
b1010 9
b1010 g
1x
0Z
b1010 3
b1010 :
b1010 T
1]
0l
0m
1n
1u
1v
0w
0Y
1\
0j
1s
b1010 5
b1010 D
b1010 G
b1010 S
b1010 e
b1010 >
b1010 H
b1010 N
b1010 +
b1010 0
b1010 <
b1010 M
#2570001
b1010 ."
#2571000
b1011 $
b1011 4
b1011 8
b1011 2
b1011 9
b1011 g
1o
b1011 3
b1011 :
b1011 T
1Z
1l
1m
0n
1Y
1j
b1011 5
b1011 D
b1011 G
b1011 S
b1011 e
b1011 >
b1011 H
b1011 N
b1011 +
b1011 0
b1011 <
b1011 M
#2571001
b1011 ."
#2572000
b1100 $
b1100 4
b1100 8
0o
0x
b1100 2
b1100 9
b1100 g
1#"
0Z
0]
b1100 3
b1100 :
b1100 T
1`
0l
0m
1n
0u
0v
1w
1~
1!"
0""
0Y
0\
1_
0j
0s
1|
b1100 5
b1100 D
b1100 G
b1100 S
b1100 e
b1100 >
b1100 H
b1100 N
b1100 +
b1100 0
b1100 <
b1100 M
#2572001
b1100 ."
#2573000
b1101 $
b1101 4
b1101 8
b1101 2
b1101 9
b1101 g
1o
b1101 3
b1101 :
b1101 T
1Z
1l
1m
0n
1Y
1j
b1101 5
b1101 D
b1101 G
b1101 S
b1101 e
b1101 >
b1101 H
b1101 N
b1101 +
b1101 0
b1101 <
b1101 M
#2573001
b1101 ."
#2574000
b1110 $
b1110 4
b1110 8
0o
b1110 2
b1110 9
b1110 g
1x
0Z
b1110 3
b1110 :
b1110 T
1]
0l
0m
1n
1u
1v
0w
0Y
1\
0j
1s
b1110 5
b1110 D
b1110 G
b1110 S
b1110 e
b1110 >
b1110 H
b1110 N
b1110 +
b1110 0
b1110 <
b1110 M
#2574001
b1110 ."
#2575000
b1111 $
b1111 4
b1111 8
b1111 2
b1111 9
b1111 g
1o
b1111 3
b1111 :
b1111 T
1Z
1l
1m
0n
1Y
1j
b1111 5
b1111 D
b1111 G
b1111 S
b1111 e
b1111 >
b1111 H
b1111 N
b1111 +
b1111 0
b1111 <
b1111 M
#2575001
b1111 ."
#2576000
0"
b1 $
b1 4
b1 8
0x
0#"
b1 2
b1 9
b1 g
0,"
0]
0`
b1 3
b1 :
b1 T
0c
1n
0u
0v
1w
0~
0!"
1""
0)"
0*"
1+"
0Y
0\
0_
0b
0j
0s
0|
0'"
1X
1i
b0 5
b0 D
b0 G
b0 S
b0 e
b1 6
b1 E
b1 Q
b1 R
b1 d
b0 >
b0 H
b0 N
b1 *
b1 /
b1 ;
b1 L
b1 P
b0 +
b0 0
b0 <
b0 M
#2576001
00"
b1 ."
#2577000
1]
b10 3
b10 :
b10 T
0Z
1W
1k
0m
0n
1Y
1j
b1 5
b1 D
b1 G
b1 S
b1 e
b1 >
b1 H
b1 N
b1 +
b1 0
b1 <
b1 M
#2578000
b11 $
b11 4
b11 8
0`
b11 2
b11 9
b11 g
1x
1Z
0W
b11 3
b11 :
b11 T
1]
0V
0k
1m
1n
1u
1v
0w
0Y
1\
0j
1s
b10 5
b10 D
b10 G
b10 S
b10 e
b10 >
b10 H
b10 N
b10 +
b10 0
b10 <
b10 M
#2578001
b11 ."
#2579000
1`
0]
1V
b100 3
b100 :
b100 T
0Z
1W
1k
0m
0n
1Y
1j
b11 5
b11 D
b11 G
b11 S
b11 e
b11 >
b11 H
b11 N
b11 +
b11 0
b11 <
b11 M
#2580000
b101 $
b101 4
b101 8
0c
0x
b101 2
b101 9
b101 g
1#"
1Z
0W
0]
0V
b101 3
b101 :
b101 T
1`
0U
0k
1m
1n
0u
0v
1w
1~
1!"
0""
0Y
0\
1_
0j
0s
1|
b100 5
b100 D
b100 G
b100 S
b100 e
b100 >
b100 H
b100 N
b100 +
b100 0
b100 <
b100 M
#2580001
b101 ."
#2581000
1]
b110 3
b110 :
b110 T
0Z
1W
1k
0m
0n
1Y
1j
b101 5
b101 D
b101 G
b101 S
b101 e
b101 >
b101 H
b101 N
b101 +
b101 0
b101 <
b101 M
#2582000
0c
b111 $
b111 4
b111 8
1`
0U
b111 2
b111 9
b111 g
1x
1Z
0W
b111 3
b111 :
b111 T
1]
0V
0k
1m
1n
1u
1v
0w
0Y
1\
0j
1s
b110 5
b110 D
b110 G
b110 S
b110 e
b110 >
b110 H
b110 N
b110 +
b110 0
b110 <
b110 M
#2582001
b111 ."
#2583000
1c
0`
1U
0]
1V
b1000 3
b1000 :
b1000 T
0Z
1W
1k
0m
0n
1Y
1j
b111 5
b111 D
b111 G
b111 S
b111 e
b111 >
b111 H
b111 N
b111 +
b111 0
b111 <
b111 M
#2584000
1"
b1001 $
b1001 4
b1001 8
0x
0#"
b1001 2
b1001 9
b1001 g
1,"
1Z
0W
0]
0V
0`
0U
b1001 3
b1001 :
b1001 T
1c
0#
0k
1m
1n
0u
0v
1w
0~
0!"
1""
1)"
1*"
0+"
0Y
0\
0_
1b
0j
0s
0|
1'"
b1000 5
b1000 D
b1000 G
b1000 S
b1000 e
b1000 >
b1000 H
b1000 N
b1000 +
b1000 0
b1000 <
b1000 M
#2584001
10"
b1001 ."
#2585000
1]
b1010 3
b1010 :
b1010 T
0Z
1W
1k
0m
0n
1Y
1j
b1001 5
b1001 D
b1001 G
b1001 S
b1001 e
b1001 >
b1001 H
b1001 N
b1001 +
b1001 0
b1001 <
b1001 M
#2586000
b1011 $
b1011 4
b1011 8
0`
b1011 2
b1011 9
b1011 g
1x
1Z
0W
b1011 3
b1011 :
b1011 T
1]
0V
0k
1m
1n
1u
1v
0w
0Y
1\
0j
1s
b1010 5
b1010 D
b1010 G
b1010 S
b1010 e
b1010 >
b1010 H
b1010 N
b1010 +
b1010 0
b1010 <
b1010 M
#2586001
b1011 ."
#2587000
1`
0]
1V
b1100 3
b1100 :
b1100 T
0Z
1W
1k
0m
0n
1Y
1j
b1011 5
b1011 D
b1011 G
b1011 S
b1011 e
b1011 >
b1011 H
b1011 N
b1011 +
b1011 0
b1011 <
b1011 M
#2588000
b1101 $
b1101 4
b1101 8
1c
0#
0x
b1101 2
b1101 9
b1101 g
1#"
1Z
0W
0]
0V
b1101 3
b1101 :
b1101 T
1`
0U
0k
1m
1n
0u
0v
1w
1~
1!"
0""
0Y
0\
1_
0j
0s
1|
b1100 5
b1100 D
b1100 G
b1100 S
b1100 e
b1100 >
b1100 H
b1100 N
b1100 +
b1100 0
b1100 <
b1100 M
#2588001
b1101 ."
#2589000
1]
b1110 3
b1110 :
b1110 T
0Z
1W
1k
0m
0n
1Y
1j
b1101 5
b1101 D
b1101 G
b1101 S
b1101 e
b1101 >
b1101 H
b1101 N
b1101 +
b1101 0
b1101 <
b1101 M
#2590000
1c
0#
b1111 $
b1111 4
b1111 8
1`
0U
b1111 2
b1111 9
b1111 g
1x
1Z
0W
b1111 3
b1111 :
b1111 T
1]
0V
0k
1m
1n
1u
1v
0w
0Y
1\
0j
1s
b1110 5
b1110 D
b1110 G
b1110 S
b1110 e
b1110 >
b1110 H
b1110 N
b1110 +
b1110 0
b1110 <
b1110 M
#2590001
b1111 ."
#2591000
0c
1#
0`
1U
0]
1V
b0 3
b0 :
b0 T
0Z
1W
1k
0m
0n
1Y
1j
b1111 5
b1111 D
b1111 G
b1111 S
b1111 e
b1111 >
b1111 H
b1111 N
b1111 +
b1111 0
b1111 <
b1111 M
#2592000
0"
b10 $
b10 4
b10 8
0#"
0,"
1]
0V
b10 2
b10 9
b10 g
0o
0`
0U
b10 3
b10 :
b10 T
0c
0#
1n
1w
0~
0!"
1""
0)"
0*"
1+"
0W
0k
0l
0Y
0\
0_
0b
0j
0s
0|
0'"
0X
1[
0i
1r
b0 5
b0 D
b0 G
b0 S
b0 e
b10 6
b10 E
b10 Q
b10 R
b10 d
b0 >
b0 H
b0 N
b10 *
b10 /
b10 ;
b10 L
b10 P
b0 +
b0 0
b0 <
b0 M
#2592001
00"
b10 ."
#2593000
b11 $
b11 4
b11 8
b11 2
b11 9
b11 g
1o
b11 3
b11 :
b11 T
1Z
1l
1m
0n
1Y
1j
b1 5
b1 D
b1 G
b1 S
b1 e
b1 >
b1 H
b1 N
b1 +
b1 0
b1 <
b1 M
#2593001
b11 ."
#2594000
b10 $
b10 4
b10 8
1`
b10 2
b10 9
b10 g
0o
0Z
b100 3
b100 :
b100 T
0]
1V
0l
0m
1n
1t
0v
0w
0Y
1\
0j
1s
b10 5
b10 D
b10 G
b10 S
b10 e
b10 >
b10 H
b10 N
b10 +
b10 0
b10 <
b10 M
#2594001
b10 ."
#2595000
b11 $
b11 4
b11 8
b11 2
b11 9
b11 g
1o
b101 3
b101 :
b101 T
1Z
1l
1m
0n
1Y
1j
b11 5
b11 D
b11 G
b11 S
b11 e
b11 >
b11 H
b11 N
b11 +
b11 0
b11 <
b11 M
#2595001
b11 ."
#2596000
b110 $
b110 4
b110 8
0c
0o
b110 2
b110 9
b110 g
1#"
0Z
1]
0V
b110 3
b110 :
b110 T
1`
0U
0l
0m
1n
0t
1v
1w
1~
1!"
0""
0Y
0\
1_
0j
0s
1|
b100 5
b100 D
b100 G
b100 S
b100 e
b100 >
b100 H
b100 N
b100 +
b100 0
b100 <
b100 M
#2596001
b110 ."
#2597000
b111 $
b111 4
b111 8
b111 2
b111 9
b111 g
1o
b111 3
b111 :
b111 T
1Z
1l
1m
0n
1Y
1j
b101 5
b101 D
b101 G
b101 S
b101 e
b101 >
b101 H
b101 N
b101 +
b101 0
b101 <
b101 M
#2597001
b111 ."
#2598000
1c
b110 $
b110 4
b110 8
0`
1U
b110 2
b110 9
b110 g
0o
0Z
b1000 3
b1000 :
b1000 T
0]
1V
0l
0m
1n
1t
0v
0w
0Y
1\
0j
1s
b110 5
b110 D
b110 G
b110 S
b110 e
b110 >
b110 H
b110 N
b110 +
b110 0
b110 <
b110 M
#2598001
b110 ."
#2599000
b111 $
b111 4
b111 8
b111 2
b111 9
b111 g
1o
b1001 3
b1001 :
b1001 T
1Z
1l
1m
0n
1Y
1j
b111 5
b111 D
b111 G
b111 S
b111 e
b111 >
b111 H
b111 N
b111 +
b111 0
b111 <
b111 M
#2599001
b111 ."
#2600000
1"
b1010 $
b1010 4
b1010 8
0o
0#"
b1010 2
b1010 9
b1010 g
1,"
0Z
1]
0V
0`
0U
b1010 3
b1010 :
b1010 T
1c
0#
0l
0m
1n
0t
1v
1w
0~
0!"
1""
1)"
1*"
0+"
0Y
0\
0_
1b
0j
0s
0|
1'"
b1000 5
b1000 D
b1000 G
b1000 S
b1000 e
b1000 >
b1000 H
b1000 N
b1000 +
b1000 0
b1000 <
b1000 M
#2600001
10"
b1010 ."
#2601000
b1011 $
b1011 4
b1011 8
b1011 2
b1011 9
b1011 g
1o
b1011 3
b1011 :
b1011 T
1Z
1l
1m
0n
1Y
1j
b1001 5
b1001 D
b1001 G
b1001 S
b1001 e
b1001 >
b1001 H
b1001 N
b1001 +
b1001 0
b1001 <
b1001 M
#2601001
b1011 ."
#2602000
b1010 $
b1010 4
b1010 8
1`
b1010 2
b1010 9
b1010 g
0o
0Z
b1100 3
b1100 :
b1100 T
0]
1V
0l
0m
1n
1t
0v
0w
0Y
1\
0j
1s
b1010 5
b1010 D
b1010 G
b1010 S
b1010 e
b1010 >
b1010 H
b1010 N
b1010 +
b1010 0
b1010 <
b1010 M
#2602001
b1010 ."
#2603000
b1011 $
b1011 4
b1011 8
b1011 2
b1011 9
b1011 g
1o
b1101 3
b1101 :
b1101 T
1Z
1l
1m
0n
1Y
1j
b1011 5
b1011 D
b1011 G
b1011 S
b1011 e
b1011 >
b1011 H
b1011 N
b1011 +
b1011 0
b1011 <
b1011 M
#2603001
b1011 ."
#2604000
b1110 $
b1110 4
b1110 8
1c
0#
0o
b1110 2
b1110 9
b1110 g
1#"
0Z
1]
0V
b1110 3
b1110 :
b1110 T
1`
0U
0l
0m
1n
0t
1v
1w
1~
1!"
0""
0Y
0\
1_
0j
0s
1|
b1100 5
b1100 D
b1100 G
b1100 S
b1100 e
b1100 >
b1100 H
b1100 N
b1100 +
b1100 0
b1100 <
b1100 M
#2604001
b1110 ."
#2605000
b1111 $
b1111 4
b1111 8
b1111 2
b1111 9
b1111 g
1o
b1111 3
b1111 :
b1111 T
1Z
1l
1m
0n
1Y
1j
b1101 5
b1101 D
b1101 G
b1101 S
b1101 e
b1101 >
b1101 H
b1101 N
b1101 +
b1101 0
b1101 <
b1101 M
#2605001
b1111 ."
#2606000
0c
1#
b1110 $
b1110 4
b1110 8
0`
1U
b1110 2
b1110 9
b1110 g
0o
0Z
b0 3
b0 :
b0 T
0]
1V
0l
0m
1n
1t
0v
0w
0Y
1\
0j
1s
b1110 5
b1110 D
b1110 G
b1110 S
b1110 e
b1110 >
b1110 H
b1110 N
b1110 +
b1110 0
b1110 <
b1110 M
#2606001
b1110 ."
#2607000
b1111 $
b1111 4
b1111 8
b1111 2
b1111 9
b1111 g
1o
b1 3
b1 :
b1 T
1Z
1l
1m
0n
1Y
1j
b1111 5
b1111 D
b1111 G
b1111 S
b1111 e
b1111 >
b1111 H
b1111 N
b1111 +
b1111 0
b1111 <
b1111 M
#2607001
b1111 ."
#2608000
0"
b11 $
b11 4
b11 8
0#"
b11 2
b11 9
b11 g
0,"
1]
0V
0`
0U
b11 3
b11 :
b11 T
0c
0#
1n
0t
1v
1w
0~
0!"
1""
0)"
0*"
1+"
0Y
0\
0_
0b
0j
0s
0|
0'"
1X
1i
b0 5
b0 D
b0 G
b0 S
b0 e
b11 6
b11 E
b11 Q
b11 R
b11 d
b0 >
b0 H
b0 N
b11 *
b11 /
b11 ;
b11 L
b11 P
b0 +
b0 0
b0 <
b0 M
#2608001
00"
b11 ."
#2609000
1`
0]
1V
b100 3
b100 :
b100 T
0Z
1W
1k
0m
0n
1Y
1j
b1 5
b1 D
b1 G
b1 S
b1 e
b1 >
b1 H
b1 N
b1 +
b1 0
b1 <
b1 M
#2610000
1Z
0W
b101 3
b101 :
b101 T
0]
0k
1m
1n
1t
0v
0w
0Y
1\
0j
1s
b10 5
b10 D
b10 G
b10 S
b10 e
b10 >
b10 H
b10 N
b10 +
b10 0
b10 <
b10 M
#2611000
1]
b110 3
b110 :
b110 T
0Z
1W
1k
0m
0n
1Y
1j
b11 5
b11 D
b11 G
b11 S
b11 e
b11 >
b11 H
b11 N
b11 +
b11 0
b11 <
b11 M
#2612000
b111 $
b111 4
b111 8
0V
0c
b111 2
b111 9
b111 g
1#"
1Z
0W
1]
b111 3
b111 :
b111 T
1`
0U
0k
1m
1n
0t
1v
1w
1~
1!"
0""
0Y
0\
1_
0j
0s
1|
b100 5
b100 D
b100 G
b100 S
b100 e
b100 >
b100 H
b100 N
b100 +
b100 0
b100 <
b100 M
#2612001
b111 ."
#2613000
1c
0`
1U
0]
1V
b1000 3
b1000 :
b1000 T
0Z
1W
1k
0m
0n
1Y
1j
b101 5
b101 D
b101 G
b101 S
b101 e
b101 >
b101 H
b101 N
b101 +
b101 0
b101 <
b101 M
#2614000
1Z
0W
b1001 3
b1001 :
b1001 T
0]
0k
1m
1n
1t
0v
0w
0Y
1\
0j
1s
b110 5
b110 D
b110 G
b110 S
b110 e
b110 >
b110 H
b110 N
b110 +
b110 0
b110 <
b110 M
#2615000
1]
b1010 3
b1010 :
b1010 T
0Z
1W
1k
0m
0n
1Y
1j
b111 5
b111 D
b111 G
b111 S
b111 e
b111 >
b111 H
b111 N
b111 +
b111 0
b111 <
b111 M
#2616000
1"
b1011 $
b1011 4
b1011 8
0V
0#"
b1011 2
b1011 9
b1011 g
1,"
1Z
0W
1]
0`
0U
b1011 3
b1011 :
b1011 T
1c
0#
0k
1m
1n
0t
1v
1w
0~
0!"
1""
1)"
1*"
0+"
0Y
0\
0_
1b
0j
0s
0|
1'"
b1000 5
b1000 D
b1000 G
b1000 S
b1000 e
b1000 >
b1000 H
b1000 N
b1000 +
b1000 0
b1000 <
b1000 M
#2616001
10"
b1011 ."
#2617000
1`
0]
1V
b1100 3
b1100 :
b1100 T
0Z
1W
1k
0m
0n
1Y
1j
b1001 5
b1001 D
b1001 G
b1001 S
b1001 e
b1001 >
b1001 H
b1001 N
b1001 +
b1001 0
b1001 <
b1001 M
#2618000
1Z
0W
b1101 3
b1101 :
b1101 T
0]
0k
1m
1n
1t
0v
0w
0Y
1\
0j
1s
b1010 5
b1010 D
b1010 G
b1010 S
b1010 e
b1010 >
b1010 H
b1010 N
b1010 +
b1010 0
b1010 <
b1010 M
#2619000
1]
b1110 3
b1110 :
b1110 T
0Z
1W
1k
0m
0n
1Y
1j
b1011 5
b1011 D
b1011 G
b1011 S
b1011 e
b1011 >
b1011 H
b1011 N
b1011 +
b1011 0
b1011 <
b1011 M
#2620000
b1111 $
b1111 4
b1111 8
0V
1c
0#
b1111 2
b1111 9
b1111 g
1#"
1Z
0W
1]
b1111 3
b1111 :
b1111 T
1`
0U
0k
1m
1n
0t
1v
1w
1~
1!"
0""
0Y
0\
1_
0j
0s
1|
b1100 5
b1100 D
b1100 G
b1100 S
b1100 e
b1100 >
b1100 H
b1100 N
b1100 +
b1100 0
b1100 <
b1100 M
#2620001
b1111 ."
#2621000
0c
1#
0`
1U
0]
1V
b0 3
b0 :
b0 T
0Z
1W
1k
0m
0n
1Y
1j
b1101 5
b1101 D
b1101 G
b1101 S
b1101 e
b1101 >
b1101 H
b1101 N
b1101 +
b1101 0
b1101 <
b1101 M
#2622000
1Z
0W
b1 3
b1 :
b1 T
0]
0k
1m
1n
1t
0v
0w
0Y
1\
0j
1s
b1110 5
b1110 D
b1110 G
b1110 S
b1110 e
b1110 >
b1110 H
b1110 N
b1110 +
b1110 0
b1110 <
b1110 M
#2623000
1]
b10 3
b10 :
b10 T
0Z
1W
1k
0m
0n
1Y
1j
b1111 5
b1111 D
b1111 G
b1111 S
b1111 e
b1111 >
b1111 H
b1111 N
b1111 +
b1111 0
b1111 <
b1111 M
#2624000
0"
b100 $
b100 4
b100 8
1`
0U
0,"
0]
0o
b100 2
b100 9
b100 g
0x
0V
b100 3
b100 :
b100 T
0c
0#
1n
1w
1""
0)"
0*"
1+"
0W
0k
0l
0t
0u
0Y
0\
0_
0b
0j
0s
0|
0'"
0X
0[
1^
0i
0r
1{
b0 5
b0 D
b0 G
b0 S
b0 e
b100 6
b100 E
b100 Q
b100 R
b100 d
b0 >
b0 H
b0 N
b100 *
b100 /
b100 ;
b100 L
b100 P
b0 +
b0 0
b0 <
b0 M
#2624001
00"
b100 ."
#2625000
b101 $
b101 4
b101 8
b101 2
b101 9
b101 g
1o
b101 3
b101 :
b101 T
1Z
1l
1m
0n
1Y
1j
b1 5
b1 D
b1 G
b1 S
b1 e
b1 >
b1 H
b1 N
b1 +
b1 0
b1 <
b1 M
#2625001
b101 ."
#2626000
b110 $
b110 4
b110 8
0o
b110 2
b110 9
b110 g
1x
0Z
b110 3
b110 :
b110 T
1]
0l
0m
1n
1u
1v
0w
0Y
1\
0j
1s
b10 5
b10 D
b10 G
b10 S
b10 e
b10 >
b10 H
b10 N
b10 +
b10 0
b10 <
b10 M
#2626001
b110 ."
#2627000
b111 $
b111 4
b111 8
b111 2
b111 9
b111 g
1o
b111 3
b111 :
b111 T
1Z
1l
1m
0n
1Y
1j
b11 5
b11 D
b11 G
b11 S
b11 e
b11 >
b11 H
b11 N
b11 +
b11 0
b11 <
b11 M
#2627001
b111 ."
#2628000
b100 $
b100 4
b100 8
1c
0o
b100 2
b100 9
b100 g
0x
0Z
0]
b1000 3
b1000 :
b1000 T
0`
1U
0l
0m
1n
0u
0v
1w
1}
0!"
0""
0Y
0\
1_
0j
0s
1|
b100 5
b100 D
b100 G
b100 S
b100 e
b100 >
b100 H
b100 N
b100 +
b100 0
b100 <
b100 M
#2628001
b100 ."
#2629000
b101 $
b101 4
b101 8
b101 2
b101 9
b101 g
1o
b1001 3
b1001 :
b1001 T
1Z
1l
1m
0n
1Y
1j
b101 5
b101 D
b101 G
b101 S
b101 e
b101 >
b101 H
b101 N
b101 +
b101 0
b101 <
b101 M
#2629001
b101 ."
#2630000
b110 $
b110 4
b110 8
0o
b110 2
b110 9
b110 g
1x
0Z
b1010 3
b1010 :
b1010 T
1]
0l
0m
1n
1u
1v
0w
0Y
1\
0j
1s
b110 5
b110 D
b110 G
b110 S
b110 e
b110 >
b110 H
b110 N
b110 +
b110 0
b110 <
b110 M
#2630001
b110 ."
#2631000
b111 $
b111 4
b111 8
b111 2
b111 9
b111 g
1o
b1011 3
b1011 :
b1011 T
1Z
1l
1m
0n
1Y
1j
b111 5
b111 D
b111 G
b111 S
b111 e
b111 >
b111 H
b111 N
b111 +
b111 0
b111 <
b111 M
#2631001
b111 ."
#2632000
1"
b1100 $
b1100 4
b1100 8
0o
0x
b1100 2
b1100 9
b1100 g
1,"
0Z
0]
1`
0U
b1100 3
b1100 :
b1100 T
1c
0#
0l
0m
1n
0u
0v
1w
0}
1!"
1""
1)"
1*"
0+"
0Y
0\
0_
1b
0j
0s
0|
1'"
b1000 5
b1000 D
b1000 G
b1000 S
b1000 e
b1000 >
b1000 H
b1000 N
b1000 +
b1000 0
b1000 <
b1000 M
#2632001
10"
b1100 ."
#2633000
b1101 $
b1101 4
b1101 8
b1101 2
b1101 9
b1101 g
1o
b1101 3
b1101 :
b1101 T
1Z
1l
1m
0n
1Y
1j
b1001 5
b1001 D
b1001 G
b1001 S
b1001 e
b1001 >
b1001 H
b1001 N
b1001 +
b1001 0
b1001 <
b1001 M
#2633001
b1101 ."
#2634000
b1110 $
b1110 4
b1110 8
0o
b1110 2
b1110 9
b1110 g
1x
0Z
b1110 3
b1110 :
b1110 T
1]
0l
0m
1n
1u
1v
0w
0Y
1\
0j
1s
b1010 5
b1010 D
b1010 G
b1010 S
b1010 e
b1010 >
b1010 H
b1010 N
b1010 +
b1010 0
b1010 <
b1010 M
#2634001
b1110 ."
#2635000
b1111 $
b1111 4
b1111 8
b1111 2
b1111 9
b1111 g
1o
b1111 3
b1111 :
b1111 T
1Z
1l
1m
0n
1Y
1j
b1011 5
b1011 D
b1011 G
b1011 S
b1011 e
b1011 >
b1011 H
b1011 N
b1011 +
b1011 0
b1011 <
b1011 M
#2635001
b1111 ."
#2636000
b1100 $
b1100 4
b1100 8
0c
1#
0o
b1100 2
b1100 9
b1100 g
0x
0Z
0]
b0 3
b0 :
b0 T
0`
1U
0l
0m
1n
0u
0v
1w
1}
0!"
0""
0Y
0\
1_
0j
0s
1|
b1100 5
b1100 D
b1100 G
b1100 S
b1100 e
b1100 >
b1100 H
b1100 N
b1100 +
b1100 0
b1100 <
b1100 M
#2636001
b1100 ."
#2637000
b1101 $
b1101 4
b1101 8
b1101 2
b1101 9
b1101 g
1o
b1 3
b1 :
b1 T
1Z
1l
1m
0n
1Y
1j
b1101 5
b1101 D
b1101 G
b1101 S
b1101 e
b1101 >
b1101 H
b1101 N
b1101 +
b1101 0
b1101 <
b1101 M
#2637001
b1101 ."
#2638000
b1110 $
b1110 4
b1110 8
0o
b1110 2
b1110 9
b1110 g
1x
0Z
b10 3
b10 :
b10 T
1]
0l
0m
1n
1u
1v
0w
0Y
1\
0j
1s
b1110 5
b1110 D
b1110 G
b1110 S
b1110 e
b1110 >
b1110 H
b1110 N
b1110 +
b1110 0
b1110 <
b1110 M
#2638001
b1110 ."
#2639000
b1111 $
b1111 4
b1111 8
b1111 2
b1111 9
b1111 g
1o
b11 3
b11 :
b11 T
1Z
1l
1m
0n
1Y
1j
b1111 5
b1111 D
b1111 G
b1111 S
b1111 e
b1111 >
b1111 H
b1111 N
b1111 +
b1111 0
b1111 <
b1111 M
#2639001
b1111 ."
#2640000
0"
b101 $
b101 4
b101 8
0x
b101 2
b101 9
b101 g
0,"
0]
1`
0U
b101 3
b101 :
b101 T
0c
0#
1n
0u
0v
1w
0}
1!"
1""
0)"
0*"
1+"
0Y
0\
0_
0b
0j
0s
0|
0'"
1X
1i
b0 5
b0 D
b0 G
b0 S
b0 e
b101 6
b101 E
b101 Q
b101 R
b101 d
b0 >
b0 H
b0 N
b101 *
b101 /
b101 ;
b101 L
b101 P
b0 +
b0 0
b0 <
b0 M
#2640001
00"
b101 ."
#2641000
1]
b110 3
b110 :
b110 T
0Z
1W
1k
0m
0n
1Y
1j
b1 5
b1 D
b1 G
b1 S
b1 e
b1 >
b1 H
b1 N
b1 +
b1 0
b1 <
b1 M
#2642000
0c
b111 $
b111 4
b111 8
1`
0U
b111 2
b111 9
b111 g
1x
1Z
0W
b111 3
b111 :
b111 T
1]
0V
0k
1m
1n
1u
1v
0w
0Y
1\
0j
1s
b10 5
b10 D
b10 G
b10 S
b10 e
b10 >
b10 H
b10 N
b10 +
b10 0
b10 <
b10 M
#2642001
b111 ."
#2643000
1c
0`
1U
0]
1V
b1000 3
b1000 :
b1000 T
0Z
1W
1k
0m
0n
1Y
1j
b11 5
b11 D
b11 G
b11 S
b11 e
b11 >
b11 H
b11 N
b11 +
b11 0
b11 <
b11 M
#2644000
b101 $
b101 4
b101 8
b101 2
b101 9
b101 g
0x
1Z
0W
0]
0V
b1001 3
b1001 :
b1001 T
0`
0k
1m
1n
0u
0v
1w
1}
0!"
0""
0Y
0\
1_
0j
0s
1|
b100 5
b100 D
b100 G
b100 S
b100 e
b100 >
b100 H
b100 N
b100 +
b100 0
b100 <
b100 M
#2644001
b101 ."
#2645000
1]
b1010 3
b1010 :
b1010 T
0Z
1W
1k
0m
0n
1Y
1j
b101 5
b101 D
b101 G
b101 S
b101 e
b101 >
b101 H
b101 N
b101 +
b101 0
b101 <
b101 M
#2646000
b111 $
b111 4
b111 8
0`
b111 2
b111 9
b111 g
1x
1Z
0W
b1011 3
b1011 :
b1011 T
1]
0V
0k
1m
1n
1u
1v
0w
0Y
1\
0j
1s
b110 5
b110 D
b110 G
b110 S
b110 e
b110 >
b110 H
b110 N
b110 +
b110 0
b110 <
b110 M
#2646001
b111 ."
#2647000
1`
0]
1V
b1100 3
b1100 :
b1100 T
0Z
1W
1k
0m
0n
1Y
1j
b111 5
b111 D
b111 G
b111 S
b111 e
b111 >
b111 H
b111 N
b111 +
b111 0
b111 <
b111 M
#2648000
1"
b1101 $
b1101 4
b1101 8
0U
0x
b1101 2
b1101 9
b1101 g
1,"
1Z
0W
0]
0V
1`
b1101 3
b1101 :
b1101 T
1c
0#
0k
1m
1n
0u
0v
1w
0}
1!"
1""
1)"
1*"
0+"
0Y
0\
0_
1b
0j
0s
0|
1'"
b1000 5
b1000 D
b1000 G
b1000 S
b1000 e
b1000 >
b1000 H
b1000 N
b1000 +
b1000 0
b1000 <
b1000 M
#2648001
10"
b1101 ."
#2649000
1]
b1110 3
b1110 :
b1110 T
0Z
1W
1k
0m
0n
1Y
1j
b1001 5
b1001 D
b1001 G
b1001 S
b1001 e
b1001 >
b1001 H
b1001 N
b1001 +
b1001 0
b1001 <
b1001 M
#2650000
1c
0#
b1111 $
b1111 4
b1111 8
1`
0U
b1111 2
b1111 9
b1111 g
1x
1Z
0W
b1111 3
b1111 :
b1111 T
1]
0V
0k
1m
1n
1u
1v
0w
0Y
1\
0j
1s
b1010 5
b1010 D
b1010 G
b1010 S
b1010 e
b1010 >
b1010 H
b1010 N
b1010 +
b1010 0
b1010 <
b1010 M
#2650001
b1111 ."
#2651000
0c
1#
0`
1U
0]
1V
b0 3
b0 :
b0 T
0Z
1W
1k
0m
0n
1Y
1j
b1011 5
b1011 D
b1011 G
b1011 S
b1011 e
b1011 >
b1011 H
b1011 N
b1011 +
b1011 0
b1011 <
b1011 M
#2652000
b1101 $
b1101 4
b1101 8
b1101 2
b1101 9
b1101 g
0x
1Z
0W
0]
0V
b1 3
b1 :
b1 T
0`
0k
1m
1n
0u
0v
1w
1}
0!"
0""
0Y
0\
1_
0j
0s
1|
b1100 5
b1100 D
b1100 G
b1100 S
b1100 e
b1100 >
b1100 H
b1100 N
b1100 +
b1100 0
b1100 <
b1100 M
#2652001
b1101 ."
#2653000
1]
b10 3
b10 :
b10 T
0Z
1W
1k
0m
0n
1Y
1j
b1101 5
b1101 D
b1101 G
b1101 S
b1101 e
b1101 >
b1101 H
b1101 N
b1101 +
b1101 0
b1101 <
b1101 M
#2654000
b1111 $
b1111 4
b1111 8
0`
b1111 2
b1111 9
b1111 g
1x
1Z
0W
b11 3
b11 :
b11 T
1]
0V
0k
1m
1n
1u
1v
0w
0Y
1\
0j
1s
b1110 5
b1110 D
b1110 G
b1110 S
b1110 e
b1110 >
b1110 H
b1110 N
b1110 +
b1110 0
b1110 <
b1110 M
#2654001
b1111 ."
#2655000
1`
0]
1V
b100 3
b100 :
b100 T
0Z
1W
1k
0m
0n
1Y
1j
b1111 5
b1111 D
b1111 G
b1111 S
b1111 e
b1111 >
b1111 H
b1111 N
b1111 +
b1111 0
b1111 <
b1111 M
#2656000
0"
0U
b110 $
b110 4
b110 8
0,"
1]
0V
b110 2
b110 9
b110 g
0o
1`
b110 3
b110 :
b110 T
0c
0#
1n
1w
0}
1!"
1""
0)"
0*"
1+"
0W
0k
0l
0Y
0\
0_
0b
0j
0s
0|
0'"
0X
1[
0i
1r
b0 5
b0 D
b0 G
b0 S
b0 e
b110 6
b110 E
b110 Q
b110 R
b110 d
b0 >
b0 H
b0 N
b110 *
b110 /
b110 ;
b110 L
b110 P
b0 +
b0 0
b0 <
b0 M
#2656001
00"
b110 ."
#2657000
b111 $
b111 4
b111 8
b111 2
b111 9
b111 g
1o
b111 3
b111 :
b111 T
1Z
1l
1m
0n
1Y
1j
b1 5
b1 D
b1 G
b1 S
b1 e
b1 >
b1 H
b1 N
b1 +
b1 0
b1 <
b1 M
#2657001
b111 ."
#2658000
1c
b110 $
b110 4
b110 8
0`
1U
b110 2
b110 9
b110 g
0o
0Z
b1000 3
b1000 :
b1000 T
0]
1V
0l
0m
1n
1t
0v
0w
0Y
1\
0j
1s
b10 5
b10 D
b10 G
b10 S
b10 e
b10 >
b10 H
b10 N
b10 +
b10 0
b10 <
b10 M
#2658001
b110 ."
#2659000
b111 $
b111 4
b111 8
b111 2
b111 9
b111 g
1o
b1001 3
b1001 :
b1001 T
1Z
1l
1m
0n
1Y
1j
b11 5
b11 D
b11 G
b11 S
b11 e
b11 >
b11 H
b11 N
b11 +
b11 0
b11 <
b11 M
#2659001
b111 ."
#2660000
b110 $
b110 4
b110 8
b110 2
b110 9
b110 g
0o
0Z
1]
0V
b1010 3
b1010 :
b1010 T
0`
0l
0m
1n
0t
1v
1w
1}
0!"
0""
0Y
0\
1_
0j
0s
1|
b100 5
b100 D
b100 G
b100 S
b100 e
b100 >
b100 H
b100 N
b100 +
b100 0
b100 <
b100 M
#2660001
b110 ."
#2661000
b111 $
b111 4
b111 8
b111 2
b111 9
b111 g
1o
b1011 3
b1011 :
b1011 T
1Z
1l
1m
0n
1Y
1j
b101 5
b101 D
b101 G
b101 S
b101 e
b101 >
b101 H
b101 N
b101 +
b101 0
b101 <
b101 M
#2661001
b111 ."
#2662000
b110 $
b110 4
b110 8
1`
b110 2
b110 9
b110 g
0o
0Z
b1100 3
b1100 :
b1100 T
0]
1V
0l
0m
1n
1t
0v
0w
0Y
1\
0j
1s
b110 5
b110 D
b110 G
b110 S
b110 e
b110 >
b110 H
b110 N
b110 +
b110 0
b110 <
b110 M
#2662001
b110 ."
#2663000
b111 $
b111 4
b111 8
b111 2
b111 9
b111 g
1o
b1101 3
b1101 :
b1101 T
1Z
1l
1m
0n
1Y
1j
b111 5
b111 D
b111 G
b111 S
b111 e
b111 >
b111 H
b111 N
b111 +
b111 0
b111 <
b111 M
#2663001
b111 ."
#2664000
1"
b1110 $
b1110 4
b1110 8
0U
0o
b1110 2
b1110 9
b1110 g
1,"
0Z
1]
0V
1`
b1110 3
b1110 :
b1110 T
1c
0#
0l
0m
1n
0t
1v
1w
0}
1!"
1""
1)"
1*"
0+"
0Y
0\
0_
1b
0j
0s
0|
1'"
b1000 5
b1000 D
b1000 G
b1000 S
b1000 e
b1000 >
b1000 H
b1000 N
b1000 +
b1000 0
b1000 <
b1000 M
#2664001
10"
b1110 ."
#2665000
b1111 $
b1111 4
b1111 8
b1111 2
b1111 9
b1111 g
1o
b1111 3
b1111 :
b1111 T
1Z
1l
1m
0n
1Y
1j
b1001 5
b1001 D
b1001 G
b1001 S
b1001 e
b1001 >
b1001 H
b1001 N
b1001 +
b1001 0
b1001 <
b1001 M
#2665001
b1111 ."
#2666000
0c
1#
b1110 $
b1110 4
b1110 8
0`
1U
b1110 2
b1110 9
b1110 g
0o
0Z
b0 3
b0 :
b0 T
0]
1V
0l
0m
1n
1t
0v
0w
0Y
1\
0j
1s
b1010 5
b1010 D
b1010 G
b1010 S
b1010 e
b1010 >
b1010 H
b1010 N
b1010 +
b1010 0
b1010 <
b1010 M
#2666001
b1110 ."
#2667000
b1111 $
b1111 4
b1111 8
b1111 2
b1111 9
b1111 g
1o
b1 3
b1 :
b1 T
1Z
1l
1m
0n
1Y
1j
b1011 5
b1011 D
b1011 G
b1011 S
b1011 e
b1011 >
b1011 H
b1011 N
b1011 +
b1011 0
b1011 <
b1011 M
#2667001
b1111 ."
#2668000
b1110 $
b1110 4
b1110 8
b1110 2
b1110 9
b1110 g
0o
0Z
1]
0V
b10 3
b10 :
b10 T
0`
0l
0m
1n
0t
1v
1w
1}
0!"
0""
0Y
0\
1_
0j
0s
1|
b1100 5
b1100 D
b1100 G
b1100 S
b1100 e
b1100 >
b1100 H
b1100 N
b1100 +
b1100 0
b1100 <
b1100 M
#2668001
b1110 ."
#2669000
b1111 $
b1111 4
b1111 8
b1111 2
b1111 9
b1111 g
1o
b11 3
b11 :
b11 T
1Z
1l
1m
0n
1Y
1j
b1101 5
b1101 D
b1101 G
b1101 S
b1101 e
b1101 >
b1101 H
b1101 N
b1101 +
b1101 0
b1101 <
b1101 M
#2669001
b1111 ."
#2670000
b1110 $
b1110 4
b1110 8
1`
b1110 2
b1110 9
b1110 g
0o
0Z
b100 3
b100 :
b100 T
0]
1V
0l
0m
1n
1t
0v
0w
0Y
1\
0j
1s
b1110 5
b1110 D
b1110 G
b1110 S
b1110 e
b1110 >
b1110 H
b1110 N
b1110 +
b1110 0
b1110 <
b1110 M
#2670001
b1110 ."
#2671000
b1111 $
b1111 4
b1111 8
b1111 2
b1111 9
b1111 g
1o
b101 3
b101 :
b101 T
1Z
1l
1m
0n
1Y
1j
b1111 5
b1111 D
b1111 G
b1111 S
b1111 e
b1111 >
b1111 H
b1111 N
b1111 +
b1111 0
b1111 <
b1111 M
#2671001
b1111 ."
#2672000
0"
b111 $
b111 4
b111 8
0U
b111 2
b111 9
b111 g
0,"
1]
0V
1`
b111 3
b111 :
b111 T
0c
0#
1n
0t
1v
1w
0}
1!"
1""
0)"
0*"
1+"
0Y
0\
0_
0b
0j
0s
0|
0'"
1X
1i
b0 5
b0 D
b0 G
b0 S
b0 e
b111 6
b111 E
b111 Q
b111 R
b111 d
b0 >
b0 H
b0 N
b111 *
b111 /
b111 ;
b111 L
b111 P
b0 +
b0 0
b0 <
b0 M
#2672001
00"
b111 ."
#2673000
1c
0`
1U
0]
1V
b1000 3
b1000 :
b1000 T
0Z
1W
1k
0m
0n
1Y
1j
b1 5
b1 D
b1 G
b1 S
b1 e
b1 >
b1 H
b1 N
b1 +
b1 0
b1 <
b1 M
#2674000
1Z
0W
b1001 3
b1001 :
b1001 T
0]
0k
1m
1n
1t
0v
0w
0Y
1\
0j
1s
b10 5
b10 D
b10 G
b10 S
b10 e
b10 >
b10 H
b10 N
b10 +
b10 0
b10 <
b10 M
#2675000
1]
b1010 3
b1010 :
b1010 T
0Z
1W
1k
0m
0n
1Y
1j
b11 5
b11 D
b11 G
b11 S
b11 e
b11 >
b11 H
b11 N
b11 +
b11 0
b11 <
b11 M
#2676000
0V
1Z
0W
1]
b1011 3
b1011 :
b1011 T
0`
0k
1m
1n
0t
1v
1w
1}
0!"
0""
0Y
0\
1_
0j
0s
1|
b100 5
b100 D
b100 G
b100 S
b100 e
b100 >
b100 H
b100 N
b100 +
b100 0
b100 <
b100 M
#2677000
1`
0]
1V
b1100 3
b1100 :
b1100 T
0Z
1W
1k
0m
0n
1Y
1j
b101 5
b101 D
b101 G
b101 S
b101 e
b101 >
b101 H
b101 N
b101 +
b101 0
b101 <
b101 M
#2678000
1Z
0W
b1101 3
b1101 :
b1101 T
0]
0k
1m
1n
1t
0v
0w
0Y
1\
0j
1s
b110 5
b110 D
b110 G
b110 S
b110 e
b110 >
b110 H
b110 N
b110 +
b110 0
b110 <
b110 M
#2679000
1]
b1110 3
b1110 :
b1110 T
0Z
1W
1k
0m
0n
1Y
1j
b111 5
b111 D
b111 G
b111 S
b111 e
b111 >
b111 H
b111 N
b111 +
b111 0
b111 <
b111 M
#2680000
1"
0U
b1111 $
b1111 4
b1111 8
0V
b1111 2
b1111 9
b1111 g
1,"
1Z
0W
1]
1`
b1111 3
b1111 :
b1111 T
1c
0#
0k
1m
1n
0t
1v
1w
0}
1!"
1""
1)"
1*"
0+"
0Y
0\
0_
1b
0j
0s
0|
1'"
b1000 5
b1000 D
b1000 G
b1000 S
b1000 e
b1000 >
b1000 H
b1000 N
b1000 +
b1000 0
b1000 <
b1000 M
#2680001
10"
b1111 ."
#2681000
0c
1#
0`
1U
0]
1V
b0 3
b0 :
b0 T
0Z
1W
1k
0m
0n
1Y
1j
b1001 5
b1001 D
b1001 G
b1001 S
b1001 e
b1001 >
b1001 H
b1001 N
b1001 +
b1001 0
b1001 <
b1001 M
#2682000
1Z
0W
b1 3
b1 :
b1 T
0]
0k
1m
1n
1t
0v
0w
0Y
1\
0j
1s
b1010 5
b1010 D
b1010 G
b1010 S
b1010 e
b1010 >
b1010 H
b1010 N
b1010 +
b1010 0
b1010 <
b1010 M
#2683000
1]
b10 3
b10 :
b10 T
0Z
1W
1k
0m
0n
1Y
1j
b1011 5
b1011 D
b1011 G
b1011 S
b1011 e
b1011 >
b1011 H
b1011 N
b1011 +
b1011 0
b1011 <
b1011 M
#2684000
0V
1Z
0W
1]
b11 3
b11 :
b11 T
0`
0k
1m
1n
0t
1v
1w
1}
0!"
0""
0Y
0\
1_
0j
0s
1|
b1100 5
b1100 D
b1100 G
b1100 S
b1100 e
b1100 >
b1100 H
b1100 N
b1100 +
b1100 0
b1100 <
b1100 M
#2685000
1`
0]
1V
b100 3
b100 :
b100 T
0Z
1W
1k
0m
0n
1Y
1j
b1101 5
b1101 D
b1101 G
b1101 S
b1101 e
b1101 >
b1101 H
b1101 N
b1101 +
b1101 0
b1101 <
b1101 M
#2686000
1Z
0W
b101 3
b101 :
b101 T
0]
0k
1m
1n
1t
0v
0w
0Y
1\
0j
1s
b1110 5
b1110 D
b1110 G
b1110 S
b1110 e
b1110 >
b1110 H
b1110 N
b1110 +
b1110 0
b1110 <
b1110 M
#2687000
1]
b110 3
b110 :
b110 T
0Z
1W
1k
0m
0n
1Y
1j
b1111 5
b1111 D
b1111 G
b1111 S
b1111 e
b1111 >
b1111 H
b1111 N
b1111 +
b1111 0
b1111 <
b1111 M
#2688000
b1000 $
b1000 4
b1000 8
0`
1c
0#
b1000 3
b1000 :
b1000 T
0]
0o
0x
b1000 2
b1000 9
b1000 g
0#"
0V
0U
1n
1w
1""
1+"
0W
0k
0l
0t
0u
0}
0~
0Y
0\
0_
0b
0j
0s
0|
0'"
0X
0[
0^
1a
0i
0r
0{
1&"
b0 5
b0 D
b0 G
b0 S
b0 e
b1000 6
b1000 E
b1000 Q
b1000 R
b1000 d
b0 >
b0 H
b0 N
b1000 *
b1000 /
b1000 ;
b1000 L
b1000 P
b0 +
b0 0
b0 <
b0 M
#2688001
b1000 ."
#2689000
b1001 $
b1001 4
b1001 8
b1001 2
b1001 9
b1001 g
1o
b1001 3
b1001 :
b1001 T
1Z
1l
1m
0n
1Y
1j
b1 5
b1 D
b1 G
b1 S
b1 e
b1 >
b1 H
b1 N
b1 +
b1 0
b1 <
b1 M
#2689001
b1001 ."
#2690000
b1010 $
b1010 4
b1010 8
0o
b1010 2
b1010 9
b1010 g
1x
0Z
b1010 3
b1010 :
b1010 T
1]
0l
0m
1n
1u
1v
0w
0Y
1\
0j
1s
b10 5
b10 D
b10 G
b10 S
b10 e
b10 >
b10 H
b10 N
b10 +
b10 0
b10 <
b10 M
#2690001
b1010 ."
#2691000
b1011 $
b1011 4
b1011 8
b1011 2
b1011 9
b1011 g
1o
b1011 3
b1011 :
b1011 T
1Z
1l
1m
0n
1Y
1j
b11 5
b11 D
b11 G
b11 S
b11 e
b11 >
b11 H
b11 N
b11 +
b11 0
b11 <
b11 M
#2691001
b1011 ."
#2692000
b1100 $
b1100 4
b1100 8
0o
0x
b1100 2
b1100 9
b1100 g
1#"
0Z
0]
b1100 3
b1100 :
b1100 T
1`
0l
0m
1n
0u
0v
1w
1~
1!"
0""
0Y
0\
1_
0j
0s
1|
b100 5
b100 D
b100 G
b100 S
b100 e
b100 >
b100 H
b100 N
b100 +
b100 0
b100 <
b100 M
#2692001
b1100 ."
#2693000
b1101 $
b1101 4
b1101 8
b1101 2
b1101 9
b1101 g
1o
b1101 3
b1101 :
b1101 T
1Z
1l
1m
0n
1Y
1j
b101 5
b101 D
b101 G
b101 S
b101 e
b101 >
b101 H
b101 N
b101 +
b101 0
b101 <
b101 M
#2693001
b1101 ."
#2694000
b1110 $
b1110 4
b1110 8
0o
b1110 2
b1110 9
b1110 g
1x
0Z
b1110 3
b1110 :
b1110 T
1]
0l
0m
1n
1u
1v
0w
0Y
1\
0j
1s
b110 5
b110 D
b110 G
b110 S
b110 e
b110 >
b110 H
b110 N
b110 +
b110 0
b110 <
b110 M
#2694001
b1110 ."
#2695000
b1111 $
b1111 4
b1111 8
b1111 2
b1111 9
b1111 g
1o
b1111 3
b1111 :
b1111 T
1Z
1l
1m
0n
1Y
1j
b111 5
b111 D
b111 G
b111 S
b111 e
b111 >
b111 H
b111 N
b111 +
b111 0
b111 <
b111 M
#2695001
b1111 ."
#2696000
b1000 $
b1000 4
b1000 8
0o
0x
b1000 2
b1000 9
b1000 g
0#"
0Z
0]
0`
b0 3
b0 :
b0 T
0c
1#
0l
0m
1n
0u
0v
1w
0~
0!"
1""
1("
0*"
0+"
0Y
0\
0_
1b
0j
0s
0|
1'"
b1000 5
b1000 D
b1000 G
b1000 S
b1000 e
b1000 >
b1000 H
b1000 N
b1000 +
b1000 0
b1000 <
b1000 M
#2696001
b1000 ."
#2697000
b1001 $
b1001 4
b1001 8
b1001 2
b1001 9
b1001 g
1o
b1 3
b1 :
b1 T
1Z
1l
1m
0n
1Y
1j
b1001 5
b1001 D
b1001 G
b1001 S
b1001 e
b1001 >
b1001 H
b1001 N
b1001 +
b1001 0
b1001 <
b1001 M
#2697001
b1001 ."
#2698000
b1010 $
b1010 4
b1010 8
0o
b1010 2
b1010 9
b1010 g
1x
0Z
b10 3
b10 :
b10 T
1]
0l
0m
1n
1u
1v
0w
0Y
1\
0j
1s
b1010 5
b1010 D
b1010 G
b1010 S
b1010 e
b1010 >
b1010 H
b1010 N
b1010 +
b1010 0
b1010 <
b1010 M
#2698001
b1010 ."
#2699000
b1011 $
b1011 4
b1011 8
b1011 2
b1011 9
b1011 g
1o
b11 3
b11 :
b11 T
1Z
1l
1m
0n
1Y
1j
b1011 5
b1011 D
b1011 G
b1011 S
b1011 e
b1011 >
b1011 H
b1011 N
b1011 +
b1011 0
b1011 <
b1011 M
#2699001
b1011 ."
#2700000
b1100 $
b1100 4
b1100 8
0o
0x
b1100 2
b1100 9
b1100 g
1#"
0Z
0]
b100 3
b100 :
b100 T
1`
0l
0m
1n
0u
0v
1w
1~
1!"
0""
0Y
0\
1_
0j
0s
1|
b1100 5
b1100 D
b1100 G
b1100 S
b1100 e
b1100 >
b1100 H
b1100 N
b1100 +
b1100 0
b1100 <
b1100 M
#2700001
b1100 ."
#2701000
b1101 $
b1101 4
b1101 8
b1101 2
b1101 9
b1101 g
1o
b101 3
b101 :
b101 T
1Z
1l
1m
0n
1Y
1j
b1101 5
b1101 D
b1101 G
b1101 S
b1101 e
b1101 >
b1101 H
b1101 N
b1101 +
b1101 0
b1101 <
b1101 M
#2701001
b1101 ."
#2702000
b1110 $
b1110 4
b1110 8
0o
b1110 2
b1110 9
b1110 g
1x
0Z
b110 3
b110 :
b110 T
1]
0l
0m
1n
1u
1v
0w
0Y
1\
0j
1s
b1110 5
b1110 D
b1110 G
b1110 S
b1110 e
b1110 >
b1110 H
b1110 N
b1110 +
b1110 0
b1110 <
b1110 M
#2702001
b1110 ."
#2703000
b1111 $
b1111 4
b1111 8
b1111 2
b1111 9
b1111 g
1o
b111 3
b111 :
b111 T
1Z
1l
1m
0n
1Y
1j
b1111 5
b1111 D
b1111 G
b1111 S
b1111 e
b1111 >
b1111 H
b1111 N
b1111 +
b1111 0
b1111 <
b1111 M
#2703001
b1111 ."
#2704000
b1001 $
b1001 4
b1001 8
0x
b1001 2
b1001 9
b1001 g
0#"
0]
0`
b1001 3
b1001 :
b1001 T
1c
0#
1n
0u
0v
1w
0~
0!"
1""
0("
1*"
1+"
0Y
0\
0_
0b
0j
0s
0|
0'"
1X
1i
b0 5
b0 D
b0 G
b0 S
b0 e
b1001 6
b1001 E
b1001 Q
b1001 R
b1001 d
b0 >
b0 H
b0 N
b1001 *
b1001 /
b1001 ;
b1001 L
b1001 P
b0 +
b0 0
b0 <
b0 M
#2704001
b1001 ."
#2705000
1]
b1010 3
b1010 :
b1010 T
0Z
1W
1k
0m
0n
1Y
1j
b1 5
b1 D
b1 G
b1 S
b1 e
b1 >
b1 H
b1 N
b1 +
b1 0
b1 <
b1 M
#2706000
b1011 $
b1011 4
b1011 8
0`
b1011 2
b1011 9
b1011 g
1x
1Z
0W
b1011 3
b1011 :
b1011 T
1]
0V
0k
1m
1n
1u
1v
0w
0Y
1\
0j
1s
b10 5
b10 D
b10 G
b10 S
b10 e
b10 >
b10 H
b10 N
b10 +
b10 0
b10 <
b10 M
#2706001
b1011 ."
#2707000
1`
0]
1V
b1100 3
b1100 :
b1100 T
0Z
1W
1k
0m
0n
1Y
1j
b11 5
b11 D
b11 G
b11 S
b11 e
b11 >
b11 H
b11 N
b11 +
b11 0
b11 <
b11 M
#2708000
b1101 $
b1101 4
b1101 8
1c
0#
0x
b1101 2
b1101 9
b1101 g
1#"
1Z
0W
0]
0V
b1101 3
b1101 :
b1101 T
1`
0U
0k
1m
1n
0u
0v
1w
1~
1!"
0""
0Y
0\
1_
0j
0s
1|
b100 5
b100 D
b100 G
b100 S
b100 e
b100 >
b100 H
b100 N
b100 +
b100 0
b100 <
b100 M
#2708001
b1101 ."
#2709000
1]
b1110 3
b1110 :
b1110 T
0Z
1W
1k
0m
0n
1Y
1j
b101 5
b101 D
b101 G
b101 S
b101 e
b101 >
b101 H
b101 N
b101 +
b101 0
b101 <
b101 M
#2710000
1c
0#
b1111 $
b1111 4
b1111 8
1`
0U
b1111 2
b1111 9
b1111 g
1x
1Z
0W
b1111 3
b1111 :
b1111 T
1]
0V
0k
1m
1n
1u
1v
0w
0Y
1\
0j
1s
b110 5
b110 D
b110 G
b110 S
b110 e
b110 >
b110 H
b110 N
b110 +
b110 0
b110 <
b110 M
#2710001
b1111 ."
#2711000
0c
1#
0`
1U
0]
1V
b0 3
b0 :
b0 T
0Z
1W
1k
0m
0n
1Y
1j
b111 5
b111 D
b111 G
b111 S
b111 e
b111 >
b111 H
b111 N
b111 +
b111 0
b111 <
b111 M
#2712000
b1001 $
b1001 4
b1001 8
0x
b1001 2
b1001 9
b1001 g
0#"
1Z
0W
0]
0V
0`
0U
b1 3
b1 :
b1 T
0c
0k
1m
1n
0u
0v
1w
0~
0!"
1""
1("
0*"
0+"
0Y
0\
0_
1b
0j
0s
0|
1'"
b1000 5
b1000 D
b1000 G
b1000 S
b1000 e
b1000 >
b1000 H
b1000 N
b1000 +
b1000 0
b1000 <
b1000 M
#2712001
b1001 ."
#2713000
1]
b10 3
b10 :
b10 T
0Z
1W
1k
0m
0n
1Y
1j
b1001 5
b1001 D
b1001 G
b1001 S
b1001 e
b1001 >
b1001 H
b1001 N
b1001 +
b1001 0
b1001 <
b1001 M
#2714000
b1011 $
b1011 4
b1011 8
0`
b1011 2
b1011 9
b1011 g
1x
1Z
0W
b11 3
b11 :
b11 T
1]
0V
0k
1m
1n
1u
1v
0w
0Y
1\
0j
1s
b1010 5
b1010 D
b1010 G
b1010 S
b1010 e
b1010 >
b1010 H
b1010 N
b1010 +
b1010 0
b1010 <
b1010 M
#2714001
b1011 ."
#2715000
1`
0]
1V
b100 3
b100 :
b100 T
0Z
1W
1k
0m
0n
1Y
1j
b1011 5
b1011 D
b1011 G
b1011 S
b1011 e
b1011 >
b1011 H
b1011 N
b1011 +
b1011 0
b1011 <
b1011 M
#2716000
b1101 $
b1101 4
b1101 8
0c
0x
b1101 2
b1101 9
b1101 g
1#"
1Z
0W
0]
0V
b101 3
b101 :
b101 T
1`
0U
0k
1m
1n
0u
0v
1w
1~
1!"
0""
0Y
0\
1_
0j
0s
1|
b1100 5
b1100 D
b1100 G
b1100 S
b1100 e
b1100 >
b1100 H
b1100 N
b1100 +
b1100 0
b1100 <
b1100 M
#2716001
b1101 ."
#2717000
1]
b110 3
b110 :
b110 T
0Z
1W
1k
0m
0n
1Y
1j
b1101 5
b1101 D
b1101 G
b1101 S
b1101 e
b1101 >
b1101 H
b1101 N
b1101 +
b1101 0
b1101 <
b1101 M
#2718000
0c
b1111 $
b1111 4
b1111 8
1`
0U
b1111 2
b1111 9
b1111 g
1x
1Z
0W
b111 3
b111 :
b111 T
1]
0V
0k
1m
1n
1u
1v
0w
0Y
1\
0j
1s
b1110 5
b1110 D
b1110 G
b1110 S
b1110 e
b1110 >
b1110 H
b1110 N
b1110 +
b1110 0
b1110 <
b1110 M
#2718001
b1111 ."
#2719000
1c
0`
1U
0]
1V
b1000 3
b1000 :
b1000 T
0Z
1W
1k
0m
0n
1Y
1j
b1111 5
b1111 D
b1111 G
b1111 S
b1111 e
b1111 >
b1111 H
b1111 N
b1111 +
b1111 0
b1111 <
b1111 M
#2720000
b1010 $
b1010 4
b1010 8
0#
0#"
1]
0V
b1010 2
b1010 9
b1010 g
0o
0`
0U
b1010 3
b1010 :
b1010 T
1c
1n
1w
0~
0!"
1""
0("
1*"
1+"
0W
0k
0l
0Y
0\
0_
0b
0j
0s
0|
0'"
0X
1[
0i
1r
b0 5
b0 D
b0 G
b0 S
b0 e
b1010 6
b1010 E
b1010 Q
b1010 R
b1010 d
b0 >
b0 H
b0 N
b1010 *
b1010 /
b1010 ;
b1010 L
b1010 P
b0 +
b0 0
b0 <
b0 M
#2720001
b1010 ."
#2721000
b1011 $
b1011 4
b1011 8
b1011 2
b1011 9
b1011 g
1o
b1011 3
b1011 :
b1011 T
1Z
1l
1m
0n
1Y
1j
b1 5
b1 D
b1 G
b1 S
b1 e
b1 >
b1 H
b1 N
b1 +
b1 0
b1 <
b1 M
#2721001
b1011 ."
#2722000
b1010 $
b1010 4
b1010 8
1`
b1010 2
b1010 9
b1010 g
0o
0Z
b1100 3
b1100 :
b1100 T
0]
1V
0l
0m
1n
1t
0v
0w
0Y
1\
0j
1s
b10 5
b10 D
b10 G
b10 S
b10 e
b10 >
b10 H
b10 N
b10 +
b10 0
b10 <
b10 M
#2722001
b1010 ."
#2723000
b1011 $
b1011 4
b1011 8
b1011 2
b1011 9
b1011 g
1o
b1101 3
b1101 :
b1101 T
1Z
1l
1m
0n
1Y
1j
b11 5
b11 D
b11 G
b11 S
b11 e
b11 >
b11 H
b11 N
b11 +
b11 0
b11 <
b11 M
#2723001
b1011 ."
#2724000
b1110 $
b1110 4
b1110 8
1c
0#
0o
b1110 2
b1110 9
b1110 g
1#"
0Z
1]
0V
b1110 3
b1110 :
b1110 T
1`
0U
0l
0m
1n
0t
1v
1w
1~
1!"
0""
0Y
0\
1_
0j
0s
1|
b100 5
b100 D
b100 G
b100 S
b100 e
b100 >
b100 H
b100 N
b100 +
b100 0
b100 <
b100 M
#2724001
b1110 ."
#2725000
b1111 $
b1111 4
b1111 8
b1111 2
b1111 9
b1111 g
1o
b1111 3
b1111 :
b1111 T
1Z
1l
1m
0n
1Y
1j
b101 5
b101 D
b101 G
b101 S
b101 e
b101 >
b101 H
b101 N
b101 +
b101 0
b101 <
b101 M
#2725001
b1111 ."
#2726000
0c
1#
b1110 $
b1110 4
b1110 8
0`
1U
b1110 2
b1110 9
b1110 g
0o
0Z
b0 3
b0 :
b0 T
0]
1V
0l
0m
1n
1t
0v
0w
0Y
1\
0j
1s
b110 5
b110 D
b110 G
b110 S
b110 e
b110 >
b110 H
b110 N
b110 +
b110 0
b110 <
b110 M
#2726001
b1110 ."
#2727000
b1111 $
b1111 4
b1111 8
b1111 2
b1111 9
b1111 g
1o
b1 3
b1 :
b1 T
1Z
1l
1m
0n
1Y
1j
b111 5
b111 D
b111 G
b111 S
b111 e
b111 >
b111 H
b111 N
b111 +
b111 0
b111 <
b111 M
#2727001
b1111 ."
#2728000
b1010 $
b1010 4
b1010 8
0o
b1010 2
b1010 9
b1010 g
0#"
0Z
1]
0V
0`
0U
b10 3
b10 :
b10 T
0c
0l
0m
1n
0t
1v
1w
0~
0!"
1""
1("
0*"
0+"
0Y
0\
0_
1b
0j
0s
0|
1'"
b1000 5
b1000 D
b1000 G
b1000 S
b1000 e
b1000 >
b1000 H
b1000 N
b1000 +
b1000 0
b1000 <
b1000 M
#2728001
b1010 ."
#2729000
b1011 $
b1011 4
b1011 8
b1011 2
b1011 9
b1011 g
1o
b11 3
b11 :
b11 T
1Z
1l
1m
0n
1Y
1j
b1001 5
b1001 D
b1001 G
b1001 S
b1001 e
b1001 >
b1001 H
b1001 N
b1001 +
b1001 0
b1001 <
b1001 M
#2729001
b1011 ."
#2730000
b1010 $
b1010 4
b1010 8
1`
b1010 2
b1010 9
b1010 g
0o
0Z
b100 3
b100 :
b100 T
0]
1V
0l
0m
1n
1t
0v
0w
0Y
1\
0j
1s
b1010 5
b1010 D
b1010 G
b1010 S
b1010 e
b1010 >
b1010 H
b1010 N
b1010 +
b1010 0
b1010 <
b1010 M
#2730001
b1010 ."
#2731000
b1011 $
b1011 4
b1011 8
b1011 2
b1011 9
b1011 g
1o
b101 3
b101 :
b101 T
1Z
1l
1m
0n
1Y
1j
b1011 5
b1011 D
b1011 G
b1011 S
b1011 e
b1011 >
b1011 H
b1011 N
b1011 +
b1011 0
b1011 <
b1011 M
#2731001
b1011 ."
#2732000
b1110 $
b1110 4
b1110 8
0c
0o
b1110 2
b1110 9
b1110 g
1#"
0Z
1]
0V
b110 3
b110 :
b110 T
1`
0U
0l
0m
1n
0t
1v
1w
1~
1!"
0""
0Y
0\
1_
0j
0s
1|
b1100 5
b1100 D
b1100 G
b1100 S
b1100 e
b1100 >
b1100 H
b1100 N
b1100 +
b1100 0
b1100 <
b1100 M
#2732001
b1110 ."
#2733000
b1111 $
b1111 4
b1111 8
b1111 2
b1111 9
b1111 g
1o
b111 3
b111 :
b111 T
1Z
1l
1m
0n
1Y
1j
b1101 5
b1101 D
b1101 G
b1101 S
b1101 e
b1101 >
b1101 H
b1101 N
b1101 +
b1101 0
b1101 <
b1101 M
#2733001
b1111 ."
#2734000
1c
b1110 $
b1110 4
b1110 8
0`
1U
b1110 2
b1110 9
b1110 g
0o
0Z
b1000 3
b1000 :
b1000 T
0]
1V
0l
0m
1n
1t
0v
0w
0Y
1\
0j
1s
b1110 5
b1110 D
b1110 G
b1110 S
b1110 e
b1110 >
b1110 H
b1110 N
b1110 +
b1110 0
b1110 <
b1110 M
#2734001
b1110 ."
#2735000
b1111 $
b1111 4
b1111 8
b1111 2
b1111 9
b1111 g
1o
b1001 3
b1001 :
b1001 T
1Z
1l
1m
0n
1Y
1j
b1111 5
b1111 D
b1111 G
b1111 S
b1111 e
b1111 >
b1111 H
b1111 N
b1111 +
b1111 0
b1111 <
b1111 M
#2735001
b1111 ."
#2736000
b1011 $
b1011 4
b1011 8
0#
b1011 2
b1011 9
b1011 g
0#"
1]
0V
0`
0U
b1011 3
b1011 :
b1011 T
1c
1n
0t
1v
1w
0~
0!"
1""
0("
1*"
1+"
0Y
0\
0_
0b
0j
0s
0|
0'"
1X
1i
b0 5
b0 D
b0 G
b0 S
b0 e
b1011 6
b1011 E
b1011 Q
b1011 R
b1011 d
b0 >
b0 H
b0 N
b1011 *
b1011 /
b1011 ;
b1011 L
b1011 P
b0 +
b0 0
b0 <
b0 M
#2736001
b1011 ."
#2737000
1`
0]
1V
b1100 3
b1100 :
b1100 T
0Z
1W
1k
0m
0n
1Y
1j
b1 5
b1 D
b1 G
b1 S
b1 e
b1 >
b1 H
b1 N
b1 +
b1 0
b1 <
b1 M
#2738000
1Z
0W
b1101 3
b1101 :
b1101 T
0]
0k
1m
1n
1t
0v
0w
0Y
1\
0j
1s
b10 5
b10 D
b10 G
b10 S
b10 e
b10 >
b10 H
b10 N
b10 +
b10 0
b10 <
b10 M
#2739000
1]
b1110 3
b1110 :
b1110 T
0Z
1W
1k
0m
0n
1Y
1j
b11 5
b11 D
b11 G
b11 S
b11 e
b11 >
b11 H
b11 N
b11 +
b11 0
b11 <
b11 M
#2740000
b1111 $
b1111 4
b1111 8
0V
1c
0#
b1111 2
b1111 9
b1111 g
1#"
1Z
0W
1]
b1111 3
b1111 :
b1111 T
1`
0U
0k
1m
1n
0t
1v
1w
1~
1!"
0""
0Y
0\
1_
0j
0s
1|
b100 5
b100 D
b100 G
b100 S
b100 e
b100 >
b100 H
b100 N
b100 +
b100 0
b100 <
b100 M
#2740001
b1111 ."
#2741000
0c
1#
0`
1U
0]
1V
b0 3
b0 :
b0 T
0Z
1W
1k
0m
0n
1Y
1j
b101 5
b101 D
b101 G
b101 S
b101 e
b101 >
b101 H
b101 N
b101 +
b101 0
b101 <
b101 M
#2742000
1Z
0W
b1 3
b1 :
b1 T
0]
0k
1m
1n
1t
0v
0w
0Y
1\
0j
1s
b110 5
b110 D
b110 G
b110 S
b110 e
b110 >
b110 H
b110 N
b110 +
b110 0
b110 <
b110 M
#2743000
1]
b10 3
b10 :
b10 T
0Z
1W
1k
0m
0n
1Y
1j
b111 5
b111 D
b111 G
b111 S
b111 e
b111 >
b111 H
b111 N
b111 +
b111 0
b111 <
b111 M
#2744000
b1011 $
b1011 4
b1011 8
0V
b1011 2
b1011 9
b1011 g
0#"
1Z
0W
1]
0`
0U
b11 3
b11 :
b11 T
0c
0k
1m
1n
0t
1v
1w
0~
0!"
1""
1("
0*"
0+"
0Y
0\
0_
1b
0j
0s
0|
1'"
b1000 5
b1000 D
b1000 G
b1000 S
b1000 e
b1000 >
b1000 H
b1000 N
b1000 +
b1000 0
b1000 <
b1000 M
#2744001
b1011 ."
#2745000
1`
0]
1V
b100 3
b100 :
b100 T
0Z
1W
1k
0m
0n
1Y
1j
b1001 5
b1001 D
b1001 G
b1001 S
b1001 e
b1001 >
b1001 H
b1001 N
b1001 +
b1001 0
b1001 <
b1001 M
#2746000
1Z
0W
b101 3
b101 :
b101 T
0]
0k
1m
1n
1t
0v
0w
0Y
1\
0j
1s
b1010 5
b1010 D
b1010 G
b1010 S
b1010 e
b1010 >
b1010 H
b1010 N
b1010 +
b1010 0
b1010 <
b1010 M
#2747000
1]
b110 3
b110 :
b110 T
0Z
1W
1k
0m
0n
1Y
1j
b1011 5
b1011 D
b1011 G
b1011 S
b1011 e
b1011 >
b1011 H
b1011 N
b1011 +
b1011 0
b1011 <
b1011 M
#2748000
b1111 $
b1111 4
b1111 8
0V
0c
b1111 2
b1111 9
b1111 g
1#"
1Z
0W
1]
b111 3
b111 :
b111 T
1`
0U
0k
1m
1n
0t
1v
1w
1~
1!"
0""
0Y
0\
1_
0j
0s
1|
b1100 5
b1100 D
b1100 G
b1100 S
b1100 e
b1100 >
b1100 H
b1100 N
b1100 +
b1100 0
b1100 <
b1100 M
#2748001
b1111 ."
#2749000
1c
0`
1U
0]
1V
b1000 3
b1000 :
b1000 T
0Z
1W
1k
0m
0n
1Y
1j
b1101 5
b1101 D
b1101 G
b1101 S
b1101 e
b1101 >
b1101 H
b1101 N
b1101 +
b1101 0
b1101 <
b1101 M
#2750000
1Z
0W
b1001 3
b1001 :
b1001 T
0]
0k
1m
1n
1t
0v
0w
0Y
1\
0j
1s
b1110 5
b1110 D
b1110 G
b1110 S
b1110 e
b1110 >
b1110 H
b1110 N
b1110 +
b1110 0
b1110 <
b1110 M
#2751000
1]
b1010 3
b1010 :
b1010 T
0Z
1W
1k
0m
0n
1Y
1j
b1111 5
b1111 D
b1111 G
b1111 S
b1111 e
b1111 >
b1111 H
b1111 N
b1111 +
b1111 0
b1111 <
b1111 M
#2752000
0#
b1100 $
b1100 4
b1100 8
1`
0U
0]
0o
b1100 2
b1100 9
b1100 g
0x
0V
b1100 3
b1100 :
b1100 T
1c
1n
1w
1""
0("
1*"
1+"
0W
0k
0l
0t
0u
0Y
0\
0_
0b
0j
0s
0|
0'"
0X
0[
1^
0i
0r
1{
b0 5
b0 D
b0 G
b0 S
b0 e
b1100 6
b1100 E
b1100 Q
b1100 R
b1100 d
b0 >
b0 H
b0 N
b1100 *
b1100 /
b1100 ;
b1100 L
b1100 P
b0 +
b0 0
b0 <
b0 M
#2752001
b1100 ."
#2753000
b1101 $
b1101 4
b1101 8
b1101 2
b1101 9
b1101 g
1o
b1101 3
b1101 :
b1101 T
1Z
1l
1m
0n
1Y
1j
b1 5
b1 D
b1 G
b1 S
b1 e
b1 >
b1 H
b1 N
b1 +
b1 0
b1 <
b1 M
#2753001
b1101 ."
#2754000
b1110 $
b1110 4
b1110 8
0o
b1110 2
b1110 9
b1110 g
1x
0Z
b1110 3
b1110 :
b1110 T
1]
0l
0m
1n
1u
1v
0w
0Y
1\
0j
1s
b10 5
b10 D
b10 G
b10 S
b10 e
b10 >
b10 H
b10 N
b10 +
b10 0
b10 <
b10 M
#2754001
b1110 ."
#2755000
b1111 $
b1111 4
b1111 8
b1111 2
b1111 9
b1111 g
1o
b1111 3
b1111 :
b1111 T
1Z
1l
1m
0n
1Y
1j
b11 5
b11 D
b11 G
b11 S
b11 e
b11 >
b11 H
b11 N
b11 +
b11 0
b11 <
b11 M
#2755001
b1111 ."
#2756000
b1100 $
b1100 4
b1100 8
0c
1#
0o
b1100 2
b1100 9
b1100 g
0x
0Z
0]
b0 3
b0 :
b0 T
0`
1U
0l
0m
1n
0u
0v
1w
1}
0!"
0""
0Y
0\
1_
0j
0s
1|
b100 5
b100 D
b100 G
b100 S
b100 e
b100 >
b100 H
b100 N
b100 +
b100 0
b100 <
b100 M
#2756001
b1100 ."
#2757000
b1101 $
b1101 4
b1101 8
b1101 2
b1101 9
b1101 g
1o
b1 3
b1 :
b1 T
1Z
1l
1m
0n
1Y
1j
b101 5
b101 D
b101 G
b101 S
b101 e
b101 >
b101 H
b101 N
b101 +
b101 0
b101 <
b101 M
#2757001
b1101 ."
#2758000
b1110 $
b1110 4
b1110 8
0o
b1110 2
b1110 9
b1110 g
1x
0Z
b10 3
b10 :
b10 T
1]
0l
0m
1n
1u
1v
0w
0Y
1\
0j
1s
b110 5
b110 D
b110 G
b110 S
b110 e
b110 >
b110 H
b110 N
b110 +
b110 0
b110 <
b110 M
#2758001
b1110 ."
#2759000
b1111 $
b1111 4
b1111 8
b1111 2
b1111 9
b1111 g
1o
b11 3
b11 :
b11 T
1Z
1l
1m
0n
1Y
1j
b111 5
b111 D
b111 G
b111 S
b111 e
b111 >
b111 H
b111 N
b111 +
b111 0
b111 <
b111 M
#2759001
b1111 ."
#2760000
b1100 $
b1100 4
b1100 8
0o
b1100 2
b1100 9
b1100 g
0x
0Z
0]
1`
0U
b100 3
b100 :
b100 T
0c
0l
0m
1n
0u
0v
1w
0}
1!"
1""
1("
0*"
0+"
0Y
0\
0_
1b
0j
0s
0|
1'"
b1000 5
b1000 D
b1000 G
b1000 S
b1000 e
b1000 >
b1000 H
b1000 N
b1000 +
b1000 0
b1000 <
b1000 M
#2760001
b1100 ."
#2761000
b1101 $
b1101 4
b1101 8
b1101 2
b1101 9
b1101 g
1o
b101 3
b101 :
b101 T
1Z
1l
1m
0n
1Y
1j
b1001 5
b1001 D
b1001 G
b1001 S
b1001 e
b1001 >
b1001 H
b1001 N
b1001 +
b1001 0
b1001 <
b1001 M
#2761001
b1101 ."
#2762000
b1110 $
b1110 4
b1110 8
0o
b1110 2
b1110 9
b1110 g
1x
0Z
b110 3
b110 :
b110 T
1]
0l
0m
1n
1u
1v
0w
0Y
1\
0j
1s
b1010 5
b1010 D
b1010 G
b1010 S
b1010 e
b1010 >
b1010 H
b1010 N
b1010 +
b1010 0
b1010 <
b1010 M
#2762001
b1110 ."
#2763000
b1111 $
b1111 4
b1111 8
b1111 2
b1111 9
b1111 g
1o
b111 3
b111 :
b111 T
1Z
1l
1m
0n
1Y
1j
b1011 5
b1011 D
b1011 G
b1011 S
b1011 e
b1011 >
b1011 H
b1011 N
b1011 +
b1011 0
b1011 <
b1011 M
#2763001
b1111 ."
#2764000
b1100 $
b1100 4
b1100 8
1c
0o
b1100 2
b1100 9
b1100 g
0x
0Z
0]
b1000 3
b1000 :
b1000 T
0`
1U
0l
0m
1n
0u
0v
1w
1}
0!"
0""
0Y
0\
1_
0j
0s
1|
b1100 5
b1100 D
b1100 G
b1100 S
b1100 e
b1100 >
b1100 H
b1100 N
b1100 +
b1100 0
b1100 <
b1100 M
#2764001
b1100 ."
#2765000
b1101 $
b1101 4
b1101 8
b1101 2
b1101 9
b1101 g
1o
b1001 3
b1001 :
b1001 T
1Z
1l
1m
0n
1Y
1j
b1101 5
b1101 D
b1101 G
b1101 S
b1101 e
b1101 >
b1101 H
b1101 N
b1101 +
b1101 0
b1101 <
b1101 M
#2765001
b1101 ."
#2766000
b1110 $
b1110 4
b1110 8
0o
b1110 2
b1110 9
b1110 g
1x
0Z
b1010 3
b1010 :
b1010 T
1]
0l
0m
1n
1u
1v
0w
0Y
1\
0j
1s
b1110 5
b1110 D
b1110 G
b1110 S
b1110 e
b1110 >
b1110 H
b1110 N
b1110 +
b1110 0
b1110 <
b1110 M
#2766001
b1110 ."
#2767000
b1111 $
b1111 4
b1111 8
b1111 2
b1111 9
b1111 g
1o
b1011 3
b1011 :
b1011 T
1Z
1l
1m
0n
1Y
1j
b1111 5
b1111 D
b1111 G
b1111 S
b1111 e
b1111 >
b1111 H
b1111 N
b1111 +
b1111 0
b1111 <
b1111 M
#2767001
b1111 ."
#2768000
b1101 $
b1101 4
b1101 8
0#
b1101 2
b1101 9
b1101 g
0x
0]
1`
0U
b1101 3
b1101 :
b1101 T
1c
1n
0u
0v
1w
0}
1!"
1""
0("
1*"
1+"
0Y
0\
0_
0b
0j
0s
0|
0'"
1X
1i
b0 5
b0 D
b0 G
b0 S
b0 e
b1101 6
b1101 E
b1101 Q
b1101 R
b1101 d
b0 >
b0 H
b0 N
b1101 *
b1101 /
b1101 ;
b1101 L
b1101 P
b0 +
b0 0
b0 <
b0 M
#2768001
b1101 ."
#2769000
1]
b1110 3
b1110 :
b1110 T
0Z
1W
1k
0m
0n
1Y
1j
b1 5
b1 D
b1 G
b1 S
b1 e
b1 >
b1 H
b1 N
b1 +
b1 0
b1 <
b1 M
#2770000
1c
0#
b1111 $
b1111 4
b1111 8
1`
0U
b1111 2
b1111 9
b1111 g
1x
1Z
0W
b1111 3
b1111 :
b1111 T
1]
0V
0k
1m
1n
1u
1v
0w
0Y
1\
0j
1s
b10 5
b10 D
b10 G
b10 S
b10 e
b10 >
b10 H
b10 N
b10 +
b10 0
b10 <
b10 M
#2770001
b1111 ."
#2771000
0c
1#
0`
1U
0]
1V
b0 3
b0 :
b0 T
0Z
1W
1k
0m
0n
1Y
1j
b11 5
b11 D
b11 G
b11 S
b11 e
b11 >
b11 H
b11 N
b11 +
b11 0
b11 <
b11 M
#2772000
b1101 $
b1101 4
b1101 8
b1101 2
b1101 9
b1101 g
0x
1Z
0W
0]
0V
b1 3
b1 :
b1 T
0`
0k
1m
1n
0u
0v
1w
1}
0!"
0""
0Y
0\
1_
0j
0s
1|
b100 5
b100 D
b100 G
b100 S
b100 e
b100 >
b100 H
b100 N
b100 +
b100 0
b100 <
b100 M
#2772001
b1101 ."
#2773000
1]
b10 3
b10 :
b10 T
0Z
1W
1k
0m
0n
1Y
1j
b101 5
b101 D
b101 G
b101 S
b101 e
b101 >
b101 H
b101 N
b101 +
b101 0
b101 <
b101 M
#2774000
b1111 $
b1111 4
b1111 8
0`
b1111 2
b1111 9
b1111 g
1x
1Z
0W
b11 3
b11 :
b11 T
1]
0V
0k
1m
1n
1u
1v
0w
0Y
1\
0j
1s
b110 5
b110 D
b110 G
b110 S
b110 e
b110 >
b110 H
b110 N
b110 +
b110 0
b110 <
b110 M
#2774001
b1111 ."
#2775000
1`
0]
1V
b100 3
b100 :
b100 T
0Z
1W
1k
0m
0n
1Y
1j
b111 5
b111 D
b111 G
b111 S
b111 e
b111 >
b111 H
b111 N
b111 +
b111 0
b111 <
b111 M
#2776000
b1101 $
b1101 4
b1101 8
0U
b1101 2
b1101 9
b1101 g
0x
1Z
0W
0]
0V
1`
b101 3
b101 :
b101 T
0c
0k
1m
1n
0u
0v
1w
0}
1!"
1""
1("
0*"
0+"
0Y
0\
0_
1b
0j
0s
0|
1'"
b1000 5
b1000 D
b1000 G
b1000 S
b1000 e
b1000 >
b1000 H
b1000 N
b1000 +
b1000 0
b1000 <
b1000 M
#2776001
b1101 ."
#2777000
1]
b110 3
b110 :
b110 T
0Z
1W
1k
0m
0n
1Y
1j
b1001 5
b1001 D
b1001 G
b1001 S
b1001 e
b1001 >
b1001 H
b1001 N
b1001 +
b1001 0
b1001 <
b1001 M
#2778000
0c
b1111 $
b1111 4
b1111 8
1`
0U
b1111 2
b1111 9
b1111 g
1x
1Z
0W
b111 3
b111 :
b111 T
1]
0V
0k
1m
1n
1u
1v
0w
0Y
1\
0j
1s
b1010 5
b1010 D
b1010 G
b1010 S
b1010 e
b1010 >
b1010 H
b1010 N
b1010 +
b1010 0
b1010 <
b1010 M
#2778001
b1111 ."
#2779000
1c
0`
1U
0]
1V
b1000 3
b1000 :
b1000 T
0Z
1W
1k
0m
0n
1Y
1j
b1011 5
b1011 D
b1011 G
b1011 S
b1011 e
b1011 >
b1011 H
b1011 N
b1011 +
b1011 0
b1011 <
b1011 M
#2780000
b1101 $
b1101 4
b1101 8
b1101 2
b1101 9
b1101 g
0x
1Z
0W
0]
0V
b1001 3
b1001 :
b1001 T
0`
0k
1m
1n
0u
0v
1w
1}
0!"
0""
0Y
0\
1_
0j
0s
1|
b1100 5
b1100 D
b1100 G
b1100 S
b1100 e
b1100 >
b1100 H
b1100 N
b1100 +
b1100 0
b1100 <
b1100 M
#2780001
b1101 ."
#2781000
1]
b1010 3
b1010 :
b1010 T
0Z
1W
1k
0m
0n
1Y
1j
b1101 5
b1101 D
b1101 G
b1101 S
b1101 e
b1101 >
b1101 H
b1101 N
b1101 +
b1101 0
b1101 <
b1101 M
#2782000
b1111 $
b1111 4
b1111 8
0`
b1111 2
b1111 9
b1111 g
1x
1Z
0W
b1011 3
b1011 :
b1011 T
1]
0V
0k
1m
1n
1u
1v
0w
0Y
1\
0j
1s
b1110 5
b1110 D
b1110 G
b1110 S
b1110 e
b1110 >
b1110 H
b1110 N
b1110 +
b1110 0
b1110 <
b1110 M
#2782001
b1111 ."
#2783000
1`
0]
1V
b1100 3
b1100 :
b1100 T
0Z
1W
1k
0m
0n
1Y
1j
b1111 5
b1111 D
b1111 G
b1111 S
b1111 e
b1111 >
b1111 H
b1111 N
b1111 +
b1111 0
b1111 <
b1111 M
#2784000
0#
0U
b1110 $
b1110 4
b1110 8
1]
0V
b1110 2
b1110 9
b1110 g
0o
1`
b1110 3
b1110 :
b1110 T
1c
1n
1w
0}
1!"
1""
0("
1*"
1+"
0W
0k
0l
0Y
0\
0_
0b
0j
0s
0|
0'"
0X
1[
0i
1r
b0 5
b0 D
b0 G
b0 S
b0 e
b1110 6
b1110 E
b1110 Q
b1110 R
b1110 d
b0 >
b0 H
b0 N
b1110 *
b1110 /
b1110 ;
b1110 L
b1110 P
b0 +
b0 0
b0 <
b0 M
#2784001
b1110 ."
#2785000
b1111 $
b1111 4
b1111 8
b1111 2
b1111 9
b1111 g
1o
b1111 3
b1111 :
b1111 T
1Z
1l
1m
0n
1Y
1j
b1 5
b1 D
b1 G
b1 S
b1 e
b1 >
b1 H
b1 N
b1 +
b1 0
b1 <
b1 M
#2785001
b1111 ."
#2786000
0c
1#
b1110 $
b1110 4
b1110 8
0`
1U
b1110 2
b1110 9
b1110 g
0o
0Z
b0 3
b0 :
b0 T
0]
1V
0l
0m
1n
1t
0v
0w
0Y
1\
0j
1s
b10 5
b10 D
b10 G
b10 S
b10 e
b10 >
b10 H
b10 N
b10 +
b10 0
b10 <
b10 M
#2786001
b1110 ."
#2787000
b1111 $
b1111 4
b1111 8
b1111 2
b1111 9
b1111 g
1o
b1 3
b1 :
b1 T
1Z
1l
1m
0n
1Y
1j
b11 5
b11 D
b11 G
b11 S
b11 e
b11 >
b11 H
b11 N
b11 +
b11 0
b11 <
b11 M
#2787001
b1111 ."
#2788000
b1110 $
b1110 4
b1110 8
b1110 2
b1110 9
b1110 g
0o
0Z
1]
0V
b10 3
b10 :
b10 T
0`
0l
0m
1n
0t
1v
1w
1}
0!"
0""
0Y
0\
1_
0j
0s
1|
b100 5
b100 D
b100 G
b100 S
b100 e
b100 >
b100 H
b100 N
b100 +
b100 0
b100 <
b100 M
#2788001
b1110 ."
#2789000
b1111 $
b1111 4
b1111 8
b1111 2
b1111 9
b1111 g
1o
b11 3
b11 :
b11 T
1Z
1l
1m
0n
1Y
1j
b101 5
b101 D
b101 G
b101 S
b101 e
b101 >
b101 H
b101 N
b101 +
b101 0
b101 <
b101 M
#2789001
b1111 ."
#2790000
b1110 $
b1110 4
b1110 8
1`
b1110 2
b1110 9
b1110 g
0o
0Z
b100 3
b100 :
b100 T
0]
1V
0l
0m
1n
1t
0v
0w
0Y
1\
0j
1s
b110 5
b110 D
b110 G
b110 S
b110 e
b110 >
b110 H
b110 N
b110 +
b110 0
b110 <
b110 M
#2790001
b1110 ."
#2791000
b1111 $
b1111 4
b1111 8
b1111 2
b1111 9
b1111 g
1o
b101 3
b101 :
b101 T
1Z
1l
1m
0n
1Y
1j
b111 5
b111 D
b111 G
b111 S
b111 e
b111 >
b111 H
b111 N
b111 +
b111 0
b111 <
b111 M
#2791001
b1111 ."
#2792000
b1110 $
b1110 4
b1110 8
0U
b1110 2
b1110 9
b1110 g
0o
0Z
1]
0V
1`
b110 3
b110 :
b110 T
0c
0l
0m
1n
0t
1v
1w
0}
1!"
1""
1("
0*"
0+"
0Y
0\
0_
1b
0j
0s
0|
1'"
b1000 5
b1000 D
b1000 G
b1000 S
b1000 e
b1000 >
b1000 H
b1000 N
b1000 +
b1000 0
b1000 <
b1000 M
#2792001
b1110 ."
#2793000
b1111 $
b1111 4
b1111 8
b1111 2
b1111 9
b1111 g
1o
b111 3
b111 :
b111 T
1Z
1l
1m
0n
1Y
1j
b1001 5
b1001 D
b1001 G
b1001 S
b1001 e
b1001 >
b1001 H
b1001 N
b1001 +
b1001 0
b1001 <
b1001 M
#2793001
b1111 ."
#2794000
1c
b1110 $
b1110 4
b1110 8
0`
1U
b1110 2
b1110 9
b1110 g
0o
0Z
b1000 3
b1000 :
b1000 T
0]
1V
0l
0m
1n
1t
0v
0w
0Y
1\
0j
1s
b1010 5
b1010 D
b1010 G
b1010 S
b1010 e
b1010 >
b1010 H
b1010 N
b1010 +
b1010 0
b1010 <
b1010 M
#2794001
b1110 ."
#2795000
b1111 $
b1111 4
b1111 8
b1111 2
b1111 9
b1111 g
1o
b1001 3
b1001 :
b1001 T
1Z
1l
1m
0n
1Y
1j
b1011 5
b1011 D
b1011 G
b1011 S
b1011 e
b1011 >
b1011 H
b1011 N
b1011 +
b1011 0
b1011 <
b1011 M
#2795001
b1111 ."
#2796000
b1110 $
b1110 4
b1110 8
b1110 2
b1110 9
b1110 g
0o
0Z
1]
0V
b1010 3
b1010 :
b1010 T
0`
0l
0m
1n
0t
1v
1w
1}
0!"
0""
0Y
0\
1_
0j
0s
1|
b1100 5
b1100 D
b1100 G
b1100 S
b1100 e
b1100 >
b1100 H
b1100 N
b1100 +
b1100 0
b1100 <
b1100 M
#2796001
b1110 ."
#2797000
b1111 $
b1111 4
b1111 8
b1111 2
b1111 9
b1111 g
1o
b1011 3
b1011 :
b1011 T
1Z
1l
1m
0n
1Y
1j
b1101 5
b1101 D
b1101 G
b1101 S
b1101 e
b1101 >
b1101 H
b1101 N
b1101 +
b1101 0
b1101 <
b1101 M
#2797001
b1111 ."
#2798000
b1110 $
b1110 4
b1110 8
1`
b1110 2
b1110 9
b1110 g
0o
0Z
b1100 3
b1100 :
b1100 T
0]
1V
0l
0m
1n
1t
0v
0w
0Y
1\
0j
1s
b1110 5
b1110 D
b1110 G
b1110 S
b1110 e
b1110 >
b1110 H
b1110 N
b1110 +
b1110 0
b1110 <
b1110 M
#2798001
b1110 ."
#2799000
b1111 $
b1111 4
b1111 8
b1111 2
b1111 9
b1111 g
1o
b1101 3
b1101 :
b1101 T
1Z
1l
1m
0n
1Y
1j
b1111 5
b1111 D
b1111 G
b1111 S
b1111 e
b1111 >
b1111 H
b1111 N
b1111 +
b1111 0
b1111 <
b1111 M
#2799001
b1111 ."
#2800000
0#
0U
1]
0V
1`
b1111 3
b1111 :
b1111 T
1c
1n
0t
1v
1w
0}
1!"
1""
0("
1*"
1+"
0Y
0\
0_
0b
0j
0s
0|
0'"
1X
1i
b0 5
b0 D
b0 G
b0 S
b0 e
b1111 6
b1111 E
b1111 Q
b1111 R
b1111 d
b0 >
b0 H
b0 N
b1111 *
b1111 /
b1111 ;
b1111 L
b1111 P
b0 +
b0 0
b0 <
b0 M
#2801000
0c
1#
0`
1U
0]
1V
b0 3
b0 :
b0 T
0Z
1W
1k
0m
0n
1Y
1j
b1 5
b1 D
b1 G
b1 S
b1 e
b1 >
b1 H
b1 N
b1 +
b1 0
b1 <
b1 M
#2802000
1Z
0W
b1 3
b1 :
b1 T
0]
0k
1m
1n
1t
0v
0w
0Y
1\
0j
1s
b10 5
b10 D
b10 G
b10 S
b10 e
b10 >
b10 H
b10 N
b10 +
b10 0
b10 <
b10 M
#2803000
1]
b10 3
b10 :
b10 T
0Z
1W
1k
0m
0n
1Y
1j
b11 5
b11 D
b11 G
b11 S
b11 e
b11 >
b11 H
b11 N
b11 +
b11 0
b11 <
b11 M
#2804000
0V
1Z
0W
1]
b11 3
b11 :
b11 T
0`
0k
1m
1n
0t
1v
1w
1}
0!"
0""
0Y
0\
1_
0j
0s
1|
b100 5
b100 D
b100 G
b100 S
b100 e
b100 >
b100 H
b100 N
b100 +
b100 0
b100 <
b100 M
#2805000
1`
0]
1V
b100 3
b100 :
b100 T
0Z
1W
1k
0m
0n
1Y
1j
b101 5
b101 D
b101 G
b101 S
b101 e
b101 >
b101 H
b101 N
b101 +
b101 0
b101 <
b101 M
#2806000
1Z
0W
b101 3
b101 :
b101 T
0]
0k
1m
1n
1t
0v
0w
0Y
1\
0j
1s
b110 5
b110 D
b110 G
b110 S
b110 e
b110 >
b110 H
b110 N
b110 +
b110 0
b110 <
b110 M
#2807000
1]
b110 3
b110 :
b110 T
0Z
1W
1k
0m
0n
1Y
1j
b111 5
b111 D
b111 G
b111 S
b111 e
b111 >
b111 H
b111 N
b111 +
b111 0
b111 <
b111 M
#2808000
0U
0V
1Z
0W
1]
1`
b111 3
b111 :
b111 T
0c
0k
1m
1n
0t
1v
1w
0}
1!"
1""
1("
0*"
0+"
0Y
0\
0_
1b
0j
0s
0|
1'"
b1000 5
b1000 D
b1000 G
b1000 S
b1000 e
b1000 >
b1000 H
b1000 N
b1000 +
b1000 0
b1000 <
b1000 M
#2809000
1c
0`
1U
0]
1V
b1000 3
b1000 :
b1000 T
0Z
1W
1k
0m
0n
1Y
1j
b1001 5
b1001 D
b1001 G
b1001 S
b1001 e
b1001 >
b1001 H
b1001 N
b1001 +
b1001 0
b1001 <
b1001 M
#2810000
1Z
0W
b1001 3
b1001 :
b1001 T
0]
0k
1m
1n
1t
0v
0w
0Y
1\
0j
1s
b1010 5
b1010 D
b1010 G
b1010 S
b1010 e
b1010 >
b1010 H
b1010 N
b1010 +
b1010 0
b1010 <
b1010 M
#2811000
1]
b1010 3
b1010 :
b1010 T
0Z
1W
1k
0m
0n
1Y
1j
b1011 5
b1011 D
b1011 G
b1011 S
b1011 e
b1011 >
b1011 H
b1011 N
b1011 +
b1011 0
b1011 <
b1011 M
#2812000
0V
1Z
0W
1]
b1011 3
b1011 :
b1011 T
0`
0k
1m
1n
0t
1v
1w
1}
0!"
0""
0Y
0\
1_
0j
0s
1|
b1100 5
b1100 D
b1100 G
b1100 S
b1100 e
b1100 >
b1100 H
b1100 N
b1100 +
b1100 0
b1100 <
b1100 M
#2813000
1`
0]
1V
b1100 3
b1100 :
b1100 T
0Z
1W
1k
0m
0n
1Y
1j
b1101 5
b1101 D
b1101 G
b1101 S
b1101 e
b1101 >
b1101 H
b1101 N
b1101 +
b1101 0
b1101 <
b1101 M
#2814000
1Z
0W
b1101 3
b1101 :
b1101 T
0]
0k
1m
1n
1t
0v
0w
0Y
1\
0j
1s
b1110 5
b1110 D
b1110 G
b1110 S
b1110 e
b1110 >
b1110 H
b1110 N
b1110 +
b1110 0
b1110 <
b1110 M
#2815000
1]
b1110 3
b1110 :
b1110 T
0Z
1W
1k
0m
0n
1Y
1j
b1111 5
b1111 D
b1111 G
b1111 S
b1111 e
b1111 >
b1111 H
b1111 N
b1111 +
b1111 0
b1111 <
b1111 M
#2816000
0"
1!
b0 $
b0 4
b0 8
0]
0`
0c
0o
0x
0#"
b0 2
b0 9
b0 g
0,"
0W
0V
0U
0#
1n
1w
1""
1+"
0k
0l
0t
0u
0}
0~
0("
0)"
0Y
0\
0_
0b
0j
0s
0|
0'"
0X
0[
0^
0a
0i
0r
0{
0&"
b0 5
b0 D
b0 G
b0 S
b0 e
b1 3
b1 :
b1 T
1Z
b0 6
b0 E
b0 Q
b0 R
b0 d
b0 >
b0 H
b0 N
1-
b0 *
b0 /
b0 ;
b0 L
b0 P
b0 +
b0 0
b0 <
b0 M
#2816001
11"
00"
b0 ."
#2817000
0!
b1 $
b1 4
b1 8
1]
b1 2
b1 9
b1 g
1o
b10 3
b10 :
b10 T
0Z
1W
1l
1m
0n
1Y
1j
b1 5
b1 D
b1 G
b1 S
b1 e
b1 >
b1 H
b1 N
b1 +
b1 0
b1 <
b1 M
#2817001
01"
b1 ."
#2818000
b10 $
b10 4
b10 8
0`
0o
b10 2
b10 9
b10 g
1x
1Z
0W
b11 3
b11 :
b11 T
1]
0V
0l
0m
1n
1u
1v
0w
0Y
1\
0j
1s
b10 5
b10 D
b10 G
b10 S
b10 e
b10 >
b10 H
b10 N
b10 +
b10 0
b10 <
b10 M
#2818001
b10 ."
#2819000
1`
b11 $
b11 4
b11 8
0]
1V
b11 2
b11 9
b11 g
1o
b100 3
b100 :
b100 T
0Z
1W
1l
1m
0n
1Y
1j
b11 5
b11 D
b11 G
b11 S
b11 e
b11 >
b11 H
b11 N
b11 +
b11 0
b11 <
b11 M
#2819001
b11 ."
#2820000
b100 $
b100 4
b100 8
0c
0o
0x
b100 2
b100 9
b100 g
1#"
1Z
0W
0]
0V
b101 3
b101 :
b101 T
1`
0U
0l
0m
1n
0u
0v
1w
1~
1!"
0""
0Y
0\
1_
0j
0s
1|
b100 5
b100 D
b100 G
b100 S
b100 e
b100 >
b100 H
b100 N
b100 +
b100 0
b100 <
b100 M
#2820001
b100 ."
#2821000
b101 $
b101 4
b101 8
1]
b101 2
b101 9
b101 g
1o
b110 3
b110 :
b110 T
0Z
1W
1l
1m
0n
1Y
1j
b101 5
b101 D
b101 G
b101 S
b101 e
b101 >
b101 H
b101 N
b101 +
b101 0
b101 <
b101 M
#2821001
b101 ."
#2822000
0c
b110 $
b110 4
b110 8
1`
0U
0o
b110 2
b110 9
b110 g
1x
1Z
0W
b111 3
b111 :
b111 T
1]
0V
0l
0m
1n
1u
1v
0w
0Y
1\
0j
1s
b110 5
b110 D
b110 G
b110 S
b110 e
b110 >
b110 H
b110 N
b110 +
b110 0
b110 <
b110 M
#2822001
b110 ."
#2823000
1c
0`
1U
b111 $
b111 4
b111 8
0]
1V
b111 2
b111 9
b111 g
1o
b1000 3
b1000 :
b1000 T
0Z
1W
1l
1m
0n
1Y
1j
b111 5
b111 D
b111 G
b111 S
b111 e
b111 >
b111 H
b111 N
b111 +
b111 0
b111 <
b111 M
#2823001
b111 ."
#2824000
1"
b1000 $
b1000 4
b1000 8
0o
0x
0#"
b1000 2
b1000 9
b1000 g
1,"
1Z
0W
0]
0V
0`
0U
b1001 3
b1001 :
b1001 T
1c
0#
0l
0m
1n
0u
0v
1w
0~
0!"
1""
1)"
1*"
0+"
0Y
0\
0_
1b
0j
0s
0|
1'"
b1000 5
b1000 D
b1000 G
b1000 S
b1000 e
b1000 >
b1000 H
b1000 N
b1000 +
b1000 0
b1000 <
b1000 M
#2824001
10"
b1000 ."
#2825000
b1001 $
b1001 4
b1001 8
1]
b1001 2
b1001 9
b1001 g
1o
b1010 3
b1010 :
b1010 T
0Z
1W
1l
1m
0n
1Y
1j
b1001 5
b1001 D
b1001 G
b1001 S
b1001 e
b1001 >
b1001 H
b1001 N
b1001 +
b1001 0
b1001 <
b1001 M
#2825001
b1001 ."
#2826000
b1010 $
b1010 4
b1010 8
0`
0o
b1010 2
b1010 9
b1010 g
1x
1Z
0W
b1011 3
b1011 :
b1011 T
1]
0V
0l
0m
1n
1u
1v
0w
0Y
1\
0j
1s
b1010 5
b1010 D
b1010 G
b1010 S
b1010 e
b1010 >
b1010 H
b1010 N
b1010 +
b1010 0
b1010 <
b1010 M
#2826001
b1010 ."
#2827000
1`
b1011 $
b1011 4
b1011 8
0]
1V
b1011 2
b1011 9
b1011 g
1o
b1100 3
b1100 :
b1100 T
0Z
1W
1l
1m
0n
1Y
1j
b1011 5
b1011 D
b1011 G
b1011 S
b1011 e
b1011 >
b1011 H
b1011 N
b1011 +
b1011 0
b1011 <
b1011 M
#2827001
b1011 ."
#2828000
b1100 $
b1100 4
b1100 8
1c
0#
0o
0x
b1100 2
b1100 9
b1100 g
1#"
1Z
0W
0]
0V
b1101 3
b1101 :
b1101 T
1`
0U
0l
0m
1n
0u
0v
1w
1~
1!"
0""
0Y
0\
1_
0j
0s
1|
b1100 5
b1100 D
b1100 G
b1100 S
b1100 e
b1100 >
b1100 H
b1100 N
b1100 +
b1100 0
b1100 <
b1100 M
#2828001
b1100 ."
#2829000
b1101 $
b1101 4
b1101 8
1]
b1101 2
b1101 9
b1101 g
1o
b1110 3
b1110 :
b1110 T
0Z
1W
1l
1m
0n
1Y
1j
b1101 5
b1101 D
b1101 G
b1101 S
b1101 e
b1101 >
b1101 H
b1101 N
b1101 +
b1101 0
b1101 <
b1101 M
#2829001
b1101 ."
#2830000
1c
0#
b1110 $
b1110 4
b1110 8
1`
0U
0o
b1110 2
b1110 9
b1110 g
1x
1Z
0W
b1111 3
b1111 :
b1111 T
1]
0V
0l
0m
1n
1u
1v
0w
0Y
1\
0j
1s
b1110 5
b1110 D
b1110 G
b1110 S
b1110 e
b1110 >
b1110 H
b1110 N
b1110 +
b1110 0
b1110 <
b1110 M
#2830001
b1110 ."
#2831000
0c
1#
0`
1U
b1111 $
b1111 4
b1111 8
0]
1V
b1111 2
b1111 9
b1111 g
1o
b0 3
b0 :
b0 T
0Z
1W
1l
1m
0n
1Y
1j
b1111 5
b1111 D
b1111 G
b1111 S
b1111 e
b1111 >
b1111 H
b1111 N
b1111 +
b1111 0
b1111 <
b1111 M
#2831001
b1111 ."
#2832000
0"
b1 $
b1 4
b1 8
0x
0#"
b1 2
b1 9
b1 g
0,"
1]
0V
0`
0U
b10 3
b10 :
b10 T
0c
0#
1n
0u
0v
1w
0~
0!"
1""
0)"
0*"
1+"
0Y
0\
0_
0b
0j
0s
0|
0'"
1X
1i
b0 5
b0 D
b0 G
b0 S
b0 e
b1 6
b1 E
b1 Q
b1 R
b1 d
b0 >
b0 H
b0 N
b1 *
b1 /
b1 ;
b1 L
b1 P
b0 +
b0 0
b0 <
b0 M
#2832001
00"
b1 ."
#2833000
b11 3
b11 :
b11 T
1Z
1k
0m
0n
1Y
1j
b1 5
b1 D
b1 G
b1 S
b1 e
b1 >
b1 H
b1 N
b1 +
b1 0
b1 <
b1 M
#2834000
b11 $
b11 4
b11 8
1`
b11 2
b11 9
b11 g
1x
0Z
b100 3
b100 :
b100 T
0]
1V
0k
1m
1n
1u
1v
0w
0Y
1\
0j
1s
b10 5
b10 D
b10 G
b10 S
b10 e
b10 >
b10 H
b10 N
b10 +
b10 0
b10 <
b10 M
#2834001
b11 ."
#2835000
b101 3
b101 :
b101 T
1Z
1k
0m
0n
1Y
1j
b11 5
b11 D
b11 G
b11 S
b11 e
b11 >
b11 H
b11 N
b11 +
b11 0
b11 <
b11 M
#2836000
b101 $
b101 4
b101 8
0c
0x
b101 2
b101 9
b101 g
1#"
0Z
1]
0V
b110 3
b110 :
b110 T
1`
0U
0k
1m
1n
0u
0v
1w
1~
1!"
0""
0Y
0\
1_
0j
0s
1|
b100 5
b100 D
b100 G
b100 S
b100 e
b100 >
b100 H
b100 N
b100 +
b100 0
b100 <
b100 M
#2836001
b101 ."
#2837000
b111 3
b111 :
b111 T
1Z
1k
0m
0n
1Y
1j
b101 5
b101 D
b101 G
b101 S
b101 e
b101 >
b101 H
b101 N
b101 +
b101 0
b101 <
b101 M
#2838000
1c
b111 $
b111 4
b111 8
0`
1U
b111 2
b111 9
b111 g
1x
0Z
b1000 3
b1000 :
b1000 T
0]
1V
0k
1m
1n
1u
1v
0w
0Y
1\
0j
1s
b110 5
b110 D
b110 G
b110 S
b110 e
b110 >
b110 H
b110 N
b110 +
b110 0
b110 <
b110 M
#2838001
b111 ."
#2839000
b1001 3
b1001 :
b1001 T
1Z
1k
0m
0n
1Y
1j
b111 5
b111 D
b111 G
b111 S
b111 e
b111 >
b111 H
b111 N
b111 +
b111 0
b111 <
b111 M
#2840000
1"
b1001 $
b1001 4
b1001 8
0x
0#"
b1001 2
b1001 9
b1001 g
1,"
0Z
1]
0V
0`
0U
b1010 3
b1010 :
b1010 T
1c
0#
0k
1m
1n
0u
0v
1w
0~
0!"
1""
1)"
1*"
0+"
0Y
0\
0_
1b
0j
0s
0|
1'"
b1000 5
b1000 D
b1000 G
b1000 S
b1000 e
b1000 >
b1000 H
b1000 N
b1000 +
b1000 0
b1000 <
b1000 M
#2840001
10"
b1001 ."
#2841000
b1011 3
b1011 :
b1011 T
1Z
1k
0m
0n
1Y
1j
b1001 5
b1001 D
b1001 G
b1001 S
b1001 e
b1001 >
b1001 H
b1001 N
b1001 +
b1001 0
b1001 <
b1001 M
#2842000
b1011 $
b1011 4
b1011 8
1`
b1011 2
b1011 9
b1011 g
1x
0Z
b1100 3
b1100 :
b1100 T
0]
1V
0k
1m
1n
1u
1v
0w
0Y
1\
0j
1s
b1010 5
b1010 D
b1010 G
b1010 S
b1010 e
b1010 >
b1010 H
b1010 N
b1010 +
b1010 0
b1010 <
b1010 M
#2842001
b1011 ."
#2843000
b1101 3
b1101 :
b1101 T
1Z
1k
0m
0n
1Y
1j
b1011 5
b1011 D
b1011 G
b1011 S
b1011 e
b1011 >
b1011 H
b1011 N
b1011 +
b1011 0
b1011 <
b1011 M
#2844000
b1101 $
b1101 4
b1101 8
1c
0#
0x
b1101 2
b1101 9
b1101 g
1#"
0Z
1]
0V
b1110 3
b1110 :
b1110 T
1`
0U
0k
1m
1n
0u
0v
1w
1~
1!"
0""
0Y
0\
1_
0j
0s
1|
b1100 5
b1100 D
b1100 G
b1100 S
b1100 e
b1100 >
b1100 H
b1100 N
b1100 +
b1100 0
b1100 <
b1100 M
#2844001
b1101 ."
#2845000
b1111 3
b1111 :
b1111 T
1Z
1k
0m
0n
1Y
1j
b1101 5
b1101 D
b1101 G
b1101 S
b1101 e
b1101 >
b1101 H
b1101 N
b1101 +
b1101 0
b1101 <
b1101 M
#2846000
0c
1#
b1111 $
b1111 4
b1111 8
0`
1U
b1111 2
b1111 9
b1111 g
1x
0Z
b0 3
b0 :
b0 T
0]
1V
0k
1m
1n
1u
1v
0w
0Y
1\
0j
1s
b1110 5
b1110 D
b1110 G
b1110 S
b1110 e
b1110 >
b1110 H
b1110 N
b1110 +
b1110 0
b1110 <
b1110 M
#2846001
b1111 ."
#2847000
b1 3
b1 :
b1 T
1Z
1k
0m
0n
1Y
1j
b1111 5
b1111 D
b1111 G
b1111 S
b1111 e
b1111 >
b1111 H
b1111 N
b1111 +
b1111 0
b1111 <
b1111 M
#2848000
0"
b10 $
b10 4
b10 8
1]
0V
0#"
0,"
b10 2
b10 9
b10 g
0o
0W
0`
0U
b11 3
b11 :
b11 T
0c
0#
1n
1w
0~
0!"
1""
0)"
0*"
1+"
0k
0l
0Y
0\
0_
0b
0j
0s
0|
0'"
0X
1[
0i
1r
b0 5
b0 D
b0 G
b0 S
b0 e
b10 6
b10 E
b10 Q
b10 R
b10 d
b0 >
b0 H
b0 N
b10 *
b10 /
b10 ;
b10 L
b10 P
b0 +
b0 0
b0 <
b0 M
#2848001
00"
b10 ."
#2849000
1`
b11 $
b11 4
b11 8
0]
1V
b11 2
b11 9
b11 g
1o
b100 3
b100 :
b100 T
0Z
1W
1l
1m
0n
1Y
1j
b1 5
b1 D
b1 G
b1 S
b1 e
b1 >
b1 H
b1 N
b1 +
b1 0
b1 <
b1 M
#2849001
b11 ."
#2850000
b10 $
b10 4
b10 8
b10 2
b10 9
b10 g
0o
1Z
0W
b101 3
b101 :
b101 T
0]
0l
0m
1n
1t
0v
0w
0Y
1\
0j
1s
b10 5
b10 D
b10 G
b10 S
b10 e
b10 >
b10 H
b10 N
b10 +
b10 0
b10 <
b10 M
#2850001
b10 ."
#2851000
b11 $
b11 4
b11 8
1]
b11 2
b11 9
b11 g
1o
b110 3
b110 :
b110 T
0Z
1W
1l
1m
0n
1Y
1j
b11 5
b11 D
b11 G
b11 S
b11 e
b11 >
b11 H
b11 N
b11 +
b11 0
b11 <
b11 M
#2851001
b11 ."
#2852000
b110 $
b110 4
b110 8
0V
0c
0o
b110 2
b110 9
b110 g
1#"
1Z
0W
1]
b111 3
b111 :
b111 T
1`
0U
0l
0m
1n
0t
1v
1w
1~
1!"
0""
0Y
0\
1_
0j
0s
1|
b100 5
b100 D
b100 G
b100 S
b100 e
b100 >
b100 H
b100 N
b100 +
b100 0
b100 <
b100 M
#2852001
b110 ."
#2853000
1c
0`
1U
b111 $
b111 4
b111 8
0]
1V
b111 2
b111 9
b111 g
1o
b1000 3
b1000 :
b1000 T
0Z
1W
1l
1m
0n
1Y
1j
b101 5
b101 D
b101 G
b101 S
b101 e
b101 >
b101 H
b101 N
b101 +
b101 0
b101 <
b101 M
#2853001
b111 ."
#2854000
b110 $
b110 4
b110 8
b110 2
b110 9
b110 g
0o
1Z
0W
b1001 3
b1001 :
b1001 T
0]
0l
0m
1n
1t
0v
0w
0Y
1\
0j
1s
b110 5
b110 D
b110 G
b110 S
b110 e
b110 >
b110 H
b110 N
b110 +
b110 0
b110 <
b110 M
#2854001
b110 ."
#2855000
b111 $
b111 4
b111 8
1]
b111 2
b111 9
b111 g
1o
b1010 3
b1010 :
b1010 T
0Z
1W
1l
1m
0n
1Y
1j
b111 5
b111 D
b111 G
b111 S
b111 e
b111 >
b111 H
b111 N
b111 +
b111 0
b111 <
b111 M
#2855001
b111 ."
#2856000
1"
b1010 $
b1010 4
b1010 8
0V
0o
0#"
b1010 2
b1010 9
b1010 g
1,"
1Z
0W
1]
0`
0U
b1011 3
b1011 :
b1011 T
1c
0#
0l
0m
1n
0t
1v
1w
0~
0!"
1""
1)"
1*"
0+"
0Y
0\
0_
1b
0j
0s
0|
1'"
b1000 5
b1000 D
b1000 G
b1000 S
b1000 e
b1000 >
b1000 H
b1000 N
b1000 +
b1000 0
b1000 <
b1000 M
#2856001
10"
b1010 ."
#2857000
1`
b1011 $
b1011 4
b1011 8
0]
1V
b1011 2
b1011 9
b1011 g
1o
b1100 3
b1100 :
b1100 T
0Z
1W
1l
1m
0n
1Y
1j
b1001 5
b1001 D
b1001 G
b1001 S
b1001 e
b1001 >
b1001 H
b1001 N
b1001 +
b1001 0
b1001 <
b1001 M
#2857001
b1011 ."
#2858000
b1010 $
b1010 4
b1010 8
b1010 2
b1010 9
b1010 g
0o
1Z
0W
b1101 3
b1101 :
b1101 T
0]
0l
0m
1n
1t
0v
0w
0Y
1\
0j
1s
b1010 5
b1010 D
b1010 G
b1010 S
b1010 e
b1010 >
b1010 H
b1010 N
b1010 +
b1010 0
b1010 <
b1010 M
#2858001
b1010 ."
#2859000
b1011 $
b1011 4
b1011 8
1]
b1011 2
b1011 9
b1011 g
1o
b1110 3
b1110 :
b1110 T
0Z
1W
1l
1m
0n
1Y
1j
b1011 5
b1011 D
b1011 G
b1011 S
b1011 e
b1011 >
b1011 H
b1011 N
b1011 +
b1011 0
b1011 <
b1011 M
#2859001
b1011 ."
#2860000
b1110 $
b1110 4
b1110 8
0V
1c
0#
0o
b1110 2
b1110 9
b1110 g
1#"
1Z
0W
1]
b1111 3
b1111 :
b1111 T
1`
0U
0l
0m
1n
0t
1v
1w
1~
1!"
0""
0Y
0\
1_
0j
0s
1|
b1100 5
b1100 D
b1100 G
b1100 S
b1100 e
b1100 >
b1100 H
b1100 N
b1100 +
b1100 0
b1100 <
b1100 M
#2860001
b1110 ."
#2861000
0c
1#
0`
1U
b1111 $
b1111 4
b1111 8
0]
1V
b1111 2
b1111 9
b1111 g
1o
b0 3
b0 :
b0 T
0Z
1W
1l
1m
0n
1Y
1j
b1101 5
b1101 D
b1101 G
b1101 S
b1101 e
b1101 >
b1101 H
b1101 N
b1101 +
b1101 0
b1101 <
b1101 M
#2861001
b1111 ."
#2862000
b1110 $
b1110 4
b1110 8
b1110 2
b1110 9
b1110 g
0o
1Z
0W
b1 3
b1 :
b1 T
0]
0l
0m
1n
1t
0v
0w
0Y
1\
0j
1s
b1110 5
b1110 D
b1110 G
b1110 S
b1110 e
b1110 >
b1110 H
b1110 N
b1110 +
b1110 0
b1110 <
b1110 M
#2862001
b1110 ."
#2863000
b1111 $
b1111 4
b1111 8
1]
b1111 2
b1111 9
b1111 g
1o
b10 3
b10 :
b10 T
0Z
1W
1l
1m
0n
1Y
1j
b1111 5
b1111 D
b1111 G
b1111 S
b1111 e
b1111 >
b1111 H
b1111 N
b1111 +
b1111 0
b1111 <
b1111 M
#2863001
b1111 ."
#2864000
0"
b11 $
b11 4
b11 8
0#"
b11 2
b11 9
b11 g
0,"
0]
1`
0U
b100 3
b100 :
b100 T
0c
0#
1n
0t
1v
1w
0~
0!"
1""
0)"
0*"
1+"
0Y
0\
0_
0b
0j
0s
0|
0'"
1X
1i
b0 5
b0 D
b0 G
b0 S
b0 e
b11 6
b11 E
b11 Q
b11 R
b11 d
b0 >
b0 H
b0 N
b11 *
b11 /
b11 ;
b11 L
b11 P
b0 +
b0 0
b0 <
b0 M
#2864001
00"
b11 ."
#2865000
b101 3
b101 :
b101 T
1Z
1k
0m
0n
1Y
1j
b1 5
b1 D
b1 G
b1 S
b1 e
b1 >
b1 H
b1 N
b1 +
b1 0
b1 <
b1 M
#2866000
0Z
b110 3
b110 :
b110 T
1]
0k
1m
1n
1t
0v
0w
0Y
1\
0j
1s
b10 5
b10 D
b10 G
b10 S
b10 e
b10 >
b10 H
b10 N
b10 +
b10 0
b10 <
b10 M
#2867000
b111 3
b111 :
b111 T
1Z
1k
0m
0n
1Y
1j
b11 5
b11 D
b11 G
b11 S
b11 e
b11 >
b11 H
b11 N
b11 +
b11 0
b11 <
b11 M
#2868000
b111 $
b111 4
b111 8
1c
b111 2
b111 9
b111 g
1#"
0Z
0]
b1000 3
b1000 :
b1000 T
0`
1U
0k
1m
1n
0t
1v
1w
1~
1!"
0""
0Y
0\
1_
0j
0s
1|
b100 5
b100 D
b100 G
b100 S
b100 e
b100 >
b100 H
b100 N
b100 +
b100 0
b100 <
b100 M
#2868001
b111 ."
#2869000
b1001 3
b1001 :
b1001 T
1Z
1k
0m
0n
1Y
1j
b101 5
b101 D
b101 G
b101 S
b101 e
b101 >
b101 H
b101 N
b101 +
b101 0
b101 <
b101 M
#2870000
0Z
b1010 3
b1010 :
b1010 T
1]
0k
1m
1n
1t
0v
0w
0Y
1\
0j
1s
b110 5
b110 D
b110 G
b110 S
b110 e
b110 >
b110 H
b110 N
b110 +
b110 0
b110 <
b110 M
#2871000
b1011 3
b1011 :
b1011 T
1Z
1k
0m
0n
1Y
1j
b111 5
b111 D
b111 G
b111 S
b111 e
b111 >
b111 H
b111 N
b111 +
b111 0
b111 <
b111 M
#2872000
1"
b1011 $
b1011 4
b1011 8
0#"
b1011 2
b1011 9
b1011 g
1,"
0Z
0]
1`
0U
b1100 3
b1100 :
b1100 T
1c
0#
0k
1m
1n
0t
1v
1w
0~
0!"
1""
1)"
1*"
0+"
0Y
0\
0_
1b
0j
0s
0|
1'"
b1000 5
b1000 D
b1000 G
b1000 S
b1000 e
b1000 >
b1000 H
b1000 N
b1000 +
b1000 0
b1000 <
b1000 M
#2872001
10"
b1011 ."
#2873000
b1101 3
b1101 :
b1101 T
1Z
1k
0m
0n
1Y
1j
b1001 5
b1001 D
b1001 G
b1001 S
b1001 e
b1001 >
b1001 H
b1001 N
b1001 +
b1001 0
b1001 <
b1001 M
#2874000
0Z
b1110 3
b1110 :
b1110 T
1]
0k
1m
1n
1t
0v
0w
0Y
1\
0j
1s
b1010 5
b1010 D
b1010 G
b1010 S
b1010 e
b1010 >
b1010 H
b1010 N
b1010 +
b1010 0
b1010 <
b1010 M
#2875000
b1111 3
b1111 :
b1111 T
1Z
1k
0m
0n
1Y
1j
b1011 5
b1011 D
b1011 G
b1011 S
b1011 e
b1011 >
b1011 H
b1011 N
b1011 +
b1011 0
b1011 <
b1011 M
#2876000
b1111 $
b1111 4
b1111 8
0c
1#
b1111 2
b1111 9
b1111 g
1#"
0Z
0]
b0 3
b0 :
b0 T
0`
1U
0k
1m
1n
0t
1v
1w
1~
1!"
0""
0Y
0\
1_
0j
0s
1|
b1100 5
b1100 D
b1100 G
b1100 S
b1100 e
b1100 >
b1100 H
b1100 N
b1100 +
b1100 0
b1100 <
b1100 M
#2876001
b1111 ."
#2877000
b1 3
b1 :
b1 T
1Z
1k
0m
0n
1Y
1j
b1101 5
b1101 D
b1101 G
b1101 S
b1101 e
b1101 >
b1101 H
b1101 N
b1101 +
b1101 0
b1101 <
b1101 M
#2878000
0Z
b10 3
b10 :
b10 T
1]
0k
1m
1n
1t
0v
0w
0Y
1\
0j
1s
b1110 5
b1110 D
b1110 G
b1110 S
b1110 e
b1110 >
b1110 H
b1110 N
b1110 +
b1110 0
b1110 <
b1110 M
#2879000
b11 3
b11 :
b11 T
1Z
1k
0m
0n
1Y
1j
b1111 5
b1111 D
b1111 G
b1111 S
b1111 e
b1111 >
b1111 H
b1111 N
b1111 +
b1111 0
b1111 <
b1111 M
#2880000
0"
b100 $
b100 4
b100 8
0]
1`
0U
0,"
0o
b100 2
b100 9
b100 g
0x
0W
0V
b101 3
b101 :
b101 T
0c
0#
1n
1w
1""
0)"
0*"
1+"
0k
0l
0t
0u
0Y
0\
0_
0b
0j
0s
0|
0'"
0X
0[
1^
0i
0r
1{
b0 5
b0 D
b0 G
b0 S
b0 e
b100 6
b100 E
b100 Q
b100 R
b100 d
b0 >
b0 H
b0 N
b100 *
b100 /
b100 ;
b100 L
b100 P
b0 +
b0 0
b0 <
b0 M
#2880001
00"
b100 ."
#2881000
b101 $
b101 4
b101 8
1]
b101 2
b101 9
b101 g
1o
b110 3
b110 :
b110 T
0Z
1W
1l
1m
0n
1Y
1j
b1 5
b1 D
b1 G
b1 S
b1 e
b1 >
b1 H
b1 N
b1 +
b1 0
b1 <
b1 M
#2881001
b101 ."
#2882000
0c
b110 $
b110 4
b110 8
1`
0U
0o
b110 2
b110 9
b110 g
1x
1Z
0W
b111 3
b111 :
b111 T
1]
0V
0l
0m
1n
1u
1v
0w
0Y
1\
0j
1s
b10 5
b10 D
b10 G
b10 S
b10 e
b10 >
b10 H
b10 N
b10 +
b10 0
b10 <
b10 M
#2882001
b110 ."
#2883000
1c
0`
1U
b111 $
b111 4
b111 8
0]
1V
b111 2
b111 9
b111 g
1o
b1000 3
b1000 :
b1000 T
0Z
1W
1l
1m
0n
1Y
1j
b11 5
b11 D
b11 G
b11 S
b11 e
b11 >
b11 H
b11 N
b11 +
b11 0
b11 <
b11 M
#2883001
b111 ."
#2884000
b100 $
b100 4
b100 8
0o
b100 2
b100 9
b100 g
0x
1Z
0W
0]
0V
b1001 3
b1001 :
b1001 T
0`
0l
0m
1n
0u
0v
1w
1}
0!"
0""
0Y
0\
1_
0j
0s
1|
b100 5
b100 D
b100 G
b100 S
b100 e
b100 >
b100 H
b100 N
b100 +
b100 0
b100 <
b100 M
#2884001
b100 ."
#2885000
b101 $
b101 4
b101 8
1]
b101 2
b101 9
b101 g
1o
b1010 3
b1010 :
b1010 T
0Z
1W
1l
1m
0n
1Y
1j
b101 5
b101 D
b101 G
b101 S
b101 e
b101 >
b101 H
b101 N
b101 +
b101 0
b101 <
b101 M
#2885001
b101 ."
#2886000
b110 $
b110 4
b110 8
0`
0o
b110 2
b110 9
b110 g
1x
1Z
0W
b1011 3
b1011 :
b1011 T
1]
0V
0l
0m
1n
1u
1v
0w
0Y
1\
0j
1s
b110 5
b110 D
b110 G
b110 S
b110 e
b110 >
b110 H
b110 N
b110 +
b110 0
b110 <
b110 M
#2886001
b110 ."
#2887000
1`
b111 $
b111 4
b111 8
0]
1V
b111 2
b111 9
b111 g
1o
b1100 3
b1100 :
b1100 T
0Z
1W
1l
1m
0n
1Y
1j
b111 5
b111 D
b111 G
b111 S
b111 e
b111 >
b111 H
b111 N
b111 +
b111 0
b111 <
b111 M
#2887001
b111 ."
#2888000
1"
b1100 $
b1100 4
b1100 8
0U
0o
0x
b1100 2
b1100 9
b1100 g
1,"
1Z
0W
0]
0V
1`
b1101 3
b1101 :
b1101 T
1c
0#
0l
0m
1n
0u
0v
1w
0}
1!"
1""
1)"
1*"
0+"
0Y
0\
0_
1b
0j
0s
0|
1'"
b1000 5
b1000 D
b1000 G
b1000 S
b1000 e
b1000 >
b1000 H
b1000 N
b1000 +
b1000 0
b1000 <
b1000 M
#2888001
10"
b1100 ."
#2889000
b1101 $
b1101 4
b1101 8
1]
b1101 2
b1101 9
b1101 g
1o
b1110 3
b1110 :
b1110 T
0Z
1W
1l
1m
0n
1Y
1j
b1001 5
b1001 D
b1001 G
b1001 S
b1001 e
b1001 >
b1001 H
b1001 N
b1001 +
b1001 0
b1001 <
b1001 M
#2889001
b1101 ."
#2890000
1c
0#
b1110 $
b1110 4
b1110 8
1`
0U
0o
b1110 2
b1110 9
b1110 g
1x
1Z
0W
b1111 3
b1111 :
b1111 T
1]
0V
0l
0m
1n
1u
1v
0w
0Y
1\
0j
1s
b1010 5
b1010 D
b1010 G
b1010 S
b1010 e
b1010 >
b1010 H
b1010 N
b1010 +
b1010 0
b1010 <
b1010 M
#2890001
b1110 ."
#2891000
0c
1#
0`
1U
b1111 $
b1111 4
b1111 8
0]
1V
b1111 2
b1111 9
b1111 g
1o
b0 3
b0 :
b0 T
0Z
1W
1l
1m
0n
1Y
1j
b1011 5
b1011 D
b1011 G
b1011 S
b1011 e
b1011 >
b1011 H
b1011 N
b1011 +
b1011 0
b1011 <
b1011 M
#2891001
b1111 ."
#2892000
b1100 $
b1100 4
b1100 8
0o
b1100 2
b1100 9
b1100 g
0x
1Z
0W
0]
0V
b1 3
b1 :
b1 T
0`
0l
0m
1n
0u
0v
1w
1}
0!"
0""
0Y
0\
1_
0j
0s
1|
b1100 5
b1100 D
b1100 G
b1100 S
b1100 e
b1100 >
b1100 H
b1100 N
b1100 +
b1100 0
b1100 <
b1100 M
#2892001
b1100 ."
#2893000
b1101 $
b1101 4
b1101 8
1]
b1101 2
b1101 9
b1101 g
1o
b10 3
b10 :
b10 T
0Z
1W
1l
1m
0n
1Y
1j
b1101 5
b1101 D
b1101 G
b1101 S
b1101 e
b1101 >
b1101 H
b1101 N
b1101 +
b1101 0
b1101 <
b1101 M
#2893001
b1101 ."
#2894000
b1110 $
b1110 4
b1110 8
0`
0o
b1110 2
b1110 9
b1110 g
1x
1Z
0W
b11 3
b11 :
b11 T
1]
0V
0l
0m
1n
1u
1v
0w
0Y
1\
0j
1s
b1110 5
b1110 D
b1110 G
b1110 S
b1110 e
b1110 >
b1110 H
b1110 N
b1110 +
b1110 0
b1110 <
b1110 M
#2894001
b1110 ."
#2895000
1`
b1111 $
b1111 4
b1111 8
0]
1V
b1111 2
b1111 9
b1111 g
1o
b100 3
b100 :
b100 T
0Z
1W
1l
1m
0n
1Y
1j
b1111 5
b1111 D
b1111 G
b1111 S
b1111 e
b1111 >
b1111 H
b1111 N
b1111 +
b1111 0
b1111 <
b1111 M
#2895001
b1111 ."
#2896000
0"
b101 $
b101 4
b101 8
0U
0x
b101 2
b101 9
b101 g
0,"
1]
0V
1`
b110 3
b110 :
b110 T
0c
0#
1n
0u
0v
1w
0}
1!"
1""
0)"
0*"
1+"
0Y
0\
0_
0b
0j
0s
0|
0'"
1X
1i
b0 5
b0 D
b0 G
b0 S
b0 e
b101 6
b101 E
b101 Q
b101 R
b101 d
b0 >
b0 H
b0 N
b101 *
b101 /
b101 ;
b101 L
b101 P
b0 +
b0 0
b0 <
b0 M
#2896001
00"
b101 ."
#2897000
b111 3
b111 :
b111 T
1Z
1k
0m
0n
1Y
1j
b1 5
b1 D
b1 G
b1 S
b1 e
b1 >
b1 H
b1 N
b1 +
b1 0
b1 <
b1 M
#2898000
1c
b111 $
b111 4
b111 8
0`
1U
b111 2
b111 9
b111 g
1x
0Z
b1000 3
b1000 :
b1000 T
0]
1V
0k
1m
1n
1u
1v
0w
0Y
1\
0j
1s
b10 5
b10 D
b10 G
b10 S
b10 e
b10 >
b10 H
b10 N
b10 +
b10 0
b10 <
b10 M
#2898001
b111 ."
#2899000
b1001 3
b1001 :
b1001 T
1Z
1k
0m
0n
1Y
1j
b11 5
b11 D
b11 G
b11 S
b11 e
b11 >
b11 H
b11 N
b11 +
b11 0
b11 <
b11 M
#2900000
b101 $
b101 4
b101 8
b101 2
b101 9
b101 g
0x
0Z
1]
0V
b1010 3
b1010 :
b1010 T
0`
0k
1m
1n
0u
0v
1w
1}
0!"
0""
0Y
0\
1_
0j
0s
1|
b100 5
b100 D
b100 G
b100 S
b100 e
b100 >
b100 H
b100 N
b100 +
b100 0
b100 <
b100 M
#2900001
b101 ."
#2901000
b1011 3
b1011 :
b1011 T
1Z
1k
0m
0n
1Y
1j
b101 5
b101 D
b101 G
b101 S
b101 e
b101 >
b101 H
b101 N
b101 +
b101 0
b101 <
b101 M
#2902000
b111 $
b111 4
b111 8
1`
b111 2
b111 9
b111 g
1x
0Z
b1100 3
b1100 :
b1100 T
0]
1V
0k
1m
1n
1u
1v
0w
0Y
1\
0j
1s
b110 5
b110 D
b110 G
b110 S
b110 e
b110 >
b110 H
b110 N
b110 +
b110 0
b110 <
b110 M
#2902001
b111 ."
#2903000
b1101 3
b1101 :
b1101 T
1Z
1k
0m
0n
1Y
1j
b111 5
b111 D
b111 G
b111 S
b111 e
b111 >
b111 H
b111 N
b111 +
b111 0
b111 <
b111 M
#2904000
1"
b1101 $
b1101 4
b1101 8
0U
0x
b1101 2
b1101 9
b1101 g
1,"
0Z
1]
0V
1`
b1110 3
b1110 :
b1110 T
1c
0#
0k
1m
1n
0u
0v
1w
0}
1!"
1""
1)"
1*"
0+"
0Y
0\
0_
1b
0j
0s
0|
1'"
b1000 5
b1000 D
b1000 G
b1000 S
b1000 e
b1000 >
b1000 H
b1000 N
b1000 +
b1000 0
b1000 <
b1000 M
#2904001
10"
b1101 ."
#2905000
b1111 3
b1111 :
b1111 T
1Z
1k
0m
0n
1Y
1j
b1001 5
b1001 D
b1001 G
b1001 S
b1001 e
b1001 >
b1001 H
b1001 N
b1001 +
b1001 0
b1001 <
b1001 M
#2906000
0c
1#
b1111 $
b1111 4
b1111 8
0`
1U
b1111 2
b1111 9
b1111 g
1x
0Z
b0 3
b0 :
b0 T
0]
1V
0k
1m
1n
1u
1v
0w
0Y
1\
0j
1s
b1010 5
b1010 D
b1010 G
b1010 S
b1010 e
b1010 >
b1010 H
b1010 N
b1010 +
b1010 0
b1010 <
b1010 M
#2906001
b1111 ."
#2907000
b1 3
b1 :
b1 T
1Z
1k
0m
0n
1Y
1j
b1011 5
b1011 D
b1011 G
b1011 S
b1011 e
b1011 >
b1011 H
b1011 N
b1011 +
b1011 0
b1011 <
b1011 M
#2908000
b1101 $
b1101 4
b1101 8
b1101 2
b1101 9
b1101 g
0x
0Z
1]
0V
b10 3
b10 :
b10 T
0`
0k
1m
1n
0u
0v
1w
1}
0!"
0""
0Y
0\
1_
0j
0s
1|
b1100 5
b1100 D
b1100 G
b1100 S
b1100 e
b1100 >
b1100 H
b1100 N
b1100 +
b1100 0
b1100 <
b1100 M
#2908001
b1101 ."
#2909000
b11 3
b11 :
b11 T
1Z
1k
0m
0n
1Y
1j
b1101 5
b1101 D
b1101 G
b1101 S
b1101 e
b1101 >
b1101 H
b1101 N
b1101 +
b1101 0
b1101 <
b1101 M
#2910000
b1111 $
b1111 4
b1111 8
1`
b1111 2
b1111 9
b1111 g
1x
0Z
b100 3
b100 :
b100 T
0]
1V
0k
1m
1n
1u
1v
0w
0Y
1\
0j
1s
b1110 5
b1110 D
b1110 G
b1110 S
b1110 e
b1110 >
b1110 H
b1110 N
b1110 +
b1110 0
b1110 <
b1110 M
#2910001
b1111 ."
#2911000
b101 3
b101 :
b101 T
1Z
1k
0m
0n
1Y
1j
b1111 5
b1111 D
b1111 G
b1111 S
b1111 e
b1111 >
b1111 H
b1111 N
b1111 +
b1111 0
b1111 <
b1111 M
#2912000
0"
0U
b110 $
b110 4
b110 8
1]
0V
0,"
b110 2
b110 9
b110 g
0o
0W
1`
b111 3
b111 :
b111 T
0c
0#
1n
1w
0}
1!"
1""
0)"
0*"
1+"
0k
0l
0Y
0\
0_
0b
0j
0s
0|
0'"
0X
1[
0i
1r
b0 5
b0 D
b0 G
b0 S
b0 e
b110 6
b110 E
b110 Q
b110 R
b110 d
b0 >
b0 H
b0 N
b110 *
b110 /
b110 ;
b110 L
b110 P
b0 +
b0 0
b0 <
b0 M
#2912001
00"
b110 ."
#2913000
1c
0`
1U
b111 $
b111 4
b111 8
0]
1V
b111 2
b111 9
b111 g
1o
b1000 3
b1000 :
b1000 T
0Z
1W
1l
1m
0n
1Y
1j
b1 5
b1 D
b1 G
b1 S
b1 e
b1 >
b1 H
b1 N
b1 +
b1 0
b1 <
b1 M
#2913001
b111 ."
#2914000
b110 $
b110 4
b110 8
b110 2
b110 9
b110 g
0o
1Z
0W
b1001 3
b1001 :
b1001 T
0]
0l
0m
1n
1t
0v
0w
0Y
1\
0j
1s
b10 5
b10 D
b10 G
b10 S
b10 e
b10 >
b10 H
b10 N
b10 +
b10 0
b10 <
b10 M
#2914001
b110 ."
#2915000
b111 $
b111 4
b111 8
1]
b111 2
b111 9
b111 g
1o
b1010 3
b1010 :
b1010 T
0Z
1W
1l
1m
0n
1Y
1j
b11 5
b11 D
b11 G
b11 S
b11 e
b11 >
b11 H
b11 N
b11 +
b11 0
b11 <
b11 M
#2915001
b111 ."
#2916000
b110 $
b110 4
b110 8
0V
b110 2
b110 9
b110 g
0o
1Z
0W
1]
b1011 3
b1011 :
b1011 T
0`
0l
0m
1n
0t
1v
1w
1}
0!"
0""
0Y
0\
1_
0j
0s
1|
b100 5
b100 D
b100 G
b100 S
b100 e
b100 >
b100 H
b100 N
b100 +
b100 0
b100 <
b100 M
#2916001
b110 ."
#2917000
1`
b111 $
b111 4
b111 8
0]
1V
b111 2
b111 9
b111 g
1o
b1100 3
b1100 :
b1100 T
0Z
1W
1l
1m
0n
1Y
1j
b101 5
b101 D
b101 G
b101 S
b101 e
b101 >
b101 H
b101 N
b101 +
b101 0
b101 <
b101 M
#2917001
b111 ."
#2918000
b110 $
b110 4
b110 8
b110 2
b110 9
b110 g
0o
1Z
0W
b1101 3
b1101 :
b1101 T
0]
0l
0m
1n
1t
0v
0w
0Y
1\
0j
1s
b110 5
b110 D
b110 G
b110 S
b110 e
b110 >
b110 H
b110 N
b110 +
b110 0
b110 <
b110 M
#2918001
b110 ."
#2919000
b111 $
b111 4
b111 8
1]
b111 2
b111 9
b111 g
1o
b1110 3
b1110 :
b1110 T
0Z
1W
1l
1m
0n
1Y
1j
b111 5
b111 D
b111 G
b111 S
b111 e
b111 >
b111 H
b111 N
b111 +
b111 0
b111 <
b111 M
#2919001
b111 ."
#2920000
1"
0U
b1110 $
b1110 4
b1110 8
0V
0o
b1110 2
b1110 9
b1110 g
1,"
1Z
0W
1]
1`
b1111 3
b1111 :
b1111 T
1c
0#
0l
0m
1n
0t
1v
1w
0}
1!"
1""
1)"
1*"
0+"
0Y
0\
0_
1b
0j
0s
0|
1'"
b1000 5
b1000 D
b1000 G
b1000 S
b1000 e
b1000 >
b1000 H
b1000 N
b1000 +
b1000 0
b1000 <
b1000 M
#2920001
10"
b1110 ."
#2921000
0c
1#
0`
1U
b1111 $
b1111 4
b1111 8
0]
1V
b1111 2
b1111 9
b1111 g
1o
b0 3
b0 :
b0 T
0Z
1W
1l
1m
0n
1Y
1j
b1001 5
b1001 D
b1001 G
b1001 S
b1001 e
b1001 >
b1001 H
b1001 N
b1001 +
b1001 0
b1001 <
b1001 M
#2921001
b1111 ."
#2922000
b1110 $
b1110 4
b1110 8
b1110 2
b1110 9
b1110 g
0o
1Z
0W
b1 3
b1 :
b1 T
0]
0l
0m
1n
1t
0v
0w
0Y
1\
0j
1s
b1010 5
b1010 D
b1010 G
b1010 S
b1010 e
b1010 >
b1010 H
b1010 N
b1010 +
b1010 0
b1010 <
b1010 M
#2922001
b1110 ."
#2923000
b1111 $
b1111 4
b1111 8
1]
b1111 2
b1111 9
b1111 g
1o
b10 3
b10 :
b10 T
0Z
1W
1l
1m
0n
1Y
1j
b1011 5
b1011 D
b1011 G
b1011 S
b1011 e
b1011 >
b1011 H
b1011 N
b1011 +
b1011 0
b1011 <
b1011 M
#2923001
b1111 ."
#2924000
b1110 $
b1110 4
b1110 8
0V
b1110 2
b1110 9
b1110 g
0o
1Z
0W
1]
b11 3
b11 :
b11 T
0`
0l
0m
1n
0t
1v
1w
1}
0!"
0""
0Y
0\
1_
0j
0s
1|
b1100 5
b1100 D
b1100 G
b1100 S
b1100 e
b1100 >
b1100 H
b1100 N
b1100 +
b1100 0
b1100 <
b1100 M
#2924001
b1110 ."
#2925000
1`
b1111 $
b1111 4
b1111 8
0]
1V
b1111 2
b1111 9
b1111 g
1o
b100 3
b100 :
b100 T
0Z
1W
1l
1m
0n
1Y
1j
b1101 5
b1101 D
b1101 G
b1101 S
b1101 e
b1101 >
b1101 H
b1101 N
b1101 +
b1101 0
b1101 <
b1101 M
#2925001
b1111 ."
#2926000
b1110 $
b1110 4
b1110 8
b1110 2
b1110 9
b1110 g
0o
1Z
0W
b101 3
b101 :
b101 T
0]
0l
0m
1n
1t
0v
0w
0Y
1\
0j
1s
b1110 5
b1110 D
b1110 G
b1110 S
b1110 e
b1110 >
b1110 H
b1110 N
b1110 +
b1110 0
b1110 <
b1110 M
#2926001
b1110 ."
#2927000
b1111 $
b1111 4
b1111 8
1]
b1111 2
b1111 9
b1111 g
1o
b110 3
b110 :
b110 T
0Z
1W
1l
1m
0n
1Y
1j
b1111 5
b1111 D
b1111 G
b1111 S
b1111 e
b1111 >
b1111 H
b1111 N
b1111 +
b1111 0
b1111 <
b1111 M
#2927001
b1111 ."
#2928000
0"
b111 $
b111 4
b111 8
b111 2
b111 9
b111 g
0,"
0]
0`
b1000 3
b1000 :
b1000 T
1c
0#
1n
0t
1v
1w
0}
1!"
1""
0)"
0*"
1+"
0Y
0\
0_
0b
0j
0s
0|
0'"
1X
1i
b0 5
b0 D
b0 G
b0 S
b0 e
b111 6
b111 E
b111 Q
b111 R
b111 d
b0 >
b0 H
b0 N
b111 *
b111 /
b111 ;
b111 L
b111 P
b0 +
b0 0
b0 <
b0 M
#2928001
00"
b111 ."
#2929000
b1001 3
b1001 :
b1001 T
1Z
1k
0m
0n
1Y
1j
b1 5
b1 D
b1 G
b1 S
b1 e
b1 >
b1 H
b1 N
b1 +
b1 0
b1 <
b1 M
#2930000
0Z
b1010 3
b1010 :
b1010 T
1]
0k
1m
1n
1t
0v
0w
0Y
1\
0j
1s
b10 5
b10 D
b10 G
b10 S
b10 e
b10 >
b10 H
b10 N
b10 +
b10 0
b10 <
b10 M
#2931000
b1011 3
b1011 :
b1011 T
1Z
1k
0m
0n
1Y
1j
b11 5
b11 D
b11 G
b11 S
b11 e
b11 >
b11 H
b11 N
b11 +
b11 0
b11 <
b11 M
#2932000
0Z
0]
b1100 3
b1100 :
b1100 T
1`
0k
1m
1n
0t
1v
1w
1}
0!"
0""
0Y
0\
1_
0j
0s
1|
b100 5
b100 D
b100 G
b100 S
b100 e
b100 >
b100 H
b100 N
b100 +
b100 0
b100 <
b100 M
#2933000
b1101 3
b1101 :
b1101 T
1Z
1k
0m
0n
1Y
1j
b101 5
b101 D
b101 G
b101 S
b101 e
b101 >
b101 H
b101 N
b101 +
b101 0
b101 <
b101 M
#2934000
0Z
b1110 3
b1110 :
b1110 T
1]
0k
1m
1n
1t
0v
0w
0Y
1\
0j
1s
b110 5
b110 D
b110 G
b110 S
b110 e
b110 >
b110 H
b110 N
b110 +
b110 0
b110 <
b110 M
#2935000
b1111 3
b1111 :
b1111 T
1Z
1k
0m
0n
1Y
1j
b111 5
b111 D
b111 G
b111 S
b111 e
b111 >
b111 H
b111 N
b111 +
b111 0
b111 <
b111 M
#2936000
1"
b1111 $
b1111 4
b1111 8
b1111 2
b1111 9
b1111 g
1,"
0Z
0]
0`
b0 3
b0 :
b0 T
0c
1#
0k
1m
1n
0t
1v
1w
0}
1!"
1""
1)"
1*"
0+"
0Y
0\
0_
1b
0j
0s
0|
1'"
b1000 5
b1000 D
b1000 G
b1000 S
b1000 e
b1000 >
b1000 H
b1000 N
b1000 +
b1000 0
b1000 <
b1000 M
#2936001
10"
b1111 ."
#2937000
b1 3
b1 :
b1 T
1Z
1k
0m
0n
1Y
1j
b1001 5
b1001 D
b1001 G
b1001 S
b1001 e
b1001 >
b1001 H
b1001 N
b1001 +
b1001 0
b1001 <
b1001 M
#2938000
0Z
b10 3
b10 :
b10 T
1]
0k
1m
1n
1t
0v
0w
0Y
1\
0j
1s
b1010 5
b1010 D
b1010 G
b1010 S
b1010 e
b1010 >
b1010 H
b1010 N
b1010 +
b1010 0
b1010 <
b1010 M
#2939000
b11 3
b11 :
b11 T
1Z
1k
0m
0n
1Y
1j
b1011 5
b1011 D
b1011 G
b1011 S
b1011 e
b1011 >
b1011 H
b1011 N
b1011 +
b1011 0
b1011 <
b1011 M
#2940000
0Z
0]
b100 3
b100 :
b100 T
1`
0k
1m
1n
0t
1v
1w
1}
0!"
0""
0Y
0\
1_
0j
0s
1|
b1100 5
b1100 D
b1100 G
b1100 S
b1100 e
b1100 >
b1100 H
b1100 N
b1100 +
b1100 0
b1100 <
b1100 M
#2941000
b101 3
b101 :
b101 T
1Z
1k
0m
0n
1Y
1j
b1101 5
b1101 D
b1101 G
b1101 S
b1101 e
b1101 >
b1101 H
b1101 N
b1101 +
b1101 0
b1101 <
b1101 M
#2942000
0Z
b110 3
b110 :
b110 T
1]
0k
1m
1n
1t
0v
0w
0Y
1\
0j
1s
b1110 5
b1110 D
b1110 G
b1110 S
b1110 e
b1110 >
b1110 H
b1110 N
b1110 +
b1110 0
b1110 <
b1110 M
#2943000
b111 3
b111 :
b111 T
1Z
1k
0m
0n
1Y
1j
b1111 5
b1111 D
b1111 G
b1111 S
b1111 e
b1111 >
b1111 H
b1111 N
b1111 +
b1111 0
b1111 <
b1111 M
#2944000
b1000 $
b1000 4
b1000 8
0]
0`
b1001 3
b1001 :
b1001 T
1c
0#
0o
0x
b1000 2
b1000 9
b1000 g
0#"
0W
0V
0U
1n
1w
1""
1+"
0k
0l
0t
0u
0}
0~
0Y
0\
0_
0b
0j
0s
0|
0'"
0X
0[
0^
1a
0i
0r
0{
1&"
b0 5
b0 D
b0 G
b0 S
b0 e
b1000 6
b1000 E
b1000 Q
b1000 R
b1000 d
b0 >
b0 H
b0 N
b1000 *
b1000 /
b1000 ;
b1000 L
b1000 P
b0 +
b0 0
b0 <
b0 M
#2944001
b1000 ."
#2945000
b1001 $
b1001 4
b1001 8
1]
b1001 2
b1001 9
b1001 g
1o
b1010 3
b1010 :
b1010 T
0Z
1W
1l
1m
0n
1Y
1j
b1 5
b1 D
b1 G
b1 S
b1 e
b1 >
b1 H
b1 N
b1 +
b1 0
b1 <
b1 M
#2945001
b1001 ."
#2946000
b1010 $
b1010 4
b1010 8
0`
0o
b1010 2
b1010 9
b1010 g
1x
1Z
0W
b1011 3
b1011 :
b1011 T
1]
0V
0l
0m
1n
1u
1v
0w
0Y
1\
0j
1s
b10 5
b10 D
b10 G
b10 S
b10 e
b10 >
b10 H
b10 N
b10 +
b10 0
b10 <
b10 M
#2946001
b1010 ."
#2947000
1`
b1011 $
b1011 4
b1011 8
0]
1V
b1011 2
b1011 9
b1011 g
1o
b1100 3
b1100 :
b1100 T
0Z
1W
1l
1m
0n
1Y
1j
b11 5
b11 D
b11 G
b11 S
b11 e
b11 >
b11 H
b11 N
b11 +
b11 0
b11 <
b11 M
#2947001
b1011 ."
#2948000
b1100 $
b1100 4
b1100 8
1c
0#
0o
0x
b1100 2
b1100 9
b1100 g
1#"
1Z
0W
0]
0V
b1101 3
b1101 :
b1101 T
1`
0U
0l
0m
1n
0u
0v
1w
1~
1!"
0""
0Y
0\
1_
0j
0s
1|
b100 5
b100 D
b100 G
b100 S
b100 e
b100 >
b100 H
b100 N
b100 +
b100 0
b100 <
b100 M
#2948001
b1100 ."
#2949000
b1101 $
b1101 4
b1101 8
1]
b1101 2
b1101 9
b1101 g
1o
b1110 3
b1110 :
b1110 T
0Z
1W
1l
1m
0n
1Y
1j
b101 5
b101 D
b101 G
b101 S
b101 e
b101 >
b101 H
b101 N
b101 +
b101 0
b101 <
b101 M
#2949001
b1101 ."
#2950000
1c
0#
b1110 $
b1110 4
b1110 8
1`
0U
0o
b1110 2
b1110 9
b1110 g
1x
1Z
0W
b1111 3
b1111 :
b1111 T
1]
0V
0l
0m
1n
1u
1v
0w
0Y
1\
0j
1s
b110 5
b110 D
b110 G
b110 S
b110 e
b110 >
b110 H
b110 N
b110 +
b110 0
b110 <
b110 M
#2950001
b1110 ."
#2951000
0c
1#
0`
1U
b1111 $
b1111 4
b1111 8
0]
1V
b1111 2
b1111 9
b1111 g
1o
b0 3
b0 :
b0 T
0Z
1W
1l
1m
0n
1Y
1j
b111 5
b111 D
b111 G
b111 S
b111 e
b111 >
b111 H
b111 N
b111 +
b111 0
b111 <
b111 M
#2951001
b1111 ."
#2952000
b1000 $
b1000 4
b1000 8
0o
0x
b1000 2
b1000 9
b1000 g
0#"
1Z
0W
0]
0V
0`
0U
b1 3
b1 :
b1 T
0c
0l
0m
1n
0u
0v
1w
0~
0!"
1""
1("
0*"
0+"
0Y
0\
0_
1b
0j
0s
0|
1'"
b1000 5
b1000 D
b1000 G
b1000 S
b1000 e
b1000 >
b1000 H
b1000 N
b1000 +
b1000 0
b1000 <
b1000 M
#2952001
b1000 ."
#2953000
b1001 $
b1001 4
b1001 8
1]
b1001 2
b1001 9
b1001 g
1o
b10 3
b10 :
b10 T
0Z
1W
1l
1m
0n
1Y
1j
b1001 5
b1001 D
b1001 G
b1001 S
b1001 e
b1001 >
b1001 H
b1001 N
b1001 +
b1001 0
b1001 <
b1001 M
#2953001
b1001 ."
#2954000
b1010 $
b1010 4
b1010 8
0`
0o
b1010 2
b1010 9
b1010 g
1x
1Z
0W
b11 3
b11 :
b11 T
1]
0V
0l
0m
1n
1u
1v
0w
0Y
1\
0j
1s
b1010 5
b1010 D
b1010 G
b1010 S
b1010 e
b1010 >
b1010 H
b1010 N
b1010 +
b1010 0
b1010 <
b1010 M
#2954001
b1010 ."
#2955000
1`
b1011 $
b1011 4
b1011 8
0]
1V
b1011 2
b1011 9
b1011 g
1o
b100 3
b100 :
b100 T
0Z
1W
1l
1m
0n
1Y
1j
b1011 5
b1011 D
b1011 G
b1011 S
b1011 e
b1011 >
b1011 H
b1011 N
b1011 +
b1011 0
b1011 <
b1011 M
#2955001
b1011 ."
#2956000
b1100 $
b1100 4
b1100 8
0c
0o
0x
b1100 2
b1100 9
b1100 g
1#"
1Z
0W
0]
0V
b101 3
b101 :
b101 T
1`
0U
0l
0m
1n
0u
0v
1w
1~
1!"
0""
0Y
0\
1_
0j
0s
1|
b1100 5
b1100 D
b1100 G
b1100 S
b1100 e
b1100 >
b1100 H
b1100 N
b1100 +
b1100 0
b1100 <
b1100 M
#2956001
b1100 ."
#2957000
b1101 $
b1101 4
b1101 8
1]
b1101 2
b1101 9
b1101 g
1o
b110 3
b110 :
b110 T
0Z
1W
1l
1m
0n
1Y
1j
b1101 5
b1101 D
b1101 G
b1101 S
b1101 e
b1101 >
b1101 H
b1101 N
b1101 +
b1101 0
b1101 <
b1101 M
#2957001
b1101 ."
#2958000
0c
b1110 $
b1110 4
b1110 8
1`
0U
0o
b1110 2
b1110 9
b1110 g
1x
1Z
0W
b111 3
b111 :
b111 T
1]
0V
0l
0m
1n
1u
1v
0w
0Y
1\
0j
1s
b1110 5
b1110 D
b1110 G
b1110 S
b1110 e
b1110 >
b1110 H
b1110 N
b1110 +
b1110 0
b1110 <
b1110 M
#2958001
b1110 ."
#2959000
1c
0`
1U
b1111 $
b1111 4
b1111 8
0]
1V
b1111 2
b1111 9
b1111 g
1o
b1000 3
b1000 :
b1000 T
0Z
1W
1l
1m
0n
1Y
1j
b1111 5
b1111 D
b1111 G
b1111 S
b1111 e
b1111 >
b1111 H
b1111 N
b1111 +
b1111 0
b1111 <
b1111 M
#2959001
b1111 ."
#2960000
b1001 $
b1001 4
b1001 8
0#
0x
b1001 2
b1001 9
b1001 g
0#"
1]
0V
0`
0U
b1010 3
b1010 :
b1010 T
1c
1n
0u
0v
1w
0~
0!"
1""
0("
1*"
1+"
0Y
0\
0_
0b
0j
0s
0|
0'"
1X
1i
b0 5
b0 D
b0 G
b0 S
b0 e
b1001 6
b1001 E
b1001 Q
b1001 R
b1001 d
b0 >
b0 H
b0 N
b1001 *
b1001 /
b1001 ;
b1001 L
b1001 P
b0 +
b0 0
b0 <
b0 M
#2960001
b1001 ."
#2961000
b1011 3
b1011 :
b1011 T
1Z
1k
0m
0n
1Y
1j
b1 5
b1 D
b1 G
b1 S
b1 e
b1 >
b1 H
b1 N
b1 +
b1 0
b1 <
b1 M
#2962000
b1011 $
b1011 4
b1011 8
1`
b1011 2
b1011 9
b1011 g
1x
0Z
b1100 3
b1100 :
b1100 T
0]
1V
0k
1m
1n
1u
1v
0w
0Y
1\
0j
1s
b10 5
b10 D
b10 G
b10 S
b10 e
b10 >
b10 H
b10 N
b10 +
b10 0
b10 <
b10 M
#2962001
b1011 ."
#2963000
b1101 3
b1101 :
b1101 T
1Z
1k
0m
0n
1Y
1j
b11 5
b11 D
b11 G
b11 S
b11 e
b11 >
b11 H
b11 N
b11 +
b11 0
b11 <
b11 M
#2964000
b1101 $
b1101 4
b1101 8
1c
0#
0x
b1101 2
b1101 9
b1101 g
1#"
0Z
1]
0V
b1110 3
b1110 :
b1110 T
1`
0U
0k
1m
1n
0u
0v
1w
1~
1!"
0""
0Y
0\
1_
0j
0s
1|
b100 5
b100 D
b100 G
b100 S
b100 e
b100 >
b100 H
b100 N
b100 +
b100 0
b100 <
b100 M
#2964001
b1101 ."
#2965000
b1111 3
b1111 :
b1111 T
1Z
1k
0m
0n
1Y
1j
b101 5
b101 D
b101 G
b101 S
b101 e
b101 >
b101 H
b101 N
b101 +
b101 0
b101 <
b101 M
#2966000
0c
1#
b1111 $
b1111 4
b1111 8
0`
1U
b1111 2
b1111 9
b1111 g
1x
0Z
b0 3
b0 :
b0 T
0]
1V
0k
1m
1n
1u
1v
0w
0Y
1\
0j
1s
b110 5
b110 D
b110 G
b110 S
b110 e
b110 >
b110 H
b110 N
b110 +
b110 0
b110 <
b110 M
#2966001
b1111 ."
#2967000
b1 3
b1 :
b1 T
1Z
1k
0m
0n
1Y
1j
b111 5
b111 D
b111 G
b111 S
b111 e
b111 >
b111 H
b111 N
b111 +
b111 0
b111 <
b111 M
#2968000
b1001 $
b1001 4
b1001 8
0x
b1001 2
b1001 9
b1001 g
0#"
0Z
1]
0V
0`
0U
b10 3
b10 :
b10 T
0c
0k
1m
1n
0u
0v
1w
0~
0!"
1""
1("
0*"
0+"
0Y
0\
0_
1b
0j
0s
0|
1'"
b1000 5
b1000 D
b1000 G
b1000 S
b1000 e
b1000 >
b1000 H
b1000 N
b1000 +
b1000 0
b1000 <
b1000 M
#2968001
b1001 ."
#2969000
b11 3
b11 :
b11 T
1Z
1k
0m
0n
1Y
1j
b1001 5
b1001 D
b1001 G
b1001 S
b1001 e
b1001 >
b1001 H
b1001 N
b1001 +
b1001 0
b1001 <
b1001 M
#2970000
b1011 $
b1011 4
b1011 8
1`
b1011 2
b1011 9
b1011 g
1x
0Z
b100 3
b100 :
b100 T
0]
1V
0k
1m
1n
1u
1v
0w
0Y
1\
0j
1s
b1010 5
b1010 D
b1010 G
b1010 S
b1010 e
b1010 >
b1010 H
b1010 N
b1010 +
b1010 0
b1010 <
b1010 M
#2970001
b1011 ."
#2971000
b101 3
b101 :
b101 T
1Z
1k
0m
0n
1Y
1j
b1011 5
b1011 D
b1011 G
b1011 S
b1011 e
b1011 >
b1011 H
b1011 N
b1011 +
b1011 0
b1011 <
b1011 M
#2972000
b1101 $
b1101 4
b1101 8
0c
0x
b1101 2
b1101 9
b1101 g
1#"
0Z
1]
0V
b110 3
b110 :
b110 T
1`
0U
0k
1m
1n
0u
0v
1w
1~
1!"
0""
0Y
0\
1_
0j
0s
1|
b1100 5
b1100 D
b1100 G
b1100 S
b1100 e
b1100 >
b1100 H
b1100 N
b1100 +
b1100 0
b1100 <
b1100 M
#2972001
b1101 ."
#2973000
b111 3
b111 :
b111 T
1Z
1k
0m
0n
1Y
1j
b1101 5
b1101 D
b1101 G
b1101 S
b1101 e
b1101 >
b1101 H
b1101 N
b1101 +
b1101 0
b1101 <
b1101 M
#2974000
1c
b1111 $
b1111 4
b1111 8
0`
1U
b1111 2
b1111 9
b1111 g
1x
0Z
b1000 3
b1000 :
b1000 T
0]
1V
0k
1m
1n
1u
1v
0w
0Y
1\
0j
1s
b1110 5
b1110 D
b1110 G
b1110 S
b1110 e
b1110 >
b1110 H
b1110 N
b1110 +
b1110 0
b1110 <
b1110 M
#2974001
b1111 ."
#2975000
b1001 3
b1001 :
b1001 T
1Z
1k
0m
0n
1Y
1j
b1111 5
b1111 D
b1111 G
b1111 S
b1111 e
b1111 >
b1111 H
b1111 N
b1111 +
b1111 0
b1111 <
b1111 M
#2976000
b1010 $
b1010 4
b1010 8
1]
0V
0#
0#"
b1010 2
b1010 9
b1010 g
0o
0W
0`
0U
b1011 3
b1011 :
b1011 T
1c
1n
1w
0~
0!"
1""
0("
1*"
1+"
0k
0l
0Y
0\
0_
0b
0j
0s
0|
0'"
0X
1[
0i
1r
b0 5
b0 D
b0 G
b0 S
b0 e
b1010 6
b1010 E
b1010 Q
b1010 R
b1010 d
b0 >
b0 H
b0 N
b1010 *
b1010 /
b1010 ;
b1010 L
b1010 P
b0 +
b0 0
b0 <
b0 M
#2976001
b1010 ."
#2977000
1`
b1011 $
b1011 4
b1011 8
0]
1V
b1011 2
b1011 9
b1011 g
1o
b1100 3
b1100 :
b1100 T
0Z
1W
1l
1m
0n
1Y
1j
b1 5
b1 D
b1 G
b1 S
b1 e
b1 >
b1 H
b1 N
b1 +
b1 0
b1 <
b1 M
#2977001
b1011 ."
#2978000
b1010 $
b1010 4
b1010 8
b1010 2
b1010 9
b1010 g
0o
1Z
0W
b1101 3
b1101 :
b1101 T
0]
0l
0m
1n
1t
0v
0w
0Y
1\
0j
1s
b10 5
b10 D
b10 G
b10 S
b10 e
b10 >
b10 H
b10 N
b10 +
b10 0
b10 <
b10 M
#2978001
b1010 ."
#2979000
b1011 $
b1011 4
b1011 8
1]
b1011 2
b1011 9
b1011 g
1o
b1110 3
b1110 :
b1110 T
0Z
1W
1l
1m
0n
1Y
1j
b11 5
b11 D
b11 G
b11 S
b11 e
b11 >
b11 H
b11 N
b11 +
b11 0
b11 <
b11 M
#2979001
b1011 ."
#2980000
b1110 $
b1110 4
b1110 8
0V
1c
0#
0o
b1110 2
b1110 9
b1110 g
1#"
1Z
0W
1]
b1111 3
b1111 :
b1111 T
1`
0U
0l
0m
1n
0t
1v
1w
1~
1!"
0""
0Y
0\
1_
0j
0s
1|
b100 5
b100 D
b100 G
b100 S
b100 e
b100 >
b100 H
b100 N
b100 +
b100 0
b100 <
b100 M
#2980001
b1110 ."
#2981000
0c
1#
0`
1U
b1111 $
b1111 4
b1111 8
0]
1V
b1111 2
b1111 9
b1111 g
1o
b0 3
b0 :
b0 T
0Z
1W
1l
1m
0n
1Y
1j
b101 5
b101 D
b101 G
b101 S
b101 e
b101 >
b101 H
b101 N
b101 +
b101 0
b101 <
b101 M
#2981001
b1111 ."
#2982000
b1110 $
b1110 4
b1110 8
b1110 2
b1110 9
b1110 g
0o
1Z
0W
b1 3
b1 :
b1 T
0]
0l
0m
1n
1t
0v
0w
0Y
1\
0j
1s
b110 5
b110 D
b110 G
b110 S
b110 e
b110 >
b110 H
b110 N
b110 +
b110 0
b110 <
b110 M
#2982001
b1110 ."
#2983000
b1111 $
b1111 4
b1111 8
1]
b1111 2
b1111 9
b1111 g
1o
b10 3
b10 :
b10 T
0Z
1W
1l
1m
0n
1Y
1j
b111 5
b111 D
b111 G
b111 S
b111 e
b111 >
b111 H
b111 N
b111 +
b111 0
b111 <
b111 M
#2983001
b1111 ."
#2984000
b1010 $
b1010 4
b1010 8
0V
0o
b1010 2
b1010 9
b1010 g
0#"
1Z
0W
1]
0`
0U
b11 3
b11 :
b11 T
0c
0l
0m
1n
0t
1v
1w
0~
0!"
1""
1("
0*"
0+"
0Y
0\
0_
1b
0j
0s
0|
1'"
b1000 5
b1000 D
b1000 G
b1000 S
b1000 e
b1000 >
b1000 H
b1000 N
b1000 +
b1000 0
b1000 <
b1000 M
#2984001
b1010 ."
#2985000
1`
b1011 $
b1011 4
b1011 8
0]
1V
b1011 2
b1011 9
b1011 g
1o
b100 3
b100 :
b100 T
0Z
1W
1l
1m
0n
1Y
1j
b1001 5
b1001 D
b1001 G
b1001 S
b1001 e
b1001 >
b1001 H
b1001 N
b1001 +
b1001 0
b1001 <
b1001 M
#2985001
b1011 ."
#2986000
b1010 $
b1010 4
b1010 8
b1010 2
b1010 9
b1010 g
0o
1Z
0W
b101 3
b101 :
b101 T
0]
0l
0m
1n
1t
0v
0w
0Y
1\
0j
1s
b1010 5
b1010 D
b1010 G
b1010 S
b1010 e
b1010 >
b1010 H
b1010 N
b1010 +
b1010 0
b1010 <
b1010 M
#2986001
b1010 ."
#2987000
b1011 $
b1011 4
b1011 8
1]
b1011 2
b1011 9
b1011 g
1o
b110 3
b110 :
b110 T
0Z
1W
1l
1m
0n
1Y
1j
b1011 5
b1011 D
b1011 G
b1011 S
b1011 e
b1011 >
b1011 H
b1011 N
b1011 +
b1011 0
b1011 <
b1011 M
#2987001
b1011 ."
#2988000
b1110 $
b1110 4
b1110 8
0V
0c
0o
b1110 2
b1110 9
b1110 g
1#"
1Z
0W
1]
b111 3
b111 :
b111 T
1`
0U
0l
0m
1n
0t
1v
1w
1~
1!"
0""
0Y
0\
1_
0j
0s
1|
b1100 5
b1100 D
b1100 G
b1100 S
b1100 e
b1100 >
b1100 H
b1100 N
b1100 +
b1100 0
b1100 <
b1100 M
#2988001
b1110 ."
#2989000
1c
0`
1U
b1111 $
b1111 4
b1111 8
0]
1V
b1111 2
b1111 9
b1111 g
1o
b1000 3
b1000 :
b1000 T
0Z
1W
1l
1m
0n
1Y
1j
b1101 5
b1101 D
b1101 G
b1101 S
b1101 e
b1101 >
b1101 H
b1101 N
b1101 +
b1101 0
b1101 <
b1101 M
#2989001
b1111 ."
#2990000
b1110 $
b1110 4
b1110 8
b1110 2
b1110 9
b1110 g
0o
1Z
0W
b1001 3
b1001 :
b1001 T
0]
0l
0m
1n
1t
0v
0w
0Y
1\
0j
1s
b1110 5
b1110 D
b1110 G
b1110 S
b1110 e
b1110 >
b1110 H
b1110 N
b1110 +
b1110 0
b1110 <
b1110 M
#2990001
b1110 ."
#2991000
b1111 $
b1111 4
b1111 8
1]
b1111 2
b1111 9
b1111 g
1o
b1010 3
b1010 :
b1010 T
0Z
1W
1l
1m
0n
1Y
1j
b1111 5
b1111 D
b1111 G
b1111 S
b1111 e
b1111 >
b1111 H
b1111 N
b1111 +
b1111 0
b1111 <
b1111 M
#2991001
b1111 ."
#2992000
b1011 $
b1011 4
b1011 8
0#
b1011 2
b1011 9
b1011 g
0#"
0]
1`
0U
b1100 3
b1100 :
b1100 T
1c
1n
0t
1v
1w
0~
0!"
1""
0("
1*"
1+"
0Y
0\
0_
0b
0j
0s
0|
0'"
1X
1i
b0 5
b0 D
b0 G
b0 S
b0 e
b1011 6
b1011 E
b1011 Q
b1011 R
b1011 d
b0 >
b0 H
b0 N
b1011 *
b1011 /
b1011 ;
b1011 L
b1011 P
b0 +
b0 0
b0 <
b0 M
#2992001
b1011 ."
#2993000
b1101 3
b1101 :
b1101 T
1Z
1k
0m
0n
1Y
1j
b1 5
b1 D
b1 G
b1 S
b1 e
b1 >
b1 H
b1 N
b1 +
b1 0
b1 <
b1 M
#2994000
0Z
b1110 3
b1110 :
b1110 T
1]
0k
1m
1n
1t
0v
0w
0Y
1\
0j
1s
b10 5
b10 D
b10 G
b10 S
b10 e
b10 >
b10 H
b10 N
b10 +
b10 0
b10 <
b10 M
#2995000
b1111 3
b1111 :
b1111 T
1Z
1k
0m
0n
1Y
1j
b11 5
b11 D
b11 G
b11 S
b11 e
b11 >
b11 H
b11 N
b11 +
b11 0
b11 <
b11 M
#2996000
b1111 $
b1111 4
b1111 8
0c
1#
b1111 2
b1111 9
b1111 g
1#"
0Z
0]
b0 3
b0 :
b0 T
0`
1U
0k
1m
1n
0t
1v
1w
1~
1!"
0""
0Y
0\
1_
0j
0s
1|
b100 5
b100 D
b100 G
b100 S
b100 e
b100 >
b100 H
b100 N
b100 +
b100 0
b100 <
b100 M
#2996001
b1111 ."
#2997000
b1 3
b1 :
b1 T
1Z
1k
0m
0n
1Y
1j
b101 5
b101 D
b101 G
b101 S
b101 e
b101 >
b101 H
b101 N
b101 +
b101 0
b101 <
b101 M
#2998000
0Z
b10 3
b10 :
b10 T
1]
0k
1m
1n
1t
0v
0w
0Y
1\
0j
1s
b110 5
b110 D
b110 G
b110 S
b110 e
b110 >
b110 H
b110 N
b110 +
b110 0
b110 <
b110 M
#2999000
b11 3
b11 :
b11 T
1Z
1k
0m
0n
1Y
1j
b111 5
b111 D
b111 G
b111 S
b111 e
b111 >
b111 H
b111 N
b111 +
b111 0
b111 <
b111 M
#3000000
b1011 $
b1011 4
b1011 8
b1011 2
b1011 9
b1011 g
0#"
0Z
0]
1`
0U
b100 3
b100 :
b100 T
0c
0k
1m
1n
0t
1v
1w
0~
0!"
1""
1("
0*"
0+"
0Y
0\
0_
1b
0j
0s
0|
1'"
b1000 5
b1000 D
b1000 G
b1000 S
b1000 e
b1000 >
b1000 H
b1000 N
b1000 +
b1000 0
b1000 <
b1000 M
#3000001
b1011 ."
#3001000
b101 3
b101 :
b101 T
1Z
1k
0m
0n
1Y
1j
b1001 5
b1001 D
b1001 G
b1001 S
b1001 e
b1001 >
b1001 H
b1001 N
b1001 +
b1001 0
b1001 <
b1001 M
#3002000
0Z
b110 3
b110 :
b110 T
1]
0k
1m
1n
1t
0v
0w
0Y
1\
0j
1s
b1010 5
b1010 D
b1010 G
b1010 S
b1010 e
b1010 >
b1010 H
b1010 N
b1010 +
b1010 0
b1010 <
b1010 M
#3003000
b111 3
b111 :
b111 T
1Z
1k
0m
0n
1Y
1j
b1011 5
b1011 D
b1011 G
b1011 S
b1011 e
b1011 >
b1011 H
b1011 N
b1011 +
b1011 0
b1011 <
b1011 M
#3004000
b1111 $
b1111 4
b1111 8
1c
b1111 2
b1111 9
b1111 g
1#"
0Z
0]
b1000 3
b1000 :
b1000 T
0`
1U
0k
1m
1n
0t
1v
1w
1~
1!"
0""
0Y
0\
1_
0j
0s
1|
b1100 5
b1100 D
b1100 G
b1100 S
b1100 e
b1100 >
b1100 H
b1100 N
b1100 +
b1100 0
b1100 <
b1100 M
#3004001
b1111 ."
#3005000
b1001 3
b1001 :
b1001 T
1Z
1k
0m
0n
1Y
1j
b1101 5
b1101 D
b1101 G
b1101 S
b1101 e
b1101 >
b1101 H
b1101 N
b1101 +
b1101 0
b1101 <
b1101 M
#3006000
0Z
b1010 3
b1010 :
b1010 T
1]
0k
1m
1n
1t
0v
0w
0Y
1\
0j
1s
b1110 5
b1110 D
b1110 G
b1110 S
b1110 e
b1110 >
b1110 H
b1110 N
b1110 +
b1110 0
b1110 <
b1110 M
#3007000
b1011 3
b1011 :
b1011 T
1Z
1k
0m
0n
1Y
1j
b1111 5
b1111 D
b1111 G
b1111 S
b1111 e
b1111 >
b1111 H
b1111 N
b1111 +
b1111 0
b1111 <
b1111 M
#3008000
0#
b1100 $
b1100 4
b1100 8
0]
1`
0U
0o
b1100 2
b1100 9
b1100 g
0x
0W
0V
b1101 3
b1101 :
b1101 T
1c
1n
1w
1""
0("
1*"
1+"
0k
0l
0t
0u
0Y
0\
0_
0b
0j
0s
0|
0'"
0X
0[
1^
0i
0r
1{
b0 5
b0 D
b0 G
b0 S
b0 e
b1100 6
b1100 E
b1100 Q
b1100 R
b1100 d
b0 >
b0 H
b0 N
b1100 *
b1100 /
b1100 ;
b1100 L
b1100 P
b0 +
b0 0
b0 <
b0 M
#3008001
b1100 ."
#3009000
b1101 $
b1101 4
b1101 8
1]
b1101 2
b1101 9
b1101 g
1o
b1110 3
b1110 :
b1110 T
0Z
1W
1l
1m
0n
1Y
1j
b1 5
b1 D
b1 G
b1 S
b1 e
b1 >
b1 H
b1 N
b1 +
b1 0
b1 <
b1 M
#3009001
b1101 ."
#3010000
1c
0#
b1110 $
b1110 4
b1110 8
1`
0U
0o
b1110 2
b1110 9
b1110 g
1x
1Z
0W
b1111 3
b1111 :
b1111 T
1]
0V
0l
0m
1n
1u
1v
0w
0Y
1\
0j
1s
b10 5
b10 D
b10 G
b10 S
b10 e
b10 >
b10 H
b10 N
b10 +
b10 0
b10 <
b10 M
#3010001
b1110 ."
#3011000
0c
1#
0`
1U
b1111 $
b1111 4
b1111 8
0]
1V
b1111 2
b1111 9
b1111 g
1o
b0 3
b0 :
b0 T
0Z
1W
1l
1m
0n
1Y
1j
b11 5
b11 D
b11 G
b11 S
b11 e
b11 >
b11 H
b11 N
b11 +
b11 0
b11 <
b11 M
#3011001
b1111 ."
#3012000
b1100 $
b1100 4
b1100 8
0o
b1100 2
b1100 9
b1100 g
0x
1Z
0W
0]
0V
b1 3
b1 :
b1 T
0`
0l
0m
1n
0u
0v
1w
1}
0!"
0""
0Y
0\
1_
0j
0s
1|
b100 5
b100 D
b100 G
b100 S
b100 e
b100 >
b100 H
b100 N
b100 +
b100 0
b100 <
b100 M
#3012001
b1100 ."
#3013000
b1101 $
b1101 4
b1101 8
1]
b1101 2
b1101 9
b1101 g
1o
b10 3
b10 :
b10 T
0Z
1W
1l
1m
0n
1Y
1j
b101 5
b101 D
b101 G
b101 S
b101 e
b101 >
b101 H
b101 N
b101 +
b101 0
b101 <
b101 M
#3013001
b1101 ."
#3014000
b1110 $
b1110 4
b1110 8
0`
0o
b1110 2
b1110 9
b1110 g
1x
1Z
0W
b11 3
b11 :
b11 T
1]
0V
0l
0m
1n
1u
1v
0w
0Y
1\
0j
1s
b110 5
b110 D
b110 G
b110 S
b110 e
b110 >
b110 H
b110 N
b110 +
b110 0
b110 <
b110 M
#3014001
b1110 ."
#3015000
1`
b1111 $
b1111 4
b1111 8
0]
1V
b1111 2
b1111 9
b1111 g
1o
b100 3
b100 :
b100 T
0Z
1W
1l
1m
0n
1Y
1j
b111 5
b111 D
b111 G
b111 S
b111 e
b111 >
b111 H
b111 N
b111 +
b111 0
b111 <
b111 M
#3015001
b1111 ."
#3016000
b1100 $
b1100 4
b1100 8
0U
0o
b1100 2
b1100 9
b1100 g
0x
1Z
0W
0]
0V
1`
b101 3
b101 :
b101 T
0c
0l
0m
1n
0u
0v
1w
0}
1!"
1""
1("
0*"
0+"
0Y
0\
0_
1b
0j
0s
0|
1'"
b1000 5
b1000 D
b1000 G
b1000 S
b1000 e
b1000 >
b1000 H
b1000 N
b1000 +
b1000 0
b1000 <
b1000 M
#3016001
b1100 ."
#3017000
b1101 $
b1101 4
b1101 8
1]
b1101 2
b1101 9
b1101 g
1o
b110 3
b110 :
b110 T
0Z
1W
1l
1m
0n
1Y
1j
b1001 5
b1001 D
b1001 G
b1001 S
b1001 e
b1001 >
b1001 H
b1001 N
b1001 +
b1001 0
b1001 <
b1001 M
#3017001
b1101 ."
#3018000
0c
b1110 $
b1110 4
b1110 8
1`
0U
0o
b1110 2
b1110 9
b1110 g
1x
1Z
0W
b111 3
b111 :
b111 T
1]
0V
0l
0m
1n
1u
1v
0w
0Y
1\
0j
1s
b1010 5
b1010 D
b1010 G
b1010 S
b1010 e
b1010 >
b1010 H
b1010 N
b1010 +
b1010 0
b1010 <
b1010 M
#3018001
b1110 ."
#3019000
1c
0`
1U
b1111 $
b1111 4
b1111 8
0]
1V
b1111 2
b1111 9
b1111 g
1o
b1000 3
b1000 :
b1000 T
0Z
1W
1l
1m
0n
1Y
1j
b1011 5
b1011 D
b1011 G
b1011 S
b1011 e
b1011 >
b1011 H
b1011 N
b1011 +
b1011 0
b1011 <
b1011 M
#3019001
b1111 ."
#3020000
b1100 $
b1100 4
b1100 8
0o
b1100 2
b1100 9
b1100 g
0x
1Z
0W
0]
0V
b1001 3
b1001 :
b1001 T
0`
0l
0m
1n
0u
0v
1w
1}
0!"
0""
0Y
0\
1_
0j
0s
1|
b1100 5
b1100 D
b1100 G
b1100 S
b1100 e
b1100 >
b1100 H
b1100 N
b1100 +
b1100 0
b1100 <
b1100 M
#3020001
b1100 ."
#3021000
b1101 $
b1101 4
b1101 8
1]
b1101 2
b1101 9
b1101 g
1o
b1010 3
b1010 :
b1010 T
0Z
1W
1l
1m
0n
1Y
1j
b1101 5
b1101 D
b1101 G
b1101 S
b1101 e
b1101 >
b1101 H
b1101 N
b1101 +
b1101 0
b1101 <
b1101 M
#3021001
b1101 ."
#3022000
b1110 $
b1110 4
b1110 8
0`
0o
b1110 2
b1110 9
b1110 g
1x
1Z
0W
b1011 3
b1011 :
b1011 T
1]
0V
0l
0m
1n
1u
1v
0w
0Y
1\
0j
1s
b1110 5
b1110 D
b1110 G
b1110 S
b1110 e
b1110 >
b1110 H
b1110 N
b1110 +
b1110 0
b1110 <
b1110 M
#3022001
b1110 ."
#3023000
1`
b1111 $
b1111 4
b1111 8
0]
1V
b1111 2
b1111 9
b1111 g
1o
b1100 3
b1100 :
b1100 T
0Z
1W
1l
1m
0n
1Y
1j
b1111 5
b1111 D
b1111 G
b1111 S
b1111 e
b1111 >
b1111 H
b1111 N
b1111 +
b1111 0
b1111 <
b1111 M
#3023001
b1111 ."
#3024000
0#
b1101 $
b1101 4
b1101 8
0U
b1101 2
b1101 9
b1101 g
0x
1]
0V
1`
b1110 3
b1110 :
b1110 T
1c
1n
0u
0v
1w
0}
1!"
1""
0("
1*"
1+"
0Y
0\
0_
0b
0j
0s
0|
0'"
1X
1i
b0 5
b0 D
b0 G
b0 S
b0 e
b1101 6
b1101 E
b1101 Q
b1101 R
b1101 d
b0 >
b0 H
b0 N
b1101 *
b1101 /
b1101 ;
b1101 L
b1101 P
b0 +
b0 0
b0 <
b0 M
#3024001
b1101 ."
#3025000
b1111 3
b1111 :
b1111 T
1Z
1k
0m
0n
1Y
1j
b1 5
b1 D
b1 G
b1 S
b1 e
b1 >
b1 H
b1 N
b1 +
b1 0
b1 <
b1 M
#3026000
0c
1#
b1111 $
b1111 4
b1111 8
0`
1U
b1111 2
b1111 9
b1111 g
1x
0Z
b0 3
b0 :
b0 T
0]
1V
0k
1m
1n
1u
1v
0w
0Y
1\
0j
1s
b10 5
b10 D
b10 G
b10 S
b10 e
b10 >
b10 H
b10 N
b10 +
b10 0
b10 <
b10 M
#3026001
b1111 ."
#3027000
b1 3
b1 :
b1 T
1Z
1k
0m
0n
1Y
1j
b11 5
b11 D
b11 G
b11 S
b11 e
b11 >
b11 H
b11 N
b11 +
b11 0
b11 <
b11 M
#3028000
b1101 $
b1101 4
b1101 8
b1101 2
b1101 9
b1101 g
0x
0Z
1]
0V
b10 3
b10 :
b10 T
0`
0k
1m
1n
0u
0v
1w
1}
0!"
0""
0Y
0\
1_
0j
0s
1|
b100 5
b100 D
b100 G
b100 S
b100 e
b100 >
b100 H
b100 N
b100 +
b100 0
b100 <
b100 M
#3028001
b1101 ."
#3029000
b11 3
b11 :
b11 T
1Z
1k
0m
0n
1Y
1j
b101 5
b101 D
b101 G
b101 S
b101 e
b101 >
b101 H
b101 N
b101 +
b101 0
b101 <
b101 M
#3030000
b1111 $
b1111 4
b1111 8
1`
b1111 2
b1111 9
b1111 g
1x
0Z
b100 3
b100 :
b100 T
0]
1V
0k
1m
1n
1u
1v
0w
0Y
1\
0j
1s
b110 5
b110 D
b110 G
b110 S
b110 e
b110 >
b110 H
b110 N
b110 +
b110 0
b110 <
b110 M
#3030001
b1111 ."
#3031000
b101 3
b101 :
b101 T
1Z
1k
0m
0n
1Y
1j
b111 5
b111 D
b111 G
b111 S
b111 e
b111 >
b111 H
b111 N
b111 +
b111 0
b111 <
b111 M
#3032000
b1101 $
b1101 4
b1101 8
0U
b1101 2
b1101 9
b1101 g
0x
0Z
1]
0V
1`
b110 3
b110 :
b110 T
0c
0k
1m
1n
0u
0v
1w
0}
1!"
1""
1("
0*"
0+"
0Y
0\
0_
1b
0j
0s
0|
1'"
b1000 5
b1000 D
b1000 G
b1000 S
b1000 e
b1000 >
b1000 H
b1000 N
b1000 +
b1000 0
b1000 <
b1000 M
#3032001
b1101 ."
#3033000
b111 3
b111 :
b111 T
1Z
1k
0m
0n
1Y
1j
b1001 5
b1001 D
b1001 G
b1001 S
b1001 e
b1001 >
b1001 H
b1001 N
b1001 +
b1001 0
b1001 <
b1001 M
#3034000
1c
b1111 $
b1111 4
b1111 8
0`
1U
b1111 2
b1111 9
b1111 g
1x
0Z
b1000 3
b1000 :
b1000 T
0]
1V
0k
1m
1n
1u
1v
0w
0Y
1\
0j
1s
b1010 5
b1010 D
b1010 G
b1010 S
b1010 e
b1010 >
b1010 H
b1010 N
b1010 +
b1010 0
b1010 <
b1010 M
#3034001
b1111 ."
#3035000
b1001 3
b1001 :
b1001 T
1Z
1k
0m
0n
1Y
1j
b1011 5
b1011 D
b1011 G
b1011 S
b1011 e
b1011 >
b1011 H
b1011 N
b1011 +
b1011 0
b1011 <
b1011 M
#3036000
b1101 $
b1101 4
b1101 8
b1101 2
b1101 9
b1101 g
0x
0Z
1]
0V
b1010 3
b1010 :
b1010 T
0`
0k
1m
1n
0u
0v
1w
1}
0!"
0""
0Y
0\
1_
0j
0s
1|
b1100 5
b1100 D
b1100 G
b1100 S
b1100 e
b1100 >
b1100 H
b1100 N
b1100 +
b1100 0
b1100 <
b1100 M
#3036001
b1101 ."
#3037000
b1011 3
b1011 :
b1011 T
1Z
1k
0m
0n
1Y
1j
b1101 5
b1101 D
b1101 G
b1101 S
b1101 e
b1101 >
b1101 H
b1101 N
b1101 +
b1101 0
b1101 <
b1101 M
#3038000
b1111 $
b1111 4
b1111 8
1`
b1111 2
b1111 9
b1111 g
1x
0Z
b1100 3
b1100 :
b1100 T
0]
1V
0k
1m
1n
1u
1v
0w
0Y
1\
0j
1s
b1110 5
b1110 D
b1110 G
b1110 S
b1110 e
b1110 >
b1110 H
b1110 N
b1110 +
b1110 0
b1110 <
b1110 M
#3038001
b1111 ."
#3039000
b1101 3
b1101 :
b1101 T
1Z
1k
0m
0n
1Y
1j
b1111 5
b1111 D
b1111 G
b1111 S
b1111 e
b1111 >
b1111 H
b1111 N
b1111 +
b1111 0
b1111 <
b1111 M
#3040000
0#
0U
b1110 $
b1110 4
b1110 8
1]
0V
b1110 2
b1110 9
b1110 g
0o
0W
1`
b1111 3
b1111 :
b1111 T
1c
1n
1w
0}
1!"
1""
0("
1*"
1+"
0k
0l
0Y
0\
0_
0b
0j
0s
0|
0'"
0X
1[
0i
1r
b0 5
b0 D
b0 G
b0 S
b0 e
b1110 6
b1110 E
b1110 Q
b1110 R
b1110 d
b0 >
b0 H
b0 N
b1110 *
b1110 /
b1110 ;
b1110 L
b1110 P
b0 +
b0 0
b0 <
b0 M
#3040001
b1110 ."
#3041000
0c
1#
0`
1U
b1111 $
b1111 4
b1111 8
0]
1V
b1111 2
b1111 9
b1111 g
1o
b0 3
b0 :
b0 T
0Z
1W
1l
1m
0n
1Y
1j
b1 5
b1 D
b1 G
b1 S
b1 e
b1 >
b1 H
b1 N
b1 +
b1 0
b1 <
b1 M
#3041001
b1111 ."
#3042000
b1110 $
b1110 4
b1110 8
b1110 2
b1110 9
b1110 g
0o
1Z
0W
b1 3
b1 :
b1 T
0]
0l
0m
1n
1t
0v
0w
0Y
1\
0j
1s
b10 5
b10 D
b10 G
b10 S
b10 e
b10 >
b10 H
b10 N
b10 +
b10 0
b10 <
b10 M
#3042001
b1110 ."
#3043000
b1111 $
b1111 4
b1111 8
1]
b1111 2
b1111 9
b1111 g
1o
b10 3
b10 :
b10 T
0Z
1W
1l
1m
0n
1Y
1j
b11 5
b11 D
b11 G
b11 S
b11 e
b11 >
b11 H
b11 N
b11 +
b11 0
b11 <
b11 M
#3043001
b1111 ."
#3044000
b1110 $
b1110 4
b1110 8
0V
b1110 2
b1110 9
b1110 g
0o
1Z
0W
1]
b11 3
b11 :
b11 T
0`
0l
0m
1n
0t
1v
1w
1}
0!"
0""
0Y
0\
1_
0j
0s
1|
b100 5
b100 D
b100 G
b100 S
b100 e
b100 >
b100 H
b100 N
b100 +
b100 0
b100 <
b100 M
#3044001
b1110 ."
#3045000
1`
b1111 $
b1111 4
b1111 8
0]
1V
b1111 2
b1111 9
b1111 g
1o
b100 3
b100 :
b100 T
0Z
1W
1l
1m
0n
1Y
1j
b101 5
b101 D
b101 G
b101 S
b101 e
b101 >
b101 H
b101 N
b101 +
b101 0
b101 <
b101 M
#3045001
b1111 ."
#3046000
b1110 $
b1110 4
b1110 8
b1110 2
b1110 9
b1110 g
0o
1Z
0W
b101 3
b101 :
b101 T
0]
0l
0m
1n
1t
0v
0w
0Y
1\
0j
1s
b110 5
b110 D
b110 G
b110 S
b110 e
b110 >
b110 H
b110 N
b110 +
b110 0
b110 <
b110 M
#3046001
b1110 ."
#3047000
b1111 $
b1111 4
b1111 8
1]
b1111 2
b1111 9
b1111 g
1o
b110 3
b110 :
b110 T
0Z
1W
1l
1m
0n
1Y
1j
b111 5
b111 D
b111 G
b111 S
b111 e
b111 >
b111 H
b111 N
b111 +
b111 0
b111 <
b111 M
#3047001
b1111 ."
#3048000
0U
b1110 $
b1110 4
b1110 8
0V
b1110 2
b1110 9
b1110 g
0o
1Z
0W
1]
1`
b111 3
b111 :
b111 T
0c
0l
0m
1n
0t
1v
1w
0}
1!"
1""
1("
0*"
0+"
0Y
0\
0_
1b
0j
0s
0|
1'"
b1000 5
b1000 D
b1000 G
b1000 S
b1000 e
b1000 >
b1000 H
b1000 N
b1000 +
b1000 0
b1000 <
b1000 M
#3048001
b1110 ."
#3049000
1c
0`
1U
b1111 $
b1111 4
b1111 8
0]
1V
b1111 2
b1111 9
b1111 g
1o
b1000 3
b1000 :
b1000 T
0Z
1W
1l
1m
0n
1Y
1j
b1001 5
b1001 D
b1001 G
b1001 S
b1001 e
b1001 >
b1001 H
b1001 N
b1001 +
b1001 0
b1001 <
b1001 M
#3049001
b1111 ."
#3050000
b1110 $
b1110 4
b1110 8
b1110 2
b1110 9
b1110 g
0o
1Z
0W
b1001 3
b1001 :
b1001 T
0]
0l
0m
1n
1t
0v
0w
0Y
1\
0j
1s
b1010 5
b1010 D
b1010 G
b1010 S
b1010 e
b1010 >
b1010 H
b1010 N
b1010 +
b1010 0
b1010 <
b1010 M
#3050001
b1110 ."
#3051000
b1111 $
b1111 4
b1111 8
1]
b1111 2
b1111 9
b1111 g
1o
b1010 3
b1010 :
b1010 T
0Z
1W
1l
1m
0n
1Y
1j
b1011 5
b1011 D
b1011 G
b1011 S
b1011 e
b1011 >
b1011 H
b1011 N
b1011 +
b1011 0
b1011 <
b1011 M
#3051001
b1111 ."
#3052000
b1110 $
b1110 4
b1110 8
0V
b1110 2
b1110 9
b1110 g
0o
1Z
0W
1]
b1011 3
b1011 :
b1011 T
0`
0l
0m
1n
0t
1v
1w
1}
0!"
0""
0Y
0\
1_
0j
0s
1|
b1100 5
b1100 D
b1100 G
b1100 S
b1100 e
b1100 >
b1100 H
b1100 N
b1100 +
b1100 0
b1100 <
b1100 M
#3052001
b1110 ."
#3053000
1`
b1111 $
b1111 4
b1111 8
0]
1V
b1111 2
b1111 9
b1111 g
1o
b1100 3
b1100 :
b1100 T
0Z
1W
1l
1m
0n
1Y
1j
b1101 5
b1101 D
b1101 G
b1101 S
b1101 e
b1101 >
b1101 H
b1101 N
b1101 +
b1101 0
b1101 <
b1101 M
#3053001
b1111 ."
#3054000
b1110 $
b1110 4
b1110 8
b1110 2
b1110 9
b1110 g
0o
1Z
0W
b1101 3
b1101 :
b1101 T
0]
0l
0m
1n
1t
0v
0w
0Y
1\
0j
1s
b1110 5
b1110 D
b1110 G
b1110 S
b1110 e
b1110 >
b1110 H
b1110 N
b1110 +
b1110 0
b1110 <
b1110 M
#3054001
b1110 ."
#3055000
b1111 $
b1111 4
b1111 8
1]
b1111 2
b1111 9
b1111 g
1o
b1110 3
b1110 :
b1110 T
0Z
1W
1l
1m
0n
1Y
1j
b1111 5
b1111 D
b1111 G
b1111 S
b1111 e
b1111 >
b1111 H
b1111 N
b1111 +
b1111 0
b1111 <
b1111 M
#3055001
b1111 ."
#3056000
0]
0`
b0 3
b0 :
b0 T
0c
1n
0t
1v
1w
0}
1!"
1""
0("
1*"
1+"
0Y
0\
0_
0b
0j
0s
0|
0'"
1X
1i
b0 5
b0 D
b0 G
b0 S
b0 e
b1111 6
b1111 E
b1111 Q
b1111 R
b1111 d
b0 >
b0 H
b0 N
b1111 *
b1111 /
b1111 ;
b1111 L
b1111 P
b0 +
b0 0
b0 <
b0 M
#3057000
b1 3
b1 :
b1 T
1Z
1k
0m
0n
1Y
1j
b1 5
b1 D
b1 G
b1 S
b1 e
b1 >
b1 H
b1 N
b1 +
b1 0
b1 <
b1 M
#3058000
0Z
b10 3
b10 :
b10 T
1]
0k
1m
1n
1t
0v
0w
0Y
1\
0j
1s
b10 5
b10 D
b10 G
b10 S
b10 e
b10 >
b10 H
b10 N
b10 +
b10 0
b10 <
b10 M
#3059000
b11 3
b11 :
b11 T
1Z
1k
0m
0n
1Y
1j
b11 5
b11 D
b11 G
b11 S
b11 e
b11 >
b11 H
b11 N
b11 +
b11 0
b11 <
b11 M
#3060000
0Z
0]
b100 3
b100 :
b100 T
1`
0k
1m
1n
0t
1v
1w
1}
0!"
0""
0Y
0\
1_
0j
0s
1|
b100 5
b100 D
b100 G
b100 S
b100 e
b100 >
b100 H
b100 N
b100 +
b100 0
b100 <
b100 M
#3061000
b101 3
b101 :
b101 T
1Z
1k
0m
0n
1Y
1j
b101 5
b101 D
b101 G
b101 S
b101 e
b101 >
b101 H
b101 N
b101 +
b101 0
b101 <
b101 M
#3062000
0Z
b110 3
b110 :
b110 T
1]
0k
1m
1n
1t
0v
0w
0Y
1\
0j
1s
b110 5
b110 D
b110 G
b110 S
b110 e
b110 >
b110 H
b110 N
b110 +
b110 0
b110 <
b110 M
#3063000
b111 3
b111 :
b111 T
1Z
1k
0m
0n
1Y
1j
b111 5
b111 D
b111 G
b111 S
b111 e
b111 >
b111 H
b111 N
b111 +
b111 0
b111 <
b111 M
#3064000
0Z
0]
0`
b1000 3
b1000 :
b1000 T
1c
0k
1m
1n
0t
1v
1w
0}
1!"
1""
1("
0*"
0+"
0Y
0\
0_
1b
0j
0s
0|
1'"
b1000 5
b1000 D
b1000 G
b1000 S
b1000 e
b1000 >
b1000 H
b1000 N
b1000 +
b1000 0
b1000 <
b1000 M
#3065000
b1001 3
b1001 :
b1001 T
1Z
1k
0m
0n
1Y
1j
b1001 5
b1001 D
b1001 G
b1001 S
b1001 e
b1001 >
b1001 H
b1001 N
b1001 +
b1001 0
b1001 <
b1001 M
#3066000
0Z
b1010 3
b1010 :
b1010 T
1]
0k
1m
1n
1t
0v
0w
0Y
1\
0j
1s
b1010 5
b1010 D
b1010 G
b1010 S
b1010 e
b1010 >
b1010 H
b1010 N
b1010 +
b1010 0
b1010 <
b1010 M
#3067000
b1011 3
b1011 :
b1011 T
1Z
1k
0m
0n
1Y
1j
b1011 5
b1011 D
b1011 G
b1011 S
b1011 e
b1011 >
b1011 H
b1011 N
b1011 +
b1011 0
b1011 <
b1011 M
#3068000
0Z
0]
b1100 3
b1100 :
b1100 T
1`
0k
1m
1n
0t
1v
1w
1}
0!"
0""
0Y
0\
1_
0j
0s
1|
b1100 5
b1100 D
b1100 G
b1100 S
b1100 e
b1100 >
b1100 H
b1100 N
b1100 +
b1100 0
b1100 <
b1100 M
#3069000
b1101 3
b1101 :
b1101 T
1Z
1k
0m
0n
1Y
1j
b1101 5
b1101 D
b1101 G
b1101 S
b1101 e
b1101 >
b1101 H
b1101 N
b1101 +
b1101 0
b1101 <
b1101 M
#3070000
0Z
b1110 3
b1110 :
b1110 T
1]
0k
1m
1n
1t
0v
0w
0Y
1\
0j
1s
b1110 5
b1110 D
b1110 G
b1110 S
b1110 e
b1110 >
b1110 H
b1110 N
b1110 +
b1110 0
b1110 <
b1110 M
#3071000
b1111 3
b1111 :
b1111 T
1Z
1k
0m
0n
1Y
1j
b1111 5
b1111 D
b1111 G
b1111 S
b1111 e
b1111 >
b1111 H
b1111 N
b1111 +
b1111 0
b1111 <
b1111 M
#3072000
0`
0c
0"
b1 ?
b1 K
b1 O
0]
0V
0U
0#
1n
1w
1""
1+"
1!
b0 $
b0 4
b0 8
1C
0W
0k
0l
0t
0u
0}
0~
0("
0)"
0Y
0\
0_
0b
0j
0s
0|
0'"
0o
0x
0#"
b0 2
b0 9
b0 g
0,"
0X
0[
0^
0a
0i
0r
0{
0&"
b0 5
b0 D
b0 G
b0 S
b0 e
b10 f
b10 h
b10 p
b10 q
b10 y
b10 z
b10 $"
b10 %"
b10 -"
b0 3
b0 :
b0 T
0Z
b0 6
b0 E
b0 Q
b0 R
b0 d
b0 >
b0 H
b0 N
b110 ,
b110 1
b110 =
b110 F
0-
b0 *
b0 /
b0 ;
b0 L
b0 P
b0 +
b0 0
b0 <
b0 M
#3072001
11"
00"
b0 ."
#3073000
0!
b1 $
b1 4
b1 8
b1 2
b1 9
b1 g
1o
b1 3
b1 :
b1 T
1Z
1l
1m
0n
1Y
1j
b1 5
b1 D
b1 G
b1 S
b1 e
b1 >
b1 H
b1 N
b1 +
b1 0
b1 <
b1 M
#3073001
01"
b1 ."
#3074000
b10 $
b10 4
b10 8
0o
b10 2
b10 9
b10 g
1x
0Z
b10 3
b10 :
b10 T
1]
0l
0m
1n
1u
1v
0w
0Y
1\
0j
1s
b10 5
b10 D
b10 G
b10 S
b10 e
b10 >
b10 H
b10 N
b10 +
b10 0
b10 <
b10 M
#3074001
b10 ."
#3075000
b11 $
b11 4
b11 8
b11 2
b11 9
b11 g
1o
b11 3
b11 :
b11 T
1Z
1l
1m
0n
1Y
1j
b11 5
b11 D
b11 G
b11 S
b11 e
b11 >
b11 H
b11 N
b11 +
b11 0
b11 <
b11 M
#3075001
b11 ."
#3076000
b100 $
b100 4
b100 8
0o
0x
b100 2
b100 9
b100 g
1#"
0Z
0]
b100 3
b100 :
b100 T
1`
0l
0m
1n
0u
0v
1w
1~
1!"
0""
0Y
0\
1_
0j
0s
1|
b100 5
b100 D
b100 G
b100 S
b100 e
b100 >
b100 H
b100 N
b100 +
b100 0
b100 <
b100 M
#3076001
b100 ."
#3077000
b101 $
b101 4
b101 8
b101 2
b101 9
b101 g
1o
b101 3
b101 :
b101 T
1Z
1l
1m
0n
1Y
1j
b101 5
b101 D
b101 G
b101 S
b101 e
b101 >
b101 H
b101 N
b101 +
b101 0
b101 <
b101 M
#3077001
b101 ."
#3078000
b110 $
b110 4
b110 8
0o
b110 2
b110 9
b110 g
1x
0Z
b110 3
b110 :
b110 T
1]
0l
0m
1n
1u
1v
0w
0Y
1\
0j
1s
b110 5
b110 D
b110 G
b110 S
b110 e
b110 >
b110 H
b110 N
b110 +
b110 0
b110 <
b110 M
#3078001
b110 ."
#3079000
b111 $
b111 4
b111 8
b111 2
b111 9
b111 g
1o
b111 3
b111 :
b111 T
1Z
1l
1m
0n
1Y
1j
b111 5
b111 D
b111 G
b111 S
b111 e
b111 >
b111 H
b111 N
b111 +
b111 0
b111 <
b111 M
#3079001
b111 ."
#3080000
1"
b1000 $
b1000 4
b1000 8
0o
0x
0#"
b1000 2
b1000 9
b1000 g
1,"
0Z
0]
0`
b1000 3
b1000 :
b1000 T
1c
0l
0m
1n
0u
0v
1w
0~
0!"
1""
1)"
1*"
0+"
0Y
0\
0_
1b
0j
0s
0|
1'"
b1000 5
b1000 D
b1000 G
b1000 S
b1000 e
b1000 >
b1000 H
b1000 N
b1000 +
b1000 0
b1000 <
b1000 M
#3080001
10"
b1000 ."
#3081000
b1001 $
b1001 4
b1001 8
b1001 2
b1001 9
b1001 g
1o
b1001 3
b1001 :
b1001 T
1Z
1l
1m
0n
1Y
1j
b1001 5
b1001 D
b1001 G
b1001 S
b1001 e
b1001 >
b1001 H
b1001 N
b1001 +
b1001 0
b1001 <
b1001 M
#3081001
b1001 ."
#3082000
b1010 $
b1010 4
b1010 8
0o
b1010 2
b1010 9
b1010 g
1x
0Z
b1010 3
b1010 :
b1010 T
1]
0l
0m
1n
1u
1v
0w
0Y
1\
0j
1s
b1010 5
b1010 D
b1010 G
b1010 S
b1010 e
b1010 >
b1010 H
b1010 N
b1010 +
b1010 0
b1010 <
b1010 M
#3082001
b1010 ."
#3083000
b1011 $
b1011 4
b1011 8
b1011 2
b1011 9
b1011 g
1o
b1011 3
b1011 :
b1011 T
1Z
1l
1m
0n
1Y
1j
b1011 5
b1011 D
b1011 G
b1011 S
b1011 e
b1011 >
b1011 H
b1011 N
b1011 +
b1011 0
b1011 <
b1011 M
#3083001
b1011 ."
#3084000
b1100 $
b1100 4
b1100 8
0o
0x
b1100 2
b1100 9
b1100 g
1#"
0Z
0]
b1100 3
b1100 :
b1100 T
1`
0l
0m
1n
0u
0v
1w
1~
1!"
0""
0Y
0\
1_
0j
0s
1|
b1100 5
b1100 D
b1100 G
b1100 S
b1100 e
b1100 >
b1100 H
b1100 N
b1100 +
b1100 0
b1100 <
b1100 M
#3084001
b1100 ."
#3085000
b1101 $
b1101 4
b1101 8
b1101 2
b1101 9
b1101 g
1o
b1101 3
b1101 :
b1101 T
1Z
1l
1m
0n
1Y
1j
b1101 5
b1101 D
b1101 G
b1101 S
b1101 e
b1101 >
b1101 H
b1101 N
b1101 +
b1101 0
b1101 <
b1101 M
#3085001
b1101 ."
#3086000
b1110 $
b1110 4
b1110 8
0o
b1110 2
b1110 9
b1110 g
1x
0Z
b1110 3
b1110 :
b1110 T
1]
0l
0m
1n
1u
1v
0w
0Y
1\
0j
1s
b1110 5
b1110 D
b1110 G
b1110 S
b1110 e
b1110 >
b1110 H
b1110 N
b1110 +
b1110 0
b1110 <
b1110 M
#3086001
b1110 ."
#3087000
b1111 $
b1111 4
b1111 8
b1111 2
b1111 9
b1111 g
1o
b1111 3
b1111 :
b1111 T
1Z
1l
1m
0n
1Y
1j
b1111 5
b1111 D
b1111 G
b1111 S
b1111 e
b1111 >
b1111 H
b1111 N
b1111 +
b1111 0
b1111 <
b1111 M
#3087001
b1111 ."
#3088000
0"
b1 $
b1 4
b1 8
0x
0#"
b1 2
b1 9
b1 g
0,"
0]
0`
b1 3
b1 :
b1 T
0c
1n
0u
0v
1w
0~
0!"
1""
0)"
0*"
1+"
0Y
0\
0_
0b
0j
0s
0|
0'"
1X
1i
b0 5
b0 D
b0 G
b0 S
b0 e
b1 6
b1 E
b1 Q
b1 R
b1 d
b0 >
b0 H
b0 N
b1 *
b1 /
b1 ;
b1 L
b1 P
b0 +
b0 0
b0 <
b0 M
#3088001
00"
b1 ."
#3089000
1!
b0 $
b0 4
b0 8
1]
b0 2
b0 9
b0 g
0o
b10 3
b10 :
b10 T
0Z
1W
1k
0m
0n
1Y
1j
b1 5
b1 D
b1 G
b1 S
b1 e
b1 >
b1 H
b1 N
b1 +
b1 0
b1 <
b1 M
#3089001
11"
b0 ."
#3090000
0!
b11 $
b11 4
b11 8
0`
1o
b11 2
b11 9
b11 g
1x
1Z
0W
b11 3
b11 :
b11 T
1]
0V
0k
1m
1n
1u
1v
0w
0Y
1\
0j
1s
b10 5
b10 D
b10 G
b10 S
b10 e
b10 >
b10 H
b10 N
b10 +
b10 0
b10 <
b10 M
#3090001
01"
b11 ."
#3091000
1`
b10 $
b10 4
b10 8
0]
1V
b10 2
b10 9
b10 g
0o
b100 3
b100 :
b100 T
0Z
1W
1k
0m
0n
1Y
1j
b11 5
b11 D
b11 G
b11 S
b11 e
b11 >
b11 H
b11 N
b11 +
b11 0
b11 <
b11 M
#3091001
b10 ."
#3092000
b101 $
b101 4
b101 8
0c
1o
0x
b101 2
b101 9
b101 g
1#"
1Z
0W
0]
0V
b101 3
b101 :
b101 T
1`
0U
0k
1m
1n
0u
0v
1w
1~
1!"
0""
0Y
0\
1_
0j
0s
1|
b100 5
b100 D
b100 G
b100 S
b100 e
b100 >
b100 H
b100 N
b100 +
b100 0
b100 <
b100 M
#3092001
b101 ."
#3093000
b100 $
b100 4
b100 8
1]
b100 2
b100 9
b100 g
0o
b110 3
b110 :
b110 T
0Z
1W
1k
0m
0n
1Y
1j
b101 5
b101 D
b101 G
b101 S
b101 e
b101 >
b101 H
b101 N
b101 +
b101 0
b101 <
b101 M
#3093001
b100 ."
#3094000
0c
b111 $
b111 4
b111 8
1`
0U
1o
b111 2
b111 9
b111 g
1x
1Z
0W
b111 3
b111 :
b111 T
1]
0V
0k
1m
1n
1u
1v
0w
0Y
1\
0j
1s
b110 5
b110 D
b110 G
b110 S
b110 e
b110 >
b110 H
b110 N
b110 +
b110 0
b110 <
b110 M
#3094001
b111 ."
#3095000
1c
0`
1U
b110 $
b110 4
b110 8
0]
1V
b110 2
b110 9
b110 g
0o
b1000 3
b1000 :
b1000 T
0Z
1W
1k
0m
0n
1Y
1j
b111 5
b111 D
b111 G
b111 S
b111 e
b111 >
b111 H
b111 N
b111 +
b111 0
b111 <
b111 M
#3095001
b110 ."
#3096000
1"
b1001 $
b1001 4
b1001 8
1o
0x
0#"
b1001 2
b1001 9
b1001 g
1,"
1Z
0W
0]
0V
0`
0U
b1001 3
b1001 :
b1001 T
1c
0#
0k
1m
1n
0u
0v
1w
0~
0!"
1""
1)"
1*"
0+"
0Y
0\
0_
1b
0j
0s
0|
1'"
b1000 5
b1000 D
b1000 G
b1000 S
b1000 e
b1000 >
b1000 H
b1000 N
b1000 +
b1000 0
b1000 <
b1000 M
#3096001
10"
b1001 ."
#3097000
b1000 $
b1000 4
b1000 8
1]
b1000 2
b1000 9
b1000 g
0o
b1010 3
b1010 :
b1010 T
0Z
1W
1k
0m
0n
1Y
1j
b1001 5
b1001 D
b1001 G
b1001 S
b1001 e
b1001 >
b1001 H
b1001 N
b1001 +
b1001 0
b1001 <
b1001 M
#3097001
b1000 ."
#3098000
b1011 $
b1011 4
b1011 8
0`
1o
b1011 2
b1011 9
b1011 g
1x
1Z
0W
b1011 3
b1011 :
b1011 T
1]
0V
0k
1m
1n
1u
1v
0w
0Y
1\
0j
1s
b1010 5
b1010 D
b1010 G
b1010 S
b1010 e
b1010 >
b1010 H
b1010 N
b1010 +
b1010 0
b1010 <
b1010 M
#3098001
b1011 ."
#3099000
1`
b1010 $
b1010 4
b1010 8
0]
1V
b1010 2
b1010 9
b1010 g
0o
b1100 3
b1100 :
b1100 T
0Z
1W
1k
0m
0n
1Y
1j
b1011 5
b1011 D
b1011 G
b1011 S
b1011 e
b1011 >
b1011 H
b1011 N
b1011 +
b1011 0
b1011 <
b1011 M
#3099001
b1010 ."
#3100000
b1101 $
b1101 4
b1101 8
1c
0#
1o
0x
b1101 2
b1101 9
b1101 g
1#"
1Z
0W
0]
0V
b1101 3
b1101 :
b1101 T
1`
0U
0k
1m
1n
0u
0v
1w
1~
1!"
0""
0Y
0\
1_
0j
0s
1|
b1100 5
b1100 D
b1100 G
b1100 S
b1100 e
b1100 >
b1100 H
b1100 N
b1100 +
b1100 0
b1100 <
b1100 M
#3100001
b1101 ."
#3101000
b1100 $
b1100 4
b1100 8
1]
b1100 2
b1100 9
b1100 g
0o
b1110 3
b1110 :
b1110 T
0Z
1W
1k
0m
0n
1Y
1j
b1101 5
b1101 D
b1101 G
b1101 S
b1101 e
b1101 >
b1101 H
b1101 N
b1101 +
b1101 0
b1101 <
b1101 M
#3101001
b1100 ."
#3102000
1c
0#
b1111 $
b1111 4
b1111 8
1`
0U
1o
b1111 2
b1111 9
b1111 g
1x
1Z
0W
b1111 3
b1111 :
b1111 T
1]
0V
0k
1m
1n
1u
1v
0w
0Y
1\
0j
1s
b1110 5
b1110 D
b1110 G
b1110 S
b1110 e
b1110 >
b1110 H
b1110 N
b1110 +
b1110 0
b1110 <
b1110 M
#3102001
b1111 ."
#3103000
0c
1#
0`
1U
b1110 $
b1110 4
b1110 8
0]
1V
b1110 2
b1110 9
b1110 g
0o
b0 3
b0 :
b0 T
0Z
1W
1k
0m
0n
1Y
1j
b1111 5
b1111 D
b1111 G
b1111 S
b1111 e
b1111 >
b1111 H
b1111 N
b1111 +
b1111 0
b1111 <
b1111 M
#3103001
b1110 ."
#3104000
0"
b10 $
b10 4
b10 8
0#"
b10 2
b10 9
b10 g
0,"
1]
0V
0`
0U
b10 3
b10 :
b10 T
0c
0#
1n
1w
0~
0!"
1""
0)"
0*"
1+"
0W
0k
0l
0Y
0\
0_
0b
0j
0s
0|
0'"
0X
1[
0i
1r
b0 5
b0 D
b0 G
b0 S
b0 e
b10 6
b10 E
b10 Q
b10 R
b10 d
b0 >
b0 H
b0 N
b10 *
b10 /
b10 ;
b10 L
b10 P
b0 +
b0 0
b0 <
b0 M
#3104001
00"
b10 ."
#3105000
b11 $
b11 4
b11 8
b11 2
b11 9
b11 g
1o
b11 3
b11 :
b11 T
1Z
1l
1m
0n
1Y
1j
b1 5
b1 D
b1 G
b1 S
b1 e
b1 >
b1 H
b1 N
b1 +
b1 0
b1 <
b1 M
#3105001
b11 ."
#3106000
1!
b0 $
b0 4
b0 8
1`
0o
b0 2
b0 9
b0 g
0x
0Z
b100 3
b100 :
b100 T
0]
1V
0l
0m
1n
1t
0v
0w
0Y
1\
0j
1s
b10 5
b10 D
b10 G
b10 S
b10 e
b10 >
b10 H
b10 N
b10 +
b10 0
b10 <
b10 M
#3106001
11"
b0 ."
#3107000
0!
b1 $
b1 4
b1 8
b1 2
b1 9
b1 g
1o
b101 3
b101 :
b101 T
1Z
1l
1m
0n
1Y
1j
b11 5
b11 D
b11 G
b11 S
b11 e
b11 >
b11 H
b11 N
b11 +
b11 0
b11 <
b11 M
#3107001
01"
b1 ."
#3108000
b110 $
b110 4
b110 8
0c
0o
1x
b110 2
b110 9
b110 g
1#"
0Z
1]
0V
b110 3
b110 :
b110 T
1`
0U
0l
0m
1n
0t
1v
1w
1~
1!"
0""
0Y
0\
1_
0j
0s
1|
b100 5
b100 D
b100 G
b100 S
b100 e
b100 >
b100 H
b100 N
b100 +
b100 0
b100 <
b100 M
#3108001
b110 ."
#3109000
b111 $
b111 4
b111 8
b111 2
b111 9
b111 g
1o
b111 3
b111 :
b111 T
1Z
1l
1m
0n
1Y
1j
b101 5
b101 D
b101 G
b101 S
b101 e
b101 >
b101 H
b101 N
b101 +
b101 0
b101 <
b101 M
#3109001
b111 ."
#3110000
1c
b100 $
b100 4
b100 8
0`
1U
0o
b100 2
b100 9
b100 g
0x
0Z
b1000 3
b1000 :
b1000 T
0]
1V
0l
0m
1n
1t
0v
0w
0Y
1\
0j
1s
b110 5
b110 D
b110 G
b110 S
b110 e
b110 >
b110 H
b110 N
b110 +
b110 0
b110 <
b110 M
#3110001
b100 ."
#3111000
b101 $
b101 4
b101 8
b101 2
b101 9
b101 g
1o
b1001 3
b1001 :
b1001 T
1Z
1l
1m
0n
1Y
1j
b111 5
b111 D
b111 G
b111 S
b111 e
b111 >
b111 H
b111 N
b111 +
b111 0
b111 <
b111 M
#3111001
b101 ."
#3112000
1"
b1010 $
b1010 4
b1010 8
0o
1x
0#"
b1010 2
b1010 9
b1010 g
1,"
0Z
1]
0V
0`
0U
b1010 3
b1010 :
b1010 T
1c
0#
0l
0m
1n
0t
1v
1w
0~
0!"
1""
1)"
1*"
0+"
0Y
0\
0_
1b
0j
0s
0|
1'"
b1000 5
b1000 D
b1000 G
b1000 S
b1000 e
b1000 >
b1000 H
b1000 N
b1000 +
b1000 0
b1000 <
b1000 M
#3112001
10"
b1010 ."
#3113000
b1011 $
b1011 4
b1011 8
b1011 2
b1011 9
b1011 g
1o
b1011 3
b1011 :
b1011 T
1Z
1l
1m
0n
1Y
1j
b1001 5
b1001 D
b1001 G
b1001 S
b1001 e
b1001 >
b1001 H
b1001 N
b1001 +
b1001 0
b1001 <
b1001 M
#3113001
b1011 ."
#3114000
b1000 $
b1000 4
b1000 8
1`
0o
b1000 2
b1000 9
b1000 g
0x
0Z
b1100 3
b1100 :
b1100 T
0]
1V
0l
0m
1n
1t
0v
0w
0Y
1\
0j
1s
b1010 5
b1010 D
b1010 G
b1010 S
b1010 e
b1010 >
b1010 H
b1010 N
b1010 +
b1010 0
b1010 <
b1010 M
#3114001
b1000 ."
#3115000
b1001 $
b1001 4
b1001 8
b1001 2
b1001 9
b1001 g
1o
b1101 3
b1101 :
b1101 T
1Z
1l
1m
0n
1Y
1j
b1011 5
b1011 D
b1011 G
b1011 S
b1011 e
b1011 >
b1011 H
b1011 N
b1011 +
b1011 0
b1011 <
b1011 M
#3115001
b1001 ."
#3116000
b1110 $
b1110 4
b1110 8
1c
0#
0o
1x
b1110 2
b1110 9
b1110 g
1#"
0Z
1]
0V
b1110 3
b1110 :
b1110 T
1`
0U
0l
0m
1n
0t
1v
1w
1~
1!"
0""
0Y
0\
1_
0j
0s
1|
b1100 5
b1100 D
b1100 G
b1100 S
b1100 e
b1100 >
b1100 H
b1100 N
b1100 +
b1100 0
b1100 <
b1100 M
#3116001
b1110 ."
#3117000
b1111 $
b1111 4
b1111 8
b1111 2
b1111 9
b1111 g
1o
b1111 3
b1111 :
b1111 T
1Z
1l
1m
0n
1Y
1j
b1101 5
b1101 D
b1101 G
b1101 S
b1101 e
b1101 >
b1101 H
b1101 N
b1101 +
b1101 0
b1101 <
b1101 M
#3117001
b1111 ."
#3118000
0c
1#
b1100 $
b1100 4
b1100 8
0`
1U
0o
b1100 2
b1100 9
b1100 g
0x
0Z
b0 3
b0 :
b0 T
0]
1V
0l
0m
1n
1t
0v
0w
0Y
1\
0j
1s
b1110 5
b1110 D
b1110 G
b1110 S
b1110 e
b1110 >
b1110 H
b1110 N
b1110 +
b1110 0
b1110 <
b1110 M
#3118001
b1100 ."
#3119000
b1101 $
b1101 4
b1101 8
b1101 2
b1101 9
b1101 g
1o
b1 3
b1 :
b1 T
1Z
1l
1m
0n
1Y
1j
b1111 5
b1111 D
b1111 G
b1111 S
b1111 e
b1111 >
b1111 H
b1111 N
b1111 +
b1111 0
b1111 <
b1111 M
#3119001
b1101 ."
#3120000
0"
b11 $
b11 4
b11 8
1x
0#"
b11 2
b11 9
b11 g
0,"
1]
0V
0`
0U
b11 3
b11 :
b11 T
0c
0#
1n
0t
1v
1w
0~
0!"
1""
0)"
0*"
1+"
0Y
0\
0_
0b
0j
0s
0|
0'"
1X
1i
b0 5
b0 D
b0 G
b0 S
b0 e
b11 6
b11 E
b11 Q
b11 R
b11 d
b0 >
b0 H
b0 N
b11 *
b11 /
b11 ;
b11 L
b11 P
b0 +
b0 0
b0 <
b0 M
#3120001
00"
b11 ."
#3121000
1`
b10 $
b10 4
b10 8
0]
1V
b10 2
b10 9
b10 g
0o
b100 3
b100 :
b100 T
0Z
1W
1k
0m
0n
1Y
1j
b1 5
b1 D
b1 G
b1 S
b1 e
b1 >
b1 H
b1 N
b1 +
b1 0
b1 <
b1 M
#3121001
b10 ."
#3122000
b1 $
b1 4
b1 8
1o
b1 2
b1 9
b1 g
0x
1Z
0W
b101 3
b101 :
b101 T
0]
0k
1m
1n
1t
0v
0w
0Y
1\
0j
1s
b10 5
b10 D
b10 G
b10 S
b10 e
b10 >
b10 H
b10 N
b10 +
b10 0
b10 <
b10 M
#3122001
b1 ."
#3123000
1!
b0 $
b0 4
b0 8
1]
b0 2
b0 9
b0 g
0o
b110 3
b110 :
b110 T
0Z
1W
1k
0m
0n
1Y
1j
b11 5
b11 D
b11 G
b11 S
b11 e
b11 >
b11 H
b11 N
b11 +
b11 0
b11 <
b11 M
#3123001
11"
b0 ."
#3124000
0!
b111 $
b111 4
b111 8
0V
0c
1o
1x
b111 2
b111 9
b111 g
1#"
1Z
0W
1]
b111 3
b111 :
b111 T
1`
0U
0k
1m
1n
0t
1v
1w
1~
1!"
0""
0Y
0\
1_
0j
0s
1|
b100 5
b100 D
b100 G
b100 S
b100 e
b100 >
b100 H
b100 N
b100 +
b100 0
b100 <
b100 M
#3124001
01"
b111 ."
#3125000
1c
0`
1U
b110 $
b110 4
b110 8
0]
1V
b110 2
b110 9
b110 g
0o
b1000 3
b1000 :
b1000 T
0Z
1W
1k
0m
0n
1Y
1j
b101 5
b101 D
b101 G
b101 S
b101 e
b101 >
b101 H
b101 N
b101 +
b101 0
b101 <
b101 M
#3125001
b110 ."
#3126000
b101 $
b101 4
b101 8
1o
b101 2
b101 9
b101 g
0x
1Z
0W
b1001 3
b1001 :
b1001 T
0]
0k
1m
1n
1t
0v
0w
0Y
1\
0j
1s
b110 5
b110 D
b110 G
b110 S
b110 e
b110 >
b110 H
b110 N
b110 +
b110 0
b110 <
b110 M
#3126001
b101 ."
#3127000
b100 $
b100 4
b100 8
1]
b100 2
b100 9
b100 g
0o
b1010 3
b1010 :
b1010 T
0Z
1W
1k
0m
0n
1Y
1j
b111 5
b111 D
b111 G
b111 S
b111 e
b111 >
b111 H
b111 N
b111 +
b111 0
b111 <
b111 M
#3127001
b100 ."
#3128000
1"
b1011 $
b1011 4
b1011 8
0V
1o
1x
0#"
b1011 2
b1011 9
b1011 g
1,"
1Z
0W
1]
0`
0U
b1011 3
b1011 :
b1011 T
1c
0#
0k
1m
1n
0t
1v
1w
0~
0!"
1""
1)"
1*"
0+"
0Y
0\
0_
1b
0j
0s
0|
1'"
b1000 5
b1000 D
b1000 G
b1000 S
b1000 e
b1000 >
b1000 H
b1000 N
b1000 +
b1000 0
b1000 <
b1000 M
#3128001
10"
b1011 ."
#3129000
1`
b1010 $
b1010 4
b1010 8
0]
1V
b1010 2
b1010 9
b1010 g
0o
b1100 3
b1100 :
b1100 T
0Z
1W
1k
0m
0n
1Y
1j
b1001 5
b1001 D
b1001 G
b1001 S
b1001 e
b1001 >
b1001 H
b1001 N
b1001 +
b1001 0
b1001 <
b1001 M
#3129001
b1010 ."
#3130000
b1001 $
b1001 4
b1001 8
1o
b1001 2
b1001 9
b1001 g
0x
1Z
0W
b1101 3
b1101 :
b1101 T
0]
0k
1m
1n
1t
0v
0w
0Y
1\
0j
1s
b1010 5
b1010 D
b1010 G
b1010 S
b1010 e
b1010 >
b1010 H
b1010 N
b1010 +
b1010 0
b1010 <
b1010 M
#3130001
b1001 ."
#3131000
b1000 $
b1000 4
b1000 8
1]
b1000 2
b1000 9
b1000 g
0o
b1110 3
b1110 :
b1110 T
0Z
1W
1k
0m
0n
1Y
1j
b1011 5
b1011 D
b1011 G
b1011 S
b1011 e
b1011 >
b1011 H
b1011 N
b1011 +
b1011 0
b1011 <
b1011 M
#3131001
b1000 ."
#3132000
b1111 $
b1111 4
b1111 8
0V
1c
0#
1o
1x
b1111 2
b1111 9
b1111 g
1#"
1Z
0W
1]
b1111 3
b1111 :
b1111 T
1`
0U
0k
1m
1n
0t
1v
1w
1~
1!"
0""
0Y
0\
1_
0j
0s
1|
b1100 5
b1100 D
b1100 G
b1100 S
b1100 e
b1100 >
b1100 H
b1100 N
b1100 +
b1100 0
b1100 <
b1100 M
#3132001
b1111 ."
#3133000
0c
1#
0`
1U
b1110 $
b1110 4
b1110 8
0]
1V
b1110 2
b1110 9
b1110 g
0o
b0 3
b0 :
b0 T
0Z
1W
1k
0m
0n
1Y
1j
b1101 5
b1101 D
b1101 G
b1101 S
b1101 e
b1101 >
b1101 H
b1101 N
b1101 +
b1101 0
b1101 <
b1101 M
#3133001
b1110 ."
#3134000
b1101 $
b1101 4
b1101 8
1o
b1101 2
b1101 9
b1101 g
0x
1Z
0W
b1 3
b1 :
b1 T
0]
0k
1m
1n
1t
0v
0w
0Y
1\
0j
1s
b1110 5
b1110 D
b1110 G
b1110 S
b1110 e
b1110 >
b1110 H
b1110 N
b1110 +
b1110 0
b1110 <
b1110 M
#3134001
b1101 ."
#3135000
b1100 $
b1100 4
b1100 8
1]
b1100 2
b1100 9
b1100 g
0o
b10 3
b10 :
b10 T
0Z
1W
1k
0m
0n
1Y
1j
b1111 5
b1111 D
b1111 G
b1111 S
b1111 e
b1111 >
b1111 H
b1111 N
b1111 +
b1111 0
b1111 <
b1111 M
#3135001
b1100 ."
#3136000
0"
b100 $
b100 4
b100 8
1`
0U
b100 2
b100 9
b100 g
0,"
0]
0V
b100 3
b100 :
b100 T
0c
0#
1n
1w
1""
0)"
0*"
1+"
0W
0k
0l
0t
0u
0Y
0\
0_
0b
0j
0s
0|
0'"
0X
0[
1^
0i
0r
1{
b0 5
b0 D
b0 G
b0 S
b0 e
b100 6
b100 E
b100 Q
b100 R
b100 d
b0 >
b0 H
b0 N
b100 *
b100 /
b100 ;
b100 L
b100 P
b0 +
b0 0
b0 <
b0 M
#3136001
00"
b100 ."
#3137000
b101 $
b101 4
b101 8
b101 2
b101 9
b101 g
1o
b101 3
b101 :
b101 T
1Z
1l
1m
0n
1Y
1j
b1 5
b1 D
b1 G
b1 S
b1 e
b1 >
b1 H
b1 N
b1 +
b1 0
b1 <
b1 M
#3137001
b101 ."
#3138000
b110 $
b110 4
b110 8
0o
b110 2
b110 9
b110 g
1x
0Z
b110 3
b110 :
b110 T
1]
0l
0m
1n
1u
1v
0w
0Y
1\
0j
1s
b10 5
b10 D
b10 G
b10 S
b10 e
b10 >
b10 H
b10 N
b10 +
b10 0
b10 <
b10 M
#3138001
b110 ."
#3139000
b111 $
b111 4
b111 8
b111 2
b111 9
b111 g
1o
b111 3
b111 :
b111 T
1Z
1l
1m
0n
1Y
1j
b11 5
b11 D
b11 G
b11 S
b11 e
b11 >
b11 H
b11 N
b11 +
b11 0
b11 <
b11 M
#3139001
b111 ."
#3140000
1!
b0 $
b0 4
b0 8
1c
0o
0x
b0 2
b0 9
b0 g
0#"
0Z
0]
b1000 3
b1000 :
b1000 T
0`
1U
0l
0m
1n
0u
0v
1w
1}
0!"
0""
0Y
0\
1_
0j
0s
1|
b100 5
b100 D
b100 G
b100 S
b100 e
b100 >
b100 H
b100 N
b100 +
b100 0
b100 <
b100 M
#3140001
11"
b0 ."
#3141000
0!
b1 $
b1 4
b1 8
b1 2
b1 9
b1 g
1o
b1001 3
b1001 :
b1001 T
1Z
1l
1m
0n
1Y
1j
b101 5
b101 D
b101 G
b101 S
b101 e
b101 >
b101 H
b101 N
b101 +
b101 0
b101 <
b101 M
#3141001
01"
b1 ."
#3142000
b10 $
b10 4
b10 8
0o
b10 2
b10 9
b10 g
1x
0Z
b1010 3
b1010 :
b1010 T
1]
0l
0m
1n
1u
1v
0w
0Y
1\
0j
1s
b110 5
b110 D
b110 G
b110 S
b110 e
b110 >
b110 H
b110 N
b110 +
b110 0
b110 <
b110 M
#3142001
b10 ."
#3143000
b11 $
b11 4
b11 8
b11 2
b11 9
b11 g
1o
b1011 3
b1011 :
b1011 T
1Z
1l
1m
0n
1Y
1j
b111 5
b111 D
b111 G
b111 S
b111 e
b111 >
b111 H
b111 N
b111 +
b111 0
b111 <
b111 M
#3143001
b11 ."
#3144000
1"
b1100 $
b1100 4
b1100 8
0o
0x
1#"
b1100 2
b1100 9
b1100 g
1,"
0Z
0]
1`
0U
b1100 3
b1100 :
b1100 T
1c
0#
0l
0m
1n
0u
0v
1w
0}
1!"
1""
1)"
1*"
0+"
0Y
0\
0_
1b
0j
0s
0|
1'"
b1000 5
b1000 D
b1000 G
b1000 S
b1000 e
b1000 >
b1000 H
b1000 N
b1000 +
b1000 0
b1000 <
b1000 M
#3144001
10"
b1100 ."
#3145000
b1101 $
b1101 4
b1101 8
b1101 2
b1101 9
b1101 g
1o
b1101 3
b1101 :
b1101 T
1Z
1l
1m
0n
1Y
1j
b1001 5
b1001 D
b1001 G
b1001 S
b1001 e
b1001 >
b1001 H
b1001 N
b1001 +
b1001 0
b1001 <
b1001 M
#3145001
b1101 ."
#3146000
b1110 $
b1110 4
b1110 8
0o
b1110 2
b1110 9
b1110 g
1x
0Z
b1110 3
b1110 :
b1110 T
1]
0l
0m
1n
1u
1v
0w
0Y
1\
0j
1s
b1010 5
b1010 D
b1010 G
b1010 S
b1010 e
b1010 >
b1010 H
b1010 N
b1010 +
b1010 0
b1010 <
b1010 M
#3146001
b1110 ."
#3147000
b1111 $
b1111 4
b1111 8
b1111 2
b1111 9
b1111 g
1o
b1111 3
b1111 :
b1111 T
1Z
1l
1m
0n
1Y
1j
b1011 5
b1011 D
b1011 G
b1011 S
b1011 e
b1011 >
b1011 H
b1011 N
b1011 +
b1011 0
b1011 <
b1011 M
#3147001
b1111 ."
#3148000
b1000 $
b1000 4
b1000 8
0c
1#
0o
0x
b1000 2
b1000 9
b1000 g
0#"
0Z
0]
b0 3
b0 :
b0 T
0`
1U
0l
0m
1n
0u
0v
1w
1}
0!"
0""
0Y
0\
1_
0j
0s
1|
b1100 5
b1100 D
b1100 G
b1100 S
b1100 e
b1100 >
b1100 H
b1100 N
b1100 +
b1100 0
b1100 <
b1100 M
#3148001
b1000 ."
#3149000
b1001 $
b1001 4
b1001 8
b1001 2
b1001 9
b1001 g
1o
b1 3
b1 :
b1 T
1Z
1l
1m
0n
1Y
1j
b1101 5
b1101 D
b1101 G
b1101 S
b1101 e
b1101 >
b1101 H
b1101 N
b1101 +
b1101 0
b1101 <
b1101 M
#3149001
b1001 ."
#3150000
b1010 $
b1010 4
b1010 8
0o
b1010 2
b1010 9
b1010 g
1x
0Z
b10 3
b10 :
b10 T
1]
0l
0m
1n
1u
1v
0w
0Y
1\
0j
1s
b1110 5
b1110 D
b1110 G
b1110 S
b1110 e
b1110 >
b1110 H
b1110 N
b1110 +
b1110 0
b1110 <
b1110 M
#3150001
b1010 ."
#3151000
b1011 $
b1011 4
b1011 8
b1011 2
b1011 9
b1011 g
1o
b11 3
b11 :
b11 T
1Z
1l
1m
0n
1Y
1j
b1111 5
b1111 D
b1111 G
b1111 S
b1111 e
b1111 >
b1111 H
b1111 N
b1111 +
b1111 0
b1111 <
b1111 M
#3151001
b1011 ."
#3152000
0"
b101 $
b101 4
b101 8
0x
1#"
b101 2
b101 9
b101 g
0,"
0]
1`
0U
b101 3
b101 :
b101 T
0c
0#
1n
0u
0v
1w
0}
1!"
1""
0)"
0*"
1+"
0Y
0\
0_
0b
0j
0s
0|
0'"
1X
1i
b0 5
b0 D
b0 G
b0 S
b0 e
b101 6
b101 E
b101 Q
b101 R
b101 d
b0 >
b0 H
b0 N
b101 *
b101 /
b101 ;
b101 L
b101 P
b0 +
b0 0
b0 <
b0 M
#3152001
00"
b101 ."
#3153000
b100 $
b100 4
b100 8
1]
b100 2
b100 9
b100 g
0o
b110 3
b110 :
b110 T
0Z
1W
1k
0m
0n
1Y
1j
b1 5
b1 D
b1 G
b1 S
b1 e
b1 >
b1 H
b1 N
b1 +
b1 0
b1 <
b1 M
#3153001
b100 ."
#3154000
0c
b111 $
b111 4
b111 8
1`
0U
1o
b111 2
b111 9
b111 g
1x
1Z
0W
b111 3
b111 :
b111 T
1]
0V
0k
1m
1n
1u
1v
0w
0Y
1\
0j
1s
b10 5
b10 D
b10 G
b10 S
b10 e
b10 >
b10 H
b10 N
b10 +
b10 0
b10 <
b10 M
#3154001
b111 ."
#3155000
1c
0`
1U
b110 $
b110 4
b110 8
0]
1V
b110 2
b110 9
b110 g
0o
b1000 3
b1000 :
b1000 T
0Z
1W
1k
0m
0n
1Y
1j
b11 5
b11 D
b11 G
b11 S
b11 e
b11 >
b11 H
b11 N
b11 +
b11 0
b11 <
b11 M
#3155001
b110 ."
#3156000
b1 $
b1 4
b1 8
1o
0x
b1 2
b1 9
b1 g
0#"
1Z
0W
0]
0V
b1001 3
b1001 :
b1001 T
0`
0k
1m
1n
0u
0v
1w
1}
0!"
0""
0Y
0\
1_
0j
0s
1|
b100 5
b100 D
b100 G
b100 S
b100 e
b100 >
b100 H
b100 N
b100 +
b100 0
b100 <
b100 M
#3156001
b1 ."
#3157000
1!
b0 $
b0 4
b0 8
1]
b0 2
b0 9
b0 g
0o
b1010 3
b1010 :
b1010 T
0Z
1W
1k
0m
0n
1Y
1j
b101 5
b101 D
b101 G
b101 S
b101 e
b101 >
b101 H
b101 N
b101 +
b101 0
b101 <
b101 M
#3157001
11"
b0 ."
#3158000
0!
b11 $
b11 4
b11 8
0`
1o
b11 2
b11 9
b11 g
1x
1Z
0W
b1011 3
b1011 :
b1011 T
1]
0V
0k
1m
1n
1u
1v
0w
0Y
1\
0j
1s
b110 5
b110 D
b110 G
b110 S
b110 e
b110 >
b110 H
b110 N
b110 +
b110 0
b110 <
b110 M
#3158001
01"
b11 ."
#3159000
1`
b10 $
b10 4
b10 8
0]
1V
b10 2
b10 9
b10 g
0o
b1100 3
b1100 :
b1100 T
0Z
1W
1k
0m
0n
1Y
1j
b111 5
b111 D
b111 G
b111 S
b111 e
b111 >
b111 H
b111 N
b111 +
b111 0
b111 <
b111 M
#3159001
b10 ."
#3160000
1"
b1101 $
b1101 4
b1101 8
0U
1o
0x
1#"
b1101 2
b1101 9
b1101 g
1,"
1Z
0W
0]
0V
1`
b1101 3
b1101 :
b1101 T
1c
0#
0k
1m
1n
0u
0v
1w
0}
1!"
1""
1)"
1*"
0+"
0Y
0\
0_
1b
0j
0s
0|
1'"
b1000 5
b1000 D
b1000 G
b1000 S
b1000 e
b1000 >
b1000 H
b1000 N
b1000 +
b1000 0
b1000 <
b1000 M
#3160001
10"
b1101 ."
#3161000
b1100 $
b1100 4
b1100 8
1]
b1100 2
b1100 9
b1100 g
0o
b1110 3
b1110 :
b1110 T
0Z
1W
1k
0m
0n
1Y
1j
b1001 5
b1001 D
b1001 G
b1001 S
b1001 e
b1001 >
b1001 H
b1001 N
b1001 +
b1001 0
b1001 <
b1001 M
#3161001
b1100 ."
#3162000
1c
0#
b1111 $
b1111 4
b1111 8
1`
0U
1o
b1111 2
b1111 9
b1111 g
1x
1Z
0W
b1111 3
b1111 :
b1111 T
1]
0V
0k
1m
1n
1u
1v
0w
0Y
1\
0j
1s
b1010 5
b1010 D
b1010 G
b1010 S
b1010 e
b1010 >
b1010 H
b1010 N
b1010 +
b1010 0
b1010 <
b1010 M
#3162001
b1111 ."
#3163000
0c
1#
0`
1U
b1110 $
b1110 4
b1110 8
0]
1V
b1110 2
b1110 9
b1110 g
0o
b0 3
b0 :
b0 T
0Z
1W
1k
0m
0n
1Y
1j
b1011 5
b1011 D
b1011 G
b1011 S
b1011 e
b1011 >
b1011 H
b1011 N
b1011 +
b1011 0
b1011 <
b1011 M
#3163001
b1110 ."
#3164000
b1001 $
b1001 4
b1001 8
1o
0x
b1001 2
b1001 9
b1001 g
0#"
1Z
0W
0]
0V
b1 3
b1 :
b1 T
0`
0k
1m
1n
0u
0v
1w
1}
0!"
0""
0Y
0\
1_
0j
0s
1|
b1100 5
b1100 D
b1100 G
b1100 S
b1100 e
b1100 >
b1100 H
b1100 N
b1100 +
b1100 0
b1100 <
b1100 M
#3164001
b1001 ."
#3165000
b1000 $
b1000 4
b1000 8
1]
b1000 2
b1000 9
b1000 g
0o
b10 3
b10 :
b10 T
0Z
1W
1k
0m
0n
1Y
1j
b1101 5
b1101 D
b1101 G
b1101 S
b1101 e
b1101 >
b1101 H
b1101 N
b1101 +
b1101 0
b1101 <
b1101 M
#3165001
b1000 ."
#3166000
b1011 $
b1011 4
b1011 8
0`
1o
b1011 2
b1011 9
b1011 g
1x
1Z
0W
b11 3
b11 :
b11 T
1]
0V
0k
1m
1n
1u
1v
0w
0Y
1\
0j
1s
b1110 5
b1110 D
b1110 G
b1110 S
b1110 e
b1110 >
b1110 H
b1110 N
b1110 +
b1110 0
b1110 <
b1110 M
#3166001
b1011 ."
#3167000
1`
b1010 $
b1010 4
b1010 8
0]
1V
b1010 2
b1010 9
b1010 g
0o
b100 3
b100 :
b100 T
0Z
1W
1k
0m
0n
1Y
1j
b1111 5
b1111 D
b1111 G
b1111 S
b1111 e
b1111 >
b1111 H
b1111 N
b1111 +
b1111 0
b1111 <
b1111 M
#3167001
b1010 ."
#3168000
0"
b110 $
b110 4
b110 8
0U
1#"
b110 2
b110 9
b110 g
0,"
1]
0V
1`
b110 3
b110 :
b110 T
0c
0#
1n
1w
0}
1!"
1""
0)"
0*"
1+"
0W
0k
0l
0Y
0\
0_
0b
0j
0s
0|
0'"
0X
1[
0i
1r
b0 5
b0 D
b0 G
b0 S
b0 e
b110 6
b110 E
b110 Q
b110 R
b110 d
b0 >
b0 H
b0 N
b110 *
b110 /
b110 ;
b110 L
b110 P
b0 +
b0 0
b0 <
b0 M
#3168001
00"
b110 ."
#3169000
b111 $
b111 4
b111 8
b111 2
b111 9
b111 g
1o
b111 3
b111 :
b111 T
1Z
1l
1m
0n
1Y
1j
b1 5
b1 D
b1 G
b1 S
b1 e
b1 >
b1 H
b1 N
b1 +
b1 0
b1 <
b1 M
#3169001
b111 ."
#3170000
1c
b100 $
b100 4
b100 8
0`
1U
0o
b100 2
b100 9
b100 g
0x
0Z
b1000 3
b1000 :
b1000 T
0]
1V
0l
0m
1n
1t
0v
0w
0Y
1\
0j
1s
b10 5
b10 D
b10 G
b10 S
b10 e
b10 >
b10 H
b10 N
b10 +
b10 0
b10 <
b10 M
#3170001
b100 ."
#3171000
b101 $
b101 4
b101 8
b101 2
b101 9
b101 g
1o
b1001 3
b1001 :
b1001 T
1Z
1l
1m
0n
1Y
1j
b11 5
b11 D
b11 G
b11 S
b11 e
b11 >
b11 H
b11 N
b11 +
b11 0
b11 <
b11 M
#3171001
b101 ."
#3172000
b10 $
b10 4
b10 8
0o
1x
b10 2
b10 9
b10 g
0#"
0Z
1]
0V
b1010 3
b1010 :
b1010 T
0`
0l
0m
1n
0t
1v
1w
1}
0!"
0""
0Y
0\
1_
0j
0s
1|
b100 5
b100 D
b100 G
b100 S
b100 e
b100 >
b100 H
b100 N
b100 +
b100 0
b100 <
b100 M
#3172001
b10 ."
#3173000
b11 $
b11 4
b11 8
b11 2
b11 9
b11 g
1o
b1011 3
b1011 :
b1011 T
1Z
1l
1m
0n
1Y
1j
b101 5
b101 D
b101 G
b101 S
b101 e
b101 >
b101 H
b101 N
b101 +
b101 0
b101 <
b101 M
#3173001
b11 ."
#3174000
1!
b0 $
b0 4
b0 8
1`
0o
b0 2
b0 9
b0 g
0x
0Z
b1100 3
b1100 :
b1100 T
0]
1V
0l
0m
1n
1t
0v
0w
0Y
1\
0j
1s
b110 5
b110 D
b110 G
b110 S
b110 e
b110 >
b110 H
b110 N
b110 +
b110 0
b110 <
b110 M
#3174001
11"
b0 ."
#3175000
0!
b1 $
b1 4
b1 8
b1 2
b1 9
b1 g
1o
b1101 3
b1101 :
b1101 T
1Z
1l
1m
0n
1Y
1j
b111 5
b111 D
b111 G
b111 S
b111 e
b111 >
b111 H
b111 N
b111 +
b111 0
b111 <
b111 M
#3175001
01"
b1 ."
#3176000
1"
b1110 $
b1110 4
b1110 8
0U
0o
1x
1#"
b1110 2
b1110 9
b1110 g
1,"
0Z
1]
0V
1`
b1110 3
b1110 :
b1110 T
1c
0#
0l
0m
1n
0t
1v
1w
0}
1!"
1""
1)"
1*"
0+"
0Y
0\
0_
1b
0j
0s
0|
1'"
b1000 5
b1000 D
b1000 G
b1000 S
b1000 e
b1000 >
b1000 H
b1000 N
b1000 +
b1000 0
b1000 <
b1000 M
#3176001
10"
b1110 ."
#3177000
b1111 $
b1111 4
b1111 8
b1111 2
b1111 9
b1111 g
1o
b1111 3
b1111 :
b1111 T
1Z
1l
1m
0n
1Y
1j
b1001 5
b1001 D
b1001 G
b1001 S
b1001 e
b1001 >
b1001 H
b1001 N
b1001 +
b1001 0
b1001 <
b1001 M
#3177001
b1111 ."
#3178000
0c
1#
b1100 $
b1100 4
b1100 8
0`
1U
0o
b1100 2
b1100 9
b1100 g
0x
0Z
b0 3
b0 :
b0 T
0]
1V
0l
0m
1n
1t
0v
0w
0Y
1\
0j
1s
b1010 5
b1010 D
b1010 G
b1010 S
b1010 e
b1010 >
b1010 H
b1010 N
b1010 +
b1010 0
b1010 <
b1010 M
#3178001
b1100 ."
#3179000
b1101 $
b1101 4
b1101 8
b1101 2
b1101 9
b1101 g
1o
b1 3
b1 :
b1 T
1Z
1l
1m
0n
1Y
1j
b1011 5
b1011 D
b1011 G
b1011 S
b1011 e
b1011 >
b1011 H
b1011 N
b1011 +
b1011 0
b1011 <
b1011 M
#3179001
b1101 ."
#3180000
b1010 $
b1010 4
b1010 8
0o
1x
b1010 2
b1010 9
b1010 g
0#"
0Z
1]
0V
b10 3
b10 :
b10 T
0`
0l
0m
1n
0t
1v
1w
1}
0!"
0""
0Y
0\
1_
0j
0s
1|
b1100 5
b1100 D
b1100 G
b1100 S
b1100 e
b1100 >
b1100 H
b1100 N
b1100 +
b1100 0
b1100 <
b1100 M
#3180001
b1010 ."
#3181000
b1011 $
b1011 4
b1011 8
b1011 2
b1011 9
b1011 g
1o
b11 3
b11 :
b11 T
1Z
1l
1m
0n
1Y
1j
b1101 5
b1101 D
b1101 G
b1101 S
b1101 e
b1101 >
b1101 H
b1101 N
b1101 +
b1101 0
b1101 <
b1101 M
#3181001
b1011 ."
#3182000
b1000 $
b1000 4
b1000 8
1`
0o
b1000 2
b1000 9
b1000 g
0x
0Z
b100 3
b100 :
b100 T
0]
1V
0l
0m
1n
1t
0v
0w
0Y
1\
0j
1s
b1110 5
b1110 D
b1110 G
b1110 S
b1110 e
b1110 >
b1110 H
b1110 N
b1110 +
b1110 0
b1110 <
b1110 M
#3182001
b1000 ."
#3183000
b1001 $
b1001 4
b1001 8
b1001 2
b1001 9
b1001 g
1o
b101 3
b101 :
b101 T
1Z
1l
1m
0n
1Y
1j
b1111 5
b1111 D
b1111 G
b1111 S
b1111 e
b1111 >
b1111 H
b1111 N
b1111 +
b1111 0
b1111 <
b1111 M
#3183001
b1001 ."
#3184000
0"
b111 $
b111 4
b111 8
0U
1x
1#"
b111 2
b111 9
b111 g
0,"
1]
0V
1`
b111 3
b111 :
b111 T
0c
0#
1n
0t
1v
1w
0}
1!"
1""
0)"
0*"
1+"
0Y
0\
0_
0b
0j
0s
0|
0'"
1X
1i
b0 5
b0 D
b0 G
b0 S
b0 e
b111 6
b111 E
b111 Q
b111 R
b111 d
b0 >
b0 H
b0 N
b111 *
b111 /
b111 ;
b111 L
b111 P
b0 +
b0 0
b0 <
b0 M
#3184001
00"
b111 ."
#3185000
1c
0`
1U
b110 $
b110 4
b110 8
0]
1V
b110 2
b110 9
b110 g
0o
b1000 3
b1000 :
b1000 T
0Z
1W
1k
0m
0n
1Y
1j
b1 5
b1 D
b1 G
b1 S
b1 e
b1 >
b1 H
b1 N
b1 +
b1 0
b1 <
b1 M
#3185001
b110 ."
#3186000
b101 $
b101 4
b101 8
1o
b101 2
b101 9
b101 g
0x
1Z
0W
b1001 3
b1001 :
b1001 T
0]
0k
1m
1n
1t
0v
0w
0Y
1\
0j
1s
b10 5
b10 D
b10 G
b10 S
b10 e
b10 >
b10 H
b10 N
b10 +
b10 0
b10 <
b10 M
#3186001
b101 ."
#3187000
b100 $
b100 4
b100 8
1]
b100 2
b100 9
b100 g
0o
b1010 3
b1010 :
b1010 T
0Z
1W
1k
0m
0n
1Y
1j
b11 5
b11 D
b11 G
b11 S
b11 e
b11 >
b11 H
b11 N
b11 +
b11 0
b11 <
b11 M
#3187001
b100 ."
#3188000
b11 $
b11 4
b11 8
0V
1o
1x
b11 2
b11 9
b11 g
0#"
1Z
0W
1]
b1011 3
b1011 :
b1011 T
0`
0k
1m
1n
0t
1v
1w
1}
0!"
0""
0Y
0\
1_
0j
0s
1|
b100 5
b100 D
b100 G
b100 S
b100 e
b100 >
b100 H
b100 N
b100 +
b100 0
b100 <
b100 M
#3188001
b11 ."
#3189000
1`
b10 $
b10 4
b10 8
0]
1V
b10 2
b10 9
b10 g
0o
b1100 3
b1100 :
b1100 T
0Z
1W
1k
0m
0n
1Y
1j
b101 5
b101 D
b101 G
b101 S
b101 e
b101 >
b101 H
b101 N
b101 +
b101 0
b101 <
b101 M
#3189001
b10 ."
#3190000
b1 $
b1 4
b1 8
1o
b1 2
b1 9
b1 g
0x
1Z
0W
b1101 3
b1101 :
b1101 T
0]
0k
1m
1n
1t
0v
0w
0Y
1\
0j
1s
b110 5
b110 D
b110 G
b110 S
b110 e
b110 >
b110 H
b110 N
b110 +
b110 0
b110 <
b110 M
#3190001
b1 ."
#3191000
1!
b0 $
b0 4
b0 8
1]
b0 2
b0 9
b0 g
0o
b1110 3
b1110 :
b1110 T
0Z
1W
1k
0m
0n
1Y
1j
b111 5
b111 D
b111 G
b111 S
b111 e
b111 >
b111 H
b111 N
b111 +
b111 0
b111 <
b111 M
#3191001
11"
b0 ."
#3192000
1"
0U
0!
b1111 $
b1111 4
b1111 8
0V
1o
1x
1#"
b1111 2
b1111 9
b1111 g
1,"
1Z
0W
1]
1`
b1111 3
b1111 :
b1111 T
1c
0#
0k
1m
1n
0t
1v
1w
0}
1!"
1""
1)"
1*"
0+"
0Y
0\
0_
1b
0j
0s
0|
1'"
b1000 5
b1000 D
b1000 G
b1000 S
b1000 e
b1000 >
b1000 H
b1000 N
b1000 +
b1000 0
b1000 <
b1000 M
#3192001
01"
10"
b1111 ."
#3193000
0c
1#
0`
1U
b1110 $
b1110 4
b1110 8
0]
1V
b1110 2
b1110 9
b1110 g
0o
b0 3
b0 :
b0 T
0Z
1W
1k
0m
0n
1Y
1j
b1001 5
b1001 D
b1001 G
b1001 S
b1001 e
b1001 >
b1001 H
b1001 N
b1001 +
b1001 0
b1001 <
b1001 M
#3193001
b1110 ."
#3194000
b1101 $
b1101 4
b1101 8
1o
b1101 2
b1101 9
b1101 g
0x
1Z
0W
b1 3
b1 :
b1 T
0]
0k
1m
1n
1t
0v
0w
0Y
1\
0j
1s
b1010 5
b1010 D
b1010 G
b1010 S
b1010 e
b1010 >
b1010 H
b1010 N
b1010 +
b1010 0
b1010 <
b1010 M
#3194001
b1101 ."
#3195000
b1100 $
b1100 4
b1100 8
1]
b1100 2
b1100 9
b1100 g
0o
b10 3
b10 :
b10 T
0Z
1W
1k
0m
0n
1Y
1j
b1011 5
b1011 D
b1011 G
b1011 S
b1011 e
b1011 >
b1011 H
b1011 N
b1011 +
b1011 0
b1011 <
b1011 M
#3195001
b1100 ."
#3196000
b1011 $
b1011 4
b1011 8
0V
1o
1x
b1011 2
b1011 9
b1011 g
0#"
1Z
0W
1]
b11 3
b11 :
b11 T
0`
0k
1m
1n
0t
1v
1w
1}
0!"
0""
0Y
0\
1_
0j
0s
1|
b1100 5
b1100 D
b1100 G
b1100 S
b1100 e
b1100 >
b1100 H
b1100 N
b1100 +
b1100 0
b1100 <
b1100 M
#3196001
b1011 ."
#3197000
1`
b1010 $
b1010 4
b1010 8
0]
1V
b1010 2
b1010 9
b1010 g
0o
b100 3
b100 :
b100 T
0Z
1W
1k
0m
0n
1Y
1j
b1101 5
b1101 D
b1101 G
b1101 S
b1101 e
b1101 >
b1101 H
b1101 N
b1101 +
b1101 0
b1101 <
b1101 M
#3197001
b1010 ."
#3198000
b1001 $
b1001 4
b1001 8
1o
b1001 2
b1001 9
b1001 g
0x
1Z
0W
b101 3
b101 :
b101 T
0]
0k
1m
1n
1t
0v
0w
0Y
1\
0j
1s
b1110 5
b1110 D
b1110 G
b1110 S
b1110 e
b1110 >
b1110 H
b1110 N
b1110 +
b1110 0
b1110 <
b1110 M
#3198001
b1001 ."
#3199000
b1000 $
b1000 4
b1000 8
1]
b1000 2
b1000 9
b1000 g
0o
b110 3
b110 :
b110 T
0Z
1W
1k
0m
0n
1Y
1j
b1111 5
b1111 D
b1111 G
b1111 S
b1111 e
b1111 >
b1111 H
b1111 N
b1111 +
b1111 0
b1111 <
b1111 M
#3199001
b1000 ."
#3200000
0`
1c
0#
b1000 3
b1000 :
b1000 T
0]
0V
0U
1n
1w
1""
1+"
0W
0k
0l
0t
0u
0}
0~
0Y
0\
0_
0b
0j
0s
0|
0'"
0X
0[
0^
1a
0i
0r
0{
1&"
b0 5
b0 D
b0 G
b0 S
b0 e
b1000 6
b1000 E
b1000 Q
b1000 R
b1000 d
b0 >
b0 H
b0 N
b1000 *
b1000 /
b1000 ;
b1000 L
b1000 P
b0 +
b0 0
b0 <
b0 M
#3201000
b1001 $
b1001 4
b1001 8
b1001 2
b1001 9
b1001 g
1o
b1001 3
b1001 :
b1001 T
1Z
1l
1m
0n
1Y
1j
b1 5
b1 D
b1 G
b1 S
b1 e
b1 >
b1 H
b1 N
b1 +
b1 0
b1 <
b1 M
#3201001
b1001 ."
#3202000
b1010 $
b1010 4
b1010 8
0o
b1010 2
b1010 9
b1010 g
1x
0Z
b1010 3
b1010 :
b1010 T
1]
0l
0m
1n
1u
1v
0w
0Y
1\
0j
1s
b10 5
b10 D
b10 G
b10 S
b10 e
b10 >
b10 H
b10 N
b10 +
b10 0
b10 <
b10 M
#3202001
b1010 ."
#3203000
b1011 $
b1011 4
b1011 8
b1011 2
b1011 9
b1011 g
1o
b1011 3
b1011 :
b1011 T
1Z
1l
1m
0n
1Y
1j
b11 5
b11 D
b11 G
b11 S
b11 e
b11 >
b11 H
b11 N
b11 +
b11 0
b11 <
b11 M
#3203001
b1011 ."
#3204000
b1100 $
b1100 4
b1100 8
0o
0x
b1100 2
b1100 9
b1100 g
1#"
0Z
0]
b1100 3
b1100 :
b1100 T
1`
0l
0m
1n
0u
0v
1w
1~
1!"
0""
0Y
0\
1_
0j
0s
1|
b100 5
b100 D
b100 G
b100 S
b100 e
b100 >
b100 H
b100 N
b100 +
b100 0
b100 <
b100 M
#3204001
b1100 ."
#3205000
b1101 $
b1101 4
b1101 8
b1101 2
b1101 9
b1101 g
1o
b1101 3
b1101 :
b1101 T
1Z
1l
1m
0n
1Y
1j
b101 5
b101 D
b101 G
b101 S
b101 e
b101 >
b101 H
b101 N
b101 +
b101 0
b101 <
b101 M
#3205001
b1101 ."
#3206000
b1110 $
b1110 4
b1110 8
0o
b1110 2
b1110 9
b1110 g
1x
0Z
b1110 3
b1110 :
b1110 T
1]
0l
0m
1n
1u
1v
0w
0Y
1\
0j
1s
b110 5
b110 D
b110 G
b110 S
b110 e
b110 >
b110 H
b110 N
b110 +
b110 0
b110 <
b110 M
#3206001
b1110 ."
#3207000
b1111 $
b1111 4
b1111 8
b1111 2
b1111 9
b1111 g
1o
b1111 3
b1111 :
b1111 T
1Z
1l
1m
0n
1Y
1j
b111 5
b111 D
b111 G
b111 S
b111 e
b111 >
b111 H
b111 N
b111 +
b111 0
b111 <
b111 M
#3207001
b1111 ."
#3208000
0"
1!
b0 $
b0 4
b0 8
0o
0x
0#"
b0 2
b0 9
b0 g
0,"
0Z
0]
0`
b0 3
b0 :
b0 T
0c
1#
0l
0m
1n
0u
0v
1w
0~
0!"
1""
1("
0*"
0+"
0Y
0\
0_
1b
0j
0s
0|
1'"
b1000 5
b1000 D
b1000 G
b1000 S
b1000 e
b1000 >
b1000 H
b1000 N
b1000 +
b1000 0
b1000 <
b1000 M
#3208001
11"
00"
b0 ."
#3209000
0!
b1 $
b1 4
b1 8
b1 2
b1 9
b1 g
1o
b1 3
b1 :
b1 T
1Z
1l
1m
0n
1Y
1j
b1001 5
b1001 D
b1001 G
b1001 S
b1001 e
b1001 >
b1001 H
b1001 N
b1001 +
b1001 0
b1001 <
b1001 M
#3209001
01"
b1 ."
#3210000
b10 $
b10 4
b10 8
0o
b10 2
b10 9
b10 g
1x
0Z
b10 3
b10 :
b10 T
1]
0l
0m
1n
1u
1v
0w
0Y
1\
0j
1s
b1010 5
b1010 D
b1010 G
b1010 S
b1010 e
b1010 >
b1010 H
b1010 N
b1010 +
b1010 0
b1010 <
b1010 M
#3210001
b10 ."
#3211000
b11 $
b11 4
b11 8
b11 2
b11 9
b11 g
1o
b11 3
b11 :
b11 T
1Z
1l
1m
0n
1Y
1j
b1011 5
b1011 D
b1011 G
b1011 S
b1011 e
b1011 >
b1011 H
b1011 N
b1011 +
b1011 0
b1011 <
b1011 M
#3211001
b11 ."
#3212000
b100 $
b100 4
b100 8
0o
0x
b100 2
b100 9
b100 g
1#"
0Z
0]
b100 3
b100 :
b100 T
1`
0l
0m
1n
0u
0v
1w
1~
1!"
0""
0Y
0\
1_
0j
0s
1|
b1100 5
b1100 D
b1100 G
b1100 S
b1100 e
b1100 >
b1100 H
b1100 N
b1100 +
b1100 0
b1100 <
b1100 M
#3212001
b100 ."
#3213000
b101 $
b101 4
b101 8
b101 2
b101 9
b101 g
1o
b101 3
b101 :
b101 T
1Z
1l
1m
0n
1Y
1j
b1101 5
b1101 D
b1101 G
b1101 S
b1101 e
b1101 >
b1101 H
b1101 N
b1101 +
b1101 0
b1101 <
b1101 M
#3213001
b101 ."
#3214000
b110 $
b110 4
b110 8
0o
b110 2
b110 9
b110 g
1x
0Z
b110 3
b110 :
b110 T
1]
0l
0m
1n
1u
1v
0w
0Y
1\
0j
1s
b1110 5
b1110 D
b1110 G
b1110 S
b1110 e
b1110 >
b1110 H
b1110 N
b1110 +
b1110 0
b1110 <
b1110 M
#3214001
b110 ."
#3215000
b111 $
b111 4
b111 8
b111 2
b111 9
b111 g
1o
b111 3
b111 :
b111 T
1Z
1l
1m
0n
1Y
1j
b1111 5
b1111 D
b1111 G
b1111 S
b1111 e
b1111 >
b1111 H
b1111 N
b1111 +
b1111 0
b1111 <
b1111 M
#3215001
b111 ."
#3216000
1"
b1001 $
b1001 4
b1001 8
0x
0#"
b1001 2
b1001 9
b1001 g
1,"
0]
0`
b1001 3
b1001 :
b1001 T
1c
0#
1n
0u
0v
1w
0~
0!"
1""
0("
1*"
1+"
0Y
0\
0_
0b
0j
0s
0|
0'"
1X
1i
b0 5
b0 D
b0 G
b0 S
b0 e
b1001 6
b1001 E
b1001 Q
b1001 R
b1001 d
b0 >
b0 H
b0 N
b1001 *
b1001 /
b1001 ;
b1001 L
b1001 P
b0 +
b0 0
b0 <
b0 M
#3216001
10"
b1001 ."
#3217000
b1000 $
b1000 4
b1000 8
1]
b1000 2
b1000 9
b1000 g
0o
b1010 3
b1010 :
b1010 T
0Z
1W
1k
0m
0n
1Y
1j
b1 5
b1 D
b1 G
b1 S
b1 e
b1 >
b1 H
b1 N
b1 +
b1 0
b1 <
b1 M
#3217001
b1000 ."
#3218000
b1011 $
b1011 4
b1011 8
0`
1o
b1011 2
b1011 9
b1011 g
1x
1Z
0W
b1011 3
b1011 :
b1011 T
1]
0V
0k
1m
1n
1u
1v
0w
0Y
1\
0j
1s
b10 5
b10 D
b10 G
b10 S
b10 e
b10 >
b10 H
b10 N
b10 +
b10 0
b10 <
b10 M
#3218001
b1011 ."
#3219000
1`
b1010 $
b1010 4
b1010 8
0]
1V
b1010 2
b1010 9
b1010 g
0o
b1100 3
b1100 :
b1100 T
0Z
1W
1k
0m
0n
1Y
1j
b11 5
b11 D
b11 G
b11 S
b11 e
b11 >
b11 H
b11 N
b11 +
b11 0
b11 <
b11 M
#3219001
b1010 ."
#3220000
b1101 $
b1101 4
b1101 8
1c
0#
1o
0x
b1101 2
b1101 9
b1101 g
1#"
1Z
0W
0]
0V
b1101 3
b1101 :
b1101 T
1`
0U
0k
1m
1n
0u
0v
1w
1~
1!"
0""
0Y
0\
1_
0j
0s
1|
b100 5
b100 D
b100 G
b100 S
b100 e
b100 >
b100 H
b100 N
b100 +
b100 0
b100 <
b100 M
#3220001
b1101 ."
#3221000
b1100 $
b1100 4
b1100 8
1]
b1100 2
b1100 9
b1100 g
0o
b1110 3
b1110 :
b1110 T
0Z
1W
1k
0m
0n
1Y
1j
b101 5
b101 D
b101 G
b101 S
b101 e
b101 >
b101 H
b101 N
b101 +
b101 0
b101 <
b101 M
#3221001
b1100 ."
#3222000
1c
0#
b1111 $
b1111 4
b1111 8
1`
0U
1o
b1111 2
b1111 9
b1111 g
1x
1Z
0W
b1111 3
b1111 :
b1111 T
1]
0V
0k
1m
1n
1u
1v
0w
0Y
1\
0j
1s
b110 5
b110 D
b110 G
b110 S
b110 e
b110 >
b110 H
b110 N
b110 +
b110 0
b110 <
b110 M
#3222001
b1111 ."
#3223000
0c
1#
0`
1U
b1110 $
b1110 4
b1110 8
0]
1V
b1110 2
b1110 9
b1110 g
0o
b0 3
b0 :
b0 T
0Z
1W
1k
0m
0n
1Y
1j
b111 5
b111 D
b111 G
b111 S
b111 e
b111 >
b111 H
b111 N
b111 +
b111 0
b111 <
b111 M
#3223001
b1110 ."
#3224000
0"
b1 $
b1 4
b1 8
1o
0x
0#"
b1 2
b1 9
b1 g
0,"
1Z
0W
0]
0V
0`
0U
b1 3
b1 :
b1 T
0c
0k
1m
1n
0u
0v
1w
0~
0!"
1""
1("
0*"
0+"
0Y
0\
0_
1b
0j
0s
0|
1'"
b1000 5
b1000 D
b1000 G
b1000 S
b1000 e
b1000 >
b1000 H
b1000 N
b1000 +
b1000 0
b1000 <
b1000 M
#3224001
00"
b1 ."
#3225000
1!
b0 $
b0 4
b0 8
1]
b0 2
b0 9
b0 g
0o
b10 3
b10 :
b10 T
0Z
1W
1k
0m
0n
1Y
1j
b1001 5
b1001 D
b1001 G
b1001 S
b1001 e
b1001 >
b1001 H
b1001 N
b1001 +
b1001 0
b1001 <
b1001 M
#3225001
11"
b0 ."
#3226000
0!
b11 $
b11 4
b11 8
0`
1o
b11 2
b11 9
b11 g
1x
1Z
0W
b11 3
b11 :
b11 T
1]
0V
0k
1m
1n
1u
1v
0w
0Y
1\
0j
1s
b1010 5
b1010 D
b1010 G
b1010 S
b1010 e
b1010 >
b1010 H
b1010 N
b1010 +
b1010 0
b1010 <
b1010 M
#3226001
01"
b11 ."
#3227000
1`
b10 $
b10 4
b10 8
0]
1V
b10 2
b10 9
b10 g
0o
b100 3
b100 :
b100 T
0Z
1W
1k
0m
0n
1Y
1j
b1011 5
b1011 D
b1011 G
b1011 S
b1011 e
b1011 >
b1011 H
b1011 N
b1011 +
b1011 0
b1011 <
b1011 M
#3227001
b10 ."
#3228000
b101 $
b101 4
b101 8
0c
1o
0x
b101 2
b101 9
b101 g
1#"
1Z
0W
0]
0V
b101 3
b101 :
b101 T
1`
0U
0k
1m
1n
0u
0v
1w
1~
1!"
0""
0Y
0\
1_
0j
0s
1|
b1100 5
b1100 D
b1100 G
b1100 S
b1100 e
b1100 >
b1100 H
b1100 N
b1100 +
b1100 0
b1100 <
b1100 M
#3228001
b101 ."
#3229000
b100 $
b100 4
b100 8
1]
b100 2
b100 9
b100 g
0o
b110 3
b110 :
b110 T
0Z
1W
1k
0m
0n
1Y
1j
b1101 5
b1101 D
b1101 G
b1101 S
b1101 e
b1101 >
b1101 H
b1101 N
b1101 +
b1101 0
b1101 <
b1101 M
#3229001
b100 ."
#3230000
0c
b111 $
b111 4
b111 8
1`
0U
1o
b111 2
b111 9
b111 g
1x
1Z
0W
b111 3
b111 :
b111 T
1]
0V
0k
1m
1n
1u
1v
0w
0Y
1\
0j
1s
b1110 5
b1110 D
b1110 G
b1110 S
b1110 e
b1110 >
b1110 H
b1110 N
b1110 +
b1110 0
b1110 <
b1110 M
#3230001
b111 ."
#3231000
1c
0`
1U
b110 $
b110 4
b110 8
0]
1V
b110 2
b110 9
b110 g
0o
b1000 3
b1000 :
b1000 T
0Z
1W
1k
0m
0n
1Y
1j
b1111 5
b1111 D
b1111 G
b1111 S
b1111 e
b1111 >
b1111 H
b1111 N
b1111 +
b1111 0
b1111 <
b1111 M
#3231001
b110 ."
#3232000
1"
b1010 $
b1010 4
b1010 8
0#
0#"
b1010 2
b1010 9
b1010 g
1,"
1]
0V
0`
0U
b1010 3
b1010 :
b1010 T
1c
1n
1w
0~
0!"
1""
0("
1*"
1+"
0W
0k
0l
0Y
0\
0_
0b
0j
0s
0|
0'"
0X
1[
0i
1r
b0 5
b0 D
b0 G
b0 S
b0 e
b1010 6
b1010 E
b1010 Q
b1010 R
b1010 d
b0 >
b0 H
b0 N
b1010 *
b1010 /
b1010 ;
b1010 L
b1010 P
b0 +
b0 0
b0 <
b0 M
#3232001
10"
b1010 ."
#3233000
b1011 $
b1011 4
b1011 8
b1011 2
b1011 9
b1011 g
1o
b1011 3
b1011 :
b1011 T
1Z
1l
1m
0n
1Y
1j
b1 5
b1 D
b1 G
b1 S
b1 e
b1 >
b1 H
b1 N
b1 +
b1 0
b1 <
b1 M
#3233001
b1011 ."
#3234000
b1000 $
b1000 4
b1000 8
1`
0o
b1000 2
b1000 9
b1000 g
0x
0Z
b1100 3
b1100 :
b1100 T
0]
1V
0l
0m
1n
1t
0v
0w
0Y
1\
0j
1s
b10 5
b10 D
b10 G
b10 S
b10 e
b10 >
b10 H
b10 N
b10 +
b10 0
b10 <
b10 M
#3234001
b1000 ."
#3235000
b1001 $
b1001 4
b1001 8
b1001 2
b1001 9
b1001 g
1o
b1101 3
b1101 :
b1101 T
1Z
1l
1m
0n
1Y
1j
b11 5
b11 D
b11 G
b11 S
b11 e
b11 >
b11 H
b11 N
b11 +
b11 0
b11 <
b11 M
#3235001
b1001 ."
#3236000
b1110 $
b1110 4
b1110 8
1c
0#
0o
1x
b1110 2
b1110 9
b1110 g
1#"
0Z
1]
0V
b1110 3
b1110 :
b1110 T
1`
0U
0l
0m
1n
0t
1v
1w
1~
1!"
0""
0Y
0\
1_
0j
0s
1|
b100 5
b100 D
b100 G
b100 S
b100 e
b100 >
b100 H
b100 N
b100 +
b100 0
b100 <
b100 M
#3236001
b1110 ."
#3237000
b1111 $
b1111 4
b1111 8
b1111 2
b1111 9
b1111 g
1o
b1111 3
b1111 :
b1111 T
1Z
1l
1m
0n
1Y
1j
b101 5
b101 D
b101 G
b101 S
b101 e
b101 >
b101 H
b101 N
b101 +
b101 0
b101 <
b101 M
#3237001
b1111 ."
#3238000
0c
1#
b1100 $
b1100 4
b1100 8
0`
1U
0o
b1100 2
b1100 9
b1100 g
0x
0Z
b0 3
b0 :
b0 T
0]
1V
0l
0m
1n
1t
0v
0w
0Y
1\
0j
1s
b110 5
b110 D
b110 G
b110 S
b110 e
b110 >
b110 H
b110 N
b110 +
b110 0
b110 <
b110 M
#3238001
b1100 ."
#3239000
b1101 $
b1101 4
b1101 8
b1101 2
b1101 9
b1101 g
1o
b1 3
b1 :
b1 T
1Z
1l
1m
0n
1Y
1j
b111 5
b111 D
b111 G
b111 S
b111 e
b111 >
b111 H
b111 N
b111 +
b111 0
b111 <
b111 M
#3239001
b1101 ."
#3240000
0"
b10 $
b10 4
b10 8
0o
1x
0#"
b10 2
b10 9
b10 g
0,"
0Z
1]
0V
0`
0U
b10 3
b10 :
b10 T
0c
0l
0m
1n
0t
1v
1w
0~
0!"
1""
1("
0*"
0+"
0Y
0\
0_
1b
0j
0s
0|
1'"
b1000 5
b1000 D
b1000 G
b1000 S
b1000 e
b1000 >
b1000 H
b1000 N
b1000 +
b1000 0
b1000 <
b1000 M
#3240001
00"
b10 ."
#3241000
b11 $
b11 4
b11 8
b11 2
b11 9
b11 g
1o
b11 3
b11 :
b11 T
1Z
1l
1m
0n
1Y
1j
b1001 5
b1001 D
b1001 G
b1001 S
b1001 e
b1001 >
b1001 H
b1001 N
b1001 +
b1001 0
b1001 <
b1001 M
#3241001
b11 ."
#3242000
1!
b0 $
b0 4
b0 8
1`
0o
b0 2
b0 9
b0 g
0x
0Z
b100 3
b100 :
b100 T
0]
1V
0l
0m
1n
1t
0v
0w
0Y
1\
0j
1s
b1010 5
b1010 D
b1010 G
b1010 S
b1010 e
b1010 >
b1010 H
b1010 N
b1010 +
b1010 0
b1010 <
b1010 M
#3242001
11"
b0 ."
#3243000
0!
b1 $
b1 4
b1 8
b1 2
b1 9
b1 g
1o
b101 3
b101 :
b101 T
1Z
1l
1m
0n
1Y
1j
b1011 5
b1011 D
b1011 G
b1011 S
b1011 e
b1011 >
b1011 H
b1011 N
b1011 +
b1011 0
b1011 <
b1011 M
#3243001
01"
b1 ."
#3244000
b110 $
b110 4
b110 8
0c
0o
1x
b110 2
b110 9
b110 g
1#"
0Z
1]
0V
b110 3
b110 :
b110 T
1`
0U
0l
0m
1n
0t
1v
1w
1~
1!"
0""
0Y
0\
1_
0j
0s
1|
b1100 5
b1100 D
b1100 G
b1100 S
b1100 e
b1100 >
b1100 H
b1100 N
b1100 +
b1100 0
b1100 <
b1100 M
#3244001
b110 ."
#3245000
b111 $
b111 4
b111 8
b111 2
b111 9
b111 g
1o
b111 3
b111 :
b111 T
1Z
1l
1m
0n
1Y
1j
b1101 5
b1101 D
b1101 G
b1101 S
b1101 e
b1101 >
b1101 H
b1101 N
b1101 +
b1101 0
b1101 <
b1101 M
#3245001
b111 ."
#3246000
1c
b100 $
b100 4
b100 8
0`
1U
0o
b100 2
b100 9
b100 g
0x
0Z
b1000 3
b1000 :
b1000 T
0]
1V
0l
0m
1n
1t
0v
0w
0Y
1\
0j
1s
b1110 5
b1110 D
b1110 G
b1110 S
b1110 e
b1110 >
b1110 H
b1110 N
b1110 +
b1110 0
b1110 <
b1110 M
#3246001
b100 ."
#3247000
b101 $
b101 4
b101 8
b101 2
b101 9
b101 g
1o
b1001 3
b1001 :
b1001 T
1Z
1l
1m
0n
1Y
1j
b1111 5
b1111 D
b1111 G
b1111 S
b1111 e
b1111 >
b1111 H
b1111 N
b1111 +
b1111 0
b1111 <
b1111 M
#3247001
b101 ."
#3248000
1"
b1011 $
b1011 4
b1011 8
0#
1x
0#"
b1011 2
b1011 9
b1011 g
1,"
1]
0V
0`
0U
b1011 3
b1011 :
b1011 T
1c
1n
0t
1v
1w
0~
0!"
1""
0("
1*"
1+"
0Y
0\
0_
0b
0j
0s
0|
0'"
1X
1i
b0 5
b0 D
b0 G
b0 S
b0 e
b1011 6
b1011 E
b1011 Q
b1011 R
b1011 d
b0 >
b0 H
b0 N
b1011 *
b1011 /
b1011 ;
b1011 L
b1011 P
b0 +
b0 0
b0 <
b0 M
#3248001
10"
b1011 ."
#3249000
1`
b1010 $
b1010 4
b1010 8
0]
1V
b1010 2
b1010 9
b1010 g
0o
b1100 3
b1100 :
b1100 T
0Z
1W
1k
0m
0n
1Y
1j
b1 5
b1 D
b1 G
b1 S
b1 e
b1 >
b1 H
b1 N
b1 +
b1 0
b1 <
b1 M
#3249001
b1010 ."
#3250000
b1001 $
b1001 4
b1001 8
1o
b1001 2
b1001 9
b1001 g
0x
1Z
0W
b1101 3
b1101 :
b1101 T
0]
0k
1m
1n
1t
0v
0w
0Y
1\
0j
1s
b10 5
b10 D
b10 G
b10 S
b10 e
b10 >
b10 H
b10 N
b10 +
b10 0
b10 <
b10 M
#3250001
b1001 ."
#3251000
b1000 $
b1000 4
b1000 8
1]
b1000 2
b1000 9
b1000 g
0o
b1110 3
b1110 :
b1110 T
0Z
1W
1k
0m
0n
1Y
1j
b11 5
b11 D
b11 G
b11 S
b11 e
b11 >
b11 H
b11 N
b11 +
b11 0
b11 <
b11 M
#3251001
b1000 ."
#3252000
b1111 $
b1111 4
b1111 8
0V
1c
0#
1o
1x
b1111 2
b1111 9
b1111 g
1#"
1Z
0W
1]
b1111 3
b1111 :
b1111 T
1`
0U
0k
1m
1n
0t
1v
1w
1~
1!"
0""
0Y
0\
1_
0j
0s
1|
b100 5
b100 D
b100 G
b100 S
b100 e
b100 >
b100 H
b100 N
b100 +
b100 0
b100 <
b100 M
#3252001
b1111 ."
#3253000
0c
1#
0`
1U
b1110 $
b1110 4
b1110 8
0]
1V
b1110 2
b1110 9
b1110 g
0o
b0 3
b0 :
b0 T
0Z
1W
1k
0m
0n
1Y
1j
b101 5
b101 D
b101 G
b101 S
b101 e
b101 >
b101 H
b101 N
b101 +
b101 0
b101 <
b101 M
#3253001
b1110 ."
#3254000
b1101 $
b1101 4
b1101 8
1o
b1101 2
b1101 9
b1101 g
0x
1Z
0W
b1 3
b1 :
b1 T
0]
0k
1m
1n
1t
0v
0w
0Y
1\
0j
1s
b110 5
b110 D
b110 G
b110 S
b110 e
b110 >
b110 H
b110 N
b110 +
b110 0
b110 <
b110 M
#3254001
b1101 ."
#3255000
b1100 $
b1100 4
b1100 8
1]
b1100 2
b1100 9
b1100 g
0o
b10 3
b10 :
b10 T
0Z
1W
1k
0m
0n
1Y
1j
b111 5
b111 D
b111 G
b111 S
b111 e
b111 >
b111 H
b111 N
b111 +
b111 0
b111 <
b111 M
#3255001
b1100 ."
#3256000
0"
b11 $
b11 4
b11 8
0V
1o
1x
0#"
b11 2
b11 9
b11 g
0,"
1Z
0W
1]
0`
0U
b11 3
b11 :
b11 T
0c
0k
1m
1n
0t
1v
1w
0~
0!"
1""
1("
0*"
0+"
0Y
0\
0_
1b
0j
0s
0|
1'"
b1000 5
b1000 D
b1000 G
b1000 S
b1000 e
b1000 >
b1000 H
b1000 N
b1000 +
b1000 0
b1000 <
b1000 M
#3256001
00"
b11 ."
#3257000
1`
b10 $
b10 4
b10 8
0]
1V
b10 2
b10 9
b10 g
0o
b100 3
b100 :
b100 T
0Z
1W
1k
0m
0n
1Y
1j
b1001 5
b1001 D
b1001 G
b1001 S
b1001 e
b1001 >
b1001 H
b1001 N
b1001 +
b1001 0
b1001 <
b1001 M
#3257001
b10 ."
#3258000
b1 $
b1 4
b1 8
1o
b1 2
b1 9
b1 g
0x
1Z
0W
b101 3
b101 :
b101 T
0]
0k
1m
1n
1t
0v
0w
0Y
1\
0j
1s
b1010 5
b1010 D
b1010 G
b1010 S
b1010 e
b1010 >
b1010 H
b1010 N
b1010 +
b1010 0
b1010 <
b1010 M
#3258001
b1 ."
#3259000
1!
b0 $
b0 4
b0 8
1]
b0 2
b0 9
b0 g
0o
b110 3
b110 :
b110 T
0Z
1W
1k
0m
0n
1Y
1j
b1011 5
b1011 D
b1011 G
b1011 S
b1011 e
b1011 >
b1011 H
b1011 N
b1011 +
b1011 0
b1011 <
b1011 M
#3259001
11"
b0 ."
#3260000
0!
b111 $
b111 4
b111 8
0V
0c
1o
1x
b111 2
b111 9
b111 g
1#"
1Z
0W
1]
b111 3
b111 :
b111 T
1`
0U
0k
1m
1n
0t
1v
1w
1~
1!"
0""
0Y
0\
1_
0j
0s
1|
b1100 5
b1100 D
b1100 G
b1100 S
b1100 e
b1100 >
b1100 H
b1100 N
b1100 +
b1100 0
b1100 <
b1100 M
#3260001
01"
b111 ."
#3261000
1c
0`
1U
b110 $
b110 4
b110 8
0]
1V
b110 2
b110 9
b110 g
0o
b1000 3
b1000 :
b1000 T
0Z
1W
1k
0m
0n
1Y
1j
b1101 5
b1101 D
b1101 G
b1101 S
b1101 e
b1101 >
b1101 H
b1101 N
b1101 +
b1101 0
b1101 <
b1101 M
#3261001
b110 ."
#3262000
b101 $
b101 4
b101 8
1o
b101 2
b101 9
b101 g
0x
1Z
0W
b1001 3
b1001 :
b1001 T
0]
0k
1m
1n
1t
0v
0w
0Y
1\
0j
1s
b1110 5
b1110 D
b1110 G
b1110 S
b1110 e
b1110 >
b1110 H
b1110 N
b1110 +
b1110 0
b1110 <
b1110 M
#3262001
b101 ."
#3263000
b100 $
b100 4
b100 8
1]
b100 2
b100 9
b100 g
0o
b1010 3
b1010 :
b1010 T
0Z
1W
1k
0m
0n
1Y
1j
b1111 5
b1111 D
b1111 G
b1111 S
b1111 e
b1111 >
b1111 H
b1111 N
b1111 +
b1111 0
b1111 <
b1111 M
#3263001
b100 ."
#3264000
1"
0#
b1100 $
b1100 4
b1100 8
1`
0U
b1100 2
b1100 9
b1100 g
1,"
0]
0V
b1100 3
b1100 :
b1100 T
1c
1n
1w
1""
0("
1*"
1+"
0W
0k
0l
0t
0u
0Y
0\
0_
0b
0j
0s
0|
0'"
0X
0[
1^
0i
0r
1{
b0 5
b0 D
b0 G
b0 S
b0 e
b1100 6
b1100 E
b1100 Q
b1100 R
b1100 d
b0 >
b0 H
b0 N
b1100 *
b1100 /
b1100 ;
b1100 L
b1100 P
b0 +
b0 0
b0 <
b0 M
#3264001
10"
b1100 ."
#3265000
b1101 $
b1101 4
b1101 8
b1101 2
b1101 9
b1101 g
1o
b1101 3
b1101 :
b1101 T
1Z
1l
1m
0n
1Y
1j
b1 5
b1 D
b1 G
b1 S
b1 e
b1 >
b1 H
b1 N
b1 +
b1 0
b1 <
b1 M
#3265001
b1101 ."
#3266000
b1110 $
b1110 4
b1110 8
0o
b1110 2
b1110 9
b1110 g
1x
0Z
b1110 3
b1110 :
b1110 T
1]
0l
0m
1n
1u
1v
0w
0Y
1\
0j
1s
b10 5
b10 D
b10 G
b10 S
b10 e
b10 >
b10 H
b10 N
b10 +
b10 0
b10 <
b10 M
#3266001
b1110 ."
#3267000
b1111 $
b1111 4
b1111 8
b1111 2
b1111 9
b1111 g
1o
b1111 3
b1111 :
b1111 T
1Z
1l
1m
0n
1Y
1j
b11 5
b11 D
b11 G
b11 S
b11 e
b11 >
b11 H
b11 N
b11 +
b11 0
b11 <
b11 M
#3267001
b1111 ."
#3268000
b1000 $
b1000 4
b1000 8
0c
1#
0o
0x
b1000 2
b1000 9
b1000 g
0#"
0Z
0]
b0 3
b0 :
b0 T
0`
1U
0l
0m
1n
0u
0v
1w
1}
0!"
0""
0Y
0\
1_
0j
0s
1|
b100 5
b100 D
b100 G
b100 S
b100 e
b100 >
b100 H
b100 N
b100 +
b100 0
b100 <
b100 M
#3268001
b1000 ."
#3269000
b1001 $
b1001 4
b1001 8
b1001 2
b1001 9
b1001 g
1o
b1 3
b1 :
b1 T
1Z
1l
1m
0n
1Y
1j
b101 5
b101 D
b101 G
b101 S
b101 e
b101 >
b101 H
b101 N
b101 +
b101 0
b101 <
b101 M
#3269001
b1001 ."
#3270000
b1010 $
b1010 4
b1010 8
0o
b1010 2
b1010 9
b1010 g
1x
0Z
b10 3
b10 :
b10 T
1]
0l
0m
1n
1u
1v
0w
0Y
1\
0j
1s
b110 5
b110 D
b110 G
b110 S
b110 e
b110 >
b110 H
b110 N
b110 +
b110 0
b110 <
b110 M
#3270001
b1010 ."
#3271000
b1011 $
b1011 4
b1011 8
b1011 2
b1011 9
b1011 g
1o
b11 3
b11 :
b11 T
1Z
1l
1m
0n
1Y
1j
b111 5
b111 D
b111 G
b111 S
b111 e
b111 >
b111 H
b111 N
b111 +
b111 0
b111 <
b111 M
#3271001
b1011 ."
#3272000
0"
b100 $
b100 4
b100 8
0o
0x
1#"
b100 2
b100 9
b100 g
0,"
0Z
0]
1`
0U
b100 3
b100 :
b100 T
0c
0l
0m
1n
0u
0v
1w
0}
1!"
1""
1("
0*"
0+"
0Y
0\
0_
1b
0j
0s
0|
1'"
b1000 5
b1000 D
b1000 G
b1000 S
b1000 e
b1000 >
b1000 H
b1000 N
b1000 +
b1000 0
b1000 <
b1000 M
#3272001
00"
b100 ."
#3273000
b101 $
b101 4
b101 8
b101 2
b101 9
b101 g
1o
b101 3
b101 :
b101 T
1Z
1l
1m
0n
1Y
1j
b1001 5
b1001 D
b1001 G
b1001 S
b1001 e
b1001 >
b1001 H
b1001 N
b1001 +
b1001 0
b1001 <
b1001 M
#3273001
b101 ."
#3274000
b110 $
b110 4
b110 8
0o
b110 2
b110 9
b110 g
1x
0Z
b110 3
b110 :
b110 T
1]
0l
0m
1n
1u
1v
0w
0Y
1\
0j
1s
b1010 5
b1010 D
b1010 G
b1010 S
b1010 e
b1010 >
b1010 H
b1010 N
b1010 +
b1010 0
b1010 <
b1010 M
#3274001
b110 ."
#3275000
b111 $
b111 4
b111 8
b111 2
b111 9
b111 g
1o
b111 3
b111 :
b111 T
1Z
1l
1m
0n
1Y
1j
b1011 5
b1011 D
b1011 G
b1011 S
b1011 e
b1011 >
b1011 H
b1011 N
b1011 +
b1011 0
b1011 <
b1011 M
#3275001
b111 ."
#3276000
1!
b0 $
b0 4
b0 8
1c
0o
0x
b0 2
b0 9
b0 g
0#"
0Z
0]
b1000 3
b1000 :
b1000 T
0`
1U
0l
0m
1n
0u
0v
1w
1}
0!"
0""
0Y
0\
1_
0j
0s
1|
b1100 5
b1100 D
b1100 G
b1100 S
b1100 e
b1100 >
b1100 H
b1100 N
b1100 +
b1100 0
b1100 <
b1100 M
#3276001
11"
b0 ."
#3277000
0!
b1 $
b1 4
b1 8
b1 2
b1 9
b1 g
1o
b1001 3
b1001 :
b1001 T
1Z
1l
1m
0n
1Y
1j
b1101 5
b1101 D
b1101 G
b1101 S
b1101 e
b1101 >
b1101 H
b1101 N
b1101 +
b1101 0
b1101 <
b1101 M
#3277001
01"
b1 ."
#3278000
b10 $
b10 4
b10 8
0o
b10 2
b10 9
b10 g
1x
0Z
b1010 3
b1010 :
b1010 T
1]
0l
0m
1n
1u
1v
0w
0Y
1\
0j
1s
b1110 5
b1110 D
b1110 G
b1110 S
b1110 e
b1110 >
b1110 H
b1110 N
b1110 +
b1110 0
b1110 <
b1110 M
#3278001
b10 ."
#3279000
b11 $
b11 4
b11 8
b11 2
b11 9
b11 g
1o
b1011 3
b1011 :
b1011 T
1Z
1l
1m
0n
1Y
1j
b1111 5
b1111 D
b1111 G
b1111 S
b1111 e
b1111 >
b1111 H
b1111 N
b1111 +
b1111 0
b1111 <
b1111 M
#3279001
b11 ."
#3280000
1"
b1101 $
b1101 4
b1101 8
0#
0x
1#"
b1101 2
b1101 9
b1101 g
1,"
0]
1`
0U
b1101 3
b1101 :
b1101 T
1c
1n
0u
0v
1w
0}
1!"
1""
0("
1*"
1+"
0Y
0\
0_
0b
0j
0s
0|
0'"
1X
1i
b0 5
b0 D
b0 G
b0 S
b0 e
b1101 6
b1101 E
b1101 Q
b1101 R
b1101 d
b0 >
b0 H
b0 N
b1101 *
b1101 /
b1101 ;
b1101 L
b1101 P
b0 +
b0 0
b0 <
b0 M
#3280001
10"
b1101 ."
#3281000
b1100 $
b1100 4
b1100 8
1]
b1100 2
b1100 9
b1100 g
0o
b1110 3
b1110 :
b1110 T
0Z
1W
1k
0m
0n
1Y
1j
b1 5
b1 D
b1 G
b1 S
b1 e
b1 >
b1 H
b1 N
b1 +
b1 0
b1 <
b1 M
#3281001
b1100 ."
#3282000
1c
0#
b1111 $
b1111 4
b1111 8
1`
0U
1o
b1111 2
b1111 9
b1111 g
1x
1Z
0W
b1111 3
b1111 :
b1111 T
1]
0V
0k
1m
1n
1u
1v
0w
0Y
1\
0j
1s
b10 5
b10 D
b10 G
b10 S
b10 e
b10 >
b10 H
b10 N
b10 +
b10 0
b10 <
b10 M
#3282001
b1111 ."
#3283000
0c
1#
0`
1U
b1110 $
b1110 4
b1110 8
0]
1V
b1110 2
b1110 9
b1110 g
0o
b0 3
b0 :
b0 T
0Z
1W
1k
0m
0n
1Y
1j
b11 5
b11 D
b11 G
b11 S
b11 e
b11 >
b11 H
b11 N
b11 +
b11 0
b11 <
b11 M
#3283001
b1110 ."
#3284000
b1001 $
b1001 4
b1001 8
1o
0x
b1001 2
b1001 9
b1001 g
0#"
1Z
0W
0]
0V
b1 3
b1 :
b1 T
0`
0k
1m
1n
0u
0v
1w
1}
0!"
0""
0Y
0\
1_
0j
0s
1|
b100 5
b100 D
b100 G
b100 S
b100 e
b100 >
b100 H
b100 N
b100 +
b100 0
b100 <
b100 M
#3284001
b1001 ."
#3285000
b1000 $
b1000 4
b1000 8
1]
b1000 2
b1000 9
b1000 g
0o
b10 3
b10 :
b10 T
0Z
1W
1k
0m
0n
1Y
1j
b101 5
b101 D
b101 G
b101 S
b101 e
b101 >
b101 H
b101 N
b101 +
b101 0
b101 <
b101 M
#3285001
b1000 ."
#3286000
b1011 $
b1011 4
b1011 8
0`
1o
b1011 2
b1011 9
b1011 g
1x
1Z
0W
b11 3
b11 :
b11 T
1]
0V
0k
1m
1n
1u
1v
0w
0Y
1\
0j
1s
b110 5
b110 D
b110 G
b110 S
b110 e
b110 >
b110 H
b110 N
b110 +
b110 0
b110 <
b110 M
#3286001
b1011 ."
#3287000
1`
b1010 $
b1010 4
b1010 8
0]
1V
b1010 2
b1010 9
b1010 g
0o
b100 3
b100 :
b100 T
0Z
1W
1k
0m
0n
1Y
1j
b111 5
b111 D
b111 G
b111 S
b111 e
b111 >
b111 H
b111 N
b111 +
b111 0
b111 <
b111 M
#3287001
b1010 ."
#3288000
0"
b101 $
b101 4
b101 8
0U
1o
0x
1#"
b101 2
b101 9
b101 g
0,"
1Z
0W
0]
0V
1`
b101 3
b101 :
b101 T
0c
0k
1m
1n
0u
0v
1w
0}
1!"
1""
1("
0*"
0+"
0Y
0\
0_
1b
0j
0s
0|
1'"
b1000 5
b1000 D
b1000 G
b1000 S
b1000 e
b1000 >
b1000 H
b1000 N
b1000 +
b1000 0
b1000 <
b1000 M
#3288001
00"
b101 ."
#3289000
b100 $
b100 4
b100 8
1]
b100 2
b100 9
b100 g
0o
b110 3
b110 :
b110 T
0Z
1W
1k
0m
0n
1Y
1j
b1001 5
b1001 D
b1001 G
b1001 S
b1001 e
b1001 >
b1001 H
b1001 N
b1001 +
b1001 0
b1001 <
b1001 M
#3289001
b100 ."
#3290000
0c
b111 $
b111 4
b111 8
1`
0U
1o
b111 2
b111 9
b111 g
1x
1Z
0W
b111 3
b111 :
b111 T
1]
0V
0k
1m
1n
1u
1v
0w
0Y
1\
0j
1s
b1010 5
b1010 D
b1010 G
b1010 S
b1010 e
b1010 >
b1010 H
b1010 N
b1010 +
b1010 0
b1010 <
b1010 M
#3290001
b111 ."
#3291000
1c
0`
1U
b110 $
b110 4
b110 8
0]
1V
b110 2
b110 9
b110 g
0o
b1000 3
b1000 :
b1000 T
0Z
1W
1k
0m
0n
1Y
1j
b1011 5
b1011 D
b1011 G
b1011 S
b1011 e
b1011 >
b1011 H
b1011 N
b1011 +
b1011 0
b1011 <
b1011 M
#3291001
b110 ."
#3292000
b1 $
b1 4
b1 8
1o
0x
b1 2
b1 9
b1 g
0#"
1Z
0W
0]
0V
b1001 3
b1001 :
b1001 T
0`
0k
1m
1n
0u
0v
1w
1}
0!"
0""
0Y
0\
1_
0j
0s
1|
b1100 5
b1100 D
b1100 G
b1100 S
b1100 e
b1100 >
b1100 H
b1100 N
b1100 +
b1100 0
b1100 <
b1100 M
#3292001
b1 ."
#3293000
1!
b0 $
b0 4
b0 8
1]
b0 2
b0 9
b0 g
0o
b1010 3
b1010 :
b1010 T
0Z
1W
1k
0m
0n
1Y
1j
b1101 5
b1101 D
b1101 G
b1101 S
b1101 e
b1101 >
b1101 H
b1101 N
b1101 +
b1101 0
b1101 <
b1101 M
#3293001
11"
b0 ."
#3294000
0!
b11 $
b11 4
b11 8
0`
1o
b11 2
b11 9
b11 g
1x
1Z
0W
b1011 3
b1011 :
b1011 T
1]
0V
0k
1m
1n
1u
1v
0w
0Y
1\
0j
1s
b1110 5
b1110 D
b1110 G
b1110 S
b1110 e
b1110 >
b1110 H
b1110 N
b1110 +
b1110 0
b1110 <
b1110 M
#3294001
01"
b11 ."
#3295000
1`
b10 $
b10 4
b10 8
0]
1V
b10 2
b10 9
b10 g
0o
b1100 3
b1100 :
b1100 T
0Z
1W
1k
0m
0n
1Y
1j
b1111 5
b1111 D
b1111 G
b1111 S
b1111 e
b1111 >
b1111 H
b1111 N
b1111 +
b1111 0
b1111 <
b1111 M
#3295001
b10 ."
#3296000
1"
0#
b1110 $
b1110 4
b1110 8
0U
1#"
b1110 2
b1110 9
b1110 g
1,"
1]
0V
1`
b1110 3
b1110 :
b1110 T
1c
1n
1w
0}
1!"
1""
0("
1*"
1+"
0W
0k
0l
0Y
0\
0_
0b
0j
0s
0|
0'"
0X
1[
0i
1r
b0 5
b0 D
b0 G
b0 S
b0 e
b1110 6
b1110 E
b1110 Q
b1110 R
b1110 d
b0 >
b0 H
b0 N
b1110 *
b1110 /
b1110 ;
b1110 L
b1110 P
b0 +
b0 0
b0 <
b0 M
#3296001
10"
b1110 ."
#3297000
b1111 $
b1111 4
b1111 8
b1111 2
b1111 9
b1111 g
1o
b1111 3
b1111 :
b1111 T
1Z
1l
1m
0n
1Y
1j
b1 5
b1 D
b1 G
b1 S
b1 e
b1 >
b1 H
b1 N
b1 +
b1 0
b1 <
b1 M
#3297001
b1111 ."
#3298000
0c
1#
b1100 $
b1100 4
b1100 8
0`
1U
0o
b1100 2
b1100 9
b1100 g
0x
0Z
b0 3
b0 :
b0 T
0]
1V
0l
0m
1n
1t
0v
0w
0Y
1\
0j
1s
b10 5
b10 D
b10 G
b10 S
b10 e
b10 >
b10 H
b10 N
b10 +
b10 0
b10 <
b10 M
#3298001
b1100 ."
#3299000
b1101 $
b1101 4
b1101 8
b1101 2
b1101 9
b1101 g
1o
b1 3
b1 :
b1 T
1Z
1l
1m
0n
1Y
1j
b11 5
b11 D
b11 G
b11 S
b11 e
b11 >
b11 H
b11 N
b11 +
b11 0
b11 <
b11 M
#3299001
b1101 ."
#3300000
b1010 $
b1010 4
b1010 8
0o
1x
b1010 2
b1010 9
b1010 g
0#"
0Z
1]
0V
b10 3
b10 :
b10 T
0`
0l
0m
1n
0t
1v
1w
1}
0!"
0""
0Y
0\
1_
0j
0s
1|
b100 5
b100 D
b100 G
b100 S
b100 e
b100 >
b100 H
b100 N
b100 +
b100 0
b100 <
b100 M
#3300001
b1010 ."
#3301000
b1011 $
b1011 4
b1011 8
b1011 2
b1011 9
b1011 g
1o
b11 3
b11 :
b11 T
1Z
1l
1m
0n
1Y
1j
b101 5
b101 D
b101 G
b101 S
b101 e
b101 >
b101 H
b101 N
b101 +
b101 0
b101 <
b101 M
#3301001
b1011 ."
#3302000
b1000 $
b1000 4
b1000 8
1`
0o
b1000 2
b1000 9
b1000 g
0x
0Z
b100 3
b100 :
b100 T
0]
1V
0l
0m
1n
1t
0v
0w
0Y
1\
0j
1s
b110 5
b110 D
b110 G
b110 S
b110 e
b110 >
b110 H
b110 N
b110 +
b110 0
b110 <
b110 M
#3302001
b1000 ."
#3303000
b1001 $
b1001 4
b1001 8
b1001 2
b1001 9
b1001 g
1o
b101 3
b101 :
b101 T
1Z
1l
1m
0n
1Y
1j
b111 5
b111 D
b111 G
b111 S
b111 e
b111 >
b111 H
b111 N
b111 +
b111 0
b111 <
b111 M
#3303001
b1001 ."
#3304000
0"
b110 $
b110 4
b110 8
0U
0o
1x
1#"
b110 2
b110 9
b110 g
0,"
0Z
1]
0V
1`
b110 3
b110 :
b110 T
0c
0l
0m
1n
0t
1v
1w
0}
1!"
1""
1("
0*"
0+"
0Y
0\
0_
1b
0j
0s
0|
1'"
b1000 5
b1000 D
b1000 G
b1000 S
b1000 e
b1000 >
b1000 H
b1000 N
b1000 +
b1000 0
b1000 <
b1000 M
#3304001
00"
b110 ."
#3305000
b111 $
b111 4
b111 8
b111 2
b111 9
b111 g
1o
b111 3
b111 :
b111 T
1Z
1l
1m
0n
1Y
1j
b1001 5
b1001 D
b1001 G
b1001 S
b1001 e
b1001 >
b1001 H
b1001 N
b1001 +
b1001 0
b1001 <
b1001 M
#3305001
b111 ."
#3306000
1c
b100 $
b100 4
b100 8
0`
1U
0o
b100 2
b100 9
b100 g
0x
0Z
b1000 3
b1000 :
b1000 T
0]
1V
0l
0m
1n
1t
0v
0w
0Y
1\
0j
1s
b1010 5
b1010 D
b1010 G
b1010 S
b1010 e
b1010 >
b1010 H
b1010 N
b1010 +
b1010 0
b1010 <
b1010 M
#3306001
b100 ."
#3307000
b101 $
b101 4
b101 8
b101 2
b101 9
b101 g
1o
b1001 3
b1001 :
b1001 T
1Z
1l
1m
0n
1Y
1j
b1011 5
b1011 D
b1011 G
b1011 S
b1011 e
b1011 >
b1011 H
b1011 N
b1011 +
b1011 0
b1011 <
b1011 M
#3307001
b101 ."
#3308000
b10 $
b10 4
b10 8
0o
1x
b10 2
b10 9
b10 g
0#"
0Z
1]
0V
b1010 3
b1010 :
b1010 T
0`
0l
0m
1n
0t
1v
1w
1}
0!"
0""
0Y
0\
1_
0j
0s
1|
b1100 5
b1100 D
b1100 G
b1100 S
b1100 e
b1100 >
b1100 H
b1100 N
b1100 +
b1100 0
b1100 <
b1100 M
#3308001
b10 ."
#3309000
b11 $
b11 4
b11 8
b11 2
b11 9
b11 g
1o
b1011 3
b1011 :
b1011 T
1Z
1l
1m
0n
1Y
1j
b1101 5
b1101 D
b1101 G
b1101 S
b1101 e
b1101 >
b1101 H
b1101 N
b1101 +
b1101 0
b1101 <
b1101 M
#3309001
b11 ."
#3310000
1!
b0 $
b0 4
b0 8
1`
0o
b0 2
b0 9
b0 g
0x
0Z
b1100 3
b1100 :
b1100 T
0]
1V
0l
0m
1n
1t
0v
0w
0Y
1\
0j
1s
b1110 5
b1110 D
b1110 G
b1110 S
b1110 e
b1110 >
b1110 H
b1110 N
b1110 +
b1110 0
b1110 <
b1110 M
#3310001
11"
b0 ."
#3311000
0!
b1 $
b1 4
b1 8
b1 2
b1 9
b1 g
1o
b1101 3
b1101 :
b1101 T
1Z
1l
1m
0n
1Y
1j
b1111 5
b1111 D
b1111 G
b1111 S
b1111 e
b1111 >
b1111 H
b1111 N
b1111 +
b1111 0
b1111 <
b1111 M
#3311001
01"
b1 ."
#3312000
1"
0#
b1111 $
b1111 4
b1111 8
0U
1x
1#"
b1111 2
b1111 9
b1111 g
1,"
1]
0V
1`
b1111 3
b1111 :
b1111 T
1c
1n
0t
1v
1w
0}
1!"
1""
0("
1*"
1+"
0Y
0\
0_
0b
0j
0s
0|
0'"
1X
1i
b0 5
b0 D
b0 G
b0 S
b0 e
b1111 6
b1111 E
b1111 Q
b1111 R
b1111 d
b0 >
b0 H
b0 N
b1111 *
b1111 /
b1111 ;
b1111 L
b1111 P
b0 +
b0 0
b0 <
b0 M
#3312001
10"
b1111 ."
#3313000
0c
1#
0`
1U
b1110 $
b1110 4
b1110 8
0]
1V
b1110 2
b1110 9
b1110 g
0o
b0 3
b0 :
b0 T
0Z
1W
1k
0m
0n
1Y
1j
b1 5
b1 D
b1 G
b1 S
b1 e
b1 >
b1 H
b1 N
b1 +
b1 0
b1 <
b1 M
#3313001
b1110 ."
#3314000
b1101 $
b1101 4
b1101 8
1o
b1101 2
b1101 9
b1101 g
0x
1Z
0W
b1 3
b1 :
b1 T
0]
0k
1m
1n
1t
0v
0w
0Y
1\
0j
1s
b10 5
b10 D
b10 G
b10 S
b10 e
b10 >
b10 H
b10 N
b10 +
b10 0
b10 <
b10 M
#3314001
b1101 ."
#3315000
b1100 $
b1100 4
b1100 8
1]
b1100 2
b1100 9
b1100 g
0o
b10 3
b10 :
b10 T
0Z
1W
1k
0m
0n
1Y
1j
b11 5
b11 D
b11 G
b11 S
b11 e
b11 >
b11 H
b11 N
b11 +
b11 0
b11 <
b11 M
#3315001
b1100 ."
#3316000
b1011 $
b1011 4
b1011 8
0V
1o
1x
b1011 2
b1011 9
b1011 g
0#"
1Z
0W
1]
b11 3
b11 :
b11 T
0`
0k
1m
1n
0t
1v
1w
1}
0!"
0""
0Y
0\
1_
0j
0s
1|
b100 5
b100 D
b100 G
b100 S
b100 e
b100 >
b100 H
b100 N
b100 +
b100 0
b100 <
b100 M
#3316001
b1011 ."
#3317000
1`
b1010 $
b1010 4
b1010 8
0]
1V
b1010 2
b1010 9
b1010 g
0o
b100 3
b100 :
b100 T
0Z
1W
1k
0m
0n
1Y
1j
b101 5
b101 D
b101 G
b101 S
b101 e
b101 >
b101 H
b101 N
b101 +
b101 0
b101 <
b101 M
#3317001
b1010 ."
#3318000
b1001 $
b1001 4
b1001 8
1o
b1001 2
b1001 9
b1001 g
0x
1Z
0W
b101 3
b101 :
b101 T
0]
0k
1m
1n
1t
0v
0w
0Y
1\
0j
1s
b110 5
b110 D
b110 G
b110 S
b110 e
b110 >
b110 H
b110 N
b110 +
b110 0
b110 <
b110 M
#3318001
b1001 ."
#3319000
b1000 $
b1000 4
b1000 8
1]
b1000 2
b1000 9
b1000 g
0o
b110 3
b110 :
b110 T
0Z
1W
1k
0m
0n
1Y
1j
b111 5
b111 D
b111 G
b111 S
b111 e
b111 >
b111 H
b111 N
b111 +
b111 0
b111 <
b111 M
#3319001
b1000 ."
#3320000
0"
0U
b111 $
b111 4
b111 8
0V
1o
1x
1#"
b111 2
b111 9
b111 g
0,"
1Z
0W
1]
1`
b111 3
b111 :
b111 T
0c
0k
1m
1n
0t
1v
1w
0}
1!"
1""
1("
0*"
0+"
0Y
0\
0_
1b
0j
0s
0|
1'"
b1000 5
b1000 D
b1000 G
b1000 S
b1000 e
b1000 >
b1000 H
b1000 N
b1000 +
b1000 0
b1000 <
b1000 M
#3320001
00"
b111 ."
#3321000
1c
0`
1U
b110 $
b110 4
b110 8
0]
1V
b110 2
b110 9
b110 g
0o
b1000 3
b1000 :
b1000 T
0Z
1W
1k
0m
0n
1Y
1j
b1001 5
b1001 D
b1001 G
b1001 S
b1001 e
b1001 >
b1001 H
b1001 N
b1001 +
b1001 0
b1001 <
b1001 M
#3321001
b110 ."
#3322000
b101 $
b101 4
b101 8
1o
b101 2
b101 9
b101 g
0x
1Z
0W
b1001 3
b1001 :
b1001 T
0]
0k
1m
1n
1t
0v
0w
0Y
1\
0j
1s
b1010 5
b1010 D
b1010 G
b1010 S
b1010 e
b1010 >
b1010 H
b1010 N
b1010 +
b1010 0
b1010 <
b1010 M
#3322001
b101 ."
#3323000
b100 $
b100 4
b100 8
1]
b100 2
b100 9
b100 g
0o
b1010 3
b1010 :
b1010 T
0Z
1W
1k
0m
0n
1Y
1j
b1011 5
b1011 D
b1011 G
b1011 S
b1011 e
b1011 >
b1011 H
b1011 N
b1011 +
b1011 0
b1011 <
b1011 M
#3323001
b100 ."
#3324000
b11 $
b11 4
b11 8
0V
1o
1x
b11 2
b11 9
b11 g
0#"
1Z
0W
1]
b1011 3
b1011 :
b1011 T
0`
0k
1m
1n
0t
1v
1w
1}
0!"
0""
0Y
0\
1_
0j
0s
1|
b1100 5
b1100 D
b1100 G
b1100 S
b1100 e
b1100 >
b1100 H
b1100 N
b1100 +
b1100 0
b1100 <
b1100 M
#3324001
b11 ."
#3325000
1`
b10 $
b10 4
b10 8
0]
1V
b10 2
b10 9
b10 g
0o
b1100 3
b1100 :
b1100 T
0Z
1W
1k
0m
0n
1Y
1j
b1101 5
b1101 D
b1101 G
b1101 S
b1101 e
b1101 >
b1101 H
b1101 N
b1101 +
b1101 0
b1101 <
b1101 M
#3325001
b10 ."
#3326000
b1 $
b1 4
b1 8
1o
b1 2
b1 9
b1 g
0x
1Z
0W
b1101 3
b1101 :
b1101 T
0]
0k
1m
1n
1t
0v
0w
0Y
1\
0j
1s
b1110 5
b1110 D
b1110 G
b1110 S
b1110 e
b1110 >
b1110 H
b1110 N
b1110 +
b1110 0
b1110 <
b1110 M
#3326001
b1 ."
#3327000
1!
b0 $
b0 4
b0 8
1]
b0 2
b0 9
b0 g
0o
b1110 3
b1110 :
b1110 T
0Z
1W
1k
0m
0n
1Y
1j
b1111 5
b1111 D
b1111 G
b1111 S
b1111 e
b1111 >
b1111 H
b1111 N
b1111 +
b1111 0
b1111 <
b1111 M
#3327001
11"
b0 ."
#3328000
0]
0`
0c
0W
0V
0U
0#
1n
1w
1""
1+"
0k
0l
0t
0u
0}
0~
0("
0)"
0Y
0\
0_
0b
0j
0s
0|
0'"
0X
0[
0^
0a
0i
0r
0{
0&"
b0 5
b0 D
b0 G
b0 S
b0 e
b1 3
b1 :
b1 T
1Z
b0 6
b0 E
b0 Q
b0 R
b0 d
b0 >
b0 H
b0 N
1-
b0 *
b0 /
b0 ;
b0 L
b0 P
b0 +
b0 0
b0 <
b0 M
#3329000
0!
b1 $
b1 4
b1 8
1]
b1 2
b1 9
b1 g
1o
b10 3
b10 :
b10 T
0Z
1W
1l
1m
0n
1Y
1j
b1 5
b1 D
b1 G
b1 S
b1 e
b1 >
b1 H
b1 N
b1 +
b1 0
b1 <
b1 M
#3329001
01"
b1 ."
#3330000
b10 $
b10 4
b10 8
0`
0o
b10 2
b10 9
b10 g
1x
1Z
0W
b11 3
b11 :
b11 T
1]
0V
0l
0m
1n
1u
1v
0w
0Y
1\
0j
1s
b10 5
b10 D
b10 G
b10 S
b10 e
b10 >
b10 H
b10 N
b10 +
b10 0
b10 <
b10 M
#3330001
b10 ."
#3331000
1`
b11 $
b11 4
b11 8
0]
1V
b11 2
b11 9
b11 g
1o
b100 3
b100 :
b100 T
0Z
1W
1l
1m
0n
1Y
1j
b11 5
b11 D
b11 G
b11 S
b11 e
b11 >
b11 H
b11 N
b11 +
b11 0
b11 <
b11 M
#3331001
b11 ."
#3332000
b100 $
b100 4
b100 8
0c
0o
0x
b100 2
b100 9
b100 g
1#"
1Z
0W
0]
0V
b101 3
b101 :
b101 T
1`
0U
0l
0m
1n
0u
0v
1w
1~
1!"
0""
0Y
0\
1_
0j
0s
1|
b100 5
b100 D
b100 G
b100 S
b100 e
b100 >
b100 H
b100 N
b100 +
b100 0
b100 <
b100 M
#3332001
b100 ."
#3333000
b101 $
b101 4
b101 8
1]
b101 2
b101 9
b101 g
1o
b110 3
b110 :
b110 T
0Z
1W
1l
1m
0n
1Y
1j
b101 5
b101 D
b101 G
b101 S
b101 e
b101 >
b101 H
b101 N
b101 +
b101 0
b101 <
b101 M
#3333001
b101 ."
#3334000
0c
b110 $
b110 4
b110 8
1`
0U
0o
b110 2
b110 9
b110 g
1x
1Z
0W
b111 3
b111 :
b111 T
1]
0V
0l
0m
1n
1u
1v
0w
0Y
1\
0j
1s
b110 5
b110 D
b110 G
b110 S
b110 e
b110 >
b110 H
b110 N
b110 +
b110 0
b110 <
b110 M
#3334001
b110 ."
#3335000
1c
0`
1U
b111 $
b111 4
b111 8
0]
1V
b111 2
b111 9
b111 g
1o
b1000 3
b1000 :
b1000 T
0Z
1W
1l
1m
0n
1Y
1j
b111 5
b111 D
b111 G
b111 S
b111 e
b111 >
b111 H
b111 N
b111 +
b111 0
b111 <
b111 M
#3335001
b111 ."
#3336000
1"
b1000 $
b1000 4
b1000 8
0o
0x
0#"
b1000 2
b1000 9
b1000 g
1,"
1Z
0W
0]
0V
0`
0U
b1001 3
b1001 :
b1001 T
1c
0#
0l
0m
1n
0u
0v
1w
0~
0!"
1""
1)"
1*"
0+"
0Y
0\
0_
1b
0j
0s
0|
1'"
b1000 5
b1000 D
b1000 G
b1000 S
b1000 e
b1000 >
b1000 H
b1000 N
b1000 +
b1000 0
b1000 <
b1000 M
#3336001
10"
b1000 ."
#3337000
b1001 $
b1001 4
b1001 8
1]
b1001 2
b1001 9
b1001 g
1o
b1010 3
b1010 :
b1010 T
0Z
1W
1l
1m
0n
1Y
1j
b1001 5
b1001 D
b1001 G
b1001 S
b1001 e
b1001 >
b1001 H
b1001 N
b1001 +
b1001 0
b1001 <
b1001 M
#3337001
b1001 ."
#3338000
b1010 $
b1010 4
b1010 8
0`
0o
b1010 2
b1010 9
b1010 g
1x
1Z
0W
b1011 3
b1011 :
b1011 T
1]
0V
0l
0m
1n
1u
1v
0w
0Y
1\
0j
1s
b1010 5
b1010 D
b1010 G
b1010 S
b1010 e
b1010 >
b1010 H
b1010 N
b1010 +
b1010 0
b1010 <
b1010 M
#3338001
b1010 ."
#3339000
1`
b1011 $
b1011 4
b1011 8
0]
1V
b1011 2
b1011 9
b1011 g
1o
b1100 3
b1100 :
b1100 T
0Z
1W
1l
1m
0n
1Y
1j
b1011 5
b1011 D
b1011 G
b1011 S
b1011 e
b1011 >
b1011 H
b1011 N
b1011 +
b1011 0
b1011 <
b1011 M
#3339001
b1011 ."
#3340000
b1100 $
b1100 4
b1100 8
1c
0#
0o
0x
b1100 2
b1100 9
b1100 g
1#"
1Z
0W
0]
0V
b1101 3
b1101 :
b1101 T
1`
0U
0l
0m
1n
0u
0v
1w
1~
1!"
0""
0Y
0\
1_
0j
0s
1|
b1100 5
b1100 D
b1100 G
b1100 S
b1100 e
b1100 >
b1100 H
b1100 N
b1100 +
b1100 0
b1100 <
b1100 M
#3340001
b1100 ."
#3341000
b1101 $
b1101 4
b1101 8
1]
b1101 2
b1101 9
b1101 g
1o
b1110 3
b1110 :
b1110 T
0Z
1W
1l
1m
0n
1Y
1j
b1101 5
b1101 D
b1101 G
b1101 S
b1101 e
b1101 >
b1101 H
b1101 N
b1101 +
b1101 0
b1101 <
b1101 M
#3341001
b1101 ."
#3342000
1c
0#
b1110 $
b1110 4
b1110 8
1`
0U
0o
b1110 2
b1110 9
b1110 g
1x
1Z
0W
b1111 3
b1111 :
b1111 T
1]
0V
0l
0m
1n
1u
1v
0w
0Y
1\
0j
1s
b1110 5
b1110 D
b1110 G
b1110 S
b1110 e
b1110 >
b1110 H
b1110 N
b1110 +
b1110 0
b1110 <
b1110 M
#3342001
b1110 ."
#3343000
0c
1#
0`
1U
b1111 $
b1111 4
b1111 8
0]
1V
b1111 2
b1111 9
b1111 g
1o
b0 3
b0 :
b0 T
0Z
1W
1l
1m
0n
1Y
1j
b1111 5
b1111 D
b1111 G
b1111 S
b1111 e
b1111 >
b1111 H
b1111 N
b1111 +
b1111 0
b1111 <
b1111 M
#3343001
b1111 ."
#3344000
0"
b1 $
b1 4
b1 8
0x
0#"
b1 2
b1 9
b1 g
0,"
1]
0V
0`
0U
b10 3
b10 :
b10 T
0c
0#
1n
0u
0v
1w
0~
0!"
1""
0)"
0*"
1+"
0Y
0\
0_
0b
0j
0s
0|
0'"
1X
1i
b0 5
b0 D
b0 G
b0 S
b0 e
b1 6
b1 E
b1 Q
b1 R
b1 d
b0 >
b0 H
b0 N
b1 *
b1 /
b1 ;
b1 L
b1 P
b0 +
b0 0
b0 <
b0 M
#3344001
00"
b1 ."
#3345000
1!
b0 $
b0 4
b0 8
b0 2
b0 9
b0 g
0o
b11 3
b11 :
b11 T
1Z
1k
0m
0n
1Y
1j
b1 5
b1 D
b1 G
b1 S
b1 e
b1 >
b1 H
b1 N
b1 +
b1 0
b1 <
b1 M
#3345001
11"
b0 ."
#3346000
0!
b11 $
b11 4
b11 8
1`
1o
b11 2
b11 9
b11 g
1x
0Z
b100 3
b100 :
b100 T
0]
1V
0k
1m
1n
1u
1v
0w
0Y
1\
0j
1s
b10 5
b10 D
b10 G
b10 S
b10 e
b10 >
b10 H
b10 N
b10 +
b10 0
b10 <
b10 M
#3346001
01"
b11 ."
#3347000
b10 $
b10 4
b10 8
b10 2
b10 9
b10 g
0o
b101 3
b101 :
b101 T
1Z
1k
0m
0n
1Y
1j
b11 5
b11 D
b11 G
b11 S
b11 e
b11 >
b11 H
b11 N
b11 +
b11 0
b11 <
b11 M
#3347001
b10 ."
#3348000
b101 $
b101 4
b101 8
0c
1o
0x
b101 2
b101 9
b101 g
1#"
0Z
1]
0V
b110 3
b110 :
b110 T
1`
0U
0k
1m
1n
0u
0v
1w
1~
1!"
0""
0Y
0\
1_
0j
0s
1|
b100 5
b100 D
b100 G
b100 S
b100 e
b100 >
b100 H
b100 N
b100 +
b100 0
b100 <
b100 M
#3348001
b101 ."
#3349000
b100 $
b100 4
b100 8
b100 2
b100 9
b100 g
0o
b111 3
b111 :
b111 T
1Z
1k
0m
0n
1Y
1j
b101 5
b101 D
b101 G
b101 S
b101 e
b101 >
b101 H
b101 N
b101 +
b101 0
b101 <
b101 M
#3349001
b100 ."
#3350000
1c
b111 $
b111 4
b111 8
0`
1U
1o
b111 2
b111 9
b111 g
1x
0Z
b1000 3
b1000 :
b1000 T
0]
1V
0k
1m
1n
1u
1v
0w
0Y
1\
0j
1s
b110 5
b110 D
b110 G
b110 S
b110 e
b110 >
b110 H
b110 N
b110 +
b110 0
b110 <
b110 M
#3350001
b111 ."
#3351000
b110 $
b110 4
b110 8
b110 2
b110 9
b110 g
0o
b1001 3
b1001 :
b1001 T
1Z
1k
0m
0n
1Y
1j
b111 5
b111 D
b111 G
b111 S
b111 e
b111 >
b111 H
b111 N
b111 +
b111 0
b111 <
b111 M
#3351001
b110 ."
#3352000
1"
b1001 $
b1001 4
b1001 8
1o
0x
0#"
b1001 2
b1001 9
b1001 g
1,"
0Z
1]
0V
0`
0U
b1010 3
b1010 :
b1010 T
1c
0#
0k
1m
1n
0u
0v
1w
0~
0!"
1""
1)"
1*"
0+"
0Y
0\
0_
1b
0j
0s
0|
1'"
b1000 5
b1000 D
b1000 G
b1000 S
b1000 e
b1000 >
b1000 H
b1000 N
b1000 +
b1000 0
b1000 <
b1000 M
#3352001
10"
b1001 ."
#3353000
b1000 $
b1000 4
b1000 8
b1000 2
b1000 9
b1000 g
0o
b1011 3
b1011 :
b1011 T
1Z
1k
0m
0n
1Y
1j
b1001 5
b1001 D
b1001 G
b1001 S
b1001 e
b1001 >
b1001 H
b1001 N
b1001 +
b1001 0
b1001 <
b1001 M
#3353001
b1000 ."
#3354000
b1011 $
b1011 4
b1011 8
1`
1o
b1011 2
b1011 9
b1011 g
1x
0Z
b1100 3
b1100 :
b1100 T
0]
1V
0k
1m
1n
1u
1v
0w
0Y
1\
0j
1s
b1010 5
b1010 D
b1010 G
b1010 S
b1010 e
b1010 >
b1010 H
b1010 N
b1010 +
b1010 0
b1010 <
b1010 M
#3354001
b1011 ."
#3355000
b1010 $
b1010 4
b1010 8
b1010 2
b1010 9
b1010 g
0o
b1101 3
b1101 :
b1101 T
1Z
1k
0m
0n
1Y
1j
b1011 5
b1011 D
b1011 G
b1011 S
b1011 e
b1011 >
b1011 H
b1011 N
b1011 +
b1011 0
b1011 <
b1011 M
#3355001
b1010 ."
#3356000
b1101 $
b1101 4
b1101 8
1c
0#
1o
0x
b1101 2
b1101 9
b1101 g
1#"
0Z
1]
0V
b1110 3
b1110 :
b1110 T
1`
0U
0k
1m
1n
0u
0v
1w
1~
1!"
0""
0Y
0\
1_
0j
0s
1|
b1100 5
b1100 D
b1100 G
b1100 S
b1100 e
b1100 >
b1100 H
b1100 N
b1100 +
b1100 0
b1100 <
b1100 M
#3356001
b1101 ."
#3357000
b1100 $
b1100 4
b1100 8
b1100 2
b1100 9
b1100 g
0o
b1111 3
b1111 :
b1111 T
1Z
1k
0m
0n
1Y
1j
b1101 5
b1101 D
b1101 G
b1101 S
b1101 e
b1101 >
b1101 H
b1101 N
b1101 +
b1101 0
b1101 <
b1101 M
#3357001
b1100 ."
#3358000
0c
1#
b1111 $
b1111 4
b1111 8
0`
1U
1o
b1111 2
b1111 9
b1111 g
1x
0Z
b0 3
b0 :
b0 T
0]
1V
0k
1m
1n
1u
1v
0w
0Y
1\
0j
1s
b1110 5
b1110 D
b1110 G
b1110 S
b1110 e
b1110 >
b1110 H
b1110 N
b1110 +
b1110 0
b1110 <
b1110 M
#3358001
b1111 ."
#3359000
b1110 $
b1110 4
b1110 8
b1110 2
b1110 9
b1110 g
0o
b1 3
b1 :
b1 T
1Z
1k
0m
0n
1Y
1j
b1111 5
b1111 D
b1111 G
b1111 S
b1111 e
b1111 >
b1111 H
b1111 N
b1111 +
b1111 0
b1111 <
b1111 M
#3359001
b1110 ."
#3360000
0"
b10 $
b10 4
b10 8
1]
0V
0#"
b10 2
b10 9
b10 g
0,"
0W
0`
0U
b11 3
b11 :
b11 T
0c
0#
1n
1w
0~
0!"
1""
0)"
0*"
1+"
0k
0l
0Y
0\
0_
0b
0j
0s
0|
0'"
0X
1[
0i
1r
b0 5
b0 D
b0 G
b0 S
b0 e
b10 6
b10 E
b10 Q
b10 R
b10 d
b0 >
b0 H
b0 N
b10 *
b10 /
b10 ;
b10 L
b10 P
b0 +
b0 0
b0 <
b0 M
#3360001
00"
b10 ."
#3361000
1`
b11 $
b11 4
b11 8
0]
1V
b11 2
b11 9
b11 g
1o
b100 3
b100 :
b100 T
0Z
1W
1l
1m
0n
1Y
1j
b1 5
b1 D
b1 G
b1 S
b1 e
b1 >
b1 H
b1 N
b1 +
b1 0
b1 <
b1 M
#3361001
b11 ."
#3362000
1!
b0 $
b0 4
b0 8
0o
b0 2
b0 9
b0 g
0x
1Z
0W
b101 3
b101 :
b101 T
0]
0l
0m
1n
1t
0v
0w
0Y
1\
0j
1s
b10 5
b10 D
b10 G
b10 S
b10 e
b10 >
b10 H
b10 N
b10 +
b10 0
b10 <
b10 M
#3362001
11"
b0 ."
#3363000
0!
b1 $
b1 4
b1 8
1]
b1 2
b1 9
b1 g
1o
b110 3
b110 :
b110 T
0Z
1W
1l
1m
0n
1Y
1j
b11 5
b11 D
b11 G
b11 S
b11 e
b11 >
b11 H
b11 N
b11 +
b11 0
b11 <
b11 M
#3363001
01"
b1 ."
#3364000
b110 $
b110 4
b110 8
0V
0c
0o
1x
b110 2
b110 9
b110 g
1#"
1Z
0W
1]
b111 3
b111 :
b111 T
1`
0U
0l
0m
1n
0t
1v
1w
1~
1!"
0""
0Y
0\
1_
0j
0s
1|
b100 5
b100 D
b100 G
b100 S
b100 e
b100 >
b100 H
b100 N
b100 +
b100 0
b100 <
b100 M
#3364001
b110 ."
#3365000
1c
0`
1U
b111 $
b111 4
b111 8
0]
1V
b111 2
b111 9
b111 g
1o
b1000 3
b1000 :
b1000 T
0Z
1W
1l
1m
0n
1Y
1j
b101 5
b101 D
b101 G
b101 S
b101 e
b101 >
b101 H
b101 N
b101 +
b101 0
b101 <
b101 M
#3365001
b111 ."
#3366000
b100 $
b100 4
b100 8
0o
b100 2
b100 9
b100 g
0x
1Z
0W
b1001 3
b1001 :
b1001 T
0]
0l
0m
1n
1t
0v
0w
0Y
1\
0j
1s
b110 5
b110 D
b110 G
b110 S
b110 e
b110 >
b110 H
b110 N
b110 +
b110 0
b110 <
b110 M
#3366001
b100 ."
#3367000
b101 $
b101 4
b101 8
1]
b101 2
b101 9
b101 g
1o
b1010 3
b1010 :
b1010 T
0Z
1W
1l
1m
0n
1Y
1j
b111 5
b111 D
b111 G
b111 S
b111 e
b111 >
b111 H
b111 N
b111 +
b111 0
b111 <
b111 M
#3367001
b101 ."
#3368000
1"
b1010 $
b1010 4
b1010 8
0V
0o
1x
0#"
b1010 2
b1010 9
b1010 g
1,"
1Z
0W
1]
0`
0U
b1011 3
b1011 :
b1011 T
1c
0#
0l
0m
1n
0t
1v
1w
0~
0!"
1""
1)"
1*"
0+"
0Y
0\
0_
1b
0j
0s
0|
1'"
b1000 5
b1000 D
b1000 G
b1000 S
b1000 e
b1000 >
b1000 H
b1000 N
b1000 +
b1000 0
b1000 <
b1000 M
#3368001
10"
b1010 ."
#3369000
1`
b1011 $
b1011 4
b1011 8
0]
1V
b1011 2
b1011 9
b1011 g
1o
b1100 3
b1100 :
b1100 T
0Z
1W
1l
1m
0n
1Y
1j
b1001 5
b1001 D
b1001 G
b1001 S
b1001 e
b1001 >
b1001 H
b1001 N
b1001 +
b1001 0
b1001 <
b1001 M
#3369001
b1011 ."
#3370000
b1000 $
b1000 4
b1000 8
0o
b1000 2
b1000 9
b1000 g
0x
1Z
0W
b1101 3
b1101 :
b1101 T
0]
0l
0m
1n
1t
0v
0w
0Y
1\
0j
1s
b1010 5
b1010 D
b1010 G
b1010 S
b1010 e
b1010 >
b1010 H
b1010 N
b1010 +
b1010 0
b1010 <
b1010 M
#3370001
b1000 ."
#3371000
b1001 $
b1001 4
b1001 8
1]
b1001 2
b1001 9
b1001 g
1o
b1110 3
b1110 :
b1110 T
0Z
1W
1l
1m
0n
1Y
1j
b1011 5
b1011 D
b1011 G
b1011 S
b1011 e
b1011 >
b1011 H
b1011 N
b1011 +
b1011 0
b1011 <
b1011 M
#3371001
b1001 ."
#3372000
b1110 $
b1110 4
b1110 8
0V
1c
0#
0o
1x
b1110 2
b1110 9
b1110 g
1#"
1Z
0W
1]
b1111 3
b1111 :
b1111 T
1`
0U
0l
0m
1n
0t
1v
1w
1~
1!"
0""
0Y
0\
1_
0j
0s
1|
b1100 5
b1100 D
b1100 G
b1100 S
b1100 e
b1100 >
b1100 H
b1100 N
b1100 +
b1100 0
b1100 <
b1100 M
#3372001
b1110 ."
#3373000
0c
1#
0`
1U
b1111 $
b1111 4
b1111 8
0]
1V
b1111 2
b1111 9
b1111 g
1o
b0 3
b0 :
b0 T
0Z
1W
1l
1m
0n
1Y
1j
b1101 5
b1101 D
b1101 G
b1101 S
b1101 e
b1101 >
b1101 H
b1101 N
b1101 +
b1101 0
b1101 <
b1101 M
#3373001
b1111 ."
#3374000
b1100 $
b1100 4
b1100 8
0o
b1100 2
b1100 9
b1100 g
0x
1Z
0W
b1 3
b1 :
b1 T
0]
0l
0m
1n
1t
0v
0w
0Y
1\
0j
1s
b1110 5
b1110 D
b1110 G
b1110 S
b1110 e
b1110 >
b1110 H
b1110 N
b1110 +
b1110 0
b1110 <
b1110 M
#3374001
b1100 ."
#3375000
b1101 $
b1101 4
b1101 8
1]
b1101 2
b1101 9
b1101 g
1o
b10 3
b10 :
b10 T
0Z
1W
1l
1m
0n
1Y
1j
b1111 5
b1111 D
b1111 G
b1111 S
b1111 e
b1111 >
b1111 H
b1111 N
b1111 +
b1111 0
b1111 <
b1111 M
#3375001
b1101 ."
#3376000
0"
b11 $
b11 4
b11 8
1x
0#"
b11 2
b11 9
b11 g
0,"
0]
1`
0U
b100 3
b100 :
b100 T
0c
0#
1n
0t
1v
1w
0~
0!"
1""
0)"
0*"
1+"
0Y
0\
0_
0b
0j
0s
0|
0'"
1X
1i
b0 5
b0 D
b0 G
b0 S
b0 e
b11 6
b11 E
b11 Q
b11 R
b11 d
b0 >
b0 H
b0 N
b11 *
b11 /
b11 ;
b11 L
b11 P
b0 +
b0 0
b0 <
b0 M
#3376001
00"
b11 ."
#3377000
b10 $
b10 4
b10 8
b10 2
b10 9
b10 g
0o
b101 3
b101 :
b101 T
1Z
1k
0m
0n
1Y
1j
b1 5
b1 D
b1 G
b1 S
b1 e
b1 >
b1 H
b1 N
b1 +
b1 0
b1 <
b1 M
#3377001
b10 ."
#3378000
b1 $
b1 4
b1 8
1o
b1 2
b1 9
b1 g
0x
0Z
b110 3
b110 :
b110 T
1]
0k
1m
1n
1t
0v
0w
0Y
1\
0j
1s
b10 5
b10 D
b10 G
b10 S
b10 e
b10 >
b10 H
b10 N
b10 +
b10 0
b10 <
b10 M
#3378001
b1 ."
#3379000
1!
b0 $
b0 4
b0 8
b0 2
b0 9
b0 g
0o
b111 3
b111 :
b111 T
1Z
1k
0m
0n
1Y
1j
b11 5
b11 D
b11 G
b11 S
b11 e
b11 >
b11 H
b11 N
b11 +
b11 0
b11 <
b11 M
#3379001
11"
b0 ."
#3380000
0!
b111 $
b111 4
b111 8
1c
1o
1x
b111 2
b111 9
b111 g
1#"
0Z
0]
b1000 3
b1000 :
b1000 T
0`
1U
0k
1m
1n
0t
1v
1w
1~
1!"
0""
0Y
0\
1_
0j
0s
1|
b100 5
b100 D
b100 G
b100 S
b100 e
b100 >
b100 H
b100 N
b100 +
b100 0
b100 <
b100 M
#3380001
01"
b111 ."
#3381000
b110 $
b110 4
b110 8
b110 2
b110 9
b110 g
0o
b1001 3
b1001 :
b1001 T
1Z
1k
0m
0n
1Y
1j
b101 5
b101 D
b101 G
b101 S
b101 e
b101 >
b101 H
b101 N
b101 +
b101 0
b101 <
b101 M
#3381001
b110 ."
#3382000
b101 $
b101 4
b101 8
1o
b101 2
b101 9
b101 g
0x
0Z
b1010 3
b1010 :
b1010 T
1]
0k
1m
1n
1t
0v
0w
0Y
1\
0j
1s
b110 5
b110 D
b110 G
b110 S
b110 e
b110 >
b110 H
b110 N
b110 +
b110 0
b110 <
b110 M
#3382001
b101 ."
#3383000
b100 $
b100 4
b100 8
b100 2
b100 9
b100 g
0o
b1011 3
b1011 :
b1011 T
1Z
1k
0m
0n
1Y
1j
b111 5
b111 D
b111 G
b111 S
b111 e
b111 >
b111 H
b111 N
b111 +
b111 0
b111 <
b111 M
#3383001
b100 ."
#3384000
1"
b1011 $
b1011 4
b1011 8
1o
1x
0#"
b1011 2
b1011 9
b1011 g
1,"
0Z
0]
1`
0U
b1100 3
b1100 :
b1100 T
1c
0#
0k
1m
1n
0t
1v
1w
0~
0!"
1""
1)"
1*"
0+"
0Y
0\
0_
1b
0j
0s
0|
1'"
b1000 5
b1000 D
b1000 G
b1000 S
b1000 e
b1000 >
b1000 H
b1000 N
b1000 +
b1000 0
b1000 <
b1000 M
#3384001
10"
b1011 ."
#3385000
b1010 $
b1010 4
b1010 8
b1010 2
b1010 9
b1010 g
0o
b1101 3
b1101 :
b1101 T
1Z
1k
0m
0n
1Y
1j
b1001 5
b1001 D
b1001 G
b1001 S
b1001 e
b1001 >
b1001 H
b1001 N
b1001 +
b1001 0
b1001 <
b1001 M
#3385001
b1010 ."
#3386000
b1001 $
b1001 4
b1001 8
1o
b1001 2
b1001 9
b1001 g
0x
0Z
b1110 3
b1110 :
b1110 T
1]
0k
1m
1n
1t
0v
0w
0Y
1\
0j
1s
b1010 5
b1010 D
b1010 G
b1010 S
b1010 e
b1010 >
b1010 H
b1010 N
b1010 +
b1010 0
b1010 <
b1010 M
#3386001
b1001 ."
#3387000
b1000 $
b1000 4
b1000 8
b1000 2
b1000 9
b1000 g
0o
b1111 3
b1111 :
b1111 T
1Z
1k
0m
0n
1Y
1j
b1011 5
b1011 D
b1011 G
b1011 S
b1011 e
b1011 >
b1011 H
b1011 N
b1011 +
b1011 0
b1011 <
b1011 M
#3387001
b1000 ."
#3388000
b1111 $
b1111 4
b1111 8
0c
1#
1o
1x
b1111 2
b1111 9
b1111 g
1#"
0Z
0]
b0 3
b0 :
b0 T
0`
1U
0k
1m
1n
0t
1v
1w
1~
1!"
0""
0Y
0\
1_
0j
0s
1|
b1100 5
b1100 D
b1100 G
b1100 S
b1100 e
b1100 >
b1100 H
b1100 N
b1100 +
b1100 0
b1100 <
b1100 M
#3388001
b1111 ."
#3389000
b1110 $
b1110 4
b1110 8
b1110 2
b1110 9
b1110 g
0o
b1 3
b1 :
b1 T
1Z
1k
0m
0n
1Y
1j
b1101 5
b1101 D
b1101 G
b1101 S
b1101 e
b1101 >
b1101 H
b1101 N
b1101 +
b1101 0
b1101 <
b1101 M
#3389001
b1110 ."
#3390000
b1101 $
b1101 4
b1101 8
1o
b1101 2
b1101 9
b1101 g
0x
0Z
b10 3
b10 :
b10 T
1]
0k
1m
1n
1t
0v
0w
0Y
1\
0j
1s
b1110 5
b1110 D
b1110 G
b1110 S
b1110 e
b1110 >
b1110 H
b1110 N
b1110 +
b1110 0
b1110 <
b1110 M
#3390001
b1101 ."
#3391000
b1100 $
b1100 4
b1100 8
b1100 2
b1100 9
b1100 g
0o
b11 3
b11 :
b11 T
1Z
1k
0m
0n
1Y
1j
b1111 5
b1111 D
b1111 G
b1111 S
b1111 e
b1111 >
b1111 H
b1111 N
b1111 +
b1111 0
b1111 <
b1111 M
#3391001
b1100 ."
#3392000
0"
b100 $
b100 4
b100 8
0]
1`
0U
b100 2
b100 9
b100 g
0,"
0W
0V
b101 3
b101 :
b101 T
0c
0#
1n
1w
1""
0)"
0*"
1+"
0k
0l
0t
0u
0Y
0\
0_
0b
0j
0s
0|
0'"
0X
0[
1^
0i
0r
1{
b0 5
b0 D
b0 G
b0 S
b0 e
b100 6
b100 E
b100 Q
b100 R
b100 d
b0 >
b0 H
b0 N
b100 *
b100 /
b100 ;
b100 L
b100 P
b0 +
b0 0
b0 <
b0 M
#3392001
00"
b100 ."
#3393000
b101 $
b101 4
b101 8
1]
b101 2
b101 9
b101 g
1o
b110 3
b110 :
b110 T
0Z
1W
1l
1m
0n
1Y
1j
b1 5
b1 D
b1 G
b1 S
b1 e
b1 >
b1 H
b1 N
b1 +
b1 0
b1 <
b1 M
#3393001
b101 ."
#3394000
0c
b110 $
b110 4
b110 8
1`
0U
0o
b110 2
b110 9
b110 g
1x
1Z
0W
b111 3
b111 :
b111 T
1]
0V
0l
0m
1n
1u
1v
0w
0Y
1\
0j
1s
b10 5
b10 D
b10 G
b10 S
b10 e
b10 >
b10 H
b10 N
b10 +
b10 0
b10 <
b10 M
#3394001
b110 ."
#3395000
1c
0`
1U
b111 $
b111 4
b111 8
0]
1V
b111 2
b111 9
b111 g
1o
b1000 3
b1000 :
b1000 T
0Z
1W
1l
1m
0n
1Y
1j
b11 5
b11 D
b11 G
b11 S
b11 e
b11 >
b11 H
b11 N
b11 +
b11 0
b11 <
b11 M
#3395001
b111 ."
#3396000
1!
b0 $
b0 4
b0 8
0o
0x
b0 2
b0 9
b0 g
0#"
1Z
0W
0]
0V
b1001 3
b1001 :
b1001 T
0`
0l
0m
1n
0u
0v
1w
1}
0!"
0""
0Y
0\
1_
0j
0s
1|
b100 5
b100 D
b100 G
b100 S
b100 e
b100 >
b100 H
b100 N
b100 +
b100 0
b100 <
b100 M
#3396001
11"
b0 ."
#3397000
0!
b1 $
b1 4
b1 8
1]
b1 2
b1 9
b1 g
1o
b1010 3
b1010 :
b1010 T
0Z
1W
1l
1m
0n
1Y
1j
b101 5
b101 D
b101 G
b101 S
b101 e
b101 >
b101 H
b101 N
b101 +
b101 0
b101 <
b101 M
#3397001
01"
b1 ."
#3398000
b10 $
b10 4
b10 8
0`
0o
b10 2
b10 9
b10 g
1x
1Z
0W
b1011 3
b1011 :
b1011 T
1]
0V
0l
0m
1n
1u
1v
0w
0Y
1\
0j
1s
b110 5
b110 D
b110 G
b110 S
b110 e
b110 >
b110 H
b110 N
b110 +
b110 0
b110 <
b110 M
#3398001
b10 ."
#3399000
1`
b11 $
b11 4
b11 8
0]
1V
b11 2
b11 9
b11 g
1o
b1100 3
b1100 :
b1100 T
0Z
1W
1l
1m
0n
1Y
1j
b111 5
b111 D
b111 G
b111 S
b111 e
b111 >
b111 H
b111 N
b111 +
b111 0
b111 <
b111 M
#3399001
b11 ."
#3400000
1"
b1100 $
b1100 4
b1100 8
0U
0o
0x
1#"
b1100 2
b1100 9
b1100 g
1,"
1Z
0W
0]
0V
1`
b1101 3
b1101 :
b1101 T
1c
0#
0l
0m
1n
0u
0v
1w
0}
1!"
1""
1)"
1*"
0+"
0Y
0\
0_
1b
0j
0s
0|
1'"
b1000 5
b1000 D
b1000 G
b1000 S
b1000 e
b1000 >
b1000 H
b1000 N
b1000 +
b1000 0
b1000 <
b1000 M
#3400001
10"
b1100 ."
#3401000
b1101 $
b1101 4
b1101 8
1]
b1101 2
b1101 9
b1101 g
1o
b1110 3
b1110 :
b1110 T
0Z
1W
1l
1m
0n
1Y
1j
b1001 5
b1001 D
b1001 G
b1001 S
b1001 e
b1001 >
b1001 H
b1001 N
b1001 +
b1001 0
b1001 <
b1001 M
#3401001
b1101 ."
#3402000
1c
0#
b1110 $
b1110 4
b1110 8
1`
0U
0o
b1110 2
b1110 9
b1110 g
1x
1Z
0W
b1111 3
b1111 :
b1111 T
1]
0V
0l
0m
1n
1u
1v
0w
0Y
1\
0j
1s
b1010 5
b1010 D
b1010 G
b1010 S
b1010 e
b1010 >
b1010 H
b1010 N
b1010 +
b1010 0
b1010 <
b1010 M
#3402001
b1110 ."
#3403000
0c
1#
0`
1U
b1111 $
b1111 4
b1111 8
0]
1V
b1111 2
b1111 9
b1111 g
1o
b0 3
b0 :
b0 T
0Z
1W
1l
1m
0n
1Y
1j
b1011 5
b1011 D
b1011 G
b1011 S
b1011 e
b1011 >
b1011 H
b1011 N
b1011 +
b1011 0
b1011 <
b1011 M
#3403001
b1111 ."
#3404000
b1000 $
b1000 4
b1000 8
0o
0x
b1000 2
b1000 9
b1000 g
0#"
1Z
0W
0]
0V
b1 3
b1 :
b1 T
0`
0l
0m
1n
0u
0v
1w
1}
0!"
0""
0Y
0\
1_
0j
0s
1|
b1100 5
b1100 D
b1100 G
b1100 S
b1100 e
b1100 >
b1100 H
b1100 N
b1100 +
b1100 0
b1100 <
b1100 M
#3404001
b1000 ."
#3405000
b1001 $
b1001 4
b1001 8
1]
b1001 2
b1001 9
b1001 g
1o
b10 3
b10 :
b10 T
0Z
1W
1l
1m
0n
1Y
1j
b1101 5
b1101 D
b1101 G
b1101 S
b1101 e
b1101 >
b1101 H
b1101 N
b1101 +
b1101 0
b1101 <
b1101 M
#3405001
b1001 ."
#3406000
b1010 $
b1010 4
b1010 8
0`
0o
b1010 2
b1010 9
b1010 g
1x
1Z
0W
b11 3
b11 :
b11 T
1]
0V
0l
0m
1n
1u
1v
0w
0Y
1\
0j
1s
b1110 5
b1110 D
b1110 G
b1110 S
b1110 e
b1110 >
b1110 H
b1110 N
b1110 +
b1110 0
b1110 <
b1110 M
#3406001
b1010 ."
#3407000
1`
b1011 $
b1011 4
b1011 8
0]
1V
b1011 2
b1011 9
b1011 g
1o
b100 3
b100 :
b100 T
0Z
1W
1l
1m
0n
1Y
1j
b1111 5
b1111 D
b1111 G
b1111 S
b1111 e
b1111 >
b1111 H
b1111 N
b1111 +
b1111 0
b1111 <
b1111 M
#3407001
b1011 ."
#3408000
0"
b101 $
b101 4
b101 8
0U
0x
1#"
b101 2
b101 9
b101 g
0,"
1]
0V
1`
b110 3
b110 :
b110 T
0c
0#
1n
0u
0v
1w
0}
1!"
1""
0)"
0*"
1+"
0Y
0\
0_
0b
0j
0s
0|
0'"
1X
1i
b0 5
b0 D
b0 G
b0 S
b0 e
b101 6
b101 E
b101 Q
b101 R
b101 d
b0 >
b0 H
b0 N
b101 *
b101 /
b101 ;
b101 L
b101 P
b0 +
b0 0
b0 <
b0 M
#3408001
00"
b101 ."
#3409000
b100 $
b100 4
b100 8
b100 2
b100 9
b100 g
0o
b111 3
b111 :
b111 T
1Z
1k
0m
0n
1Y
1j
b1 5
b1 D
b1 G
b1 S
b1 e
b1 >
b1 H
b1 N
b1 +
b1 0
b1 <
b1 M
#3409001
b100 ."
#3410000
1c
b111 $
b111 4
b111 8
0`
1U
1o
b111 2
b111 9
b111 g
1x
0Z
b1000 3
b1000 :
b1000 T
0]
1V
0k
1m
1n
1u
1v
0w
0Y
1\
0j
1s
b10 5
b10 D
b10 G
b10 S
b10 e
b10 >
b10 H
b10 N
b10 +
b10 0
b10 <
b10 M
#3410001
b111 ."
#3411000
b110 $
b110 4
b110 8
b110 2
b110 9
b110 g
0o
b1001 3
b1001 :
b1001 T
1Z
1k
0m
0n
1Y
1j
b11 5
b11 D
b11 G
b11 S
b11 e
b11 >
b11 H
b11 N
b11 +
b11 0
b11 <
b11 M
#3411001
b110 ."
#3412000
b1 $
b1 4
b1 8
1o
0x
b1 2
b1 9
b1 g
0#"
0Z
1]
0V
b1010 3
b1010 :
b1010 T
0`
0k
1m
1n
0u
0v
1w
1}
0!"
0""
0Y
0\
1_
0j
0s
1|
b100 5
b100 D
b100 G
b100 S
b100 e
b100 >
b100 H
b100 N
b100 +
b100 0
b100 <
b100 M
#3412001
b1 ."
#3413000
1!
b0 $
b0 4
b0 8
b0 2
b0 9
b0 g
0o
b1011 3
b1011 :
b1011 T
1Z
1k
0m
0n
1Y
1j
b101 5
b101 D
b101 G
b101 S
b101 e
b101 >
b101 H
b101 N
b101 +
b101 0
b101 <
b101 M
#3413001
11"
b0 ."
#3414000
0!
b11 $
b11 4
b11 8
1`
1o
b11 2
b11 9
b11 g
1x
0Z
b1100 3
b1100 :
b1100 T
0]
1V
0k
1m
1n
1u
1v
0w
0Y
1\
0j
1s
b110 5
b110 D
b110 G
b110 S
b110 e
b110 >
b110 H
b110 N
b110 +
b110 0
b110 <
b110 M
#3414001
01"
b11 ."
#3415000
b10 $
b10 4
b10 8
b10 2
b10 9
b10 g
0o
b1101 3
b1101 :
b1101 T
1Z
1k
0m
0n
1Y
1j
b111 5
b111 D
b111 G
b111 S
b111 e
b111 >
b111 H
b111 N
b111 +
b111 0
b111 <
b111 M
#3415001
b10 ."
#3416000
1"
b1101 $
b1101 4
b1101 8
0U
1o
0x
1#"
b1101 2
b1101 9
b1101 g
1,"
0Z
1]
0V
1`
b1110 3
b1110 :
b1110 T
1c
0#
0k
1m
1n
0u
0v
1w
0}
1!"
1""
1)"
1*"
0+"
0Y
0\
0_
1b
0j
0s
0|
1'"
b1000 5
b1000 D
b1000 G
b1000 S
b1000 e
b1000 >
b1000 H
b1000 N
b1000 +
b1000 0
b1000 <
b1000 M
#3416001
10"
b1101 ."
#3417000
b1100 $
b1100 4
b1100 8
b1100 2
b1100 9
b1100 g
0o
b1111 3
b1111 :
b1111 T
1Z
1k
0m
0n
1Y
1j
b1001 5
b1001 D
b1001 G
b1001 S
b1001 e
b1001 >
b1001 H
b1001 N
b1001 +
b1001 0
b1001 <
b1001 M
#3417001
b1100 ."
#3418000
0c
1#
b1111 $
b1111 4
b1111 8
0`
1U
1o
b1111 2
b1111 9
b1111 g
1x
0Z
b0 3
b0 :
b0 T
0]
1V
0k
1m
1n
1u
1v
0w
0Y
1\
0j
1s
b1010 5
b1010 D
b1010 G
b1010 S
b1010 e
b1010 >
b1010 H
b1010 N
b1010 +
b1010 0
b1010 <
b1010 M
#3418001
b1111 ."
#3419000
b1110 $
b1110 4
b1110 8
b1110 2
b1110 9
b1110 g
0o
b1 3
b1 :
b1 T
1Z
1k
0m
0n
1Y
1j
b1011 5
b1011 D
b1011 G
b1011 S
b1011 e
b1011 >
b1011 H
b1011 N
b1011 +
b1011 0
b1011 <
b1011 M
#3419001
b1110 ."
#3420000
b1001 $
b1001 4
b1001 8
1o
0x
b1001 2
b1001 9
b1001 g
0#"
0Z
1]
0V
b10 3
b10 :
b10 T
0`
0k
1m
1n
0u
0v
1w
1}
0!"
0""
0Y
0\
1_
0j
0s
1|
b1100 5
b1100 D
b1100 G
b1100 S
b1100 e
b1100 >
b1100 H
b1100 N
b1100 +
b1100 0
b1100 <
b1100 M
#3420001
b1001 ."
#3421000
b1000 $
b1000 4
b1000 8
b1000 2
b1000 9
b1000 g
0o
b11 3
b11 :
b11 T
1Z
1k
0m
0n
1Y
1j
b1101 5
b1101 D
b1101 G
b1101 S
b1101 e
b1101 >
b1101 H
b1101 N
b1101 +
b1101 0
b1101 <
b1101 M
#3421001
b1000 ."
#3422000
b1011 $
b1011 4
b1011 8
1`
1o
b1011 2
b1011 9
b1011 g
1x
0Z
b100 3
b100 :
b100 T
0]
1V
0k
1m
1n
1u
1v
0w
0Y
1\
0j
1s
b1110 5
b1110 D
b1110 G
b1110 S
b1110 e
b1110 >
b1110 H
b1110 N
b1110 +
b1110 0
b1110 <
b1110 M
#3422001
b1011 ."
#3423000
b1010 $
b1010 4
b1010 8
b1010 2
b1010 9
b1010 g
0o
b101 3
b101 :
b101 T
1Z
1k
0m
0n
1Y
1j
b1111 5
b1111 D
b1111 G
b1111 S
b1111 e
b1111 >
b1111 H
b1111 N
b1111 +
b1111 0
b1111 <
b1111 M
#3423001
b1010 ."
#3424000
0"
0U
b110 $
b110 4
b110 8
1]
0V
1#"
b110 2
b110 9
b110 g
0,"
0W
1`
b111 3
b111 :
b111 T
0c
0#
1n
1w
0}
1!"
1""
0)"
0*"
1+"
0k
0l
0Y
0\
0_
0b
0j
0s
0|
0'"
0X
1[
0i
1r
b0 5
b0 D
b0 G
b0 S
b0 e
b110 6
b110 E
b110 Q
b110 R
b110 d
b0 >
b0 H
b0 N
b110 *
b110 /
b110 ;
b110 L
b110 P
b0 +
b0 0
b0 <
b0 M
#3424001
00"
b110 ."
#3425000
1c
0`
1U
b111 $
b111 4
b111 8
0]
1V
b111 2
b111 9
b111 g
1o
b1000 3
b1000 :
b1000 T
0Z
1W
1l
1m
0n
1Y
1j
b1 5
b1 D
b1 G
b1 S
b1 e
b1 >
b1 H
b1 N
b1 +
b1 0
b1 <
b1 M
#3425001
b111 ."
#3426000
b100 $
b100 4
b100 8
0o
b100 2
b100 9
b100 g
0x
1Z
0W
b1001 3
b1001 :
b1001 T
0]
0l
0m
1n
1t
0v
0w
0Y
1\
0j
1s
b10 5
b10 D
b10 G
b10 S
b10 e
b10 >
b10 H
b10 N
b10 +
b10 0
b10 <
b10 M
#3426001
b100 ."
#3427000
b101 $
b101 4
b101 8
1]
b101 2
b101 9
b101 g
1o
b1010 3
b1010 :
b1010 T
0Z
1W
1l
1m
0n
1Y
1j
b11 5
b11 D
b11 G
b11 S
b11 e
b11 >
b11 H
b11 N
b11 +
b11 0
b11 <
b11 M
#3427001
b101 ."
#3428000
b10 $
b10 4
b10 8
0V
0o
1x
b10 2
b10 9
b10 g
0#"
1Z
0W
1]
b1011 3
b1011 :
b1011 T
0`
0l
0m
1n
0t
1v
1w
1}
0!"
0""
0Y
0\
1_
0j
0s
1|
b100 5
b100 D
b100 G
b100 S
b100 e
b100 >
b100 H
b100 N
b100 +
b100 0
b100 <
b100 M
#3428001
b10 ."
#3429000
1`
b11 $
b11 4
b11 8
0]
1V
b11 2
b11 9
b11 g
1o
b1100 3
b1100 :
b1100 T
0Z
1W
1l
1m
0n
1Y
1j
b101 5
b101 D
b101 G
b101 S
b101 e
b101 >
b101 H
b101 N
b101 +
b101 0
b101 <
b101 M
#3429001
b11 ."
#3430000
1!
b0 $
b0 4
b0 8
0o
b0 2
b0 9
b0 g
0x
1Z
0W
b1101 3
b1101 :
b1101 T
0]
0l
0m
1n
1t
0v
0w
0Y
1\
0j
1s
b110 5
b110 D
b110 G
b110 S
b110 e
b110 >
b110 H
b110 N
b110 +
b110 0
b110 <
b110 M
#3430001
11"
b0 ."
#3431000
0!
b1 $
b1 4
b1 8
1]
b1 2
b1 9
b1 g
1o
b1110 3
b1110 :
b1110 T
0Z
1W
1l
1m
0n
1Y
1j
b111 5
b111 D
b111 G
b111 S
b111 e
b111 >
b111 H
b111 N
b111 +
b111 0
b111 <
b111 M
#3431001
01"
b1 ."
#3432000
1"
0U
b1110 $
b1110 4
b1110 8
0V
0o
1x
1#"
b1110 2
b1110 9
b1110 g
1,"
1Z
0W
1]
1`
b1111 3
b1111 :
b1111 T
1c
0#
0l
0m
1n
0t
1v
1w
0}
1!"
1""
1)"
1*"
0+"
0Y
0\
0_
1b
0j
0s
0|
1'"
b1000 5
b1000 D
b1000 G
b1000 S
b1000 e
b1000 >
b1000 H
b1000 N
b1000 +
b1000 0
b1000 <
b1000 M
#3432001
10"
b1110 ."
#3433000
0c
1#
0`
1U
b1111 $
b1111 4
b1111 8
0]
1V
b1111 2
b1111 9
b1111 g
1o
b0 3
b0 :
b0 T
0Z
1W
1l
1m
0n
1Y
1j
b1001 5
b1001 D
b1001 G
b1001 S
b1001 e
b1001 >
b1001 H
b1001 N
b1001 +
b1001 0
b1001 <
b1001 M
#3433001
b1111 ."
#3434000
b1100 $
b1100 4
b1100 8
0o
b1100 2
b1100 9
b1100 g
0x
1Z
0W
b1 3
b1 :
b1 T
0]
0l
0m
1n
1t
0v
0w
0Y
1\
0j
1s
b1010 5
b1010 D
b1010 G
b1010 S
b1010 e
b1010 >
b1010 H
b1010 N
b1010 +
b1010 0
b1010 <
b1010 M
#3434001
b1100 ."
#3435000
b1101 $
b1101 4
b1101 8
1]
b1101 2
b1101 9
b1101 g
1o
b10 3
b10 :
b10 T
0Z
1W
1l
1m
0n
1Y
1j
b1011 5
b1011 D
b1011 G
b1011 S
b1011 e
b1011 >
b1011 H
b1011 N
b1011 +
b1011 0
b1011 <
b1011 M
#3435001
b1101 ."
#3436000
b1010 $
b1010 4
b1010 8
0V
0o
1x
b1010 2
b1010 9
b1010 g
0#"
1Z
0W
1]
b11 3
b11 :
b11 T
0`
0l
0m
1n
0t
1v
1w
1}
0!"
0""
0Y
0\
1_
0j
0s
1|
b1100 5
b1100 D
b1100 G
b1100 S
b1100 e
b1100 >
b1100 H
b1100 N
b1100 +
b1100 0
b1100 <
b1100 M
#3436001
b1010 ."
#3437000
1`
b1011 $
b1011 4
b1011 8
0]
1V
b1011 2
b1011 9
b1011 g
1o
b100 3
b100 :
b100 T
0Z
1W
1l
1m
0n
1Y
1j
b1101 5
b1101 D
b1101 G
b1101 S
b1101 e
b1101 >
b1101 H
b1101 N
b1101 +
b1101 0
b1101 <
b1101 M
#3437001
b1011 ."
#3438000
b1000 $
b1000 4
b1000 8
0o
b1000 2
b1000 9
b1000 g
0x
1Z
0W
b101 3
b101 :
b101 T
0]
0l
0m
1n
1t
0v
0w
0Y
1\
0j
1s
b1110 5
b1110 D
b1110 G
b1110 S
b1110 e
b1110 >
b1110 H
b1110 N
b1110 +
b1110 0
b1110 <
b1110 M
#3438001
b1000 ."
#3439000
b1001 $
b1001 4
b1001 8
1]
b1001 2
b1001 9
b1001 g
1o
b110 3
b110 :
b110 T
0Z
1W
1l
1m
0n
1Y
1j
b1111 5
b1111 D
b1111 G
b1111 S
b1111 e
b1111 >
b1111 H
b1111 N
b1111 +
b1111 0
b1111 <
b1111 M
#3439001
b1001 ."
#3440000
0"
b111 $
b111 4
b111 8
1x
1#"
b111 2
b111 9
b111 g
0,"
0]
0`
b1000 3
b1000 :
b1000 T
1c
0#
1n
0t
1v
1w
0}
1!"
1""
0)"
0*"
1+"
0Y
0\
0_
0b
0j
0s
0|
0'"
1X
1i
b0 5
b0 D
b0 G
b0 S
b0 e
b111 6
b111 E
b111 Q
b111 R
b111 d
b0 >
b0 H
b0 N
b111 *
b111 /
b111 ;
b111 L
b111 P
b0 +
b0 0
b0 <
b0 M
#3440001
00"
b111 ."
#3441000
b110 $
b110 4
b110 8
b110 2
b110 9
b110 g
0o
b1001 3
b1001 :
b1001 T
1Z
1k
0m
0n
1Y
1j
b1 5
b1 D
b1 G
b1 S
b1 e
b1 >
b1 H
b1 N
b1 +
b1 0
b1 <
b1 M
#3441001
b110 ."
#3442000
b101 $
b101 4
b101 8
1o
b101 2
b101 9
b101 g
0x
0Z
b1010 3
b1010 :
b1010 T
1]
0k
1m
1n
1t
0v
0w
0Y
1\
0j
1s
b10 5
b10 D
b10 G
b10 S
b10 e
b10 >
b10 H
b10 N
b10 +
b10 0
b10 <
b10 M
#3442001
b101 ."
#3443000
b100 $
b100 4
b100 8
b100 2
b100 9
b100 g
0o
b1011 3
b1011 :
b1011 T
1Z
1k
0m
0n
1Y
1j
b11 5
b11 D
b11 G
b11 S
b11 e
b11 >
b11 H
b11 N
b11 +
b11 0
b11 <
b11 M
#3443001
b100 ."
#3444000
b11 $
b11 4
b11 8
1o
1x
b11 2
b11 9
b11 g
0#"
0Z
0]
b1100 3
b1100 :
b1100 T
1`
0k
1m
1n
0t
1v
1w
1}
0!"
0""
0Y
0\
1_
0j
0s
1|
b100 5
b100 D
b100 G
b100 S
b100 e
b100 >
b100 H
b100 N
b100 +
b100 0
b100 <
b100 M
#3444001
b11 ."
#3445000
b10 $
b10 4
b10 8
b10 2
b10 9
b10 g
0o
b1101 3
b1101 :
b1101 T
1Z
1k
0m
0n
1Y
1j
b101 5
b101 D
b101 G
b101 S
b101 e
b101 >
b101 H
b101 N
b101 +
b101 0
b101 <
b101 M
#3445001
b10 ."
#3446000
b1 $
b1 4
b1 8
1o
b1 2
b1 9
b1 g
0x
0Z
b1110 3
b1110 :
b1110 T
1]
0k
1m
1n
1t
0v
0w
0Y
1\
0j
1s
b110 5
b110 D
b110 G
b110 S
b110 e
b110 >
b110 H
b110 N
b110 +
b110 0
b110 <
b110 M
#3446001
b1 ."
#3447000
1!
b0 $
b0 4
b0 8
b0 2
b0 9
b0 g
0o
b1111 3
b1111 :
b1111 T
1Z
1k
0m
0n
1Y
1j
b111 5
b111 D
b111 G
b111 S
b111 e
b111 >
b111 H
b111 N
b111 +
b111 0
b111 <
b111 M
#3447001
11"
b0 ."
#3448000
1"
0!
b1111 $
b1111 4
b1111 8
1o
1x
1#"
b1111 2
b1111 9
b1111 g
1,"
0Z
0]
0`
b0 3
b0 :
b0 T
0c
1#
0k
1m
1n
0t
1v
1w
0}
1!"
1""
1)"
1*"
0+"
0Y
0\
0_
1b
0j
0s
0|
1'"
b1000 5
b1000 D
b1000 G
b1000 S
b1000 e
b1000 >
b1000 H
b1000 N
b1000 +
b1000 0
b1000 <
b1000 M
#3448001
01"
10"
b1111 ."
#3449000
b1110 $
b1110 4
b1110 8
b1110 2
b1110 9
b1110 g
0o
b1 3
b1 :
b1 T
1Z
1k
0m
0n
1Y
1j
b1001 5
b1001 D
b1001 G
b1001 S
b1001 e
b1001 >
b1001 H
b1001 N
b1001 +
b1001 0
b1001 <
b1001 M
#3449001
b1110 ."
#3450000
b1101 $
b1101 4
b1101 8
1o
b1101 2
b1101 9
b1101 g
0x
0Z
b10 3
b10 :
b10 T
1]
0k
1m
1n
1t
0v
0w
0Y
1\
0j
1s
b1010 5
b1010 D
b1010 G
b1010 S
b1010 e
b1010 >
b1010 H
b1010 N
b1010 +
b1010 0
b1010 <
b1010 M
#3450001
b1101 ."
#3451000
b1100 $
b1100 4
b1100 8
b1100 2
b1100 9
b1100 g
0o
b11 3
b11 :
b11 T
1Z
1k
0m
0n
1Y
1j
b1011 5
b1011 D
b1011 G
b1011 S
b1011 e
b1011 >
b1011 H
b1011 N
b1011 +
b1011 0
b1011 <
b1011 M
#3451001
b1100 ."
#3452000
b1011 $
b1011 4
b1011 8
1o
1x
b1011 2
b1011 9
b1011 g
0#"
0Z
0]
b100 3
b100 :
b100 T
1`
0k
1m
1n
0t
1v
1w
1}
0!"
0""
0Y
0\
1_
0j
0s
1|
b1100 5
b1100 D
b1100 G
b1100 S
b1100 e
b1100 >
b1100 H
b1100 N
b1100 +
b1100 0
b1100 <
b1100 M
#3452001
b1011 ."
#3453000
b1010 $
b1010 4
b1010 8
b1010 2
b1010 9
b1010 g
0o
b101 3
b101 :
b101 T
1Z
1k
0m
0n
1Y
1j
b1101 5
b1101 D
b1101 G
b1101 S
b1101 e
b1101 >
b1101 H
b1101 N
b1101 +
b1101 0
b1101 <
b1101 M
#3453001
b1010 ."
#3454000
b1001 $
b1001 4
b1001 8
1o
b1001 2
b1001 9
b1001 g
0x
0Z
b110 3
b110 :
b110 T
1]
0k
1m
1n
1t
0v
0w
0Y
1\
0j
1s
b1110 5
b1110 D
b1110 G
b1110 S
b1110 e
b1110 >
b1110 H
b1110 N
b1110 +
b1110 0
b1110 <
b1110 M
#3454001
b1001 ."
#3455000
b1000 $
b1000 4
b1000 8
b1000 2
b1000 9
b1000 g
0o
b111 3
b111 :
b111 T
1Z
1k
0m
0n
1Y
1j
b1111 5
b1111 D
b1111 G
b1111 S
b1111 e
b1111 >
b1111 H
b1111 N
b1111 +
b1111 0
b1111 <
b1111 M
#3455001
b1000 ."
#3456000
0]
0`
b1001 3
b1001 :
b1001 T
1c
0#
0W
0V
0U
1n
1w
1""
1+"
0k
0l
0t
0u
0}
0~
0Y
0\
0_
0b
0j
0s
0|
0'"
0X
0[
0^
1a
0i
0r
0{
1&"
b0 5
b0 D
b0 G
b0 S
b0 e
b1000 6
b1000 E
b1000 Q
b1000 R
b1000 d
b0 >
b0 H
b0 N
b1000 *
b1000 /
b1000 ;
b1000 L
b1000 P
b0 +
b0 0
b0 <
b0 M
#3457000
b1001 $
b1001 4
b1001 8
1]
b1001 2
b1001 9
b1001 g
1o
b1010 3
b1010 :
b1010 T
0Z
1W
1l
1m
0n
1Y
1j
b1 5
b1 D
b1 G
b1 S
b1 e
b1 >
b1 H
b1 N
b1 +
b1 0
b1 <
b1 M
#3457001
b1001 ."
#3458000
b1010 $
b1010 4
b1010 8
0`
0o
b1010 2
b1010 9
b1010 g
1x
1Z
0W
b1011 3
b1011 :
b1011 T
1]
0V
0l
0m
1n
1u
1v
0w
0Y
1\
0j
1s
b10 5
b10 D
b10 G
b10 S
b10 e
b10 >
b10 H
b10 N
b10 +
b10 0
b10 <
b10 M
#3458001
b1010 ."
#3459000
1`
b1011 $
b1011 4
b1011 8
0]
1V
b1011 2
b1011 9
b1011 g
1o
b1100 3
b1100 :
b1100 T
0Z
1W
1l
1m
0n
1Y
1j
b11 5
b11 D
b11 G
b11 S
b11 e
b11 >
b11 H
b11 N
b11 +
b11 0
b11 <
b11 M
#3459001
b1011 ."
#3460000
b1100 $
b1100 4
b1100 8
1c
0#
0o
0x
b1100 2
b1100 9
b1100 g
1#"
1Z
0W
0]
0V
b1101 3
b1101 :
b1101 T
1`
0U
0l
0m
1n
0u
0v
1w
1~
1!"
0""
0Y
0\
1_
0j
0s
1|
b100 5
b100 D
b100 G
b100 S
b100 e
b100 >
b100 H
b100 N
b100 +
b100 0
b100 <
b100 M
#3460001
b1100 ."
#3461000
b1101 $
b1101 4
b1101 8
1]
b1101 2
b1101 9
b1101 g
1o
b1110 3
b1110 :
b1110 T
0Z
1W
1l
1m
0n
1Y
1j
b101 5
b101 D
b101 G
b101 S
b101 e
b101 >
b101 H
b101 N
b101 +
b101 0
b101 <
b101 M
#3461001
b1101 ."
#3462000
1c
0#
b1110 $
b1110 4
b1110 8
1`
0U
0o
b1110 2
b1110 9
b1110 g
1x
1Z
0W
b1111 3
b1111 :
b1111 T
1]
0V
0l
0m
1n
1u
1v
0w
0Y
1\
0j
1s
b110 5
b110 D
b110 G
b110 S
b110 e
b110 >
b110 H
b110 N
b110 +
b110 0
b110 <
b110 M
#3462001
b1110 ."
#3463000
0c
1#
0`
1U
b1111 $
b1111 4
b1111 8
0]
1V
b1111 2
b1111 9
b1111 g
1o
b0 3
b0 :
b0 T
0Z
1W
1l
1m
0n
1Y
1j
b111 5
b111 D
b111 G
b111 S
b111 e
b111 >
b111 H
b111 N
b111 +
b111 0
b111 <
b111 M
#3463001
b1111 ."
#3464000
0"
1!
b0 $
b0 4
b0 8
0o
0x
0#"
b0 2
b0 9
b0 g
0,"
1Z
0W
0]
0V
0`
0U
b1 3
b1 :
b1 T
0c
0l
0m
1n
0u
0v
1w
0~
0!"
1""
1("
0*"
0+"
0Y
0\
0_
1b
0j
0s
0|
1'"
b1000 5
b1000 D
b1000 G
b1000 S
b1000 e
b1000 >
b1000 H
b1000 N
b1000 +
b1000 0
b1000 <
b1000 M
#3464001
11"
00"
b0 ."
#3465000
0!
b1 $
b1 4
b1 8
1]
b1 2
b1 9
b1 g
1o
b10 3
b10 :
b10 T
0Z
1W
1l
1m
0n
1Y
1j
b1001 5
b1001 D
b1001 G
b1001 S
b1001 e
b1001 >
b1001 H
b1001 N
b1001 +
b1001 0
b1001 <
b1001 M
#3465001
01"
b1 ."
#3466000
b10 $
b10 4
b10 8
0`
0o
b10 2
b10 9
b10 g
1x
1Z
0W
b11 3
b11 :
b11 T
1]
0V
0l
0m
1n
1u
1v
0w
0Y
1\
0j
1s
b1010 5
b1010 D
b1010 G
b1010 S
b1010 e
b1010 >
b1010 H
b1010 N
b1010 +
b1010 0
b1010 <
b1010 M
#3466001
b10 ."
#3467000
1`
b11 $
b11 4
b11 8
0]
1V
b11 2
b11 9
b11 g
1o
b100 3
b100 :
b100 T
0Z
1W
1l
1m
0n
1Y
1j
b1011 5
b1011 D
b1011 G
b1011 S
b1011 e
b1011 >
b1011 H
b1011 N
b1011 +
b1011 0
b1011 <
b1011 M
#3467001
b11 ."
#3468000
b100 $
b100 4
b100 8
0c
0o
0x
b100 2
b100 9
b100 g
1#"
1Z
0W
0]
0V
b101 3
b101 :
b101 T
1`
0U
0l
0m
1n
0u
0v
1w
1~
1!"
0""
0Y
0\
1_
0j
0s
1|
b1100 5
b1100 D
b1100 G
b1100 S
b1100 e
b1100 >
b1100 H
b1100 N
b1100 +
b1100 0
b1100 <
b1100 M
#3468001
b100 ."
#3469000
b101 $
b101 4
b101 8
1]
b101 2
b101 9
b101 g
1o
b110 3
b110 :
b110 T
0Z
1W
1l
1m
0n
1Y
1j
b1101 5
b1101 D
b1101 G
b1101 S
b1101 e
b1101 >
b1101 H
b1101 N
b1101 +
b1101 0
b1101 <
b1101 M
#3469001
b101 ."
#3470000
0c
b110 $
b110 4
b110 8
1`
0U
0o
b110 2
b110 9
b110 g
1x
1Z
0W
b111 3
b111 :
b111 T
1]
0V
0l
0m
1n
1u
1v
0w
0Y
1\
0j
1s
b1110 5
b1110 D
b1110 G
b1110 S
b1110 e
b1110 >
b1110 H
b1110 N
b1110 +
b1110 0
b1110 <
b1110 M
#3470001
b110 ."
#3471000
1c
0`
1U
b111 $
b111 4
b111 8
0]
1V
b111 2
b111 9
b111 g
1o
b1000 3
b1000 :
b1000 T
0Z
1W
1l
1m
0n
1Y
1j
b1111 5
b1111 D
b1111 G
b1111 S
b1111 e
b1111 >
b1111 H
b1111 N
b1111 +
b1111 0
b1111 <
b1111 M
#3471001
b111 ."
#3472000
1"
b1001 $
b1001 4
b1001 8
0#
0x
0#"
b1001 2
b1001 9
b1001 g
1,"
1]
0V
0`
0U
b1010 3
b1010 :
b1010 T
1c
1n
0u
0v
1w
0~
0!"
1""
0("
1*"
1+"
0Y
0\
0_
0b
0j
0s
0|
0'"
1X
1i
b0 5
b0 D
b0 G
b0 S
b0 e
b1001 6
b1001 E
b1001 Q
b1001 R
b1001 d
b0 >
b0 H
b0 N
b1001 *
b1001 /
b1001 ;
b1001 L
b1001 P
b0 +
b0 0
b0 <
b0 M
#3472001
10"
b1001 ."
#3473000
b1000 $
b1000 4
b1000 8
b1000 2
b1000 9
b1000 g
0o
b1011 3
b1011 :
b1011 T
1Z
1k
0m
0n
1Y
1j
b1 5
b1 D
b1 G
b1 S
b1 e
b1 >
b1 H
b1 N
b1 +
b1 0
b1 <
b1 M
#3473001
b1000 ."
#3474000
b1011 $
b1011 4
b1011 8
1`
1o
b1011 2
b1011 9
b1011 g
1x
0Z
b1100 3
b1100 :
b1100 T
0]
1V
0k
1m
1n
1u
1v
0w
0Y
1\
0j
1s
b10 5
b10 D
b10 G
b10 S
b10 e
b10 >
b10 H
b10 N
b10 +
b10 0
b10 <
b10 M
#3474001
b1011 ."
#3475000
b1010 $
b1010 4
b1010 8
b1010 2
b1010 9
b1010 g
0o
b1101 3
b1101 :
b1101 T
1Z
1k
0m
0n
1Y
1j
b11 5
b11 D
b11 G
b11 S
b11 e
b11 >
b11 H
b11 N
b11 +
b11 0
b11 <
b11 M
#3475001
b1010 ."
#3476000
b1101 $
b1101 4
b1101 8
1c
0#
1o
0x
b1101 2
b1101 9
b1101 g
1#"
0Z
1]
0V
b1110 3
b1110 :
b1110 T
1`
0U
0k
1m
1n
0u
0v
1w
1~
1!"
0""
0Y
0\
1_
0j
0s
1|
b100 5
b100 D
b100 G
b100 S
b100 e
b100 >
b100 H
b100 N
b100 +
b100 0
b100 <
b100 M
#3476001
b1101 ."
#3477000
b1100 $
b1100 4
b1100 8
b1100 2
b1100 9
b1100 g
0o
b1111 3
b1111 :
b1111 T
1Z
1k
0m
0n
1Y
1j
b101 5
b101 D
b101 G
b101 S
b101 e
b101 >
b101 H
b101 N
b101 +
b101 0
b101 <
b101 M
#3477001
b1100 ."
#3478000
0c
1#
b1111 $
b1111 4
b1111 8
0`
1U
1o
b1111 2
b1111 9
b1111 g
1x
0Z
b0 3
b0 :
b0 T
0]
1V
0k
1m
1n
1u
1v
0w
0Y
1\
0j
1s
b110 5
b110 D
b110 G
b110 S
b110 e
b110 >
b110 H
b110 N
b110 +
b110 0
b110 <
b110 M
#3478001
b1111 ."
#3479000
b1110 $
b1110 4
b1110 8
b1110 2
b1110 9
b1110 g
0o
b1 3
b1 :
b1 T
1Z
1k
0m
0n
1Y
1j
b111 5
b111 D
b111 G
b111 S
b111 e
b111 >
b111 H
b111 N
b111 +
b111 0
b111 <
b111 M
#3479001
b1110 ."
#3480000
0"
b1 $
b1 4
b1 8
1o
0x
0#"
b1 2
b1 9
b1 g
0,"
0Z
1]
0V
0`
0U
b10 3
b10 :
b10 T
0c
0k
1m
1n
0u
0v
1w
0~
0!"
1""
1("
0*"
0+"
0Y
0\
0_
1b
0j
0s
0|
1'"
b1000 5
b1000 D
b1000 G
b1000 S
b1000 e
b1000 >
b1000 H
b1000 N
b1000 +
b1000 0
b1000 <
b1000 M
#3480001
00"
b1 ."
#3481000
1!
b0 $
b0 4
b0 8
b0 2
b0 9
b0 g
0o
b11 3
b11 :
b11 T
1Z
1k
0m
0n
1Y
1j
b1001 5
b1001 D
b1001 G
b1001 S
b1001 e
b1001 >
b1001 H
b1001 N
b1001 +
b1001 0
b1001 <
b1001 M
#3481001
11"
b0 ."
#3482000
0!
b11 $
b11 4
b11 8
1`
1o
b11 2
b11 9
b11 g
1x
0Z
b100 3
b100 :
b100 T
0]
1V
0k
1m
1n
1u
1v
0w
0Y
1\
0j
1s
b1010 5
b1010 D
b1010 G
b1010 S
b1010 e
b1010 >
b1010 H
b1010 N
b1010 +
b1010 0
b1010 <
b1010 M
#3482001
01"
b11 ."
#3483000
b10 $
b10 4
b10 8
b10 2
b10 9
b10 g
0o
b101 3
b101 :
b101 T
1Z
1k
0m
0n
1Y
1j
b1011 5
b1011 D
b1011 G
b1011 S
b1011 e
b1011 >
b1011 H
b1011 N
b1011 +
b1011 0
b1011 <
b1011 M
#3483001
b10 ."
#3484000
b101 $
b101 4
b101 8
0c
1o
0x
b101 2
b101 9
b101 g
1#"
0Z
1]
0V
b110 3
b110 :
b110 T
1`
0U
0k
1m
1n
0u
0v
1w
1~
1!"
0""
0Y
0\
1_
0j
0s
1|
b1100 5
b1100 D
b1100 G
b1100 S
b1100 e
b1100 >
b1100 H
b1100 N
b1100 +
b1100 0
b1100 <
b1100 M
#3484001
b101 ."
#3485000
b100 $
b100 4
b100 8
b100 2
b100 9
b100 g
0o
b111 3
b111 :
b111 T
1Z
1k
0m
0n
1Y
1j
b1101 5
b1101 D
b1101 G
b1101 S
b1101 e
b1101 >
b1101 H
b1101 N
b1101 +
b1101 0
b1101 <
b1101 M
#3485001
b100 ."
#3486000
1c
b111 $
b111 4
b111 8
0`
1U
1o
b111 2
b111 9
b111 g
1x
0Z
b1000 3
b1000 :
b1000 T
0]
1V
0k
1m
1n
1u
1v
0w
0Y
1\
0j
1s
b1110 5
b1110 D
b1110 G
b1110 S
b1110 e
b1110 >
b1110 H
b1110 N
b1110 +
b1110 0
b1110 <
b1110 M
#3486001
b111 ."
#3487000
b110 $
b110 4
b110 8
b110 2
b110 9
b110 g
0o
b1001 3
b1001 :
b1001 T
1Z
1k
0m
0n
1Y
1j
b1111 5
b1111 D
b1111 G
b1111 S
b1111 e
b1111 >
b1111 H
b1111 N
b1111 +
b1111 0
b1111 <
b1111 M
#3487001
b110 ."
#3488000
1"
b1010 $
b1010 4
b1010 8
1]
0V
0#
0#"
b1010 2
b1010 9
b1010 g
1,"
0W
0`
0U
b1011 3
b1011 :
b1011 T
1c
1n
1w
0~
0!"
1""
0("
1*"
1+"
0k
0l
0Y
0\
0_
0b
0j
0s
0|
0'"
0X
1[
0i
1r
b0 5
b0 D
b0 G
b0 S
b0 e
b1010 6
b1010 E
b1010 Q
b1010 R
b1010 d
b0 >
b0 H
b0 N
b1010 *
b1010 /
b1010 ;
b1010 L
b1010 P
b0 +
b0 0
b0 <
b0 M
#3488001
10"
b1010 ."
#3489000
1`
b1011 $
b1011 4
b1011 8
0]
1V
b1011 2
b1011 9
b1011 g
1o
b1100 3
b1100 :
b1100 T
0Z
1W
1l
1m
0n
1Y
1j
b1 5
b1 D
b1 G
b1 S
b1 e
b1 >
b1 H
b1 N
b1 +
b1 0
b1 <
b1 M
#3489001
b1011 ."
#3490000
b1000 $
b1000 4
b1000 8
0o
b1000 2
b1000 9
b1000 g
0x
1Z
0W
b1101 3
b1101 :
b1101 T
0]
0l
0m
1n
1t
0v
0w
0Y
1\
0j
1s
b10 5
b10 D
b10 G
b10 S
b10 e
b10 >
b10 H
b10 N
b10 +
b10 0
b10 <
b10 M
#3490001
b1000 ."
#3491000
b1001 $
b1001 4
b1001 8
1]
b1001 2
b1001 9
b1001 g
1o
b1110 3
b1110 :
b1110 T
0Z
1W
1l
1m
0n
1Y
1j
b11 5
b11 D
b11 G
b11 S
b11 e
b11 >
b11 H
b11 N
b11 +
b11 0
b11 <
b11 M
#3491001
b1001 ."
#3492000
b1110 $
b1110 4
b1110 8
0V
1c
0#
0o
1x
b1110 2
b1110 9
b1110 g
1#"
1Z
0W
1]
b1111 3
b1111 :
b1111 T
1`
0U
0l
0m
1n
0t
1v
1w
1~
1!"
0""
0Y
0\
1_
0j
0s
1|
b100 5
b100 D
b100 G
b100 S
b100 e
b100 >
b100 H
b100 N
b100 +
b100 0
b100 <
b100 M
#3492001
b1110 ."
#3493000
0c
1#
0`
1U
b1111 $
b1111 4
b1111 8
0]
1V
b1111 2
b1111 9
b1111 g
1o
b0 3
b0 :
b0 T
0Z
1W
1l
1m
0n
1Y
1j
b101 5
b101 D
b101 G
b101 S
b101 e
b101 >
b101 H
b101 N
b101 +
b101 0
b101 <
b101 M
#3493001
b1111 ."
#3494000
b1100 $
b1100 4
b1100 8
0o
b1100 2
b1100 9
b1100 g
0x
1Z
0W
b1 3
b1 :
b1 T
0]
0l
0m
1n
1t
0v
0w
0Y
1\
0j
1s
b110 5
b110 D
b110 G
b110 S
b110 e
b110 >
b110 H
b110 N
b110 +
b110 0
b110 <
b110 M
#3494001
b1100 ."
#3495000
b1101 $
b1101 4
b1101 8
1]
b1101 2
b1101 9
b1101 g
1o
b10 3
b10 :
b10 T
0Z
1W
1l
1m
0n
1Y
1j
b111 5
b111 D
b111 G
b111 S
b111 e
b111 >
b111 H
b111 N
b111 +
b111 0
b111 <
b111 M
#3495001
b1101 ."
#3496000
0"
b10 $
b10 4
b10 8
0V
0o
1x
0#"
b10 2
b10 9
b10 g
0,"
1Z
0W
1]
0`
0U
b11 3
b11 :
b11 T
0c
0l
0m
1n
0t
1v
1w
0~
0!"
1""
1("
0*"
0+"
0Y
0\
0_
1b
0j
0s
0|
1'"
b1000 5
b1000 D
b1000 G
b1000 S
b1000 e
b1000 >
b1000 H
b1000 N
b1000 +
b1000 0
b1000 <
b1000 M
#3496001
00"
b10 ."
#3497000
1`
b11 $
b11 4
b11 8
0]
1V
b11 2
b11 9
b11 g
1o
b100 3
b100 :
b100 T
0Z
1W
1l
1m
0n
1Y
1j
b1001 5
b1001 D
b1001 G
b1001 S
b1001 e
b1001 >
b1001 H
b1001 N
b1001 +
b1001 0
b1001 <
b1001 M
#3497001
b11 ."
#3498000
1!
b0 $
b0 4
b0 8
0o
b0 2
b0 9
b0 g
0x
1Z
0W
b101 3
b101 :
b101 T
0]
0l
0m
1n
1t
0v
0w
0Y
1\
0j
1s
b1010 5
b1010 D
b1010 G
b1010 S
b1010 e
b1010 >
b1010 H
b1010 N
b1010 +
b1010 0
b1010 <
b1010 M
#3498001
11"
b0 ."
#3499000
0!
b1 $
b1 4
b1 8
1]
b1 2
b1 9
b1 g
1o
b110 3
b110 :
b110 T
0Z
1W
1l
1m
0n
1Y
1j
b1011 5
b1011 D
b1011 G
b1011 S
b1011 e
b1011 >
b1011 H
b1011 N
b1011 +
b1011 0
b1011 <
b1011 M
#3499001
01"
b1 ."
#3500000
b110 $
b110 4
b110 8
0V
0c
0o
1x
b110 2
b110 9
b110 g
1#"
1Z
0W
1]
b111 3
b111 :
b111 T
1`
0U
0l
0m
1n
0t
1v
1w
1~
1!"
0""
0Y
0\
1_
0j
0s
1|
b1100 5
b1100 D
b1100 G
b1100 S
b1100 e
b1100 >
b1100 H
b1100 N
b1100 +
b1100 0
b1100 <
b1100 M
#3500001
b110 ."
#3501000
1c
0`
1U
b111 $
b111 4
b111 8
0]
1V
b111 2
b111 9
b111 g
1o
b1000 3
b1000 :
b1000 T
0Z
1W
1l
1m
0n
1Y
1j
b1101 5
b1101 D
b1101 G
b1101 S
b1101 e
b1101 >
b1101 H
b1101 N
b1101 +
b1101 0
b1101 <
b1101 M
#3501001
b111 ."
#3502000
b100 $
b100 4
b100 8
0o
b100 2
b100 9
b100 g
0x
1Z
0W
b1001 3
b1001 :
b1001 T
0]
0l
0m
1n
1t
0v
0w
0Y
1\
0j
1s
b1110 5
b1110 D
b1110 G
b1110 S
b1110 e
b1110 >
b1110 H
b1110 N
b1110 +
b1110 0
b1110 <
b1110 M
#3502001
b100 ."
#3503000
b101 $
b101 4
b101 8
1]
b101 2
b101 9
b101 g
1o
b1010 3
b1010 :
b1010 T
0Z
1W
1l
1m
0n
1Y
1j
b1111 5
b1111 D
b1111 G
b1111 S
b1111 e
b1111 >
b1111 H
b1111 N
b1111 +
b1111 0
b1111 <
b1111 M
#3503001
b101 ."
#3504000
1"
b1011 $
b1011 4
b1011 8
0#
1x
0#"
b1011 2
b1011 9
b1011 g
1,"
0]
1`
0U
b1100 3
b1100 :
b1100 T
1c
1n
0t
1v
1w
0~
0!"
1""
0("
1*"
1+"
0Y
0\
0_
0b
0j
0s
0|
0'"
1X
1i
b0 5
b0 D
b0 G
b0 S
b0 e
b1011 6
b1011 E
b1011 Q
b1011 R
b1011 d
b0 >
b0 H
b0 N
b1011 *
b1011 /
b1011 ;
b1011 L
b1011 P
b0 +
b0 0
b0 <
b0 M
#3504001
10"
b1011 ."
#3505000
b1010 $
b1010 4
b1010 8
b1010 2
b1010 9
b1010 g
0o
b1101 3
b1101 :
b1101 T
1Z
1k
0m
0n
1Y
1j
b1 5
b1 D
b1 G
b1 S
b1 e
b1 >
b1 H
b1 N
b1 +
b1 0
b1 <
b1 M
#3505001
b1010 ."
#3506000
b1001 $
b1001 4
b1001 8
1o
b1001 2
b1001 9
b1001 g
0x
0Z
b1110 3
b1110 :
b1110 T
1]
0k
1m
1n
1t
0v
0w
0Y
1\
0j
1s
b10 5
b10 D
b10 G
b10 S
b10 e
b10 >
b10 H
b10 N
b10 +
b10 0
b10 <
b10 M
#3506001
b1001 ."
#3507000
b1000 $
b1000 4
b1000 8
b1000 2
b1000 9
b1000 g
0o
b1111 3
b1111 :
b1111 T
1Z
1k
0m
0n
1Y
1j
b11 5
b11 D
b11 G
b11 S
b11 e
b11 >
b11 H
b11 N
b11 +
b11 0
b11 <
b11 M
#3507001
b1000 ."
#3508000
b1111 $
b1111 4
b1111 8
0c
1#
1o
1x
b1111 2
b1111 9
b1111 g
1#"
0Z
0]
b0 3
b0 :
b0 T
0`
1U
0k
1m
1n
0t
1v
1w
1~
1!"
0""
0Y
0\
1_
0j
0s
1|
b100 5
b100 D
b100 G
b100 S
b100 e
b100 >
b100 H
b100 N
b100 +
b100 0
b100 <
b100 M
#3508001
b1111 ."
#3509000
b1110 $
b1110 4
b1110 8
b1110 2
b1110 9
b1110 g
0o
b1 3
b1 :
b1 T
1Z
1k
0m
0n
1Y
1j
b101 5
b101 D
b101 G
b101 S
b101 e
b101 >
b101 H
b101 N
b101 +
b101 0
b101 <
b101 M
#3509001
b1110 ."
#3510000
b1101 $
b1101 4
b1101 8
1o
b1101 2
b1101 9
b1101 g
0x
0Z
b10 3
b10 :
b10 T
1]
0k
1m
1n
1t
0v
0w
0Y
1\
0j
1s
b110 5
b110 D
b110 G
b110 S
b110 e
b110 >
b110 H
b110 N
b110 +
b110 0
b110 <
b110 M
#3510001
b1101 ."
#3511000
b1100 $
b1100 4
b1100 8
b1100 2
b1100 9
b1100 g
0o
b11 3
b11 :
b11 T
1Z
1k
0m
0n
1Y
1j
b111 5
b111 D
b111 G
b111 S
b111 e
b111 >
b111 H
b111 N
b111 +
b111 0
b111 <
b111 M
#3511001
b1100 ."
#3512000
0"
b11 $
b11 4
b11 8
1o
1x
0#"
b11 2
b11 9
b11 g
0,"
0Z
0]
1`
0U
b100 3
b100 :
b100 T
0c
0k
1m
1n
0t
1v
1w
0~
0!"
1""
1("
0*"
0+"
0Y
0\
0_
1b
0j
0s
0|
1'"
b1000 5
b1000 D
b1000 G
b1000 S
b1000 e
b1000 >
b1000 H
b1000 N
b1000 +
b1000 0
b1000 <
b1000 M
#3512001
00"
b11 ."
#3513000
b10 $
b10 4
b10 8
b10 2
b10 9
b10 g
0o
b101 3
b101 :
b101 T
1Z
1k
0m
0n
1Y
1j
b1001 5
b1001 D
b1001 G
b1001 S
b1001 e
b1001 >
b1001 H
b1001 N
b1001 +
b1001 0
b1001 <
b1001 M
#3513001
b10 ."
#3514000
b1 $
b1 4
b1 8
1o
b1 2
b1 9
b1 g
0x
0Z
b110 3
b110 :
b110 T
1]
0k
1m
1n
1t
0v
0w
0Y
1\
0j
1s
b1010 5
b1010 D
b1010 G
b1010 S
b1010 e
b1010 >
b1010 H
b1010 N
b1010 +
b1010 0
b1010 <
b1010 M
#3514001
b1 ."
#3515000
1!
b0 $
b0 4
b0 8
b0 2
b0 9
b0 g
0o
b111 3
b111 :
b111 T
1Z
1k
0m
0n
1Y
1j
b1011 5
b1011 D
b1011 G
b1011 S
b1011 e
b1011 >
b1011 H
b1011 N
b1011 +
b1011 0
b1011 <
b1011 M
#3515001
11"
b0 ."
#3516000
0!
b111 $
b111 4
b111 8
1c
1o
1x
b111 2
b111 9
b111 g
1#"
0Z
0]
b1000 3
b1000 :
b1000 T
0`
1U
0k
1m
1n
0t
1v
1w
1~
1!"
0""
0Y
0\
1_
0j
0s
1|
b1100 5
b1100 D
b1100 G
b1100 S
b1100 e
b1100 >
b1100 H
b1100 N
b1100 +
b1100 0
b1100 <
b1100 M
#3516001
01"
b111 ."
#3517000
b110 $
b110 4
b110 8
b110 2
b110 9
b110 g
0o
b1001 3
b1001 :
b1001 T
1Z
1k
0m
0n
1Y
1j
b1101 5
b1101 D
b1101 G
b1101 S
b1101 e
b1101 >
b1101 H
b1101 N
b1101 +
b1101 0
b1101 <
b1101 M
#3517001
b110 ."
#3518000
b101 $
b101 4
b101 8
1o
b101 2
b101 9
b101 g
0x
0Z
b1010 3
b1010 :
b1010 T
1]
0k
1m
1n
1t
0v
0w
0Y
1\
0j
1s
b1110 5
b1110 D
b1110 G
b1110 S
b1110 e
b1110 >
b1110 H
b1110 N
b1110 +
b1110 0
b1110 <
b1110 M
#3518001
b101 ."
#3519000
b100 $
b100 4
b100 8
b100 2
b100 9
b100 g
0o
b1011 3
b1011 :
b1011 T
1Z
1k
0m
0n
1Y
1j
b1111 5
b1111 D
b1111 G
b1111 S
b1111 e
b1111 >
b1111 H
b1111 N
b1111 +
b1111 0
b1111 <
b1111 M
#3519001
b100 ."
#3520000
1"
0#
b1100 $
b1100 4
b1100 8
0]
1`
0U
b1100 2
b1100 9
b1100 g
1,"
0W
0V
b1101 3
b1101 :
b1101 T
1c
1n
1w
1""
0("
1*"
1+"
0k
0l
0t
0u
0Y
0\
0_
0b
0j
0s
0|
0'"
0X
0[
1^
0i
0r
1{
b0 5
b0 D
b0 G
b0 S
b0 e
b1100 6
b1100 E
b1100 Q
b1100 R
b1100 d
b0 >
b0 H
b0 N
b1100 *
b1100 /
b1100 ;
b1100 L
b1100 P
b0 +
b0 0
b0 <
b0 M
#3520001
10"
b1100 ."
#3521000
b1101 $
b1101 4
b1101 8
1]
b1101 2
b1101 9
b1101 g
1o
b1110 3
b1110 :
b1110 T
0Z
1W
1l
1m
0n
1Y
1j
b1 5
b1 D
b1 G
b1 S
b1 e
b1 >
b1 H
b1 N
b1 +
b1 0
b1 <
b1 M
#3521001
b1101 ."
#3522000
1c
0#
b1110 $
b1110 4
b1110 8
1`
0U
0o
b1110 2
b1110 9
b1110 g
1x
1Z
0W
b1111 3
b1111 :
b1111 T
1]
0V
0l
0m
1n
1u
1v
0w
0Y
1\
0j
1s
b10 5
b10 D
b10 G
b10 S
b10 e
b10 >
b10 H
b10 N
b10 +
b10 0
b10 <
b10 M
#3522001
b1110 ."
#3523000
0c
1#
0`
1U
b1111 $
b1111 4
b1111 8
0]
1V
b1111 2
b1111 9
b1111 g
1o
b0 3
b0 :
b0 T
0Z
1W
1l
1m
0n
1Y
1j
b11 5
b11 D
b11 G
b11 S
b11 e
b11 >
b11 H
b11 N
b11 +
b11 0
b11 <
b11 M
#3523001
b1111 ."
#3524000
b1000 $
b1000 4
b1000 8
0o
0x
b1000 2
b1000 9
b1000 g
0#"
1Z
0W
0]
0V
b1 3
b1 :
b1 T
0`
0l
0m
1n
0u
0v
1w
1}
0!"
0""
0Y
0\
1_
0j
0s
1|
b100 5
b100 D
b100 G
b100 S
b100 e
b100 >
b100 H
b100 N
b100 +
b100 0
b100 <
b100 M
#3524001
b1000 ."
#3525000
b1001 $
b1001 4
b1001 8
1]
b1001 2
b1001 9
b1001 g
1o
b10 3
b10 :
b10 T
0Z
1W
1l
1m
0n
1Y
1j
b101 5
b101 D
b101 G
b101 S
b101 e
b101 >
b101 H
b101 N
b101 +
b101 0
b101 <
b101 M
#3525001
b1001 ."
#3526000
b1010 $
b1010 4
b1010 8
0`
0o
b1010 2
b1010 9
b1010 g
1x
1Z
0W
b11 3
b11 :
b11 T
1]
0V
0l
0m
1n
1u
1v
0w
0Y
1\
0j
1s
b110 5
b110 D
b110 G
b110 S
b110 e
b110 >
b110 H
b110 N
b110 +
b110 0
b110 <
b110 M
#3526001
b1010 ."
#3527000
1`
b1011 $
b1011 4
b1011 8
0]
1V
b1011 2
b1011 9
b1011 g
1o
b100 3
b100 :
b100 T
0Z
1W
1l
1m
0n
1Y
1j
b111 5
b111 D
b111 G
b111 S
b111 e
b111 >
b111 H
b111 N
b111 +
b111 0
b111 <
b111 M
#3527001
b1011 ."
#3528000
0"
b100 $
b100 4
b100 8
0U
0o
0x
1#"
b100 2
b100 9
b100 g
0,"
1Z
0W
0]
0V
1`
b101 3
b101 :
b101 T
0c
0l
0m
1n
0u
0v
1w
0}
1!"
1""
1("
0*"
0+"
0Y
0\
0_
1b
0j
0s
0|
1'"
b1000 5
b1000 D
b1000 G
b1000 S
b1000 e
b1000 >
b1000 H
b1000 N
b1000 +
b1000 0
b1000 <
b1000 M
#3528001
00"
b100 ."
#3529000
b101 $
b101 4
b101 8
1]
b101 2
b101 9
b101 g
1o
b110 3
b110 :
b110 T
0Z
1W
1l
1m
0n
1Y
1j
b1001 5
b1001 D
b1001 G
b1001 S
b1001 e
b1001 >
b1001 H
b1001 N
b1001 +
b1001 0
b1001 <
b1001 M
#3529001
b101 ."
#3530000
0c
b110 $
b110 4
b110 8
1`
0U
0o
b110 2
b110 9
b110 g
1x
1Z
0W
b111 3
b111 :
b111 T
1]
0V
0l
0m
1n
1u
1v
0w
0Y
1\
0j
1s
b1010 5
b1010 D
b1010 G
b1010 S
b1010 e
b1010 >
b1010 H
b1010 N
b1010 +
b1010 0
b1010 <
b1010 M
#3530001
b110 ."
#3531000
1c
0`
1U
b111 $
b111 4
b111 8
0]
1V
b111 2
b111 9
b111 g
1o
b1000 3
b1000 :
b1000 T
0Z
1W
1l
1m
0n
1Y
1j
b1011 5
b1011 D
b1011 G
b1011 S
b1011 e
b1011 >
b1011 H
b1011 N
b1011 +
b1011 0
b1011 <
b1011 M
#3531001
b111 ."
#3532000
1!
b0 $
b0 4
b0 8
0o
0x
b0 2
b0 9
b0 g
0#"
1Z
0W
0]
0V
b1001 3
b1001 :
b1001 T
0`
0l
0m
1n
0u
0v
1w
1}
0!"
0""
0Y
0\
1_
0j
0s
1|
b1100 5
b1100 D
b1100 G
b1100 S
b1100 e
b1100 >
b1100 H
b1100 N
b1100 +
b1100 0
b1100 <
b1100 M
#3532001
11"
b0 ."
#3533000
0!
b1 $
b1 4
b1 8
1]
b1 2
b1 9
b1 g
1o
b1010 3
b1010 :
b1010 T
0Z
1W
1l
1m
0n
1Y
1j
b1101 5
b1101 D
b1101 G
b1101 S
b1101 e
b1101 >
b1101 H
b1101 N
b1101 +
b1101 0
b1101 <
b1101 M
#3533001
01"
b1 ."
#3534000
b10 $
b10 4
b10 8
0`
0o
b10 2
b10 9
b10 g
1x
1Z
0W
b1011 3
b1011 :
b1011 T
1]
0V
0l
0m
1n
1u
1v
0w
0Y
1\
0j
1s
b1110 5
b1110 D
b1110 G
b1110 S
b1110 e
b1110 >
b1110 H
b1110 N
b1110 +
b1110 0
b1110 <
b1110 M
#3534001
b10 ."
#3535000
1`
b11 $
b11 4
b11 8
0]
1V
b11 2
b11 9
b11 g
1o
b1100 3
b1100 :
b1100 T
0Z
1W
1l
1m
0n
1Y
1j
b1111 5
b1111 D
b1111 G
b1111 S
b1111 e
b1111 >
b1111 H
b1111 N
b1111 +
b1111 0
b1111 <
b1111 M
#3535001
b11 ."
#3536000
1"
0#
b1101 $
b1101 4
b1101 8
0U
0x
1#"
b1101 2
b1101 9
b1101 g
1,"
1]
0V
1`
b1110 3
b1110 :
b1110 T
1c
1n
0u
0v
1w
0}
1!"
1""
0("
1*"
1+"
0Y
0\
0_
0b
0j
0s
0|
0'"
1X
1i
b0 5
b0 D
b0 G
b0 S
b0 e
b1101 6
b1101 E
b1101 Q
b1101 R
b1101 d
b0 >
b0 H
b0 N
b1101 *
b1101 /
b1101 ;
b1101 L
b1101 P
b0 +
b0 0
b0 <
b0 M
#3536001
10"
b1101 ."
#3537000
b1100 $
b1100 4
b1100 8
b1100 2
b1100 9
b1100 g
0o
b1111 3
b1111 :
b1111 T
1Z
1k
0m
0n
1Y
1j
b1 5
b1 D
b1 G
b1 S
b1 e
b1 >
b1 H
b1 N
b1 +
b1 0
b1 <
b1 M
#3537001
b1100 ."
#3538000
0c
1#
b1111 $
b1111 4
b1111 8
0`
1U
1o
b1111 2
b1111 9
b1111 g
1x
0Z
b0 3
b0 :
b0 T
0]
1V
0k
1m
1n
1u
1v
0w
0Y
1\
0j
1s
b10 5
b10 D
b10 G
b10 S
b10 e
b10 >
b10 H
b10 N
b10 +
b10 0
b10 <
b10 M
#3538001
b1111 ."
#3539000
b1110 $
b1110 4
b1110 8
b1110 2
b1110 9
b1110 g
0o
b1 3
b1 :
b1 T
1Z
1k
0m
0n
1Y
1j
b11 5
b11 D
b11 G
b11 S
b11 e
b11 >
b11 H
b11 N
b11 +
b11 0
b11 <
b11 M
#3539001
b1110 ."
#3540000
b1001 $
b1001 4
b1001 8
1o
0x
b1001 2
b1001 9
b1001 g
0#"
0Z
1]
0V
b10 3
b10 :
b10 T
0`
0k
1m
1n
0u
0v
1w
1}
0!"
0""
0Y
0\
1_
0j
0s
1|
b100 5
b100 D
b100 G
b100 S
b100 e
b100 >
b100 H
b100 N
b100 +
b100 0
b100 <
b100 M
#3540001
b1001 ."
#3541000
b1000 $
b1000 4
b1000 8
b1000 2
b1000 9
b1000 g
0o
b11 3
b11 :
b11 T
1Z
1k
0m
0n
1Y
1j
b101 5
b101 D
b101 G
b101 S
b101 e
b101 >
b101 H
b101 N
b101 +
b101 0
b101 <
b101 M
#3541001
b1000 ."
#3542000
b1011 $
b1011 4
b1011 8
1`
1o
b1011 2
b1011 9
b1011 g
1x
0Z
b100 3
b100 :
b100 T
0]
1V
0k
1m
1n
1u
1v
0w
0Y
1\
0j
1s
b110 5
b110 D
b110 G
b110 S
b110 e
b110 >
b110 H
b110 N
b110 +
b110 0
b110 <
b110 M
#3542001
b1011 ."
#3543000
b1010 $
b1010 4
b1010 8
b1010 2
b1010 9
b1010 g
0o
b101 3
b101 :
b101 T
1Z
1k
0m
0n
1Y
1j
b111 5
b111 D
b111 G
b111 S
b111 e
b111 >
b111 H
b111 N
b111 +
b111 0
b111 <
b111 M
#3543001
b1010 ."
#3544000
0"
b101 $
b101 4
b101 8
0U
1o
0x
1#"
b101 2
b101 9
b101 g
0,"
0Z
1]
0V
1`
b110 3
b110 :
b110 T
0c
0k
1m
1n
0u
0v
1w
0}
1!"
1""
1("
0*"
0+"
0Y
0\
0_
1b
0j
0s
0|
1'"
b1000 5
b1000 D
b1000 G
b1000 S
b1000 e
b1000 >
b1000 H
b1000 N
b1000 +
b1000 0
b1000 <
b1000 M
#3544001
00"
b101 ."
#3545000
b100 $
b100 4
b100 8
b100 2
b100 9
b100 g
0o
b111 3
b111 :
b111 T
1Z
1k
0m
0n
1Y
1j
b1001 5
b1001 D
b1001 G
b1001 S
b1001 e
b1001 >
b1001 H
b1001 N
b1001 +
b1001 0
b1001 <
b1001 M
#3545001
b100 ."
#3546000
1c
b111 $
b111 4
b111 8
0`
1U
1o
b111 2
b111 9
b111 g
1x
0Z
b1000 3
b1000 :
b1000 T
0]
1V
0k
1m
1n
1u
1v
0w
0Y
1\
0j
1s
b1010 5
b1010 D
b1010 G
b1010 S
b1010 e
b1010 >
b1010 H
b1010 N
b1010 +
b1010 0
b1010 <
b1010 M
#3546001
b111 ."
#3547000
b110 $
b110 4
b110 8
b110 2
b110 9
b110 g
0o
b1001 3
b1001 :
b1001 T
1Z
1k
0m
0n
1Y
1j
b1011 5
b1011 D
b1011 G
b1011 S
b1011 e
b1011 >
b1011 H
b1011 N
b1011 +
b1011 0
b1011 <
b1011 M
#3547001
b110 ."
#3548000
b1 $
b1 4
b1 8
1o
0x
b1 2
b1 9
b1 g
0#"
0Z
1]
0V
b1010 3
b1010 :
b1010 T
0`
0k
1m
1n
0u
0v
1w
1}
0!"
0""
0Y
0\
1_
0j
0s
1|
b1100 5
b1100 D
b1100 G
b1100 S
b1100 e
b1100 >
b1100 H
b1100 N
b1100 +
b1100 0
b1100 <
b1100 M
#3548001
b1 ."
#3549000
1!
b0 $
b0 4
b0 8
b0 2
b0 9
b0 g
0o
b1011 3
b1011 :
b1011 T
1Z
1k
0m
0n
1Y
1j
b1101 5
b1101 D
b1101 G
b1101 S
b1101 e
b1101 >
b1101 H
b1101 N
b1101 +
b1101 0
b1101 <
b1101 M
#3549001
11"
b0 ."
#3550000
0!
b11 $
b11 4
b11 8
1`
1o
b11 2
b11 9
b11 g
1x
0Z
b1100 3
b1100 :
b1100 T
0]
1V
0k
1m
1n
1u
1v
0w
0Y
1\
0j
1s
b1110 5
b1110 D
b1110 G
b1110 S
b1110 e
b1110 >
b1110 H
b1110 N
b1110 +
b1110 0
b1110 <
b1110 M
#3550001
01"
b11 ."
#3551000
b10 $
b10 4
b10 8
b10 2
b10 9
b10 g
0o
b1101 3
b1101 :
b1101 T
1Z
1k
0m
0n
1Y
1j
b1111 5
b1111 D
b1111 G
b1111 S
b1111 e
b1111 >
b1111 H
b1111 N
b1111 +
b1111 0
b1111 <
b1111 M
#3551001
b10 ."
#3552000
0#
1"
0U
b1110 $
b1110 4
b1110 8
1]
0V
1#"
b1110 2
b1110 9
b1110 g
1,"
0W
1`
b1111 3
b1111 :
b1111 T
1c
1n
1w
0}
1!"
1""
0("
1*"
1+"
0k
0l
0Y
0\
0_
0b
0j
0s
0|
0'"
0X
1[
0i
1r
b0 5
b0 D
b0 G
b0 S
b0 e
b1110 6
b1110 E
b1110 Q
b1110 R
b1110 d
b0 >
b0 H
b0 N
b1110 *
b1110 /
b1110 ;
b1110 L
b1110 P
b0 +
b0 0
b0 <
b0 M
#3552001
10"
b1110 ."
#3553000
0c
1#
0`
1U
b1111 $
b1111 4
b1111 8
0]
1V
b1111 2
b1111 9
b1111 g
1o
b0 3
b0 :
b0 T
0Z
1W
1l
1m
0n
1Y
1j
b1 5
b1 D
b1 G
b1 S
b1 e
b1 >
b1 H
b1 N
b1 +
b1 0
b1 <
b1 M
#3553001
b1111 ."
#3554000
b1100 $
b1100 4
b1100 8
0o
b1100 2
b1100 9
b1100 g
0x
1Z
0W
b1 3
b1 :
b1 T
0]
0l
0m
1n
1t
0v
0w
0Y
1\
0j
1s
b10 5
b10 D
b10 G
b10 S
b10 e
b10 >
b10 H
b10 N
b10 +
b10 0
b10 <
b10 M
#3554001
b1100 ."
#3555000
b1101 $
b1101 4
b1101 8
1]
b1101 2
b1101 9
b1101 g
1o
b10 3
b10 :
b10 T
0Z
1W
1l
1m
0n
1Y
1j
b11 5
b11 D
b11 G
b11 S
b11 e
b11 >
b11 H
b11 N
b11 +
b11 0
b11 <
b11 M
#3555001
b1101 ."
#3556000
b1010 $
b1010 4
b1010 8
0V
0o
1x
b1010 2
b1010 9
b1010 g
0#"
1Z
0W
1]
b11 3
b11 :
b11 T
0`
0l
0m
1n
0t
1v
1w
1}
0!"
0""
0Y
0\
1_
0j
0s
1|
b100 5
b100 D
b100 G
b100 S
b100 e
b100 >
b100 H
b100 N
b100 +
b100 0
b100 <
b100 M
#3556001
b1010 ."
#3557000
1`
b1011 $
b1011 4
b1011 8
0]
1V
b1011 2
b1011 9
b1011 g
1o
b100 3
b100 :
b100 T
0Z
1W
1l
1m
0n
1Y
1j
b101 5
b101 D
b101 G
b101 S
b101 e
b101 >
b101 H
b101 N
b101 +
b101 0
b101 <
b101 M
#3557001
b1011 ."
#3558000
b1000 $
b1000 4
b1000 8
0o
b1000 2
b1000 9
b1000 g
0x
1Z
0W
b101 3
b101 :
b101 T
0]
0l
0m
1n
1t
0v
0w
0Y
1\
0j
1s
b110 5
b110 D
b110 G
b110 S
b110 e
b110 >
b110 H
b110 N
b110 +
b110 0
b110 <
b110 M
#3558001
b1000 ."
#3559000
b1001 $
b1001 4
b1001 8
1]
b1001 2
b1001 9
b1001 g
1o
b110 3
b110 :
b110 T
0Z
1W
1l
1m
0n
1Y
1j
b111 5
b111 D
b111 G
b111 S
b111 e
b111 >
b111 H
b111 N
b111 +
b111 0
b111 <
b111 M
#3559001
b1001 ."
#3560000
0"
0U
b110 $
b110 4
b110 8
0V
0o
1x
1#"
b110 2
b110 9
b110 g
0,"
1Z
0W
1]
1`
b111 3
b111 :
b111 T
0c
0l
0m
1n
0t
1v
1w
0}
1!"
1""
1("
0*"
0+"
0Y
0\
0_
1b
0j
0s
0|
1'"
b1000 5
b1000 D
b1000 G
b1000 S
b1000 e
b1000 >
b1000 H
b1000 N
b1000 +
b1000 0
b1000 <
b1000 M
#3560001
00"
b110 ."
#3561000
1c
0`
1U
b111 $
b111 4
b111 8
0]
1V
b111 2
b111 9
b111 g
1o
b1000 3
b1000 :
b1000 T
0Z
1W
1l
1m
0n
1Y
1j
b1001 5
b1001 D
b1001 G
b1001 S
b1001 e
b1001 >
b1001 H
b1001 N
b1001 +
b1001 0
b1001 <
b1001 M
#3561001
b111 ."
#3562000
b100 $
b100 4
b100 8
0o
b100 2
b100 9
b100 g
0x
1Z
0W
b1001 3
b1001 :
b1001 T
0]
0l
0m
1n
1t
0v
0w
0Y
1\
0j
1s
b1010 5
b1010 D
b1010 G
b1010 S
b1010 e
b1010 >
b1010 H
b1010 N
b1010 +
b1010 0
b1010 <
b1010 M
#3562001
b100 ."
#3563000
b101 $
b101 4
b101 8
1]
b101 2
b101 9
b101 g
1o
b1010 3
b1010 :
b1010 T
0Z
1W
1l
1m
0n
1Y
1j
b1011 5
b1011 D
b1011 G
b1011 S
b1011 e
b1011 >
b1011 H
b1011 N
b1011 +
b1011 0
b1011 <
b1011 M
#3563001
b101 ."
#3564000
b10 $
b10 4
b10 8
0V
0o
1x
b10 2
b10 9
b10 g
0#"
1Z
0W
1]
b1011 3
b1011 :
b1011 T
0`
0l
0m
1n
0t
1v
1w
1}
0!"
0""
0Y
0\
1_
0j
0s
1|
b1100 5
b1100 D
b1100 G
b1100 S
b1100 e
b1100 >
b1100 H
b1100 N
b1100 +
b1100 0
b1100 <
b1100 M
#3564001
b10 ."
#3565000
1`
b11 $
b11 4
b11 8
0]
1V
b11 2
b11 9
b11 g
1o
b1100 3
b1100 :
b1100 T
0Z
1W
1l
1m
0n
1Y
1j
b1101 5
b1101 D
b1101 G
b1101 S
b1101 e
b1101 >
b1101 H
b1101 N
b1101 +
b1101 0
b1101 <
b1101 M
#3565001
b11 ."
#3566000
1!
b0 $
b0 4
b0 8
0o
b0 2
b0 9
b0 g
0x
1Z
0W
b1101 3
b1101 :
b1101 T
0]
0l
0m
1n
1t
0v
0w
0Y
1\
0j
1s
b1110 5
b1110 D
b1110 G
b1110 S
b1110 e
b1110 >
b1110 H
b1110 N
b1110 +
b1110 0
b1110 <
b1110 M
#3566001
11"
b0 ."
#3567000
0!
b1 $
b1 4
b1 8
1]
b1 2
b1 9
b1 g
1o
b1110 3
b1110 :
b1110 T
0Z
1W
1l
1m
0n
1Y
1j
b1111 5
b1111 D
b1111 G
b1111 S
b1111 e
b1111 >
b1111 H
b1111 N
b1111 +
b1111 0
b1111 <
b1111 M
#3567001
01"
b1 ."
#3568000
1"
b1111 $
b1111 4
b1111 8
1x
1#"
b1111 2
b1111 9
b1111 g
1,"
0]
0`
b0 3
b0 :
b0 T
0c
1n
0t
1v
1w
0}
1!"
1""
0("
1*"
1+"
0Y
0\
0_
0b
0j
0s
0|
0'"
1X
1i
b0 5
b0 D
b0 G
b0 S
b0 e
b1111 6
b1111 E
b1111 Q
b1111 R
b1111 d
b0 >
b0 H
b0 N
b1111 *
b1111 /
b1111 ;
b1111 L
b1111 P
b0 +
b0 0
b0 <
b0 M
#3568001
10"
b1111 ."
#3569000
b1110 $
b1110 4
b1110 8
b1110 2
b1110 9
b1110 g
0o
b1 3
b1 :
b1 T
1Z
1k
0m
0n
1Y
1j
b1 5
b1 D
b1 G
b1 S
b1 e
b1 >
b1 H
b1 N
b1 +
b1 0
b1 <
b1 M
#3569001
b1110 ."
#3570000
b1101 $
b1101 4
b1101 8
1o
b1101 2
b1101 9
b1101 g
0x
0Z
b10 3
b10 :
b10 T
1]
0k
1m
1n
1t
0v
0w
0Y
1\
0j
1s
b10 5
b10 D
b10 G
b10 S
b10 e
b10 >
b10 H
b10 N
b10 +
b10 0
b10 <
b10 M
#3570001
b1101 ."
#3571000
b1100 $
b1100 4
b1100 8
b1100 2
b1100 9
b1100 g
0o
b11 3
b11 :
b11 T
1Z
1k
0m
0n
1Y
1j
b11 5
b11 D
b11 G
b11 S
b11 e
b11 >
b11 H
b11 N
b11 +
b11 0
b11 <
b11 M
#3571001
b1100 ."
#3572000
b1011 $
b1011 4
b1011 8
1o
1x
b1011 2
b1011 9
b1011 g
0#"
0Z
0]
b100 3
b100 :
b100 T
1`
0k
1m
1n
0t
1v
1w
1}
0!"
0""
0Y
0\
1_
0j
0s
1|
b100 5
b100 D
b100 G
b100 S
b100 e
b100 >
b100 H
b100 N
b100 +
b100 0
b100 <
b100 M
#3572001
b1011 ."
#3573000
b1010 $
b1010 4
b1010 8
b1010 2
b1010 9
b1010 g
0o
b101 3
b101 :
b101 T
1Z
1k
0m
0n
1Y
1j
b101 5
b101 D
b101 G
b101 S
b101 e
b101 >
b101 H
b101 N
b101 +
b101 0
b101 <
b101 M
#3573001
b1010 ."
#3574000
b1001 $
b1001 4
b1001 8
1o
b1001 2
b1001 9
b1001 g
0x
0Z
b110 3
b110 :
b110 T
1]
0k
1m
1n
1t
0v
0w
0Y
1\
0j
1s
b110 5
b110 D
b110 G
b110 S
b110 e
b110 >
b110 H
b110 N
b110 +
b110 0
b110 <
b110 M
#3574001
b1001 ."
#3575000
b1000 $
b1000 4
b1000 8
b1000 2
b1000 9
b1000 g
0o
b111 3
b111 :
b111 T
1Z
1k
0m
0n
1Y
1j
b111 5
b111 D
b111 G
b111 S
b111 e
b111 >
b111 H
b111 N
b111 +
b111 0
b111 <
b111 M
#3575001
b1000 ."
#3576000
0"
b111 $
b111 4
b111 8
1o
1x
1#"
b111 2
b111 9
b111 g
0,"
0Z
0]
0`
b1000 3
b1000 :
b1000 T
1c
0k
1m
1n
0t
1v
1w
0}
1!"
1""
1("
0*"
0+"
0Y
0\
0_
1b
0j
0s
0|
1'"
b1000 5
b1000 D
b1000 G
b1000 S
b1000 e
b1000 >
b1000 H
b1000 N
b1000 +
b1000 0
b1000 <
b1000 M
#3576001
00"
b111 ."
#3577000
b110 $
b110 4
b110 8
b110 2
b110 9
b110 g
0o
b1001 3
b1001 :
b1001 T
1Z
1k
0m
0n
1Y
1j
b1001 5
b1001 D
b1001 G
b1001 S
b1001 e
b1001 >
b1001 H
b1001 N
b1001 +
b1001 0
b1001 <
b1001 M
#3577001
b110 ."
#3578000
b101 $
b101 4
b101 8
1o
b101 2
b101 9
b101 g
0x
0Z
b1010 3
b1010 :
b1010 T
1]
0k
1m
1n
1t
0v
0w
0Y
1\
0j
1s
b1010 5
b1010 D
b1010 G
b1010 S
b1010 e
b1010 >
b1010 H
b1010 N
b1010 +
b1010 0
b1010 <
b1010 M
#3578001
b101 ."
#3579000
b100 $
b100 4
b100 8
b100 2
b100 9
b100 g
0o
b1011 3
b1011 :
b1011 T
1Z
1k
0m
0n
1Y
1j
b1011 5
b1011 D
b1011 G
b1011 S
b1011 e
b1011 >
b1011 H
b1011 N
b1011 +
b1011 0
b1011 <
b1011 M
#3579001
b100 ."
#3580000
b11 $
b11 4
b11 8
1o
1x
b11 2
b11 9
b11 g
0#"
0Z
0]
b1100 3
b1100 :
b1100 T
1`
0k
1m
1n
0t
1v
1w
1}
0!"
0""
0Y
0\
1_
0j
0s
1|
b1100 5
b1100 D
b1100 G
b1100 S
b1100 e
b1100 >
b1100 H
b1100 N
b1100 +
b1100 0
b1100 <
b1100 M
#3580001
b11 ."
#3581000
b10 $
b10 4
b10 8
b10 2
b10 9
b10 g
0o
b1101 3
b1101 :
b1101 T
1Z
1k
0m
0n
1Y
1j
b1101 5
b1101 D
b1101 G
b1101 S
b1101 e
b1101 >
b1101 H
b1101 N
b1101 +
b1101 0
b1101 <
b1101 M
#3581001
b10 ."
#3582000
b1 $
b1 4
b1 8
1o
b1 2
b1 9
b1 g
0x
0Z
b1110 3
b1110 :
b1110 T
1]
0k
1m
1n
1t
0v
0w
0Y
1\
0j
1s
b1110 5
b1110 D
b1110 G
b1110 S
b1110 e
b1110 >
b1110 H
b1110 N
b1110 +
b1110 0
b1110 <
b1110 M
#3582001
b1 ."
#3583000
1!
b0 $
b0 4
b0 8
b0 2
b0 9
b0 g
0o
b1111 3
b1111 :
b1111 T
1Z
1k
0m
0n
1Y
1j
b1111 5
b1111 D
b1111 G
b1111 S
b1111 e
b1111 >
b1111 H
b1111 N
b1111 +
b1111 0
b1111 <
b1111 M
#3583001
11"
b0 ."
#3584000
1"
0!
b1111 $
b1111 4
b1111 8
0`
0c
b0 ?
b0 K
b0 O
0A
0@
0]
1o
1x
1#"
b1111 2
b1111 9
b1111 g
1,"
0V
0U
0#
1n
1w
1""
1+"
0C
0W
0k
0l
0t
0u
0}
0~
0("
0)"
0Y
0\
0_
0b
0j
0s
0|
0'"
0X
0[
0^
0a
0i
0r
0{
0&"
b0 5
b0 D
b0 G
b0 S
b0 e
b11 f
b11 h
b11 p
b11 q
b11 y
b11 z
b11 $"
b11 %"
b11 -"
b0 3
b0 :
b0 T
0Z
b0 6
b0 E
b0 Q
b0 R
b0 d
b0 >
b0 H
b0 N
b111 ,
b111 1
b111 =
b111 F
0-
b0 *
b0 /
b0 ;
b0 L
b0 P
b0 +
b0 0
b0 <
b0 M
#3584001
01"
10"
b1111 ."
#3585000
b1 +
b1 0
b1 <
b1 M
#3586000
b10 +
b10 0
b10 <
b10 M
#3587000
b11 +
b11 0
b11 <
b11 M
#3588000
b100 +
b100 0
b100 <
b100 M
#3589000
b101 +
b101 0
b101 <
b101 M
#3590000
b110 +
b110 0
b110 <
b110 M
#3591000
b111 +
b111 0
b111 <
b111 M
#3592000
b1000 +
b1000 0
b1000 <
b1000 M
#3593000
b1001 +
b1001 0
b1001 <
b1001 M
#3594000
b1010 +
b1010 0
b1010 <
b1010 M
#3595000
b1011 +
b1011 0
b1011 <
b1011 M
#3596000
b1100 +
b1100 0
b1100 <
b1100 M
#3597000
b1101 +
b1101 0
b1101 <
b1101 M
#3598000
b1110 +
b1110 0
b1110 <
b1110 M
#3599000
b1111 +
b1111 0
b1111 <
b1111 M
#3600000
b1110 $
b1110 4
b1110 8
b1110 2
b1110 9
b1110 g
0o
b1 3
b1 :
b1 T
1Z
1l
1m
0n
1Y
1j
b1 5
b1 D
b1 G
b1 S
b1 e
b1 >
b1 H
b1 N
b1 *
b1 /
b1 ;
b1 L
b1 P
b0 +
b0 0
b0 <
b0 M
#3600001
b1110 ."
#3601000
b1 +
b1 0
b1 <
b1 M
#3602000
b10 +
b10 0
b10 <
b10 M
#3603000
b11 +
b11 0
b11 <
b11 M
#3604000
b100 +
b100 0
b100 <
b100 M
#3605000
b101 +
b101 0
b101 <
b101 M
#3606000
b110 +
b110 0
b110 <
b110 M
#3607000
b111 +
b111 0
b111 <
b111 M
#3608000
b1000 +
b1000 0
b1000 <
b1000 M
#3609000
b1001 +
b1001 0
b1001 <
b1001 M
#3610000
b1010 +
b1010 0
b1010 <
b1010 M
#3611000
b1011 +
b1011 0
b1011 <
b1011 M
#3612000
b1100 +
b1100 0
b1100 <
b1100 M
#3613000
b1101 +
b1101 0
b1101 <
b1101 M
#3614000
b1110 +
b1110 0
b1110 <
b1110 M
#3615000
b1111 +
b1111 0
b1111 <
b1111 M
#3616000
b1101 $
b1101 4
b1101 8
1o
b1101 2
b1101 9
b1101 g
0x
0Z
b10 3
b10 :
b10 T
1]
0l
0m
1n
1u
1v
0w
0Y
1\
0j
1s
b10 5
b10 D
b10 G
b10 S
b10 e
b10 >
b10 H
b10 N
b10 *
b10 /
b10 ;
b10 L
b10 P
b0 +
b0 0
b0 <
b0 M
#3616001
b1101 ."
#3617000
b1 +
b1 0
b1 <
b1 M
#3618000
b10 +
b10 0
b10 <
b10 M
#3619000
b11 +
b11 0
b11 <
b11 M
#3620000
b100 +
b100 0
b100 <
b100 M
#3621000
b101 +
b101 0
b101 <
b101 M
#3622000
b110 +
b110 0
b110 <
b110 M
#3623000
b111 +
b111 0
b111 <
b111 M
#3624000
b1000 +
b1000 0
b1000 <
b1000 M
#3625000
b1001 +
b1001 0
b1001 <
b1001 M
#3626000
b1010 +
b1010 0
b1010 <
b1010 M
#3627000
b1011 +
b1011 0
b1011 <
b1011 M
#3628000
b1100 +
b1100 0
b1100 <
b1100 M
#3629000
b1101 +
b1101 0
b1101 <
b1101 M
#3630000
b1110 +
b1110 0
b1110 <
b1110 M
#3631000
b1111 +
b1111 0
b1111 <
b1111 M
#3632000
b1100 $
b1100 4
b1100 8
b1100 2
b1100 9
b1100 g
0o
b11 3
b11 :
b11 T
1Z
1l
1m
0n
1Y
1j
b11 5
b11 D
b11 G
b11 S
b11 e
b11 >
b11 H
b11 N
b11 *
b11 /
b11 ;
b11 L
b11 P
b0 +
b0 0
b0 <
b0 M
#3632001
b1100 ."
#3633000
b1 +
b1 0
b1 <
b1 M
#3634000
b10 +
b10 0
b10 <
b10 M
#3635000
b11 +
b11 0
b11 <
b11 M
#3636000
b100 +
b100 0
b100 <
b100 M
#3637000
b101 +
b101 0
b101 <
b101 M
#3638000
b110 +
b110 0
b110 <
b110 M
#3639000
b111 +
b111 0
b111 <
b111 M
#3640000
b1000 +
b1000 0
b1000 <
b1000 M
#3641000
b1001 +
b1001 0
b1001 <
b1001 M
#3642000
b1010 +
b1010 0
b1010 <
b1010 M
#3643000
b1011 +
b1011 0
b1011 <
b1011 M
#3644000
b1100 +
b1100 0
b1100 <
b1100 M
#3645000
b1101 +
b1101 0
b1101 <
b1101 M
#3646000
b1110 +
b1110 0
b1110 <
b1110 M
#3647000
b1111 +
b1111 0
b1111 <
b1111 M
#3648000
b1011 $
b1011 4
b1011 8
1o
1x
b1011 2
b1011 9
b1011 g
0#"
0Z
0]
b100 3
b100 :
b100 T
1`
0l
0m
1n
0u
0v
1w
1~
1!"
0""
0Y
0\
1_
0j
0s
1|
b100 5
b100 D
b100 G
b100 S
b100 e
b100 >
b100 H
b100 N
b100 *
b100 /
b100 ;
b100 L
b100 P
b0 +
b0 0
b0 <
b0 M
#3648001
b1011 ."
#3649000
b1 +
b1 0
b1 <
b1 M
#3650000
b10 +
b10 0
b10 <
b10 M
#3651000
b11 +
b11 0
b11 <
b11 M
#3652000
b100 +
b100 0
b100 <
b100 M
#3653000
b101 +
b101 0
b101 <
b101 M
#3654000
b110 +
b110 0
b110 <
b110 M
#3655000
b111 +
b111 0
b111 <
b111 M
#3656000
b1000 +
b1000 0
b1000 <
b1000 M
#3657000
b1001 +
b1001 0
b1001 <
b1001 M
#3658000
b1010 +
b1010 0
b1010 <
b1010 M
#3659000
b1011 +
b1011 0
b1011 <
b1011 M
#3660000
b1100 +
b1100 0
b1100 <
b1100 M
#3661000
b1101 +
b1101 0
b1101 <
b1101 M
#3662000
b1110 +
b1110 0
b1110 <
b1110 M
#3663000
b1111 +
b1111 0
b1111 <
b1111 M
#3664000
b1010 $
b1010 4
b1010 8
b1010 2
b1010 9
b1010 g
0o
b101 3
b101 :
b101 T
1Z
1l
1m
0n
1Y
1j
b101 5
b101 D
b101 G
b101 S
b101 e
b101 >
b101 H
b101 N
b101 *
b101 /
b101 ;
b101 L
b101 P
b0 +
b0 0
b0 <
b0 M
#3664001
b1010 ."
#3665000
b1 +
b1 0
b1 <
b1 M
#3666000
b10 +
b10 0
b10 <
b10 M
#3667000
b11 +
b11 0
b11 <
b11 M
#3668000
b100 +
b100 0
b100 <
b100 M
#3669000
b101 +
b101 0
b101 <
b101 M
#3670000
b110 +
b110 0
b110 <
b110 M
#3671000
b111 +
b111 0
b111 <
b111 M
#3672000
b1000 +
b1000 0
b1000 <
b1000 M
#3673000
b1001 +
b1001 0
b1001 <
b1001 M
#3674000
b1010 +
b1010 0
b1010 <
b1010 M
#3675000
b1011 +
b1011 0
b1011 <
b1011 M
#3676000
b1100 +
b1100 0
b1100 <
b1100 M
#3677000
b1101 +
b1101 0
b1101 <
b1101 M
#3678000
b1110 +
b1110 0
b1110 <
b1110 M
#3679000
b1111 +
b1111 0
b1111 <
b1111 M
#3680000
b1001 $
b1001 4
b1001 8
1o
b1001 2
b1001 9
b1001 g
0x
0Z
b110 3
b110 :
b110 T
1]
0l
0m
1n
1u
1v
0w
0Y
1\
0j
1s
b110 5
b110 D
b110 G
b110 S
b110 e
b110 >
b110 H
b110 N
b110 *
b110 /
b110 ;
b110 L
b110 P
b0 +
b0 0
b0 <
b0 M
#3680001
b1001 ."
#3681000
b1 +
b1 0
b1 <
b1 M
#3682000
b10 +
b10 0
b10 <
b10 M
#3683000
b11 +
b11 0
b11 <
b11 M
#3684000
b100 +
b100 0
b100 <
b100 M
#3685000
b101 +
b101 0
b101 <
b101 M
#3686000
b110 +
b110 0
b110 <
b110 M
#3687000
b111 +
b111 0
b111 <
b111 M
#3688000
b1000 +
b1000 0
b1000 <
b1000 M
#3689000
b1001 +
b1001 0
b1001 <
b1001 M
#3690000
b1010 +
b1010 0
b1010 <
b1010 M
#3691000
b1011 +
b1011 0
b1011 <
b1011 M
#3692000
b1100 +
b1100 0
b1100 <
b1100 M
#3693000
b1101 +
b1101 0
b1101 <
b1101 M
#3694000
b1110 +
b1110 0
b1110 <
b1110 M
#3695000
b1111 +
b1111 0
b1111 <
b1111 M
#3696000
b1000 $
b1000 4
b1000 8
b1000 2
b1000 9
b1000 g
0o
b111 3
b111 :
b111 T
1Z
1l
1m
0n
1Y
1j
b111 5
b111 D
b111 G
b111 S
b111 e
b111 >
b111 H
b111 N
b111 *
b111 /
b111 ;
b111 L
b111 P
b0 +
b0 0
b0 <
b0 M
#3696001
b1000 ."
#3697000
b1 +
b1 0
b1 <
b1 M
#3698000
b10 +
b10 0
b10 <
b10 M
#3699000
b11 +
b11 0
b11 <
b11 M
#3700000
b100 +
b100 0
b100 <
b100 M
#3701000
b101 +
b101 0
b101 <
b101 M
#3702000
b110 +
b110 0
b110 <
b110 M
#3703000
b111 +
b111 0
b111 <
b111 M
#3704000
b1000 +
b1000 0
b1000 <
b1000 M
#3705000
b1001 +
b1001 0
b1001 <
b1001 M
#3706000
b1010 +
b1010 0
b1010 <
b1010 M
#3707000
b1011 +
b1011 0
b1011 <
b1011 M
#3708000
b1100 +
b1100 0
b1100 <
b1100 M
#3709000
b1101 +
b1101 0
b1101 <
b1101 M
#3710000
b1110 +
b1110 0
b1110 <
b1110 M
#3711000
b1111 +
b1111 0
b1111 <
b1111 M
#3712000
0"
b111 $
b111 4
b111 8
1o
1x
1#"
b111 2
b111 9
b111 g
0,"
0Z
0]
0`
b1000 3
b1000 :
b1000 T
1c
0l
0m
1n
0u
0v
1w
0~
0!"
1""
1)"
1*"
0+"
0Y
0\
0_
1b
0j
0s
0|
1'"
b1000 5
b1000 D
b1000 G
b1000 S
b1000 e
b1000 >
b1000 H
b1000 N
b1000 *
b1000 /
b1000 ;
b1000 L
b1000 P
b0 +
b0 0
b0 <
b0 M
#3712001
00"
b111 ."
#3713000
b1 +
b1 0
b1 <
b1 M
#3714000
b10 +
b10 0
b10 <
b10 M
#3715000
b11 +
b11 0
b11 <
b11 M
#3716000
b100 +
b100 0
b100 <
b100 M
#3717000
b101 +
b101 0
b101 <
b101 M
#3718000
b110 +
b110 0
b110 <
b110 M
#3719000
b111 +
b111 0
b111 <
b111 M
#3720000
b1000 +
b1000 0
b1000 <
b1000 M
#3721000
b1001 +
b1001 0
b1001 <
b1001 M
#3722000
b1010 +
b1010 0
b1010 <
b1010 M
#3723000
b1011 +
b1011 0
b1011 <
b1011 M
#3724000
b1100 +
b1100 0
b1100 <
b1100 M
#3725000
b1101 +
b1101 0
b1101 <
b1101 M
#3726000
b1110 +
b1110 0
b1110 <
b1110 M
#3727000
b1111 +
b1111 0
b1111 <
b1111 M
#3728000
b110 $
b110 4
b110 8
b110 2
b110 9
b110 g
0o
b1001 3
b1001 :
b1001 T
1Z
1l
1m
0n
1Y
1j
b1001 5
b1001 D
b1001 G
b1001 S
b1001 e
b1001 >
b1001 H
b1001 N
b1001 *
b1001 /
b1001 ;
b1001 L
b1001 P
b0 +
b0 0
b0 <
b0 M
#3728001
b110 ."
#3729000
b1 +
b1 0
b1 <
b1 M
#3730000
b10 +
b10 0
b10 <
b10 M
#3731000
b11 +
b11 0
b11 <
b11 M
#3732000
b100 +
b100 0
b100 <
b100 M
#3733000
b101 +
b101 0
b101 <
b101 M
#3734000
b110 +
b110 0
b110 <
b110 M
#3735000
b111 +
b111 0
b111 <
b111 M
#3736000
b1000 +
b1000 0
b1000 <
b1000 M
#3737000
b1001 +
b1001 0
b1001 <
b1001 M
#3738000
b1010 +
b1010 0
b1010 <
b1010 M
#3739000
b1011 +
b1011 0
b1011 <
b1011 M
#3740000
b1100 +
b1100 0
b1100 <
b1100 M
#3741000
b1101 +
b1101 0
b1101 <
b1101 M
#3742000
b1110 +
b1110 0
b1110 <
b1110 M
#3743000
b1111 +
b1111 0
b1111 <
b1111 M
#3744000
b101 $
b101 4
b101 8
1o
b101 2
b101 9
b101 g
0x
0Z
b1010 3
b1010 :
b1010 T
1]
0l
0m
1n
1u
1v
0w
0Y
1\
0j
1s
b1010 5
b1010 D
b1010 G
b1010 S
b1010 e
b1010 >
b1010 H
b1010 N
b1010 *
b1010 /
b1010 ;
b1010 L
b1010 P
b0 +
b0 0
b0 <
b0 M
#3744001
b101 ."
#3745000
b1 +
b1 0
b1 <
b1 M
#3746000
b10 +
b10 0
b10 <
b10 M
#3747000
b11 +
b11 0
b11 <
b11 M
#3748000
b100 +
b100 0
b100 <
b100 M
#3749000
b101 +
b101 0
b101 <
b101 M
#3750000
b110 +
b110 0
b110 <
b110 M
#3751000
b111 +
b111 0
b111 <
b111 M
#3752000
b1000 +
b1000 0
b1000 <
b1000 M
#3753000
b1001 +
b1001 0
b1001 <
b1001 M
#3754000
b1010 +
b1010 0
b1010 <
b1010 M
#3755000
b1011 +
b1011 0
b1011 <
b1011 M
#3756000
b1100 +
b1100 0
b1100 <
b1100 M
#3757000
b1101 +
b1101 0
b1101 <
b1101 M
#3758000
b1110 +
b1110 0
b1110 <
b1110 M
#3759000
b1111 +
b1111 0
b1111 <
b1111 M
#3760000
b100 $
b100 4
b100 8
b100 2
b100 9
b100 g
0o
b1011 3
b1011 :
b1011 T
1Z
1l
1m
0n
1Y
1j
b1011 5
b1011 D
b1011 G
b1011 S
b1011 e
b1011 >
b1011 H
b1011 N
b1011 *
b1011 /
b1011 ;
b1011 L
b1011 P
b0 +
b0 0
b0 <
b0 M
#3760001
b100 ."
#3761000
b1 +
b1 0
b1 <
b1 M
#3762000
b10 +
b10 0
b10 <
b10 M
#3763000
b11 +
b11 0
b11 <
b11 M
#3764000
b100 +
b100 0
b100 <
b100 M
#3765000
b101 +
b101 0
b101 <
b101 M
#3766000
b110 +
b110 0
b110 <
b110 M
#3767000
b111 +
b111 0
b111 <
b111 M
#3768000
b1000 +
b1000 0
b1000 <
b1000 M
#3769000
b1001 +
b1001 0
b1001 <
b1001 M
#3770000
b1010 +
b1010 0
b1010 <
b1010 M
#3771000
b1011 +
b1011 0
b1011 <
b1011 M
#3772000
b1100 +
b1100 0
b1100 <
b1100 M
#3773000
b1101 +
b1101 0
b1101 <
b1101 M
#3774000
b1110 +
b1110 0
b1110 <
b1110 M
#3775000
b1111 +
b1111 0
b1111 <
b1111 M
#3776000
b11 $
b11 4
b11 8
1o
1x
b11 2
b11 9
b11 g
0#"
0Z
0]
b1100 3
b1100 :
b1100 T
1`
0l
0m
1n
0u
0v
1w
1~
1!"
0""
0Y
0\
1_
0j
0s
1|
b1100 5
b1100 D
b1100 G
b1100 S
b1100 e
b1100 >
b1100 H
b1100 N
b1100 *
b1100 /
b1100 ;
b1100 L
b1100 P
b0 +
b0 0
b0 <
b0 M
#3776001
b11 ."
#3777000
b1 +
b1 0
b1 <
b1 M
#3778000
b10 +
b10 0
b10 <
b10 M
#3779000
b11 +
b11 0
b11 <
b11 M
#3780000
b100 +
b100 0
b100 <
b100 M
#3781000
b101 +
b101 0
b101 <
b101 M
#3782000
b110 +
b110 0
b110 <
b110 M
#3783000
b111 +
b111 0
b111 <
b111 M
#3784000
b1000 +
b1000 0
b1000 <
b1000 M
#3785000
b1001 +
b1001 0
b1001 <
b1001 M
#3786000
b1010 +
b1010 0
b1010 <
b1010 M
#3787000
b1011 +
b1011 0
b1011 <
b1011 M
#3788000
b1100 +
b1100 0
b1100 <
b1100 M
#3789000
b1101 +
b1101 0
b1101 <
b1101 M
#3790000
b1110 +
b1110 0
b1110 <
b1110 M
#3791000
b1111 +
b1111 0
b1111 <
b1111 M
#3792000
b10 $
b10 4
b10 8
b10 2
b10 9
b10 g
0o
b1101 3
b1101 :
b1101 T
1Z
1l
1m
0n
1Y
1j
b1101 5
b1101 D
b1101 G
b1101 S
b1101 e
b1101 >
b1101 H
b1101 N
b1101 *
b1101 /
b1101 ;
b1101 L
b1101 P
b0 +
b0 0
b0 <
b0 M
#3792001
b10 ."
#3793000
b1 +
b1 0
b1 <
b1 M
#3794000
b10 +
b10 0
b10 <
b10 M
#3795000
b11 +
b11 0
b11 <
b11 M
#3796000
b100 +
b100 0
b100 <
b100 M
#3797000
b101 +
b101 0
b101 <
b101 M
#3798000
b110 +
b110 0
b110 <
b110 M
#3799000
b111 +
b111 0
b111 <
b111 M
#3800000
b1000 +
b1000 0
b1000 <
b1000 M
#3801000
b1001 +
b1001 0
b1001 <
b1001 M
#3802000
b1010 +
b1010 0
b1010 <
b1010 M
#3803000
b1011 +
b1011 0
b1011 <
b1011 M
#3804000
b1100 +
b1100 0
b1100 <
b1100 M
#3805000
b1101 +
b1101 0
b1101 <
b1101 M
#3806000
b1110 +
b1110 0
b1110 <
b1110 M
#3807000
b1111 +
b1111 0
b1111 <
b1111 M
#3808000
b1 $
b1 4
b1 8
1o
b1 2
b1 9
b1 g
0x
0Z
b1110 3
b1110 :
b1110 T
1]
0l
0m
1n
1u
1v
0w
0Y
1\
0j
1s
b1110 5
b1110 D
b1110 G
b1110 S
b1110 e
b1110 >
b1110 H
b1110 N
b1110 *
b1110 /
b1110 ;
b1110 L
b1110 P
b0 +
b0 0
b0 <
b0 M
#3808001
b1 ."
#3809000
b1 +
b1 0
b1 <
b1 M
#3810000
b10 +
b10 0
b10 <
b10 M
#3811000
b11 +
b11 0
b11 <
b11 M
#3812000
b100 +
b100 0
b100 <
b100 M
#3813000
b101 +
b101 0
b101 <
b101 M
#3814000
b110 +
b110 0
b110 <
b110 M
#3815000
b111 +
b111 0
b111 <
b111 M
#3816000
b1000 +
b1000 0
b1000 <
b1000 M
#3817000
b1001 +
b1001 0
b1001 <
b1001 M
#3818000
b1010 +
b1010 0
b1010 <
b1010 M
#3819000
b1011 +
b1011 0
b1011 <
b1011 M
#3820000
b1100 +
b1100 0
b1100 <
b1100 M
#3821000
b1101 +
b1101 0
b1101 <
b1101 M
#3822000
b1110 +
b1110 0
b1110 <
b1110 M
#3823000
b1111 +
b1111 0
b1111 <
b1111 M
#3824000
1!
b0 $
b0 4
b0 8
b0 2
b0 9
b0 g
0o
b1111 3
b1111 :
b1111 T
1Z
1l
1m
0n
1Y
1j
b1111 5
b1111 D
b1111 G
b1111 S
b1111 e
b1111 >
b1111 H
b1111 N
b1111 *
b1111 /
b1111 ;
b1111 L
b1111 P
b0 +
b0 0
b0 <
b0 M
#3824001
11"
b0 ."
#3825000
b1 +
b1 0
b1 <
b1 M
#3826000
b10 +
b10 0
b10 <
b10 M
#3827000
b11 +
b11 0
b11 <
b11 M
#3828000
b100 +
b100 0
b100 <
b100 M
#3829000
b101 +
b101 0
b101 <
b101 M
#3830000
b110 +
b110 0
b110 <
b110 M
#3831000
b111 +
b111 0
b111 <
b111 M
#3832000
b1000 +
b1000 0
b1000 <
b1000 M
#3833000
b1001 +
b1001 0
b1001 <
b1001 M
#3834000
b1010 +
b1010 0
b1010 <
b1010 M
#3835000
b1011 +
b1011 0
b1011 <
b1011 M
#3836000
b1100 +
b1100 0
b1100 <
b1100 M
#3837000
b1101 +
b1101 0
b1101 <
b1101 M
#3838000
b1110 +
b1110 0
b1110 <
b1110 M
#3839000
b1111 +
b1111 0
b1111 <
b1111 M
#3840000
1"
0!
b1111 $
b1111 4
b1111 8
0`
1o
1x
1#"
b1111 2
b1111 9
b1111 g
1,"
0c
0l
0m
1n
0u
0v
1w
0~
0!"
1""
0)"
0*"
1+"
0Y
0\
0_
0b
0j
0s
0|
0'"
0]
0V
b0 5
b0 D
b0 G
b0 S
b0 e
b1 3
b1 :
b1 T
1Z
0W
b0 >
b0 H
b0 N
1-
b0 *
b0 /
b0 ;
b0 L
b0 P
b0 +
b0 0
b0 <
b0 M
#3840001
01"
10"
b1111 ."
#3841000
b1 +
b1 0
b1 <
b1 M
#3842000
b10 +
b10 0
b10 <
b10 M
#3843000
b11 +
b11 0
b11 <
b11 M
#3844000
b100 +
b100 0
b100 <
b100 M
#3845000
b101 +
b101 0
b101 <
b101 M
#3846000
b110 +
b110 0
b110 <
b110 M
#3847000
b111 +
b111 0
b111 <
b111 M
#3848000
b1000 +
b1000 0
b1000 <
b1000 M
#3849000
b1001 +
b1001 0
b1001 <
b1001 M
#3850000
b1010 +
b1010 0
b1010 <
b1010 M
#3851000
b1011 +
b1011 0
b1011 <
b1011 M
#3852000
b1100 +
b1100 0
b1100 <
b1100 M
#3853000
b1101 +
b1101 0
b1101 <
b1101 M
#3854000
b1110 +
b1110 0
b1110 <
b1110 M
#3855000
b1111 +
b1111 0
b1111 <
b1111 M
#3856000
b1110 $
b1110 4
b1110 8
1]
b1110 2
b1110 9
b1110 g
0o
b10 3
b10 :
b10 T
0Z
1W
1l
1m
0n
1Y
1j
b1 5
b1 D
b1 G
b1 S
b1 e
b1 >
b1 H
b1 N
b1 *
b1 /
b1 ;
b1 L
b1 P
b0 +
b0 0
b0 <
b0 M
#3856001
b1110 ."
#3857000
b1 +
b1 0
b1 <
b1 M
#3858000
b10 +
b10 0
b10 <
b10 M
#3859000
b11 +
b11 0
b11 <
b11 M
#3860000
b100 +
b100 0
b100 <
b100 M
#3861000
b101 +
b101 0
b101 <
b101 M
#3862000
b110 +
b110 0
b110 <
b110 M
#3863000
b111 +
b111 0
b111 <
b111 M
#3864000
b1000 +
b1000 0
b1000 <
b1000 M
#3865000
b1001 +
b1001 0
b1001 <
b1001 M
#3866000
b1010 +
b1010 0
b1010 <
b1010 M
#3867000
b1011 +
b1011 0
b1011 <
b1011 M
#3868000
b1100 +
b1100 0
b1100 <
b1100 M
#3869000
b1101 +
b1101 0
b1101 <
b1101 M
#3870000
b1110 +
b1110 0
b1110 <
b1110 M
#3871000
b1111 +
b1111 0
b1111 <
b1111 M
#3872000
b1101 $
b1101 4
b1101 8
0`
1o
b1101 2
b1101 9
b1101 g
0x
1Z
0W
b11 3
b11 :
b11 T
1]
0V
0l
0m
1n
1u
1v
0w
0Y
1\
0j
1s
b10 5
b10 D
b10 G
b10 S
b10 e
b10 >
b10 H
b10 N
b10 *
b10 /
b10 ;
b10 L
b10 P
b0 +
b0 0
b0 <
b0 M
#3872001
b1101 ."
#3873000
b1 +
b1 0
b1 <
b1 M
#3874000
b10 +
b10 0
b10 <
b10 M
#3875000
b11 +
b11 0
b11 <
b11 M
#3876000
b100 +
b100 0
b100 <
b100 M
#3877000
b101 +
b101 0
b101 <
b101 M
#3878000
b110 +
b110 0
b110 <
b110 M
#3879000
b111 +
b111 0
b111 <
b111 M
#3880000
b1000 +
b1000 0
b1000 <
b1000 M
#3881000
b1001 +
b1001 0
b1001 <
b1001 M
#3882000
b1010 +
b1010 0
b1010 <
b1010 M
#3883000
b1011 +
b1011 0
b1011 <
b1011 M
#3884000
b1100 +
b1100 0
b1100 <
b1100 M
#3885000
b1101 +
b1101 0
b1101 <
b1101 M
#3886000
b1110 +
b1110 0
b1110 <
b1110 M
#3887000
b1111 +
b1111 0
b1111 <
b1111 M
#3888000
1`
b1100 $
b1100 4
b1100 8
0]
1V
b1100 2
b1100 9
b1100 g
0o
b100 3
b100 :
b100 T
0Z
1W
1l
1m
0n
1Y
1j
b11 5
b11 D
b11 G
b11 S
b11 e
b11 >
b11 H
b11 N
b11 *
b11 /
b11 ;
b11 L
b11 P
b0 +
b0 0
b0 <
b0 M
#3888001
b1100 ."
#3889000
b1 +
b1 0
b1 <
b1 M
#3890000
b10 +
b10 0
b10 <
b10 M
#3891000
b11 +
b11 0
b11 <
b11 M
#3892000
b100 +
b100 0
b100 <
b100 M
#3893000
b101 +
b101 0
b101 <
b101 M
#3894000
b110 +
b110 0
b110 <
b110 M
#3895000
b111 +
b111 0
b111 <
b111 M
#3896000
b1000 +
b1000 0
b1000 <
b1000 M
#3897000
b1001 +
b1001 0
b1001 <
b1001 M
#3898000
b1010 +
b1010 0
b1010 <
b1010 M
#3899000
b1011 +
b1011 0
b1011 <
b1011 M
#3900000
b1100 +
b1100 0
b1100 <
b1100 M
#3901000
b1101 +
b1101 0
b1101 <
b1101 M
#3902000
b1110 +
b1110 0
b1110 <
b1110 M
#3903000
b1111 +
b1111 0
b1111 <
b1111 M
#3904000
b1011 $
b1011 4
b1011 8
0c
1o
1x
b1011 2
b1011 9
b1011 g
0#"
1Z
0W
0]
0V
b101 3
b101 :
b101 T
1`
0U
0l
0m
1n
0u
0v
1w
1~
1!"
0""
0Y
0\
1_
0j
0s
1|
b100 5
b100 D
b100 G
b100 S
b100 e
b100 >
b100 H
b100 N
b100 *
b100 /
b100 ;
b100 L
b100 P
b0 +
b0 0
b0 <
b0 M
#3904001
b1011 ."
#3905000
b1 +
b1 0
b1 <
b1 M
#3906000
b10 +
b10 0
b10 <
b10 M
#3907000
b11 +
b11 0
b11 <
b11 M
#3908000
b100 +
b100 0
b100 <
b100 M
#3909000
b101 +
b101 0
b101 <
b101 M
#3910000
b110 +
b110 0
b110 <
b110 M
#3911000
b111 +
b111 0
b111 <
b111 M
#3912000
b1000 +
b1000 0
b1000 <
b1000 M
#3913000
b1001 +
b1001 0
b1001 <
b1001 M
#3914000
b1010 +
b1010 0
b1010 <
b1010 M
#3915000
b1011 +
b1011 0
b1011 <
b1011 M
#3916000
b1100 +
b1100 0
b1100 <
b1100 M
#3917000
b1101 +
b1101 0
b1101 <
b1101 M
#3918000
b1110 +
b1110 0
b1110 <
b1110 M
#3919000
b1111 +
b1111 0
b1111 <
b1111 M
#3920000
b1010 $
b1010 4
b1010 8
1]
b1010 2
b1010 9
b1010 g
0o
b110 3
b110 :
b110 T
0Z
1W
1l
1m
0n
1Y
1j
b101 5
b101 D
b101 G
b101 S
b101 e
b101 >
b101 H
b101 N
b101 *
b101 /
b101 ;
b101 L
b101 P
b0 +
b0 0
b0 <
b0 M
#3920001
b1010 ."
#3921000
b1 +
b1 0
b1 <
b1 M
#3922000
b10 +
b10 0
b10 <
b10 M
#3923000
b11 +
b11 0
b11 <
b11 M
#3924000
b100 +
b100 0
b100 <
b100 M
#3925000
b101 +
b101 0
b101 <
b101 M
#3926000
b110 +
b110 0
b110 <
b110 M
#3927000
b111 +
b111 0
b111 <
b111 M
#3928000
b1000 +
b1000 0
b1000 <
b1000 M
#3929000
b1001 +
b1001 0
b1001 <
b1001 M
#3930000
b1010 +
b1010 0
b1010 <
b1010 M
#3931000
b1011 +
b1011 0
b1011 <
b1011 M
#3932000
b1100 +
b1100 0
b1100 <
b1100 M
#3933000
b1101 +
b1101 0
b1101 <
b1101 M
#3934000
b1110 +
b1110 0
b1110 <
b1110 M
#3935000
b1111 +
b1111 0
b1111 <
b1111 M
#3936000
0c
b1001 $
b1001 4
b1001 8
1`
0U
1o
b1001 2
b1001 9
b1001 g
0x
1Z
0W
b111 3
b111 :
b111 T
1]
0V
0l
0m
1n
1u
1v
0w
0Y
1\
0j
1s
b110 5
b110 D
b110 G
b110 S
b110 e
b110 >
b110 H
b110 N
b110 *
b110 /
b110 ;
b110 L
b110 P
b0 +
b0 0
b0 <
b0 M
#3936001
b1001 ."
#3937000
b1 +
b1 0
b1 <
b1 M
#3938000
b10 +
b10 0
b10 <
b10 M
#3939000
b11 +
b11 0
b11 <
b11 M
#3940000
b100 +
b100 0
b100 <
b100 M
#3941000
b101 +
b101 0
b101 <
b101 M
#3942000
b110 +
b110 0
b110 <
b110 M
#3943000
b111 +
b111 0
b111 <
b111 M
#3944000
b1000 +
b1000 0
b1000 <
b1000 M
#3945000
b1001 +
b1001 0
b1001 <
b1001 M
#3946000
b1010 +
b1010 0
b1010 <
b1010 M
#3947000
b1011 +
b1011 0
b1011 <
b1011 M
#3948000
b1100 +
b1100 0
b1100 <
b1100 M
#3949000
b1101 +
b1101 0
b1101 <
b1101 M
#3950000
b1110 +
b1110 0
b1110 <
b1110 M
#3951000
b1111 +
b1111 0
b1111 <
b1111 M
#3952000
1c
0`
1U
b1000 $
b1000 4
b1000 8
0]
1V
b1000 2
b1000 9
b1000 g
0o
b1000 3
b1000 :
b1000 T
0Z
1W
1l
1m
0n
1Y
1j
b111 5
b111 D
b111 G
b111 S
b111 e
b111 >
b111 H
b111 N
b111 *
b111 /
b111 ;
b111 L
b111 P
b0 +
b0 0
b0 <
b0 M
#3952001
b1000 ."
#3953000
b1 +
b1 0
b1 <
b1 M
#3954000
b10 +
b10 0
b10 <
b10 M
#3955000
b11 +
b11 0
b11 <
b11 M
#3956000
b100 +
b100 0
b100 <
b100 M
#3957000
b101 +
b101 0
b101 <
b101 M
#3958000
b110 +
b110 0
b110 <
b110 M
#3959000
b111 +
b111 0
b111 <
b111 M
#3960000
b1000 +
b1000 0
b1000 <
b1000 M
#3961000
b1001 +
b1001 0
b1001 <
b1001 M
#3962000
b1010 +
b1010 0
b1010 <
b1010 M
#3963000
b1011 +
b1011 0
b1011 <
b1011 M
#3964000
b1100 +
b1100 0
b1100 <
b1100 M
#3965000
b1101 +
b1101 0
b1101 <
b1101 M
#3966000
b1110 +
b1110 0
b1110 <
b1110 M
#3967000
b1111 +
b1111 0
b1111 <
b1111 M
#3968000
0"
b111 $
b111 4
b111 8
1o
1x
1#"
b111 2
b111 9
b111 g
0,"
1Z
0W
0]
0V
0`
0U
b1001 3
b1001 :
b1001 T
1c
0#
0l
0m
1n
0u
0v
1w
0~
0!"
1""
1)"
1*"
0+"
0Y
0\
0_
1b
0j
0s
0|
1'"
b1000 5
b1000 D
b1000 G
b1000 S
b1000 e
b1000 >
b1000 H
b1000 N
b1000 *
b1000 /
b1000 ;
b1000 L
b1000 P
b0 +
b0 0
b0 <
b0 M
#3968001
00"
b111 ."
#3969000
b1 +
b1 0
b1 <
b1 M
#3970000
b10 +
b10 0
b10 <
b10 M
#3971000
b11 +
b11 0
b11 <
b11 M
#3972000
b100 +
b100 0
b100 <
b100 M
#3973000
b101 +
b101 0
b101 <
b101 M
#3974000
b110 +
b110 0
b110 <
b110 M
#3975000
b111 +
b111 0
b111 <
b111 M
#3976000
b1000 +
b1000 0
b1000 <
b1000 M
#3977000
b1001 +
b1001 0
b1001 <
b1001 M
#3978000
b1010 +
b1010 0
b1010 <
b1010 M
#3979000
b1011 +
b1011 0
b1011 <
b1011 M
#3980000
b1100 +
b1100 0
b1100 <
b1100 M
#3981000
b1101 +
b1101 0
b1101 <
b1101 M
#3982000
b1110 +
b1110 0
b1110 <
b1110 M
#3983000
b1111 +
b1111 0
b1111 <
b1111 M
#3984000
b110 $
b110 4
b110 8
1]
b110 2
b110 9
b110 g
0o
b1010 3
b1010 :
b1010 T
0Z
1W
1l
1m
0n
1Y
1j
b1001 5
b1001 D
b1001 G
b1001 S
b1001 e
b1001 >
b1001 H
b1001 N
b1001 *
b1001 /
b1001 ;
b1001 L
b1001 P
b0 +
b0 0
b0 <
b0 M
#3984001
b110 ."
#3985000
b1 +
b1 0
b1 <
b1 M
#3986000
b10 +
b10 0
b10 <
b10 M
#3987000
b11 +
b11 0
b11 <
b11 M
#3988000
b100 +
b100 0
b100 <
b100 M
#3989000
b101 +
b101 0
b101 <
b101 M
#3990000
b110 +
b110 0
b110 <
b110 M
#3991000
b111 +
b111 0
b111 <
b111 M
#3992000
b1000 +
b1000 0
b1000 <
b1000 M
#3993000
b1001 +
b1001 0
b1001 <
b1001 M
#3994000
b1010 +
b1010 0
b1010 <
b1010 M
#3995000
b1011 +
b1011 0
b1011 <
b1011 M
#3996000
b1100 +
b1100 0
b1100 <
b1100 M
#3997000
b1101 +
b1101 0
b1101 <
b1101 M
#3998000
b1110 +
b1110 0
b1110 <
b1110 M
#3999000
b1111 +
b1111 0
b1111 <
b1111 M
#4000000
b101 $
b101 4
b101 8
0`
1o
b101 2
b101 9
b101 g
0x
1Z
0W
b1011 3
b1011 :
b1011 T
1]
0V
0l
0m
1n
1u
1v
0w
0Y
1\
0j
1s
b1010 5
b1010 D
b1010 G
b1010 S
b1010 e
b1010 >
b1010 H
b1010 N
b1010 *
b1010 /
b1010 ;
b1010 L
b1010 P
b0 +
b0 0
b0 <
b0 M
#4000001
b101 ."
#4001000
b1 +
b1 0
b1 <
b1 M
#4002000
b10 +
b10 0
b10 <
b10 M
#4003000
b11 +
b11 0
b11 <
b11 M
#4004000
b100 +
b100 0
b100 <
b100 M
#4005000
b101 +
b101 0
b101 <
b101 M
#4006000
b110 +
b110 0
b110 <
b110 M
#4007000
b111 +
b111 0
b111 <
b111 M
#4008000
b1000 +
b1000 0
b1000 <
b1000 M
#4009000
b1001 +
b1001 0
b1001 <
b1001 M
#4010000
b1010 +
b1010 0
b1010 <
b1010 M
#4011000
b1011 +
b1011 0
b1011 <
b1011 M
#4012000
b1100 +
b1100 0
b1100 <
b1100 M
#4013000
b1101 +
b1101 0
b1101 <
b1101 M
#4014000
b1110 +
b1110 0
b1110 <
b1110 M
#4015000
b1111 +
b1111 0
b1111 <
b1111 M
#4016000
1`
b100 $
b100 4
b100 8
0]
1V
b100 2
b100 9
b100 g
0o
b1100 3
b1100 :
b1100 T
0Z
1W
1l
1m
0n
1Y
1j
b1011 5
b1011 D
b1011 G
b1011 S
b1011 e
b1011 >
b1011 H
b1011 N
b1011 *
b1011 /
b1011 ;
b1011 L
b1011 P
b0 +
b0 0
b0 <
b0 M
#4016001
b100 ."
#4017000
b1 +
b1 0
b1 <
b1 M
#4018000
b10 +
b10 0
b10 <
b10 M
#4019000
b11 +
b11 0
b11 <
b11 M
#4020000
b100 +
b100 0
b100 <
b100 M
#4021000
b101 +
b101 0
b101 <
b101 M
#4022000
b110 +
b110 0
b110 <
b110 M
#4023000
b111 +
b111 0
b111 <
b111 M
#4024000
b1000 +
b1000 0
b1000 <
b1000 M
#4025000
b1001 +
b1001 0
b1001 <
b1001 M
#4026000
b1010 +
b1010 0
b1010 <
b1010 M
#4027000
b1011 +
b1011 0
b1011 <
b1011 M
#4028000
b1100 +
b1100 0
b1100 <
b1100 M
#4029000
b1101 +
b1101 0
b1101 <
b1101 M
#4030000
b1110 +
b1110 0
b1110 <
b1110 M
#4031000
b1111 +
b1111 0
b1111 <
b1111 M
#4032000
b11 $
b11 4
b11 8
1c
0#
1o
1x
b11 2
b11 9
b11 g
0#"
1Z
0W
0]
0V
b1101 3
b1101 :
b1101 T
1`
0U
0l
0m
1n
0u
0v
1w
1~
1!"
0""
0Y
0\
1_
0j
0s
1|
b1100 5
b1100 D
b1100 G
b1100 S
b1100 e
b1100 >
b1100 H
b1100 N
b1100 *
b1100 /
b1100 ;
b1100 L
b1100 P
b0 +
b0 0
b0 <
b0 M
#4032001
b11 ."
#4033000
b1 +
b1 0
b1 <
b1 M
#4034000
b10 +
b10 0
b10 <
b10 M
#4035000
b11 +
b11 0
b11 <
b11 M
#4036000
b100 +
b100 0
b100 <
b100 M
#4037000
b101 +
b101 0
b101 <
b101 M
#4038000
b110 +
b110 0
b110 <
b110 M
#4039000
b111 +
b111 0
b111 <
b111 M
#4040000
b1000 +
b1000 0
b1000 <
b1000 M
#4041000
b1001 +
b1001 0
b1001 <
b1001 M
#4042000
b1010 +
b1010 0
b1010 <
b1010 M
#4043000
b1011 +
b1011 0
b1011 <
b1011 M
#4044000
b1100 +
b1100 0
b1100 <
b1100 M
#4045000
b1101 +
b1101 0
b1101 <
b1101 M
#4046000
b1110 +
b1110 0
b1110 <
b1110 M
#4047000
b1111 +
b1111 0
b1111 <
b1111 M
#4048000
b10 $
b10 4
b10 8
1]
b10 2
b10 9
b10 g
0o
b1110 3
b1110 :
b1110 T
0Z
1W
1l
1m
0n
1Y
1j
b1101 5
b1101 D
b1101 G
b1101 S
b1101 e
b1101 >
b1101 H
b1101 N
b1101 *
b1101 /
b1101 ;
b1101 L
b1101 P
b0 +
b0 0
b0 <
b0 M
#4048001
b10 ."
#4049000
b1 +
b1 0
b1 <
b1 M
#4050000
b10 +
b10 0
b10 <
b10 M
#4051000
b11 +
b11 0
b11 <
b11 M
#4052000
b100 +
b100 0
b100 <
b100 M
#4053000
b101 +
b101 0
b101 <
b101 M
#4054000
b110 +
b110 0
b110 <
b110 M
#4055000
b111 +
b111 0
b111 <
b111 M
#4056000
b1000 +
b1000 0
b1000 <
b1000 M
#4057000
b1001 +
b1001 0
b1001 <
b1001 M
#4058000
b1010 +
b1010 0
b1010 <
b1010 M
#4059000
b1011 +
b1011 0
b1011 <
b1011 M
#4060000
b1100 +
b1100 0
b1100 <
b1100 M
#4061000
b1101 +
b1101 0
b1101 <
b1101 M
#4062000
b1110 +
b1110 0
b1110 <
b1110 M
#4063000
b1111 +
b1111 0
b1111 <
b1111 M
#4064000
1c
0#
b1 $
b1 4
b1 8
1`
0U
1o
b1 2
b1 9
b1 g
0x
1Z
0W
b1111 3
b1111 :
b1111 T
1]
0V
0l
0m
1n
1u
1v
0w
0Y
1\
0j
1s
b1110 5
b1110 D
b1110 G
b1110 S
b1110 e
b1110 >
b1110 H
b1110 N
b1110 *
b1110 /
b1110 ;
b1110 L
b1110 P
b0 +
b0 0
b0 <
b0 M
#4064001
b1 ."
#4065000
b1 +
b1 0
b1 <
b1 M
#4066000
b10 +
b10 0
b10 <
b10 M
#4067000
b11 +
b11 0
b11 <
b11 M
#4068000
b100 +
b100 0
b100 <
b100 M
#4069000
b101 +
b101 0
b101 <
b101 M
#4070000
b110 +
b110 0
b110 <
b110 M
#4071000
b111 +
b111 0
b111 <
b111 M
#4072000
b1000 +
b1000 0
b1000 <
b1000 M
#4073000
b1001 +
b1001 0
b1001 <
b1001 M
#4074000
b1010 +
b1010 0
b1010 <
b1010 M
#4075000
b1011 +
b1011 0
b1011 <
b1011 M
#4076000
b1100 +
b1100 0
b1100 <
b1100 M
#4077000
b1101 +
b1101 0
b1101 <
b1101 M
#4078000
b1110 +
b1110 0
b1110 <
b1110 M
#4079000
b1111 +
b1111 0
b1111 <
b1111 M
#4080000
0c
1#
0`
1U
1!
b0 $
b0 4
b0 8
0]
1V
b0 2
b0 9
b0 g
0o
b0 3
b0 :
b0 T
0Z
1W
1l
1m
0n
1Y
1j
b1111 5
b1111 D
b1111 G
b1111 S
b1111 e
b1111 >
b1111 H
b1111 N
b1111 *
b1111 /
b1111 ;
b1111 L
b1111 P
b0 +
b0 0
b0 <
b0 M
#4080001
11"
b0 ."
#4081000
b1 +
b1 0
b1 <
b1 M
#4082000
b10 +
b10 0
b10 <
b10 M
#4083000
b11 +
b11 0
b11 <
b11 M
#4084000
b100 +
b100 0
b100 <
b100 M
#4085000
b101 +
b101 0
b101 <
b101 M
#4086000
b110 +
b110 0
b110 <
b110 M
#4087000
b111 +
b111 0
b111 <
b111 M
#4088000
b1000 +
b1000 0
b1000 <
b1000 M
#4089000
b1001 +
b1001 0
b1001 <
b1001 M
#4090000
b1010 +
b1010 0
b1010 <
b1010 M
#4091000
b1011 +
b1011 0
b1011 <
b1011 M
#4092000
b1100 +
b1100 0
b1100 <
b1100 M
#4093000
b1101 +
b1101 0
b1101 <
b1101 M
#4094000
b1110 +
b1110 0
b1110 <
b1110 M
#4095000
b1111 +
b1111 0
b1111 <
b1111 M
#4096000
0"
b1 2
b1 9
b1 g
1o
0`
0c
1k
1X
1i
b1 6
b1 E
b1 Q
b1 R
b1 d
b1 ?
b1 K
b1 O
1B
1#
1l
0m
0n
1u
1v
0w
1~
1!"
0""
1)"
1*"
0+"
1C
1U
1Y
1\
1_
1b
1j
1s
1|
1'"
1!
b0 $
b0 4
b0 8
0]
1V
b1111 5
b1111 D
b1111 G
b1111 S
b1111 e
b0 f
b0 h
b0 p
b0 q
b0 y
b0 z
b0 $"
b0 %"
b0 -"
07
b0 3
b0 :
b0 T
0Z
1W
b0 >
b0 H
b0 N
b0 ,
b0 1
b0 =
b0 F
0-
b0 *
b0 /
b0 ;
b0 L
b0 P
b0 +
b0 0
b0 <
b0 M
